solid ASCII
  facet normal -3.355988e-10 -1.000000e+00 -0.000000e+00
    outer loop
      vertex   9.271199e+01 -5.239815e+01 1.835398e+01
      vertex   9.269764e+01 -5.239815e+01 1.812536e+01
      vertex   9.271199e+01 -5.239815e+01 1.625398e+01
    endloop
  endfacet
  facet normal -1.415397e-11 -1.000000e+00 2.465717e-12
    outer loop
      vertex   9.271199e+01 -5.239815e+01 1.625398e+01
      vertex   9.269764e+01 -5.239815e+01 1.812536e+01
      vertex   9.265664e+01 -5.239815e+01 1.789001e+01
    endloop
  endfacet
  facet normal -9.249961e-12 -1.000000e+00 2.631643e-12
    outer loop
      vertex   9.271199e+01 -5.239815e+01 1.625398e+01
      vertex   9.265664e+01 -5.239815e+01 1.789001e+01
      vertex   9.259209e+01 -5.239815e+01 1.766313e+01
    endloop
  endfacet
  facet normal -6.797526e-12 -1.000000e+00 2.840317e-12
    outer loop
      vertex   9.259209e+01 -5.239815e+01 1.766313e+01
      vertex   9.250533e+01 -5.239815e+01 1.745550e+01
      vertex   9.271199e+01 -5.239815e+01 1.625398e+01
    endloop
  endfacet
  facet normal -4.945373e-12 -1.000000e+00 3.158887e-12
    outer loop
      vertex   9.271199e+01 -5.239815e+01 1.625398e+01
      vertex   9.250533e+01 -5.239815e+01 1.745550e+01
      vertex   9.225038e+01 -5.239815e+01 1.705636e+01
    endloop
  endfacet
  facet normal -4.093235e-12 -1.000000e+00 3.649126e-12
    outer loop
      vertex   9.271199e+01 -5.239815e+01 1.625398e+01
      vertex   9.225038e+01 -5.239815e+01 1.705636e+01
      vertex   9.209698e+01 -5.239815e+01 1.688429e+01
    endloop
  endfacet
  facet normal -3.563139e-12 -1.000000e+00 4.166353e-12
    outer loop
      vertex   9.209698e+01 -5.239815e+01 1.688429e+01
      vertex   9.192527e+01 -5.239815e+01 1.673403e+01
      vertex   9.271199e+01 -5.239815e+01 1.625398e+01
    endloop
  endfacet
  facet normal -3.109290e-12 -1.000000e+00 4.910136e-12
    outer loop
      vertex   9.271199e+01 -5.239815e+01 1.625398e+01
      vertex   9.192527e+01 -5.239815e+01 1.673403e+01
      vertex   9.152348e+01 -5.239815e+01 1.648250e+01
    endloop
  endfacet
  facet normal -2.628852e-12 -1.000000e+00 7.408847e-12
    outer loop
      vertex   9.271199e+01 -5.239815e+01 1.625398e+01
      vertex   9.152348e+01 -5.239815e+01 1.648250e+01
      vertex   9.109517e+01 -5.239815e+01 1.633052e+01
    endloop
  endfacet
  facet normal -2.247487e-12 -1.000000e+00 1.546447e-11
    outer loop
      vertex   9.109517e+01 -5.239815e+01 1.633052e+01
      vertex   9.062409e+01 -5.239815e+01 1.626206e+01
      vertex   9.271199e+01 -5.239815e+01 1.625398e+01
    endloop
  endfacet
  facet normal -1.888119e-12 -1.000000e+00 1.083297e-10
    outer loop
      vertex   9.271199e+01 -5.239815e+01 1.625398e+01
      vertex   9.062409e+01 -5.239815e+01 1.626206e+01
      vertex   9.016052e+01 -5.239815e+01 1.625398e+01
    endloop
  endfacet
  facet normal 3.346088e-10 1.000000e+00 0.000000e+00
    outer loop
      vertex   8.760905e+01 -5.339815e+01 1.835398e+01
      vertex   8.762341e+01 -5.339815e+01 1.812536e+01
      vertex   8.760905e+01 -5.339815e+01 1.625398e+01
    endloop
  endfacet
  facet normal 1.411221e-11 1.000000e+00 2.458444e-12
    outer loop
      vertex   8.760905e+01 -5.339815e+01 1.625398e+01
      vertex   8.762341e+01 -5.339815e+01 1.812536e+01
      vertex   8.766441e+01 -5.339815e+01 1.789001e+01
    endloop
  endfacet
  facet normal 9.222675e-12 1.000000e+00 2.623880e-12
    outer loop
      vertex   8.760905e+01 -5.339815e+01 1.625398e+01
      vertex   8.766441e+01 -5.339815e+01 1.789001e+01
      vertex   8.772895e+01 -5.339815e+01 1.766313e+01
    endloop
  endfacet
  facet normal 6.777475e-12 1.000000e+00 2.831939e-12
    outer loop
      vertex   8.772895e+01 -5.339815e+01 1.766313e+01
      vertex   8.781571e+01 -5.339815e+01 1.745550e+01
      vertex   8.760905e+01 -5.339815e+01 1.625398e+01
    endloop
  endfacet
  facet normal 4.930785e-12 1.000000e+00 3.149569e-12
    outer loop
      vertex   8.760905e+01 -5.339815e+01 1.625398e+01
      vertex   8.781571e+01 -5.339815e+01 1.745550e+01
      vertex   8.807067e+01 -5.339815e+01 1.705636e+01
    endloop
  endfacet
  facet normal 4.081161e-12 1.000000e+00 3.638362e-12
    outer loop
      vertex   8.760905e+01 -5.339815e+01 1.625398e+01
      vertex   8.807067e+01 -5.339815e+01 1.705636e+01
      vertex   8.822406e+01 -5.339815e+01 1.688429e+01
    endloop
  endfacet
  facet normal 3.597138e-12 1.000000e+00 4.110633e-12
    outer loop
      vertex   8.822406e+01 -5.339815e+01 1.688429e+01
      vertex   8.839578e+01 -5.339815e+01 1.673403e+01
      vertex   8.760905e+01 -5.339815e+01 1.625398e+01
    endloop
  endfacet
  facet normal 3.091832e-12 1.000000e+00 4.938747e-12
    outer loop
      vertex   8.760905e+01 -5.339815e+01 1.625398e+01
      vertex   8.839578e+01 -5.339815e+01 1.673403e+01
      vertex   8.879756e+01 -5.339815e+01 1.648250e+01
    endloop
  endfacet
  facet normal 2.621098e-12 1.000000e+00 7.386992e-12
    outer loop
      vertex   8.760905e+01 -5.339815e+01 1.625398e+01
      vertex   8.879756e+01 -5.339815e+01 1.648250e+01
      vertex   8.922587e+01 -5.339815e+01 1.633052e+01
    endloop
  endfacet
  facet normal 2.240858e-12 1.000000e+00 1.541886e-11
    outer loop
      vertex   8.922587e+01 -5.339815e+01 1.633052e+01
      vertex   8.969695e+01 -5.339815e+01 1.626206e+01
      vertex   8.760905e+01 -5.339815e+01 1.625398e+01
    endloop
  endfacet
  facet normal 1.882550e-12 1.000000e+00 1.080101e-10
    outer loop
      vertex   8.760905e+01 -5.339815e+01 1.625398e+01
      vertex   8.969695e+01 -5.339815e+01 1.626206e+01
      vertex   9.016052e+01 -5.339815e+01 1.625398e+01
    endloop
  endfacet
  facet normal 2.859286e-13 1.000000e+00 0.000000e+00
    outer loop
      vertex   2.012756e+01 -8.328728e+01 1.835398e+01
      vertex   2.017726e+01 -8.328728e+01 1.791287e+01
      vertex   2.012756e+01 -8.328728e+01 1.625398e+01
    endloop
  endfacet
  facet normal 2.255073e-14 1.000000e+00 7.890840e-15
    outer loop
      vertex   2.012756e+01 -8.328728e+01 1.625398e+01
      vertex   2.017726e+01 -8.328728e+01 1.791287e+01
      vertex   2.032387e+01 -8.328728e+01 1.749388e+01
    endloop
  endfacet
  facet normal 1.456932e-14 1.000000e+00 9.154512e-15
    outer loop
      vertex   2.012756e+01 -8.328728e+01 1.625398e+01
      vertex   2.032387e+01 -8.328728e+01 1.749388e+01
      vertex   2.056004e+01 -8.328728e+01 1.711802e+01
    endloop
  endfacet
  facet normal 1.096071e-14 1.000000e+00 1.096071e-14
    outer loop
      vertex   2.056004e+01 -8.328728e+01 1.711802e+01
      vertex   2.087392e+01 -8.328728e+01 1.680414e+01
      vertex   2.012756e+01 -8.328728e+01 1.625398e+01
    endloop
  endfacet
  facet normal 8.761616e-15 1.000000e+00 1.394403e-14
    outer loop
      vertex   2.012756e+01 -8.328728e+01 1.625398e+01
      vertex   2.087392e+01 -8.328728e+01 1.680414e+01
      vertex   2.124978e+01 -8.328728e+01 1.656797e+01
    endloop
  endfacet
  facet normal 7.036560e-15 1.000000e+00 2.010933e-14
    outer loop
      vertex   2.012756e+01 -8.328728e+01 1.625398e+01
      vertex   2.124978e+01 -8.328728e+01 1.656797e+01
      vertex   2.166877e+01 -8.328728e+01 1.642136e+01
    endloop
  endfacet
  facet normal 4.694984e-15 1.000000e+00 4.166913e-14
    outer loop
      vertex   2.166877e+01 -8.328728e+01 1.642136e+01
      vertex   2.210987e+01 -8.328728e+01 1.637166e+01
      vertex   2.012756e+01 -8.328728e+01 1.625398e+01
    endloop
  endfacet
  facet normal 3.584413e-15 1.000000e+00 6.037547e-14
    outer loop
      vertex   2.012756e+01 -8.328728e+01 1.625398e+01
      vertex   2.210987e+01 -8.328728e+01 1.637166e+01
      vertex   2.409219e+01 -8.328728e+01 1.625398e+01
    endloop
  endfacet
  facet normal 0.000000e+00 1.000000e+00 0.000000e+00
    outer loop
      vertex   2.409219e+01 -8.328728e+01 1.625398e+01
      vertex   2.210987e+01 -8.328728e+01 1.637166e+01
      vertex   2.255098e+01 -8.328728e+01 1.642136e+01
    endloop
  endfacet
  facet normal 0.000000e+00 1.000000e+00 0.000000e+00
    outer loop
      vertex   2.409219e+01 -8.328728e+01 1.625398e+01
      vertex   2.255098e+01 -8.328728e+01 1.642136e+01
      vertex   2.296997e+01 -8.328728e+01 1.656797e+01
    endloop
  endfacet
  facet normal -0.000000e+00 1.000000e+00 0.000000e+00
    outer loop
      vertex   2.296997e+01 -8.328728e+01 1.656797e+01
      vertex   2.334583e+01 -8.328728e+01 1.680414e+01
      vertex   2.409219e+01 -8.328728e+01 1.625398e+01
    endloop
  endfacet
  facet normal 0.000000e+00 1.000000e+00 0.000000e+00
    outer loop
      vertex   2.409219e+01 -8.328728e+01 1.625398e+01
      vertex   2.334583e+01 -8.328728e+01 1.680414e+01
      vertex   2.365971e+01 -8.328728e+01 1.711802e+01
    endloop
  endfacet
  facet normal 0.000000e+00 1.000000e+00 0.000000e+00
    outer loop
      vertex   2.409219e+01 -8.328728e+01 1.625398e+01
      vertex   2.365971e+01 -8.328728e+01 1.711802e+01
      vertex   2.389588e+01 -8.328728e+01 1.749388e+01
    endloop
  endfacet
  facet normal -0.000000e+00 1.000000e+00 0.000000e+00
    outer loop
      vertex   2.389588e+01 -8.328728e+01 1.749388e+01
      vertex   2.404249e+01 -8.328728e+01 1.791287e+01
      vertex   2.409219e+01 -8.328728e+01 1.625398e+01
    endloop
  endfacet
  facet normal 0.000000e+00 1.000000e+00 -0.000000e+00
    outer loop
      vertex   2.409219e+01 -8.328728e+01 1.625398e+01
      vertex   2.404249e+01 -8.328728e+01 1.791287e+01
      vertex   2.409219e+01 -8.328728e+01 1.835398e+01
    endloop
  endfacet
  facet normal -2.537349e-11 -1.000000e+00 -0.000000e+00
    outer loop
      vertex   2.418733e+01 -8.228728e+01 1.835398e+01
      vertex   2.413525e+01 -8.228728e+01 1.789170e+01
      vertex   2.418733e+01 -8.228728e+01 1.625398e+01
    endloop
  endfacet
  facet normal -2.114068e-12 -1.000000e+00 7.397444e-13
    outer loop
      vertex   2.418733e+01 -8.228728e+01 1.625398e+01
      vertex   2.413525e+01 -8.228728e+01 1.789170e+01
      vertex   2.398160e+01 -8.228728e+01 1.745260e+01
    endloop
  endfacet
  facet normal -1.378286e-12 -1.000000e+00 8.660347e-13
    outer loop
      vertex   2.418733e+01 -8.228728e+01 1.625398e+01
      vertex   2.398160e+01 -8.228728e+01 1.745260e+01
      vertex   2.373410e+01 -8.228728e+01 1.705870e+01
    endloop
  endfacet
  facet normal -1.050596e-12 -1.000000e+00 1.050596e-12
    outer loop
      vertex   2.373410e+01 -8.228728e+01 1.705870e+01
      vertex   2.340515e+01 -8.228728e+01 1.672975e+01
      vertex   2.418733e+01 -8.228728e+01 1.625398e+01
    endloop
  endfacet
  facet normal -8.585337e-13 -1.000000e+00 1.366349e-12
    outer loop
      vertex   2.418733e+01 -8.228728e+01 1.625398e+01
      vertex   2.340515e+01 -8.228728e+01 1.672975e+01
      vertex   2.301125e+01 -8.228728e+01 1.648225e+01
    endloop
  endfacet
  facet normal -7.228015e-13 -1.000000e+00 2.065648e-12
    outer loop
      vertex   2.418733e+01 -8.228728e+01 1.625398e+01
      vertex   2.301125e+01 -8.228728e+01 1.648225e+01
      vertex   2.257215e+01 -8.228728e+01 1.632860e+01
    endloop
  endfacet
  facet normal -5.802846e-13 -1.000000e+00 5.150168e-12
    outer loop
      vertex   2.257215e+01 -8.228728e+01 1.632860e+01
      vertex   2.210987e+01 -8.228728e+01 1.627652e+01
      vertex   2.418733e+01 -8.228728e+01 1.625398e+01
    endloop
  endfacet
  facet normal 0.000000e+00 -1.000000e+00 5.863019e-11
    outer loop
      vertex   2.418733e+01 -8.228728e+01 1.625398e+01
      vertex   2.210987e+01 -8.228728e+01 1.627652e+01
      vertex   2.003242e+01 -8.228728e+01 1.625398e+01
    endloop
  endfacet
  facet normal 5.802846e-13 -1.000000e+00 5.150168e-12
    outer loop
      vertex   2.003242e+01 -8.228728e+01 1.625398e+01
      vertex   2.210987e+01 -8.228728e+01 1.627652e+01
      vertex   2.164760e+01 -8.228728e+01 1.632860e+01
    endloop
  endfacet
  facet normal 7.228015e-13 -1.000000e+00 2.065648e-12
    outer loop
      vertex   2.003242e+01 -8.228728e+01 1.625398e+01
      vertex   2.164760e+01 -8.228728e+01 1.632860e+01
      vertex   2.120850e+01 -8.228728e+01 1.648225e+01
    endloop
  endfacet
  facet normal 8.585337e-13 -1.000000e+00 1.366349e-12
    outer loop
      vertex   2.120850e+01 -8.228728e+01 1.648225e+01
      vertex   2.081460e+01 -8.228728e+01 1.672975e+01
      vertex   2.003242e+01 -8.228728e+01 1.625398e+01
    endloop
  endfacet
  facet normal 1.050596e-12 -1.000000e+00 1.050596e-12
    outer loop
      vertex   2.003242e+01 -8.228728e+01 1.625398e+01
      vertex   2.081460e+01 -8.228728e+01 1.672975e+01
      vertex   2.048565e+01 -8.228728e+01 1.705870e+01
    endloop
  endfacet
  facet normal 1.378286e-12 -1.000000e+00 8.660347e-13
    outer loop
      vertex   2.003242e+01 -8.228728e+01 1.625398e+01
      vertex   2.048565e+01 -8.228728e+01 1.705870e+01
      vertex   2.023815e+01 -8.228728e+01 1.745260e+01
    endloop
  endfacet
  facet normal 2.114068e-12 -1.000000e+00 7.397444e-13
    outer loop
      vertex   2.023815e+01 -8.228728e+01 1.745260e+01
      vertex   2.008450e+01 -8.228728e+01 1.789170e+01
      vertex   2.003242e+01 -8.228728e+01 1.625398e+01
    endloop
  endfacet
  facet normal 2.537349e-11 -1.000000e+00 0.000000e+00
    outer loop
      vertex   2.003242e+01 -8.228728e+01 1.625398e+01
      vertex   2.008450e+01 -8.228728e+01 1.789170e+01
      vertex   2.003242e+01 -8.228728e+01 1.835398e+01
    endloop
  endfacet
  facet normal -0.000000e+00 -0.000000e+00 1.000000e+00
    outer loop
      vertex   2.012756e+01 -8.328728e+01 1.625398e+01
      vertex   2.409219e+01 -8.328728e+01 1.625398e+01
      vertex   2.004208e+01 -8.296052e+01 1.625398e+01
    endloop
  endfacet
  facet normal -0.000000e+00 0.000000e+00 1.000000e+00
    outer loop
      vertex   2.004208e+01 -8.296052e+01 1.625398e+01
      vertex   2.409219e+01 -8.328728e+01 1.625398e+01
      vertex   2.417767e+01 -8.296052e+01 1.625398e+01
    endloop
  endfacet
  facet normal 0.000000e+00 -0.000000e+00 1.000000e+00
    outer loop
      vertex   2.004208e+01 -8.296052e+01 1.625398e+01
      vertex   2.417767e+01 -8.296052e+01 1.625398e+01
      vertex   2.001009e+01 -8.262429e+01 1.625398e+01
    endloop
  endfacet
  facet normal -0.000000e+00 0.000000e+00 1.000000e+00
    outer loop
      vertex   2.001009e+01 -8.262429e+01 1.625398e+01
      vertex   2.417767e+01 -8.296052e+01 1.625398e+01
      vertex   2.420966e+01 -8.262429e+01 1.625398e+01
    endloop
  endfacet
  facet normal 0.000000e+00 0.000000e+00 1.000000e+00
    outer loop
      vertex   2.001009e+01 -8.262429e+01 1.625398e+01
      vertex   2.420966e+01 -8.262429e+01 1.625398e+01
      vertex   2.003242e+01 -8.228728e+01 1.625398e+01
    endloop
  endfacet
  facet normal -0.000000e+00 0.000000e+00 1.000000e+00
    outer loop
      vertex   2.003242e+01 -8.228728e+01 1.625398e+01
      vertex   2.420966e+01 -8.262429e+01 1.625398e+01
      vertex   2.418733e+01 -8.228728e+01 1.625398e+01
    endloop
  endfacet
  facet normal 1.885334e-12 -1.000000e+00 1.081699e-10
    outer loop
      vertex   9.016052e+01 -5.239815e+01 1.625398e+01
      vertex   8.969695e+01 -5.239815e+01 1.626206e+01
      vertex   8.760905e+01 -5.239815e+01 1.625398e+01
    endloop
  endfacet
  facet normal 2.244172e-12 -1.000000e+00 1.544167e-11
    outer loop
      vertex   8.760905e+01 -5.239815e+01 1.625398e+01
      vertex   8.969695e+01 -5.239815e+01 1.626206e+01
      vertex   8.922587e+01 -5.239815e+01 1.633052e+01
    endloop
  endfacet
  facet normal 2.624975e-12 -1.000000e+00 7.397919e-12
    outer loop
      vertex   8.760905e+01 -5.239815e+01 1.625398e+01
      vertex   8.922587e+01 -5.239815e+01 1.633052e+01
      vertex   8.879756e+01 -5.239815e+01 1.648250e+01
    endloop
  endfacet
  facet normal 3.096406e-12 -1.000000e+00 4.946053e-12
    outer loop
      vertex   8.879756e+01 -5.239815e+01 1.648250e+01
      vertex   8.839578e+01 -5.239815e+01 1.673403e+01
      vertex   8.760905e+01 -5.239815e+01 1.625398e+01
    endloop
  endfacet
  facet normal 3.602460e-12 -1.000000e+00 4.116714e-12
    outer loop
      vertex   8.760905e+01 -5.239815e+01 1.625398e+01
      vertex   8.839578e+01 -5.239815e+01 1.673403e+01
      vertex   8.822406e+01 -5.239815e+01 1.688429e+01
    endloop
  endfacet
  facet normal 4.087198e-12 -1.000000e+00 3.643744e-12
    outer loop
      vertex   8.760905e+01 -5.239815e+01 1.625398e+01
      vertex   8.822406e+01 -5.239815e+01 1.688429e+01
      vertex   8.807067e+01 -5.239815e+01 1.705636e+01
    endloop
  endfacet
  facet normal 4.938079e-12 -1.000000e+00 3.154228e-12
    outer loop
      vertex   8.807067e+01 -5.239815e+01 1.705636e+01
      vertex   8.781571e+01 -5.239815e+01 1.745550e+01
      vertex   8.760905e+01 -5.239815e+01 1.625398e+01
    endloop
  endfacet
  facet normal 6.787501e-12 -1.000000e+00 2.836128e-12
    outer loop
      vertex   8.760905e+01 -5.239815e+01 1.625398e+01
      vertex   8.781571e+01 -5.239815e+01 1.745550e+01
      vertex   8.772895e+01 -5.239815e+01 1.766313e+01
    endloop
  endfacet
  facet normal 9.236318e-12 -1.000000e+00 2.627762e-12
    outer loop
      vertex   8.760905e+01 -5.239815e+01 1.625398e+01
      vertex   8.772895e+01 -5.239815e+01 1.766313e+01
      vertex   8.766441e+01 -5.239815e+01 1.789001e+01
    endloop
  endfacet
  facet normal 1.413309e-11 -1.000000e+00 2.462080e-12
    outer loop
      vertex   8.766441e+01 -5.239815e+01 1.789001e+01
      vertex   8.762341e+01 -5.239815e+01 1.812536e+01
      vertex   8.760905e+01 -5.239815e+01 1.625398e+01
    endloop
  endfacet
  facet normal 3.351038e-10 -1.000000e+00 0.000000e+00
    outer loop
      vertex   8.760905e+01 -5.239815e+01 1.625398e+01
      vertex   8.762341e+01 -5.239815e+01 1.812536e+01
      vertex   8.760905e+01 -5.239815e+01 1.835398e+01
    endloop
  endfacet
  facet normal -1.888119e-12 1.000000e+00 1.083297e-10
    outer loop
      vertex   9.016052e+01 -5.339815e+01 1.625398e+01
      vertex   9.062409e+01 -5.339815e+01 1.626206e+01
      vertex   9.271199e+01 -5.339815e+01 1.625398e+01
    endloop
  endfacet
  facet normal -2.247487e-12 1.000000e+00 1.546447e-11
    outer loop
      vertex   9.271199e+01 -5.339815e+01 1.625398e+01
      vertex   9.062409e+01 -5.339815e+01 1.626206e+01
      vertex   9.109517e+01 -5.339815e+01 1.633052e+01
    endloop
  endfacet
  facet normal -2.628852e-12 1.000000e+00 7.408847e-12
    outer loop
      vertex   9.271199e+01 -5.339815e+01 1.625398e+01
      vertex   9.109517e+01 -5.339815e+01 1.633052e+01
      vertex   9.152348e+01 -5.339815e+01 1.648250e+01
    endloop
  endfacet
  facet normal -3.100979e-12 1.000000e+00 4.953359e-12
    outer loop
      vertex   9.152348e+01 -5.339815e+01 1.648250e+01
      vertex   9.192527e+01 -5.339815e+01 1.673403e+01
      vertex   9.271199e+01 -5.339815e+01 1.625398e+01
    endloop
  endfacet
  facet normal -3.607781e-12 1.000000e+00 4.122794e-12
    outer loop
      vertex   9.271199e+01 -5.339815e+01 1.625398e+01
      vertex   9.192527e+01 -5.339815e+01 1.673403e+01
      vertex   9.209698e+01 -5.339815e+01 1.688429e+01
    endloop
  endfacet
  facet normal -4.093235e-12 1.000000e+00 3.649126e-12
    outer loop
      vertex   9.271199e+01 -5.339815e+01 1.625398e+01
      vertex   9.209698e+01 -5.339815e+01 1.688429e+01
      vertex   9.225038e+01 -5.339815e+01 1.705636e+01
    endloop
  endfacet
  facet normal -4.945373e-12 1.000000e+00 3.158887e-12
    outer loop
      vertex   9.225038e+01 -5.339815e+01 1.705636e+01
      vertex   9.250533e+01 -5.339815e+01 1.745550e+01
      vertex   9.271199e+01 -5.339815e+01 1.625398e+01
    endloop
  endfacet
  facet normal -6.797526e-12 1.000000e+00 2.840317e-12
    outer loop
      vertex   9.271199e+01 -5.339815e+01 1.625398e+01
      vertex   9.250533e+01 -5.339815e+01 1.745550e+01
      vertex   9.259209e+01 -5.339815e+01 1.766313e+01
    endloop
  endfacet
  facet normal -9.249961e-12 1.000000e+00 2.631643e-12
    outer loop
      vertex   9.271199e+01 -5.339815e+01 1.625398e+01
      vertex   9.259209e+01 -5.339815e+01 1.766313e+01
      vertex   9.265664e+01 -5.339815e+01 1.789001e+01
    endloop
  endfacet
  facet normal -1.415397e-11 1.000000e+00 2.465717e-12
    outer loop
      vertex   9.265664e+01 -5.339815e+01 1.789001e+01
      vertex   9.269764e+01 -5.339815e+01 1.812536e+01
      vertex   9.271199e+01 -5.339815e+01 1.625398e+01
    endloop
  endfacet
  facet normal -3.355988e-10 1.000000e+00 0.000000e+00
    outer loop
      vertex   9.271199e+01 -5.339815e+01 1.625398e+01
      vertex   9.269764e+01 -5.339815e+01 1.812536e+01
      vertex   9.271199e+01 -5.339815e+01 1.835398e+01
    endloop
  endfacet
  facet normal -0.000000e+00 0.000000e+00 1.000000e+00
    outer loop
      vertex   8.760905e+01 -5.239815e+01 1.625398e+01
      vertex   8.756593e+01 -5.273055e+01 1.625398e+01
      vertex   9.016052e+01 -5.239815e+01 1.625398e+01
    endloop
  endfacet
  facet normal 0.000000e+00 0.000000e+00 1.000000e+00
    outer loop
      vertex   9.016052e+01 -5.239815e+01 1.625398e+01
      vertex   8.756593e+01 -5.273055e+01 1.625398e+01
      vertex   9.275511e+01 -5.273055e+01 1.625398e+01
    endloop
  endfacet
  facet normal 0.000000e+00 0.000000e+00 1.000000e+00
    outer loop
      vertex   9.016052e+01 -5.239815e+01 1.625398e+01
      vertex   9.275511e+01 -5.273055e+01 1.625398e+01
      vertex   9.271199e+01 -5.239815e+01 1.625398e+01
    endloop
  endfacet
  facet normal 0.000000e+00 0.000000e+00 1.000000e+00
    outer loop
      vertex   9.275511e+01 -5.273055e+01 1.625398e+01
      vertex   8.756593e+01 -5.273055e+01 1.625398e+01
      vertex   9.275511e+01 -5.306574e+01 1.625398e+01
    endloop
  endfacet
  facet normal 0.000000e+00 0.000000e+00 1.000000e+00
    outer loop
      vertex   9.275511e+01 -5.306574e+01 1.625398e+01
      vertex   8.756593e+01 -5.273055e+01 1.625398e+01
      vertex   8.756593e+01 -5.306574e+01 1.625398e+01
    endloop
  endfacet
  facet normal 0.000000e+00 0.000000e+00 1.000000e+00
    outer loop
      vertex   9.275511e+01 -5.306574e+01 1.625398e+01
      vertex   8.756593e+01 -5.306574e+01 1.625398e+01
      vertex   9.016052e+01 -5.339815e+01 1.625398e+01
    endloop
  endfacet
  facet normal 0.000000e+00 0.000000e+00 1.000000e+00
    outer loop
      vertex   9.016052e+01 -5.339815e+01 1.625398e+01
      vertex   8.756593e+01 -5.306574e+01 1.625398e+01
      vertex   8.760905e+01 -5.339815e+01 1.625398e+01
    endloop
  endfacet
  facet normal 0.000000e+00 0.000000e+00 1.000000e+00
    outer loop
      vertex   9.016052e+01 -5.339815e+01 1.625398e+01
      vertex   9.271199e+01 -5.339815e+01 1.625398e+01
      vertex   9.275511e+01 -5.306574e+01 1.625398e+01
    endloop
  endfacet
  facet normal 0.000000e+00 0.000000e+00 1.000000e+00
    outer loop
      vertex   9.220000e+01 -6.230000e+01 1.915398e+01
      vertex   8.880000e+01 -6.230000e+01 1.915398e+01
      vertex   9.220000e+01 -7.270000e+01 1.915398e+01
    endloop
  endfacet
  facet normal 0.000000e+00 0.000000e+00 1.000000e+00
    outer loop
      vertex   9.220000e+01 -7.270000e+01 1.915398e+01
      vertex   8.880000e+01 -6.230000e+01 1.915398e+01
      vertex   8.880000e+01 -7.270000e+01 1.915398e+01
    endloop
  endfacet
  facet normal 0.000000e+00 1.000000e+00 -0.000000e+00
    outer loop
      vertex   9.220000e+01 -7.270000e+01 1.915398e+01
      vertex   8.880000e+01 -7.270000e+01 1.915398e+01
      vertex   9.220000e+01 -7.270000e+01 2.135398e+01
    endloop
  endfacet
  facet normal 0.000000e+00 1.000000e+00 0.000000e+00
    outer loop
      vertex   9.220000e+01 -7.270000e+01 2.135398e+01
      vertex   8.880000e+01 -7.270000e+01 1.915398e+01
      vertex   8.880000e+01 -7.270000e+01 2.135398e+01
    endloop
  endfacet
  facet normal -1.000000e+00 0.000000e+00 0.000000e+00
    outer loop
      vertex   9.220000e+01 -6.230000e+01 1.915398e+01
      vertex   9.220000e+01 -7.270000e+01 1.915398e+01
      vertex   9.220000e+01 -6.230000e+01 2.135398e+01
    endloop
  endfacet
  facet normal -1.000000e+00 -0.000000e+00 0.000000e+00
    outer loop
      vertex   9.220000e+01 -6.230000e+01 2.135398e+01
      vertex   9.220000e+01 -7.270000e+01 1.915398e+01
      vertex   9.220000e+01 -7.270000e+01 2.135398e+01
    endloop
  endfacet
  facet normal -9.576934e-01 2.877609e-01 4.126623e-03
    outer loop
      vertex   9.256502e+01 -5.388728e+01 1.835398e+01
      vertex   9.264128e+01 -5.367649e+01 2.135398e+01
      vertex   9.271199e+01 -5.339815e+01 1.835398e+01
    endloop
  endfacet
  facet normal -9.795204e-01 2.012966e-01 -4.410104e-03
    outer loop
      vertex   9.271199e+01 -5.339815e+01 1.835398e+01
      vertex   9.264128e+01 -5.367649e+01 2.135398e+01
      vertex   9.274718e+01 -5.316119e+01 2.135398e+01
    endloop
  endfacet
  facet normal -9.891522e-01 1.468940e-01 0.000000e+00
    outer loop
      vertex   9.271199e+01 -5.339815e+01 1.835398e+01
      vertex   9.274718e+01 -5.316119e+01 2.135398e+01
      vertex   9.271199e+01 -5.339815e+01 1.625398e+01
    endloop
  endfacet
  facet normal -9.916895e-01 1.286512e-01 8.651256e-04
    outer loop
      vertex   9.271199e+01 -5.339815e+01 1.625398e+01
      vertex   9.274718e+01 -5.316119e+01 2.135398e+01
      vertex   9.275511e+01 -5.306574e+01 1.625398e+01
    endloop
  endfacet
  facet normal -9.999988e-01 0.000000e+00 -1.555404e-03
    outer loop
      vertex   9.275511e+01 -5.306574e+01 1.625398e+01
      vertex   9.274718e+01 -5.316119e+01 2.135398e+01
      vertex   9.274718e+01 -5.263511e+01 2.135398e+01
    endloop
  endfacet
  facet normal -9.999988e-01 0.000000e+00 -1.555404e-03
    outer loop
      vertex   9.275511e+01 -5.306574e+01 1.625398e+01
      vertex   9.274718e+01 -5.263511e+01 2.135398e+01
      vertex   9.275511e+01 -5.273055e+01 1.625398e+01
    endloop
  endfacet
  facet normal -9.916895e-01 -1.286512e-01 8.651256e-04
    outer loop
      vertex   9.275511e+01 -5.273055e+01 1.625398e+01
      vertex   9.274718e+01 -5.263511e+01 2.135398e+01
      vertex   9.271199e+01 -5.239815e+01 1.625398e+01
    endloop
  endfacet
  facet normal -9.891522e-01 -1.468940e-01 0.000000e+00
    outer loop
      vertex   9.271199e+01 -5.239815e+01 1.625398e+01
      vertex   9.274718e+01 -5.263511e+01 2.135398e+01
      vertex   9.271199e+01 -5.239815e+01 1.835398e+01
    endloop
  endfacet
  facet normal -9.795204e-01 -2.012966e-01 -4.410104e-03
    outer loop
      vertex   9.271199e+01 -5.239815e+01 1.835398e+01
      vertex   9.274718e+01 -5.263511e+01 2.135398e+01
      vertex   9.264128e+01 -5.211980e+01 2.135398e+01
    endloop
  endfacet
  facet normal -9.576934e-01 -2.877609e-01 4.126623e-03
    outer loop
      vertex   9.271199e+01 -5.239815e+01 1.835398e+01
      vertex   9.264128e+01 -5.211980e+01 2.135398e+01
      vertex   9.256502e+01 -5.190901e+01 1.835398e+01
    endloop
  endfacet
  facet normal -9.189491e-01 -3.943521e-01 -4.347758e-03
    outer loop
      vertex   9.256502e+01 -5.190901e+01 1.835398e+01
      vertex   9.264128e+01 -5.211980e+01 2.135398e+01
      vertex   9.243382e+01 -5.163636e+01 2.135398e+01
    endloop
  endfacet
  facet normal -8.829624e-01 -4.694263e-01 4.049048e-03
    outer loop
      vertex   9.256502e+01 -5.190901e+01 1.835398e+01
      vertex   9.243382e+01 -5.163636e+01 2.135398e+01
      vertex   9.232527e+01 -5.145805e+01 1.835398e+01
    endloop
  endfacet
  facet normal -8.207560e-01 -5.712630e-01 -4.254954e-03
    outer loop
      vertex   9.232527e+01 -5.145805e+01 1.835398e+01
      vertex   9.243382e+01 -5.163636e+01 2.135398e+01
      vertex   9.213329e+01 -5.120458e+01 2.135398e+01
    endloop
  endfacet
  facet normal -7.741599e-01 -6.329778e-01 3.941015e-03
    outer loop
      vertex   9.232527e+01 -5.145805e+01 1.835398e+01
      vertex   9.213329e+01 -5.120458e+01 2.135398e+01
      vertex   9.200198e+01 -5.106265e+01 1.835398e+01
    endloop
  endfacet
  facet normal -6.889610e-01 -7.247866e-01 -4.131694e-03
    outer loop
      vertex   9.200198e+01 -5.106265e+01 1.835398e+01
      vertex   9.213329e+01 -5.120458e+01 2.135398e+01
      vertex   9.175200e+01 -5.084213e+01 2.135398e+01
    endloop
  endfacet
  facet normal -6.354843e-01 -7.721044e-01 3.802530e-03
    outer loop
      vertex   9.200198e+01 -5.106265e+01 1.835398e+01
      vertex   9.175200e+01 -5.084213e+01 2.135398e+01
      vertex   9.160763e+01 -5.073808e+01 1.835398e+01
    endloop
  endfacet
  facet normal -5.289598e-01 -8.486375e-01 -3.977984e-03
    outer loop
      vertex   9.160763e+01 -5.073808e+01 1.835398e+01
      vertex   9.175200e+01 -5.084213e+01 2.135398e+01
      vertex   9.130555e+01 -5.056386e+01 2.135398e+01
    endloop
  endfacet
  facet normal -4.722867e-01 -8.814375e-01 3.633596e-03
    outer loop
      vertex   9.160763e+01 -5.073808e+01 1.835398e+01
      vertex   9.130555e+01 -5.056386e+01 2.135398e+01
      vertex   9.115745e+01 -5.049687e+01 1.835398e+01
    endloop
  endfacet
  facet normal -3.473028e-01 -9.377454e-01 -3.793829e-03
    outer loop
      vertex   9.115745e+01 -5.049687e+01 1.835398e+01
      vertex   9.130555e+01 -5.056386e+01 2.135398e+01
      vertex   9.081222e+01 -5.038115e+01 2.135398e+01
    endloop
  endfacet
  facet normal -2.908645e-01 -9.567581e-01 3.434219e-03
    outer loop
      vertex   9.115745e+01 -5.049687e+01 1.835398e+01
      vertex   9.081222e+01 -5.038115e+01 2.135398e+01
      vertex   9.066879e+01 -5.034831e+01 1.835398e+01
    endloop
  endfacet
  facet normal -1.514268e-01 -9.884620e-01 -3.579234e-03
    outer loop
      vertex   9.066879e+01 -5.034831e+01 1.835398e+01
      vertex   9.081222e+01 -5.038115e+01 2.135398e+01
      vertex   9.029221e+01 -5.030149e+01 2.135398e+01
    endloop
  endfacet
  facet normal -9.821825e-02 -9.951597e-01 3.204407e-03
    outer loop
      vertex   9.066879e+01 -5.034831e+01 1.835398e+01
      vertex   9.029221e+01 -5.030149e+01 2.135398e+01
      vertex   9.016052e+01 -5.029815e+01 1.835398e+01
    endloop
  endfacet
  facet normal 5.064889e-02 -9.987110e-01 -3.334207e-03
    outer loop
      vertex   9.016052e+01 -5.029815e+01 1.835398e+01
      vertex   9.029221e+01 -5.030149e+01 2.135398e+01
      vertex   8.976681e+01 -5.032813e+01 2.135398e+01
    endloop
  endfacet
  facet normal 9.821833e-02 -9.951605e-01 2.944167e-03
    outer loop
      vertex   9.016052e+01 -5.029815e+01 1.835398e+01
      vertex   8.976681e+01 -5.032813e+01 2.135398e+01
      vertex   8.965225e+01 -5.034831e+01 1.835398e+01
    endloop
  endfacet
  facet normal 2.506514e-01 -9.680726e-01 -3.058757e-03
    outer loop
      vertex   8.965225e+01 -5.034831e+01 1.835398e+01
      vertex   8.976681e+01 -5.032813e+01 2.135398e+01
      vertex   8.925753e+01 -5.045999e+01 2.135398e+01
    endloop
  endfacet
  facet normal 2.908652e-01 -9.567604e-01 2.653508e-03
    outer loop
      vertex   8.965225e+01 -5.034831e+01 1.835398e+01
      vertex   8.925753e+01 -5.045999e+01 2.135398e+01
      vertex   8.916360e+01 -5.049687e+01 1.835398e+01
    endloop
  endfacet
  facet normal 4.403925e-01 -8.978011e-01 -2.752893e-03
    outer loop
      vertex   8.916360e+01 -5.049687e+01 1.835398e+01
      vertex   8.925753e+01 -5.045999e+01 2.135398e+01
      vertex   8.878522e+01 -5.069167e+01 2.135398e+01
    endloop
  endfacet
  facet normal 4.722886e-01 -8.814409e-01 2.332440e-03
    outer loop
      vertex   8.916360e+01 -5.049687e+01 1.835398e+01
      vertex   8.878522e+01 -5.069167e+01 2.135398e+01
      vertex   8.871341e+01 -5.073808e+01 1.835398e+01
    endloop
  endfacet
  facet normal 6.121042e-01 -7.907734e-01 -2.416625e-03
    outer loop
      vertex   8.871341e+01 -5.073808e+01 1.835398e+01
      vertex   8.878522e+01 -5.069167e+01 2.135398e+01
      vertex   8.836921e+01 -5.101369e+01 2.135398e+01
    endloop
  endfacet
  facet normal 6.354877e-01 -7.721085e-01 1.980974e-03
    outer loop
      vertex   8.871341e+01 -5.073808e+01 1.835398e+01
      vertex   8.836921e+01 -5.101369e+01 2.135398e+01
      vertex   8.831907e+01 -5.106265e+01 1.835398e+01
    endloop
  endfacet
  facet normal 7.587565e-01 -6.513711e-01 -2.049966e-03
    outer loop
      vertex   8.831907e+01 -5.106265e+01 1.835398e+01
      vertex   8.836921e+01 -5.101369e+01 2.135398e+01
      vertex   8.802654e+01 -5.141285e+01 2.135398e+01
    endloop
  endfacet
  facet normal 7.741649e-01 -6.329819e-01 1.599123e-03
    outer loop
      vertex   8.831907e+01 -5.106265e+01 1.835398e+01
      vertex   8.802654e+01 -5.141285e+01 2.135398e+01
      vertex   8.799578e+01 -5.145805e+01 1.835398e+01
    endloop
  endfacet
  facet normal 8.743454e-01 -4.853013e-01 -1.652928e-03
    outer loop
      vertex   8.799578e+01 -5.145805e+01 1.835398e+01
      vertex   8.802654e+01 -5.141285e+01 2.135398e+01
      vertex   8.777123e+01 -5.187282e+01 2.135398e+01
    endloop
  endfacet
  facet normal 8.829690e-01 -4.694298e-01 1.186900e-03
    outer loop
      vertex   8.799578e+01 -5.145805e+01 1.835398e+01
      vertex   8.777123e+01 -5.187282e+01 2.135398e+01
      vertex   8.775602e+01 -5.190901e+01 1.835398e+01
    endloop
  endfacet
  facet normal 9.541385e-01 -2.993629e-01 -1.225525e-03
    outer loop
      vertex   8.775602e+01 -5.190901e+01 1.835398e+01
      vertex   8.777123e+01 -5.187282e+01 2.135398e+01
      vertex   8.761374e+01 -5.237477e+01 2.135398e+01
    endloop
  endfacet
  facet normal 9.577013e-01 -2.877633e-01 7.443198e-04
    outer loop
      vertex   8.775602e+01 -5.190901e+01 1.835398e+01
      vertex   8.761374e+01 -5.237477e+01 2.135398e+01
      vertex   8.760905e+01 -5.239815e+01 1.835398e+01
    endloop
  endfacet
  facet normal 9.948690e-01 -1.011683e-01 -7.677719e-04
    outer loop
      vertex   8.760905e+01 -5.239815e+01 1.835398e+01
      vertex   8.761374e+01 -5.237477e+01 2.135398e+01
      vertex   8.756052e+01 -5.289815e+01 2.135398e+01
    endloop
  endfacet
  facet normal 9.936755e-01 -1.122588e-01 -2.635499e-03
    outer loop
      vertex   8.760905e+01 -5.239815e+01 1.835398e+01
      vertex   8.756052e+01 -5.289815e+01 2.135398e+01
      vertex   8.756593e+01 -5.273055e+01 1.625398e+01
    endloop
  endfacet
  facet normal 9.999994e-01 0.000000e+00 1.060232e-03
    outer loop
      vertex   8.756593e+01 -5.273055e+01 1.625398e+01
      vertex   8.756052e+01 -5.289815e+01 2.135398e+01
      vertex   8.756593e+01 -5.306574e+01 1.625398e+01
    endloop
  endfacet
  facet normal 9.948668e-01 1.011681e-01 -2.269774e-03
    outer loop
      vertex   8.756593e+01 -5.306574e+01 1.625398e+01
      vertex   8.756052e+01 -5.289815e+01 2.135398e+01
      vertex   8.761374e+01 -5.342152e+01 2.135398e+01
    endloop
  endfacet
  facet normal 9.921486e-01 1.250634e-01 -5.773246e-04
    outer loop
      vertex   8.756593e+01 -5.306574e+01 1.625398e+01
      vertex   8.761374e+01 -5.342152e+01 2.135398e+01
      vertex   8.760905e+01 -5.339815e+01 1.835398e+01
    endloop
  endfacet
  facet normal 9.577013e-01 2.877633e-01 7.443198e-04
    outer loop
      vertex   8.760905e+01 -5.339815e+01 1.835398e+01
      vertex   8.761374e+01 -5.342152e+01 2.135398e+01
      vertex   8.775602e+01 -5.388728e+01 1.835398e+01
    endloop
  endfacet
  facet normal 9.541385e-01 2.993629e-01 -1.225525e-03
    outer loop
      vertex   8.775602e+01 -5.388728e+01 1.835398e+01
      vertex   8.761374e+01 -5.342152e+01 2.135398e+01
      vertex   8.777123e+01 -5.392347e+01 2.135398e+01
    endloop
  endfacet
  facet normal 8.829690e-01 4.694298e-01 1.186900e-03
    outer loop
      vertex   8.775602e+01 -5.388728e+01 1.835398e+01
      vertex   8.777123e+01 -5.392347e+01 2.135398e+01
      vertex   8.799578e+01 -5.433825e+01 1.835398e+01
    endloop
  endfacet
  facet normal 8.743454e-01 4.853013e-01 -1.652928e-03
    outer loop
      vertex   8.799578e+01 -5.433825e+01 1.835398e+01
      vertex   8.777123e+01 -5.392347e+01 2.135398e+01
      vertex   8.802654e+01 -5.438345e+01 2.135398e+01
    endloop
  endfacet
  facet normal 7.741649e-01 6.329819e-01 1.599123e-03
    outer loop
      vertex   8.799578e+01 -5.433825e+01 1.835398e+01
      vertex   8.802654e+01 -5.438345e+01 2.135398e+01
      vertex   8.831907e+01 -5.473364e+01 1.835398e+01
    endloop
  endfacet
  facet normal 7.587565e-01 6.513711e-01 -2.049966e-03
    outer loop
      vertex   8.831907e+01 -5.473364e+01 1.835398e+01
      vertex   8.802654e+01 -5.438345e+01 2.135398e+01
      vertex   8.836921e+01 -5.478261e+01 2.135398e+01
    endloop
  endfacet
  facet normal 6.354877e-01 7.721085e-01 1.980974e-03
    outer loop
      vertex   8.831907e+01 -5.473364e+01 1.835398e+01
      vertex   8.836921e+01 -5.478261e+01 2.135398e+01
      vertex   8.871341e+01 -5.505821e+01 1.835398e+01
    endloop
  endfacet
  facet normal 6.121042e-01 7.907734e-01 -2.416625e-03
    outer loop
      vertex   8.871341e+01 -5.505821e+01 1.835398e+01
      vertex   8.836921e+01 -5.478261e+01 2.135398e+01
      vertex   8.878522e+01 -5.510462e+01 2.135398e+01
    endloop
  endfacet
  facet normal 4.722886e-01 8.814409e-01 2.332440e-03
    outer loop
      vertex   8.871341e+01 -5.505821e+01 1.835398e+01
      vertex   8.878522e+01 -5.510462e+01 2.135398e+01
      vertex   8.916360e+01 -5.529943e+01 1.835398e+01
    endloop
  endfacet
  facet normal 4.403925e-01 8.978011e-01 -2.752893e-03
    outer loop
      vertex   8.916360e+01 -5.529943e+01 1.835398e+01
      vertex   8.878522e+01 -5.510462e+01 2.135398e+01
      vertex   8.925753e+01 -5.533630e+01 2.135398e+01
    endloop
  endfacet
  facet normal 2.908652e-01 9.567604e-01 2.653508e-03
    outer loop
      vertex   8.916360e+01 -5.529943e+01 1.835398e+01
      vertex   8.925753e+01 -5.533630e+01 2.135398e+01
      vertex   8.965225e+01 -5.544798e+01 1.835398e+01
    endloop
  endfacet
  facet normal 2.506514e-01 9.680726e-01 -3.058757e-03
    outer loop
      vertex   8.965225e+01 -5.544798e+01 1.835398e+01
      vertex   8.925753e+01 -5.533630e+01 2.135398e+01
      vertex   8.976681e+01 -5.546817e+01 2.135398e+01
    endloop
  endfacet
  facet normal 9.821833e-02 9.951605e-01 2.944167e-03
    outer loop
      vertex   8.965225e+01 -5.544798e+01 1.835398e+01
      vertex   8.976681e+01 -5.546817e+01 2.135398e+01
      vertex   9.016052e+01 -5.549815e+01 1.835398e+01
    endloop
  endfacet
  facet normal 5.064889e-02 9.987110e-01 -3.334207e-03
    outer loop
      vertex   9.016052e+01 -5.549815e+01 1.835398e+01
      vertex   8.976681e+01 -5.546817e+01 2.135398e+01
      vertex   9.029221e+01 -5.549481e+01 2.135398e+01
    endloop
  endfacet
  facet normal -9.821825e-02 9.951597e-01 3.204407e-03
    outer loop
      vertex   9.016052e+01 -5.549815e+01 1.835398e+01
      vertex   9.029221e+01 -5.549481e+01 2.135398e+01
      vertex   9.066879e+01 -5.544798e+01 1.835398e+01
    endloop
  endfacet
  facet normal -1.514268e-01 9.884620e-01 -3.579234e-03
    outer loop
      vertex   9.066879e+01 -5.544798e+01 1.835398e+01
      vertex   9.029221e+01 -5.549481e+01 2.135398e+01
      vertex   9.081222e+01 -5.541515e+01 2.135398e+01
    endloop
  endfacet
  facet normal -2.908645e-01 9.567581e-01 3.434219e-03
    outer loop
      vertex   9.066879e+01 -5.544798e+01 1.835398e+01
      vertex   9.081222e+01 -5.541515e+01 2.135398e+01
      vertex   9.115745e+01 -5.529943e+01 1.835398e+01
    endloop
  endfacet
  facet normal -3.473028e-01 9.377454e-01 -3.793829e-03
    outer loop
      vertex   9.115745e+01 -5.529943e+01 1.835398e+01
      vertex   9.081222e+01 -5.541515e+01 2.135398e+01
      vertex   9.130555e+01 -5.523244e+01 2.135398e+01
    endloop
  endfacet
  facet normal -4.722867e-01 8.814375e-01 3.633596e-03
    outer loop
      vertex   9.115745e+01 -5.529943e+01 1.835398e+01
      vertex   9.130555e+01 -5.523244e+01 2.135398e+01
      vertex   9.160763e+01 -5.505821e+01 1.835398e+01
    endloop
  endfacet
  facet normal -5.289598e-01 8.486375e-01 -3.977984e-03
    outer loop
      vertex   9.160763e+01 -5.505821e+01 1.835398e+01
      vertex   9.130555e+01 -5.523244e+01 2.135398e+01
      vertex   9.175200e+01 -5.495417e+01 2.135398e+01
    endloop
  endfacet
  facet normal -6.354843e-01 7.721044e-01 3.802530e-03
    outer loop
      vertex   9.160763e+01 -5.505821e+01 1.835398e+01
      vertex   9.175200e+01 -5.495417e+01 2.135398e+01
      vertex   9.200198e+01 -5.473364e+01 1.835398e+01
    endloop
  endfacet
  facet normal -6.889610e-01 7.247866e-01 -4.131694e-03
    outer loop
      vertex   9.200198e+01 -5.473364e+01 1.835398e+01
      vertex   9.175200e+01 -5.495417e+01 2.135398e+01
      vertex   9.213329e+01 -5.459172e+01 2.135398e+01
    endloop
  endfacet
  facet normal -7.741599e-01 6.329778e-01 3.941015e-03
    outer loop
      vertex   9.200198e+01 -5.473364e+01 1.835398e+01
      vertex   9.213329e+01 -5.459172e+01 2.135398e+01
      vertex   9.232527e+01 -5.433825e+01 1.835398e+01
    endloop
  endfacet
  facet normal -8.207560e-01 5.712630e-01 -4.254954e-03
    outer loop
      vertex   9.232527e+01 -5.433825e+01 1.835398e+01
      vertex   9.213329e+01 -5.459172e+01 2.135398e+01
      vertex   9.243382e+01 -5.415993e+01 2.135398e+01
    endloop
  endfacet
  facet normal -8.829624e-01 4.694263e-01 4.049048e-03
    outer loop
      vertex   9.232527e+01 -5.433825e+01 1.835398e+01
      vertex   9.243382e+01 -5.415993e+01 2.135398e+01
      vertex   9.256502e+01 -5.388728e+01 1.835398e+01
    endloop
  endfacet
  facet normal -9.189491e-01 3.943521e-01 -4.347758e-03
    outer loop
      vertex   9.256502e+01 -5.388728e+01 1.835398e+01
      vertex   9.243382e+01 -5.415993e+01 2.135398e+01
      vertex   9.264128e+01 -5.367649e+01 2.135398e+01
    endloop
  endfacet
  facet normal 9.916899e-01 1.286512e-01 0.000000e+00
    outer loop
      vertex   8.760905e+01 -5.339815e+01 1.835398e+01
      vertex   8.760905e+01 -5.339815e+01 1.625398e+01
      vertex   8.756593e+01 -5.306574e+01 1.625398e+01
    endloop
  endfacet
  facet normal 9.916899e-01 -1.286512e-01 0.000000e+00
    outer loop
      vertex   8.756593e+01 -5.273055e+01 1.625398e+01
      vertex   8.760905e+01 -5.239815e+01 1.625398e+01
      vertex   8.760905e+01 -5.239815e+01 1.835398e+01
    endloop
  endfacet
  facet normal -1.888514e-10 -1.000000e+00 -3.289919e-11
    outer loop
      vertex   8.762341e+01 -5.239815e+01 1.812536e+01
      vertex   8.766441e+01 -5.239815e+01 1.789001e+01
      vertex   8.760905e+01 -5.239815e+01 1.835398e+01
    endloop
  endfacet
  facet normal 9.515105e-01 -2.859031e-01 1.135220e-01
    outer loop
      vertex   8.760905e+01 -5.239815e+01 1.835398e+01
      vertex   8.766441e+01 -5.239815e+01 1.789001e+01
      vertex   8.775602e+01 -5.190901e+01 1.835398e+01
    endloop
  endfacet
  facet normal 9.523155e-01 -2.840484e-01 1.114077e-01
    outer loop
      vertex   8.775602e+01 -5.190901e+01 1.835398e+01
      vertex   8.766441e+01 -5.239815e+01 1.789001e+01
      vertex   8.780472e+01 -5.192904e+01 1.788668e+01
    endloop
  endfacet
  facet normal 8.774707e-01 -4.665067e-01 1.114298e-01
    outer loop
      vertex   8.775602e+01 -5.190901e+01 1.835398e+01
      vertex   8.780472e+01 -5.192904e+01 1.788668e+01
      vertex   8.799578e+01 -5.145805e+01 1.835398e+01
    endloop
  endfacet
  facet normal 8.774707e-01 -4.665067e-01 1.114298e-01
    outer loop
      vertex   8.799578e+01 -5.145805e+01 1.835398e+01
      vertex   8.780472e+01 -5.192904e+01 1.788668e+01
      vertex   8.803962e+01 -5.148721e+01 1.788668e+01
    endloop
  endfacet
  facet normal 7.693446e-01 -6.290407e-01 1.114298e-01
    outer loop
      vertex   8.799578e+01 -5.145805e+01 1.835398e+01
      vertex   8.803962e+01 -5.148721e+01 1.788668e+01
      vertex   8.831907e+01 -5.106265e+01 1.835398e+01
    endloop
  endfacet
  facet normal 7.693446e-01 -6.290407e-01 1.114298e-01
    outer loop
      vertex   8.831907e+01 -5.106265e+01 1.835398e+01
      vertex   8.803962e+01 -5.148721e+01 1.788668e+01
      vertex   8.835636e+01 -5.109982e+01 1.788668e+01
    endloop
  endfacet
  facet normal 6.315313e-01 -7.673015e-01 1.114298e-01
    outer loop
      vertex   8.831907e+01 -5.106265e+01 1.835398e+01
      vertex   8.835636e+01 -5.109982e+01 1.788668e+01
      vertex   8.871341e+01 -5.073808e+01 1.835398e+01
    endloop
  endfacet
  facet normal 6.315313e-01 -7.673015e-01 1.114298e-01
    outer loop
      vertex   8.871341e+01 -5.073808e+01 1.835398e+01
      vertex   8.835636e+01 -5.109982e+01 1.788668e+01
      vertex   8.874272e+01 -5.078183e+01 1.788668e+01
    endloop
  endfacet
  facet normal 4.693486e-01 -8.759539e-01 1.114298e-01
    outer loop
      vertex   8.871341e+01 -5.073808e+01 1.835398e+01
      vertex   8.874272e+01 -5.078183e+01 1.788668e+01
      vertex   8.916360e+01 -5.049687e+01 1.835398e+01
    endloop
  endfacet
  facet normal 4.693486e-01 -8.759539e-01 1.114298e-01
    outer loop
      vertex   8.916360e+01 -5.049687e+01 1.835398e+01
      vertex   8.874272e+01 -5.078183e+01 1.788668e+01
      vertex   8.918379e+01 -5.054550e+01 1.788668e+01
    endloop
  endfacet
  facet normal 2.890548e-01 -9.508053e-01 1.114298e-01
    outer loop
      vertex   8.916360e+01 -5.049687e+01 1.835398e+01
      vertex   8.918379e+01 -5.054550e+01 1.788668e+01
      vertex   8.965225e+01 -5.034831e+01 1.835398e+01
    endloop
  endfacet
  facet normal 2.890548e-01 -9.508053e-01 1.114298e-01
    outer loop
      vertex   8.965225e+01 -5.034831e+01 1.835398e+01
      vertex   8.918379e+01 -5.054550e+01 1.788668e+01
      vertex   8.966255e+01 -5.039995e+01 1.788668e+01
    endloop
  endfacet
  facet normal 9.760708e-02 -9.889673e-01 1.114298e-01
    outer loop
      vertex   8.965225e+01 -5.034831e+01 1.835398e+01
      vertex   8.966255e+01 -5.039995e+01 1.788668e+01
      vertex   9.016052e+01 -5.029815e+01 1.835398e+01
    endloop
  endfacet
  facet normal 9.760708e-02 -9.889673e-01 1.114298e-01
    outer loop
      vertex   9.016052e+01 -5.029815e+01 1.835398e+01
      vertex   8.966255e+01 -5.039995e+01 1.788668e+01
      vertex   9.016052e+01 -5.035080e+01 1.788668e+01
    endloop
  endfacet
  facet normal -9.760708e-02 -9.889673e-01 1.114298e-01
    outer loop
      vertex   9.016052e+01 -5.029815e+01 1.835398e+01
      vertex   9.016052e+01 -5.035080e+01 1.788668e+01
      vertex   9.066879e+01 -5.034831e+01 1.835398e+01
    endloop
  endfacet
  facet normal -9.760708e-02 -9.889673e-01 1.114298e-01
    outer loop
      vertex   9.066879e+01 -5.034831e+01 1.835398e+01
      vertex   9.016052e+01 -5.035080e+01 1.788668e+01
      vertex   9.065850e+01 -5.039995e+01 1.788668e+01
    endloop
  endfacet
  facet normal -2.890548e-01 -9.508053e-01 1.114298e-01
    outer loop
      vertex   9.066879e+01 -5.034831e+01 1.835398e+01
      vertex   9.065850e+01 -5.039995e+01 1.788668e+01
      vertex   9.115745e+01 -5.049687e+01 1.835398e+01
    endloop
  endfacet
  facet normal -2.890548e-01 -9.508053e-01 1.114298e-01
    outer loop
      vertex   9.115745e+01 -5.049687e+01 1.835398e+01
      vertex   9.065850e+01 -5.039995e+01 1.788668e+01
      vertex   9.113726e+01 -5.054550e+01 1.788668e+01
    endloop
  endfacet
  facet normal -4.693486e-01 -8.759539e-01 1.114298e-01
    outer loop
      vertex   9.115745e+01 -5.049687e+01 1.835398e+01
      vertex   9.113726e+01 -5.054550e+01 1.788668e+01
      vertex   9.160763e+01 -5.073808e+01 1.835398e+01
    endloop
  endfacet
  facet normal -4.693486e-01 -8.759539e-01 1.114298e-01
    outer loop
      vertex   9.160763e+01 -5.073808e+01 1.835398e+01
      vertex   9.113726e+01 -5.054550e+01 1.788668e+01
      vertex   9.157833e+01 -5.078183e+01 1.788668e+01
    endloop
  endfacet
  facet normal -6.315313e-01 -7.673015e-01 1.114298e-01
    outer loop
      vertex   9.160763e+01 -5.073808e+01 1.835398e+01
      vertex   9.157833e+01 -5.078183e+01 1.788668e+01
      vertex   9.200198e+01 -5.106265e+01 1.835398e+01
    endloop
  endfacet
  facet normal -6.315313e-01 -7.673015e-01 1.114298e-01
    outer loop
      vertex   9.200198e+01 -5.106265e+01 1.835398e+01
      vertex   9.157833e+01 -5.078183e+01 1.788668e+01
      vertex   9.196469e+01 -5.109982e+01 1.788668e+01
    endloop
  endfacet
  facet normal -7.693446e-01 -6.290407e-01 1.114298e-01
    outer loop
      vertex   9.200198e+01 -5.106265e+01 1.835398e+01
      vertex   9.196469e+01 -5.109982e+01 1.788668e+01
      vertex   9.232527e+01 -5.145805e+01 1.835398e+01
    endloop
  endfacet
  facet normal -7.693446e-01 -6.290407e-01 1.114298e-01
    outer loop
      vertex   9.232527e+01 -5.145805e+01 1.835398e+01
      vertex   9.196469e+01 -5.109982e+01 1.788668e+01
      vertex   9.228143e+01 -5.148721e+01 1.788668e+01
    endloop
  endfacet
  facet normal -8.774707e-01 -4.665067e-01 1.114298e-01
    outer loop
      vertex   9.232527e+01 -5.145805e+01 1.835398e+01
      vertex   9.228143e+01 -5.148721e+01 1.788668e+01
      vertex   9.256502e+01 -5.190901e+01 1.835398e+01
    endloop
  endfacet
  facet normal -8.774707e-01 -4.665067e-01 1.114298e-01
    outer loop
      vertex   9.256502e+01 -5.190901e+01 1.835398e+01
      vertex   9.228143e+01 -5.148721e+01 1.788668e+01
      vertex   9.251633e+01 -5.192904e+01 1.788668e+01
    endloop
  endfacet
  facet normal -9.447071e-01 -3.083207e-01 1.116553e-01
    outer loop
      vertex   9.256502e+01 -5.190901e+01 1.835398e+01
      vertex   9.251633e+01 -5.192904e+01 1.788668e+01
      vertex   9.269764e+01 -5.239815e+01 1.812536e+01
    endloop
  endfacet
  facet normal -9.453029e-01 -2.815733e-01 1.646782e-01
    outer loop
      vertex   9.269764e+01 -5.239815e+01 1.812536e+01
      vertex   9.251633e+01 -5.192904e+01 1.788668e+01
      vertex   9.265664e+01 -5.239815e+01 1.789001e+01
    endloop
  endfacet
  facet normal -9.248162e-01 -2.747480e-01 2.631132e-01
    outer loop
      vertex   9.265664e+01 -5.239815e+01 1.789001e+01
      vertex   9.251633e+01 -5.192904e+01 1.788668e+01
      vertex   9.259209e+01 -5.239815e+01 1.766313e+01
    endloop
  endfacet
  facet normal -8.946363e-01 -3.015849e-01 3.296550e-01
    outer loop
      vertex   9.259209e+01 -5.239815e+01 1.766313e+01
      vertex   9.251633e+01 -5.192904e+01 1.788668e+01
      vertex   9.237269e+01 -5.198813e+01 1.744282e+01
    endloop
  endfacet
  facet normal -8.869886e-01 -2.754792e-01 3.706244e-01
    outer loop
      vertex   9.259209e+01 -5.239815e+01 1.766313e+01
      vertex   9.237269e+01 -5.198813e+01 1.744282e+01
      vertex   9.250533e+01 -5.239815e+01 1.745550e+01
    endloop
  endfacet
  facet normal -8.164224e-01 -2.479872e-01 5.214947e-01
    outer loop
      vertex   9.250533e+01 -5.239815e+01 1.745550e+01
      vertex   9.237269e+01 -5.198813e+01 1.744282e+01
      vertex   9.225038e+01 -5.239815e+01 1.705636e+01
    endloop
  endfacet
  facet normal -8.066944e-01 -2.597039e-01 5.308466e-01
    outer loop
      vertex   9.225038e+01 -5.239815e+01 1.705636e+01
      vertex   9.237269e+01 -5.198813e+01 1.744282e+01
      vertex   9.214132e+01 -5.208331e+01 1.704465e+01
    endloop
  endfacet
  facet normal -7.268350e-01 -2.276837e-01 6.479746e-01
    outer loop
      vertex   9.225038e+01 -5.239815e+01 1.705636e+01
      vertex   9.214132e+01 -5.208331e+01 1.704465e+01
      vertex   9.209698e+01 -5.239815e+01 1.688429e+01
    endloop
  endfacet
  facet normal -6.543482e-01 -2.680094e-01 7.071064e-01
    outer loop
      vertex   9.209698e+01 -5.239815e+01 1.688429e+01
      vertex   9.214132e+01 -5.208331e+01 1.704465e+01
      vertex   9.183380e+01 -5.220981e+01 1.671213e+01
    endloop
  endfacet
  facet normal -6.414551e-01 -2.263012e-01 7.330233e-01
    outer loop
      vertex   9.209698e+01 -5.239815e+01 1.688429e+01
      vertex   9.183380e+01 -5.220981e+01 1.671213e+01
      vertex   9.192527e+01 -5.239815e+01 1.673403e+01
    endloop
  endfacet
  facet normal -5.240345e-01 -1.571782e-01 8.370680e-01
    outer loop
      vertex   9.192527e+01 -5.239815e+01 1.673403e+01
      vertex   9.183380e+01 -5.220981e+01 1.671213e+01
      vertex   9.152348e+01 -5.239815e+01 1.648250e+01
    endloop
  endfacet
  facet normal -4.664265e-01 -2.617167e-01 8.449560e-01
    outer loop
      vertex   9.152348e+01 -5.239815e+01 1.648250e+01
      vertex   9.183380e+01 -5.220981e+01 1.671213e+01
      vertex   9.146557e+01 -5.236129e+01 1.646194e+01
    endloop
  endfacet
  facet normal -3.343993e-01 1.172375e-04 9.424315e-01
    outer loop
      vertex   9.152348e+01 -5.239815e+01 1.648250e+01
      vertex   9.146557e+01 -5.236129e+01 1.646194e+01
      vertex   9.109517e+01 -5.239815e+01 1.633052e+01
    endloop
  endfacet
  facet normal -3.148372e-01 -1.673830e-01 9.342700e-01
    outer loop
      vertex   9.109517e+01 -5.239815e+01 1.633052e+01
      vertex   9.146557e+01 -5.236129e+01 1.646194e+01
      vertex   9.133544e+01 -5.211653e+01 1.646194e+01
    endloop
  endfacet
  facet normal -2.392249e-01 -2.354896e-01 9.419746e-01
    outer loop
      vertex   9.109517e+01 -5.239815e+01 1.633052e+01
      vertex   9.133544e+01 -5.211653e+01 1.646194e+01
      vertex   9.096588e+01 -5.236238e+01 1.630663e+01
    endloop
  endfacet
  facet normal -2.567967e-01 -2.099652e-01 9.433823e-01
    outer loop
      vertex   9.096588e+01 -5.236238e+01 1.630663e+01
      vertex   9.133544e+01 -5.211653e+01 1.646194e+01
      vertex   9.084561e+01 -5.221528e+01 1.630663e+01
    endloop
  endfacet
  facet normal -1.187059e-01 -9.705772e-02 9.881744e-01
    outer loop
      vertex   9.096588e+01 -5.236238e+01 1.630663e+01
      vertex   9.084561e+01 -5.221528e+01 1.630663e+01
      vertex   9.062409e+01 -5.239815e+01 1.626206e+01
    endloop
  endfacet
  facet normal -9.922164e-02 -1.205529e-01 9.877358e-01
    outer loop
      vertex   9.062409e+01 -5.239815e+01 1.626206e+01
      vertex   9.084561e+01 -5.221528e+01 1.630663e+01
      vertex   9.069890e+01 -5.209453e+01 1.630663e+01
    endloop
  endfacet
  facet normal -6.874442e-02 -1.282990e-01 9.893501e-01
    outer loop
      vertex   9.062409e+01 -5.239815e+01 1.626206e+01
      vertex   9.069890e+01 -5.209453e+01 1.630663e+01
      vertex   9.053141e+01 -5.200479e+01 1.630663e+01
    endloop
  endfacet
  facet normal -1.566621e-01 -2.923814e-01 9.433823e-01
    outer loop
      vertex   9.053141e+01 -5.200479e+01 1.630663e+01
      vertex   9.069890e+01 -5.209453e+01 1.630663e+01
      vertex   9.094594e+01 -5.172577e+01 1.646194e+01
    endloop
  endfacet
  facet normal -1.566621e-01 -2.923814e-01 9.433823e-01
    outer loop
      vertex   9.053141e+01 -5.200479e+01 1.630663e+01
      vertex   9.094594e+01 -5.172577e+01 1.646194e+01
      vertex   9.070160e+01 -5.159485e+01 1.646194e+01
    endloop
  endfacet
  facet normal -2.521468e-01 -4.705863e-01 8.455593e-01
    outer loop
      vertex   9.070160e+01 -5.159485e+01 1.646194e+01
      vertex   9.094594e+01 -5.172577e+01 1.646194e+01
      vertex   9.116756e+01 -5.139497e+01 1.671213e+01
    endloop
  endfacet
  facet normal -2.521468e-01 -4.705863e-01 8.455593e-01
    outer loop
      vertex   9.070160e+01 -5.159485e+01 1.646194e+01
      vertex   9.116756e+01 -5.139497e+01 1.671213e+01
      vertex   9.085428e+01 -5.122711e+01 1.671213e+01
    endloop
  endfacet
  facet normal -3.347677e-01 -6.247832e-01 7.053911e-01
    outer loop
      vertex   9.085428e+01 -5.122711e+01 1.671213e+01
      vertex   9.116756e+01 -5.139497e+01 1.671213e+01
      vertex   9.135263e+01 -5.111872e+01 1.704465e+01
    endloop
  endfacet
  facet normal -3.347677e-01 -6.247832e-01 7.053911e-01
    outer loop
      vertex   9.085428e+01 -5.122711e+01 1.671213e+01
      vertex   9.135263e+01 -5.111872e+01 1.704465e+01
      vertex   9.098177e+01 -5.092001e+01 1.704465e+01
    endloop
  endfacet
  facet normal -4.004464e-01 -7.473605e-01 5.301840e-01
    outer loop
      vertex   9.098177e+01 -5.092001e+01 1.704465e+01
      vertex   9.135263e+01 -5.111872e+01 1.704465e+01
      vertex   9.149188e+01 -5.091086e+01 1.744282e+01
    endloop
  endfacet
  facet normal -4.004464e-01 -7.473605e-01 5.301840e-01
    outer loop
      vertex   9.098177e+01 -5.092001e+01 1.704465e+01
      vertex   9.149188e+01 -5.091086e+01 1.744282e+01
      vertex   9.107770e+01 -5.068894e+01 1.744282e+01
    endloop
  endfacet
  facet normal -4.460213e-01 -8.324177e-01 3.288552e-01
    outer loop
      vertex   9.107770e+01 -5.068894e+01 1.744282e+01
      vertex   9.149188e+01 -5.091086e+01 1.744282e+01
      vertex   9.157833e+01 -5.078183e+01 1.788668e+01
    endloop
  endfacet
  facet normal -4.460213e-01 -8.324177e-01 3.288552e-01
    outer loop
      vertex   9.107770e+01 -5.068894e+01 1.744282e+01
      vertex   9.157833e+01 -5.078183e+01 1.788668e+01
      vertex   9.113726e+01 -5.054550e+01 1.788668e+01
    endloop
  endfacet
  facet normal 0.000000e+00 -1.000000e+00 0.000000e+00
    outer loop
      vertex   8.772895e+01 -5.239815e+01 1.766313e+01
      vertex   8.781571e+01 -5.239815e+01 1.745550e+01
      vertex   8.766441e+01 -5.239815e+01 1.789001e+01
    endloop
  endfacet
  facet normal 9.093733e-01 -2.697495e-01 3.166630e-01
    outer loop
      vertex   8.766441e+01 -5.239815e+01 1.789001e+01
      vertex   8.781571e+01 -5.239815e+01 1.745550e+01
      vertex   8.780472e+01 -5.192904e+01 1.788668e+01
    endloop
  endfacet
  facet normal 9.013698e-01 -2.814137e-01 3.291488e-01
    outer loop
      vertex   8.780472e+01 -5.192904e+01 1.788668e+01
      vertex   8.781571e+01 -5.239815e+01 1.745550e+01
      vertex   8.794835e+01 -5.198813e+01 1.744282e+01
    endloop
  endfacet
  facet normal 8.164224e-01 -2.479872e-01 5.214947e-01
    outer loop
      vertex   8.794835e+01 -5.198813e+01 1.744282e+01
      vertex   8.781571e+01 -5.239815e+01 1.745550e+01
      vertex   8.807067e+01 -5.239815e+01 1.705636e+01
    endloop
  endfacet
  facet normal 8.066944e-01 -2.597039e-01 5.308466e-01
    outer loop
      vertex   8.794835e+01 -5.198813e+01 1.744282e+01
      vertex   8.807067e+01 -5.239815e+01 1.705636e+01
      vertex   8.817973e+01 -5.208331e+01 1.704465e+01
    endloop
  endfacet
  facet normal 7.268350e-01 -2.276837e-01 6.479746e-01
    outer loop
      vertex   8.817973e+01 -5.208331e+01 1.704465e+01
      vertex   8.807067e+01 -5.239815e+01 1.705636e+01
      vertex   8.822406e+01 -5.239815e+01 1.688429e+01
    endloop
  endfacet
  facet normal 6.543482e-01 -2.680094e-01 7.071064e-01
    outer loop
      vertex   8.817973e+01 -5.208331e+01 1.704465e+01
      vertex   8.822406e+01 -5.239815e+01 1.688429e+01
      vertex   8.848724e+01 -5.220981e+01 1.671213e+01
    endloop
  endfacet
  facet normal 6.414551e-01 -2.263012e-01 7.330233e-01
    outer loop
      vertex   8.848724e+01 -5.220981e+01 1.671213e+01
      vertex   8.822406e+01 -5.239815e+01 1.688429e+01
      vertex   8.839578e+01 -5.239815e+01 1.673403e+01
    endloop
  endfacet
  facet normal 5.240345e-01 -1.571782e-01 8.370680e-01
    outer loop
      vertex   8.848724e+01 -5.220981e+01 1.671213e+01
      vertex   8.839578e+01 -5.239815e+01 1.673403e+01
      vertex   8.879756e+01 -5.239815e+01 1.648250e+01
    endloop
  endfacet
  facet normal 4.664265e-01 -2.617167e-01 8.449560e-01
    outer loop
      vertex   8.848724e+01 -5.220981e+01 1.671213e+01
      vertex   8.879756e+01 -5.239815e+01 1.648250e+01
      vertex   8.885548e+01 -5.236129e+01 1.646194e+01
    endloop
  endfacet
  facet normal 3.343993e-01 1.172375e-04 9.424315e-01
    outer loop
      vertex   8.885548e+01 -5.236129e+01 1.646194e+01
      vertex   8.879756e+01 -5.239815e+01 1.648250e+01
      vertex   8.922587e+01 -5.239815e+01 1.633052e+01
    endloop
  endfacet
  facet normal 3.148372e-01 -1.673830e-01 9.342700e-01
    outer loop
      vertex   8.885548e+01 -5.236129e+01 1.646194e+01
      vertex   8.922587e+01 -5.239815e+01 1.633052e+01
      vertex   8.898560e+01 -5.211653e+01 1.646194e+01
    endloop
  endfacet
  facet normal 2.392249e-01 -2.354896e-01 9.419746e-01
    outer loop
      vertex   8.898560e+01 -5.211653e+01 1.646194e+01
      vertex   8.922587e+01 -5.239815e+01 1.633052e+01
      vertex   8.935516e+01 -5.236238e+01 1.630663e+01
    endloop
  endfacet
  facet normal 2.567967e-01 -2.099652e-01 9.433823e-01
    outer loop
      vertex   8.898560e+01 -5.211653e+01 1.646194e+01
      vertex   8.935516e+01 -5.236238e+01 1.630663e+01
      vertex   8.916107e+01 -5.190193e+01 1.646194e+01
    endloop
  endfacet
  facet normal 2.567967e-01 -2.099652e-01 9.433823e-01
    outer loop
      vertex   8.916107e+01 -5.190193e+01 1.646194e+01
      vertex   8.935516e+01 -5.236238e+01 1.630663e+01
      vertex   8.947543e+01 -5.221528e+01 1.630663e+01
    endloop
  endfacet
  facet normal 2.107965e-01 -2.561147e-01 9.433823e-01
    outer loop
      vertex   8.916107e+01 -5.190193e+01 1.646194e+01
      vertex   8.947543e+01 -5.221528e+01 1.630663e+01
      vertex   8.937510e+01 -5.172577e+01 1.646194e+01
    endloop
  endfacet
  facet normal 2.107965e-01 -2.561147e-01 9.433823e-01
    outer loop
      vertex   8.937510e+01 -5.172577e+01 1.646194e+01
      vertex   8.947543e+01 -5.221528e+01 1.630663e+01
      vertex   8.962215e+01 -5.209453e+01 1.630663e+01
    endloop
  endfacet
  facet normal 1.566621e-01 -2.923814e-01 9.433823e-01
    outer loop
      vertex   8.937510e+01 -5.172577e+01 1.646194e+01
      vertex   8.962215e+01 -5.209453e+01 1.630663e+01
      vertex   8.961944e+01 -5.159485e+01 1.646194e+01
    endloop
  endfacet
  facet normal 1.566621e-01 -2.923814e-01 9.433823e-01
    outer loop
      vertex   8.961944e+01 -5.159485e+01 1.646194e+01
      vertex   8.962215e+01 -5.209453e+01 1.630663e+01
      vertex   8.978963e+01 -5.200479e+01 1.630663e+01
    endloop
  endfacet
  facet normal 9.648254e-02 -3.173658e-01 9.433823e-01
    outer loop
      vertex   8.961944e+01 -5.159485e+01 1.646194e+01
      vertex   8.978963e+01 -5.200479e+01 1.630663e+01
      vertex   8.988466e+01 -5.151422e+01 1.646194e+01
    endloop
  endfacet
  facet normal 9.648254e-02 -3.173658e-01 9.433823e-01
    outer loop
      vertex   8.988466e+01 -5.151422e+01 1.646194e+01
      vertex   8.978963e+01 -5.200479e+01 1.630663e+01
      vertex   8.997143e+01 -5.194952e+01 1.630663e+01
    endloop
  endfacet
  facet normal 3.257991e-02 -3.301037e-01 9.433823e-01
    outer loop
      vertex   8.988466e+01 -5.151422e+01 1.646194e+01
      vertex   8.997143e+01 -5.194952e+01 1.630663e+01
      vertex   9.016052e+01 -5.148699e+01 1.646194e+01
    endloop
  endfacet
  facet normal 3.257991e-02 -3.301037e-01 9.433823e-01
    outer loop
      vertex   9.016052e+01 -5.148699e+01 1.646194e+01
      vertex   8.997143e+01 -5.194952e+01 1.630663e+01
      vertex   9.016052e+01 -5.193085e+01 1.630663e+01
    endloop
  endfacet
  facet normal -3.257991e-02 -3.301037e-01 9.433823e-01
    outer loop
      vertex   9.016052e+01 -5.148699e+01 1.646194e+01
      vertex   9.016052e+01 -5.193085e+01 1.630663e+01
      vertex   9.043639e+01 -5.151422e+01 1.646194e+01
    endloop
  endfacet
  facet normal -3.257991e-02 -3.301037e-01 9.433823e-01
    outer loop
      vertex   9.043639e+01 -5.151422e+01 1.646194e+01
      vertex   9.016052e+01 -5.193085e+01 1.630663e+01
      vertex   9.034962e+01 -5.194952e+01 1.630663e+01
    endloop
  endfacet
  facet normal -9.648254e-02 -3.173658e-01 9.433823e-01
    outer loop
      vertex   9.043639e+01 -5.151422e+01 1.646194e+01
      vertex   9.034962e+01 -5.194952e+01 1.630663e+01
      vertex   9.070160e+01 -5.159485e+01 1.646194e+01
    endloop
  endfacet
  facet normal -9.648254e-02 -3.173658e-01 9.433823e-01
    outer loop
      vertex   9.070160e+01 -5.159485e+01 1.646194e+01
      vertex   9.034962e+01 -5.194952e+01 1.630663e+01
      vertex   9.053141e+01 -5.200479e+01 1.630663e+01
    endloop
  endfacet
  facet normal 1.424097e-01 1.397674e-01 9.798901e-01
    outer loop
      vertex   8.922587e+01 -5.239815e+01 1.633052e+01
      vertex   8.969695e+01 -5.239815e+01 1.626206e+01
      vertex   8.935516e+01 -5.236238e+01 1.630663e+01
    endloop
  endfacet
  facet normal 1.187059e-01 -9.705772e-02 9.881744e-01
    outer loop
      vertex   8.935516e+01 -5.236238e+01 1.630663e+01
      vertex   8.969695e+01 -5.239815e+01 1.626206e+01
      vertex   8.947543e+01 -5.221528e+01 1.630663e+01
    endloop
  endfacet
  facet normal 1.730787e-02 -1.165971e-01 9.930285e-01
    outer loop
      vertex   9.016052e+01 -5.239815e+01 1.625398e+01
      vertex   8.978963e+01 -5.200479e+01 1.630663e+01
      vertex   8.969695e+01 -5.239815e+01 1.626206e+01
    endloop
  endfacet
  facet normal 6.874442e-02 -1.282990e-01 9.893501e-01
    outer loop
      vertex   8.969695e+01 -5.239815e+01 1.626206e+01
      vertex   8.978963e+01 -5.200479e+01 1.630663e+01
      vertex   8.962215e+01 -5.209453e+01 1.630663e+01
    endloop
  endfacet
  facet normal 9.922164e-02 -1.205529e-01 9.877358e-01
    outer loop
      vertex   8.969695e+01 -5.239815e+01 1.626206e+01
      vertex   8.962215e+01 -5.209453e+01 1.630663e+01
      vertex   8.947543e+01 -5.221528e+01 1.630663e+01
    endloop
  endfacet
  facet normal -1.732226e-02 -1.093376e-01 9.938537e-01
    outer loop
      vertex   9.062409e+01 -5.239815e+01 1.626206e+01
      vertex   9.034962e+01 -5.194952e+01 1.630663e+01
      vertex   9.016052e+01 -5.239815e+01 1.625398e+01
    endloop
  endfacet
  facet normal -1.104977e-02 -1.119576e-01 9.936515e-01
    outer loop
      vertex   9.016052e+01 -5.239815e+01 1.625398e+01
      vertex   9.034962e+01 -5.194952e+01 1.630663e+01
      vertex   9.016052e+01 -5.193085e+01 1.630663e+01
    endloop
  endfacet
  facet normal 1.104977e-02 -1.119576e-01 9.936515e-01
    outer loop
      vertex   9.016052e+01 -5.239815e+01 1.625398e+01
      vertex   9.016052e+01 -5.193085e+01 1.630663e+01
      vertex   8.997143e+01 -5.194952e+01 1.630663e+01
    endloop
  endfacet
  facet normal -1.424097e-01 1.397674e-01 9.798901e-01
    outer loop
      vertex   9.062409e+01 -5.239815e+01 1.626206e+01
      vertex   9.109517e+01 -5.239815e+01 1.633052e+01
      vertex   9.096588e+01 -5.236238e+01 1.630663e+01
    endloop
  endfacet
  facet normal -9.559747e-01 -2.872444e-01 6.002573e-02
    outer loop
      vertex   9.269764e+01 -5.239815e+01 1.812536e+01
      vertex   9.271199e+01 -5.239815e+01 1.835398e+01
      vertex   9.256502e+01 -5.190901e+01 1.835398e+01
    endloop
  endfacet
  facet normal 3.144088e-02 -1.034204e-01 9.941407e-01
    outer loop
      vertex   8.978963e+01 -5.200479e+01 1.630663e+01
      vertex   9.016052e+01 -5.239815e+01 1.625398e+01
      vertex   8.997143e+01 -5.194952e+01 1.630663e+01
    endloop
  endfacet
  facet normal -3.680661e-02 -1.210702e-01 9.919613e-01
    outer loop
      vertex   9.034962e+01 -5.194952e+01 1.630663e+01
      vertex   9.062409e+01 -5.239815e+01 1.626206e+01
      vertex   9.053141e+01 -5.200479e+01 1.630663e+01
    endloop
  endfacet
  facet normal 4.714012e-01 -2.506201e-01 8.455593e-01
    outer loop
      vertex   8.848724e+01 -5.220981e+01 1.671213e+01
      vertex   8.885548e+01 -5.236129e+01 1.646194e+01
      vertex   8.865409e+01 -5.189599e+01 1.671213e+01
    endloop
  endfacet
  facet normal 4.714012e-01 -2.506201e-01 8.455593e-01
    outer loop
      vertex   8.865409e+01 -5.189599e+01 1.671213e+01
      vertex   8.885548e+01 -5.236129e+01 1.646194e+01
      vertex   8.898560e+01 -5.211653e+01 1.646194e+01
    endloop
  endfacet
  facet normal 4.133129e-01 -3.379378e-01 8.455593e-01
    outer loop
      vertex   8.865409e+01 -5.189599e+01 1.671213e+01
      vertex   8.898560e+01 -5.211653e+01 1.646194e+01
      vertex   8.887906e+01 -5.162084e+01 1.671213e+01
    endloop
  endfacet
  facet normal 4.133129e-01 -3.379378e-01 8.455593e-01
    outer loop
      vertex   8.887906e+01 -5.162084e+01 1.671213e+01
      vertex   8.898560e+01 -5.211653e+01 1.646194e+01
      vertex   8.916107e+01 -5.190193e+01 1.646194e+01
    endloop
  endfacet
  facet normal 3.392758e-01 -4.122153e-01 8.455593e-01
    outer loop
      vertex   8.887906e+01 -5.162084e+01 1.671213e+01
      vertex   8.916107e+01 -5.190193e+01 1.646194e+01
      vertex   8.915348e+01 -5.139497e+01 1.671213e+01
    endloop
  endfacet
  facet normal 3.392758e-01 -4.122153e-01 8.455593e-01
    outer loop
      vertex   8.915348e+01 -5.139497e+01 1.671213e+01
      vertex   8.916107e+01 -5.190193e+01 1.646194e+01
      vertex   8.937510e+01 -5.172577e+01 1.646194e+01
    endloop
  endfacet
  facet normal 2.521468e-01 -4.705863e-01 8.455593e-01
    outer loop
      vertex   8.915348e+01 -5.139497e+01 1.671213e+01
      vertex   8.937510e+01 -5.172577e+01 1.646194e+01
      vertex   8.946677e+01 -5.122711e+01 1.671213e+01
    endloop
  endfacet
  facet normal 2.521468e-01 -4.705863e-01 8.455593e-01
    outer loop
      vertex   8.946677e+01 -5.122711e+01 1.671213e+01
      vertex   8.937510e+01 -5.172577e+01 1.646194e+01
      vertex   8.961944e+01 -5.159485e+01 1.646194e+01
    endloop
  endfacet
  facet normal 1.552881e-01 -5.107985e-01 8.455593e-01
    outer loop
      vertex   8.946677e+01 -5.122711e+01 1.671213e+01
      vertex   8.961944e+01 -5.159485e+01 1.646194e+01
      vertex   8.980682e+01 -5.112373e+01 1.671213e+01
    endloop
  endfacet
  facet normal 1.552881e-01 -5.107985e-01 8.455593e-01
    outer loop
      vertex   8.980682e+01 -5.112373e+01 1.671213e+01
      vertex   8.961944e+01 -5.159485e+01 1.646194e+01
      vertex   8.988466e+01 -5.151422e+01 1.646194e+01
    endloop
  endfacet
  facet normal 5.243718e-02 -5.313001e-01 8.455593e-01
    outer loop
      vertex   8.980682e+01 -5.112373e+01 1.671213e+01
      vertex   8.988466e+01 -5.151422e+01 1.646194e+01
      vertex   9.016052e+01 -5.108882e+01 1.671213e+01
    endloop
  endfacet
  facet normal 5.243718e-02 -5.313001e-01 8.455593e-01
    outer loop
      vertex   9.016052e+01 -5.108882e+01 1.671213e+01
      vertex   8.988466e+01 -5.151422e+01 1.646194e+01
      vertex   9.016052e+01 -5.148699e+01 1.646194e+01
    endloop
  endfacet
  facet normal -5.243718e-02 -5.313001e-01 8.455593e-01
    outer loop
      vertex   9.016052e+01 -5.108882e+01 1.671213e+01
      vertex   9.016052e+01 -5.148699e+01 1.646194e+01
      vertex   9.051422e+01 -5.112373e+01 1.671213e+01
    endloop
  endfacet
  facet normal -5.243718e-02 -5.313001e-01 8.455593e-01
    outer loop
      vertex   9.051422e+01 -5.112373e+01 1.671213e+01
      vertex   9.016052e+01 -5.148699e+01 1.646194e+01
      vertex   9.043639e+01 -5.151422e+01 1.646194e+01
    endloop
  endfacet
  facet normal -1.552881e-01 -5.107985e-01 8.455593e-01
    outer loop
      vertex   9.051422e+01 -5.112373e+01 1.671213e+01
      vertex   9.043639e+01 -5.151422e+01 1.646194e+01
      vertex   9.085428e+01 -5.122711e+01 1.671213e+01
    endloop
  endfacet
  facet normal -1.552881e-01 -5.107985e-01 8.455593e-01
    outer loop
      vertex   9.085428e+01 -5.122711e+01 1.671213e+01
      vertex   9.043639e+01 -5.151422e+01 1.646194e+01
      vertex   9.070160e+01 -5.159485e+01 1.646194e+01
    endloop
  endfacet
  facet normal 6.258650e-01 -3.327407e-01 7.053911e-01
    outer loop
      vertex   8.817973e+01 -5.208331e+01 1.704465e+01
      vertex   8.848724e+01 -5.220981e+01 1.671213e+01
      vertex   8.837723e+01 -5.171181e+01 1.704465e+01
    endloop
  endfacet
  facet normal 6.258650e-01 -3.327407e-01 7.053911e-01
    outer loop
      vertex   8.837723e+01 -5.171181e+01 1.704465e+01
      vertex   8.848724e+01 -5.220981e+01 1.671213e+01
      vertex   8.865409e+01 -5.189599e+01 1.671213e+01
    endloop
  endfacet
  facet normal 5.487430e-01 -4.486698e-01 7.053911e-01
    outer loop
      vertex   8.837723e+01 -5.171181e+01 1.704465e+01
      vertex   8.865409e+01 -5.189599e+01 1.671213e+01
      vertex   8.864356e+01 -5.138609e+01 1.704465e+01
    endloop
  endfacet
  facet normal 5.487430e-01 -4.486698e-01 7.053911e-01
    outer loop
      vertex   8.864356e+01 -5.138609e+01 1.704465e+01
      vertex   8.865409e+01 -5.189599e+01 1.671213e+01
      vertex   8.887906e+01 -5.162084e+01 1.671213e+01
    endloop
  endfacet
  facet normal 4.504462e-01 -5.472857e-01 7.053911e-01
    outer loop
      vertex   8.864356e+01 -5.138609e+01 1.704465e+01
      vertex   8.887906e+01 -5.162084e+01 1.671213e+01
      vertex   8.896841e+01 -5.111872e+01 1.704465e+01
    endloop
  endfacet
  facet normal 4.504462e-01 -5.472857e-01 7.053911e-01
    outer loop
      vertex   8.896841e+01 -5.111872e+01 1.704465e+01
      vertex   8.887906e+01 -5.162084e+01 1.671213e+01
      vertex   8.915348e+01 -5.139497e+01 1.671213e+01
    endloop
  endfacet
  facet normal 3.347677e-01 -6.247832e-01 7.053911e-01
    outer loop
      vertex   8.896841e+01 -5.111872e+01 1.704465e+01
      vertex   8.915348e+01 -5.139497e+01 1.671213e+01
      vertex   8.933927e+01 -5.092001e+01 1.704465e+01
    endloop
  endfacet
  facet normal 3.347677e-01 -6.247832e-01 7.053911e-01
    outer loop
      vertex   8.933927e+01 -5.092001e+01 1.704465e+01
      vertex   8.915348e+01 -5.139497e+01 1.671213e+01
      vertex   8.946677e+01 -5.122711e+01 1.671213e+01
    endloop
  endfacet
  facet normal 2.061713e-01 -6.781717e-01 7.053911e-01
    outer loop
      vertex   8.933927e+01 -5.092001e+01 1.704465e+01
      vertex   8.946677e+01 -5.122711e+01 1.671213e+01
      vertex   8.974182e+01 -5.079763e+01 1.704465e+01
    endloop
  endfacet
  facet normal 2.061713e-01 -6.781717e-01 7.053911e-01
    outer loop
      vertex   8.974182e+01 -5.079763e+01 1.704465e+01
      vertex   8.946677e+01 -5.122711e+01 1.671213e+01
      vertex   8.980682e+01 -5.112373e+01 1.671213e+01
    endloop
  endfacet
  facet normal 6.961926e-02 -7.053911e-01 7.053911e-01
    outer loop
      vertex   8.974182e+01 -5.079763e+01 1.704465e+01
      vertex   8.980682e+01 -5.112373e+01 1.671213e+01
      vertex   9.016052e+01 -5.075630e+01 1.704465e+01
    endloop
  endfacet
  facet normal 6.961926e-02 -7.053911e-01 7.053911e-01
    outer loop
      vertex   9.016052e+01 -5.075630e+01 1.704465e+01
      vertex   8.980682e+01 -5.112373e+01 1.671213e+01
      vertex   9.016052e+01 -5.108882e+01 1.671213e+01
    endloop
  endfacet
  facet normal -6.961926e-02 -7.053911e-01 7.053911e-01
    outer loop
      vertex   9.016052e+01 -5.075630e+01 1.704465e+01
      vertex   9.016052e+01 -5.108882e+01 1.671213e+01
      vertex   9.057923e+01 -5.079763e+01 1.704465e+01
    endloop
  endfacet
  facet normal -6.961926e-02 -7.053911e-01 7.053911e-01
    outer loop
      vertex   9.057923e+01 -5.079763e+01 1.704465e+01
      vertex   9.016052e+01 -5.108882e+01 1.671213e+01
      vertex   9.051422e+01 -5.112373e+01 1.671213e+01
    endloop
  endfacet
  facet normal -2.061713e-01 -6.781717e-01 7.053911e-01
    outer loop
      vertex   9.057923e+01 -5.079763e+01 1.704465e+01
      vertex   9.051422e+01 -5.112373e+01 1.671213e+01
      vertex   9.098177e+01 -5.092001e+01 1.704465e+01
    endloop
  endfacet
  facet normal -2.061713e-01 -6.781717e-01 7.053911e-01
    outer loop
      vertex   9.098177e+01 -5.092001e+01 1.704465e+01
      vertex   9.051422e+01 -5.112373e+01 1.671213e+01
      vertex   9.085428e+01 -5.122711e+01 1.671213e+01
    endloop
  endfacet
  facet normal 8.338592e-01 -4.433206e-01 3.288552e-01
    outer loop
      vertex   8.803962e+01 -5.148721e+01 1.788668e+01
      vertex   8.780472e+01 -5.192904e+01 1.788668e+01
      vertex   8.794835e+01 -5.198813e+01 1.744282e+01
    endloop
  endfacet
  facet normal 7.486546e-01 -3.980217e-01 5.301840e-01
    outer loop
      vertex   8.794835e+01 -5.198813e+01 1.744282e+01
      vertex   8.817973e+01 -5.208331e+01 1.704465e+01
      vertex   8.816893e+01 -5.157324e+01 1.744282e+01
    endloop
  endfacet
  facet normal 7.486546e-01 -3.980217e-01 5.301840e-01
    outer loop
      vertex   8.816893e+01 -5.157324e+01 1.744282e+01
      vertex   8.817973e+01 -5.208331e+01 1.704465e+01
      vertex   8.837723e+01 -5.171181e+01 1.704465e+01
    endloop
  endfacet
  facet normal 6.564018e-01 -5.366951e-01 5.301840e-01
    outer loop
      vertex   8.816893e+01 -5.157324e+01 1.744282e+01
      vertex   8.837723e+01 -5.171181e+01 1.704465e+01
      vertex   8.846636e+01 -5.120947e+01 1.744282e+01
    endloop
  endfacet
  facet normal 6.564018e-01 -5.366951e-01 5.301840e-01
    outer loop
      vertex   8.846636e+01 -5.120947e+01 1.744282e+01
      vertex   8.837723e+01 -5.171181e+01 1.704465e+01
      vertex   8.864356e+01 -5.138609e+01 1.704465e+01
    endloop
  endfacet
  facet normal 5.388200e-01 -6.546586e-01 5.301840e-01
    outer loop
      vertex   8.846636e+01 -5.120947e+01 1.744282e+01
      vertex   8.864356e+01 -5.138609e+01 1.704465e+01
      vertex   8.882916e+01 -5.091086e+01 1.744282e+01
    endloop
  endfacet
  facet normal 5.388200e-01 -6.546586e-01 5.301840e-01
    outer loop
      vertex   8.882916e+01 -5.091086e+01 1.744282e+01
      vertex   8.864356e+01 -5.138609e+01 1.704465e+01
      vertex   8.896841e+01 -5.111872e+01 1.704465e+01
    endloop
  endfacet
  facet normal 4.004464e-01 -7.473605e-01 5.301840e-01
    outer loop
      vertex   8.882916e+01 -5.091086e+01 1.744282e+01
      vertex   8.896841e+01 -5.111872e+01 1.704465e+01
      vertex   8.924334e+01 -5.068894e+01 1.744282e+01
    endloop
  endfacet
  facet normal 4.004464e-01 -7.473605e-01 5.301840e-01
    outer loop
      vertex   8.924334e+01 -5.068894e+01 1.744282e+01
      vertex   8.896841e+01 -5.111872e+01 1.704465e+01
      vertex   8.933927e+01 -5.092001e+01 1.704465e+01
    endloop
  endfacet
  facet normal 2.466204e-01 -8.112233e-01 5.301840e-01
    outer loop
      vertex   8.924334e+01 -5.068894e+01 1.744282e+01
      vertex   8.933927e+01 -5.092001e+01 1.704465e+01
      vertex   8.969291e+01 -5.055227e+01 1.744282e+01
    endloop
  endfacet
  facet normal 2.466204e-01 -8.112233e-01 5.301840e-01
    outer loop
      vertex   8.969291e+01 -5.055227e+01 1.744282e+01
      vertex   8.933927e+01 -5.092001e+01 1.704465e+01
      vertex   8.974182e+01 -5.079763e+01 1.704465e+01
    endloop
  endfacet
  facet normal 8.327798e-02 -8.437830e-01 5.301840e-01
    outer loop
      vertex   8.969291e+01 -5.055227e+01 1.744282e+01
      vertex   8.974182e+01 -5.079763e+01 1.704465e+01
      vertex   9.016052e+01 -5.050611e+01 1.744282e+01
    endloop
  endfacet
  facet normal 8.327798e-02 -8.437830e-01 5.301840e-01
    outer loop
      vertex   9.016052e+01 -5.050611e+01 1.744282e+01
      vertex   8.974182e+01 -5.079763e+01 1.704465e+01
      vertex   9.016052e+01 -5.075630e+01 1.704465e+01
    endloop
  endfacet
  facet normal -8.327798e-02 -8.437830e-01 5.301840e-01
    outer loop
      vertex   9.016052e+01 -5.050611e+01 1.744282e+01
      vertex   9.016052e+01 -5.075630e+01 1.704465e+01
      vertex   9.062814e+01 -5.055227e+01 1.744282e+01
    endloop
  endfacet
  facet normal -8.327798e-02 -8.437830e-01 5.301840e-01
    outer loop
      vertex   9.062814e+01 -5.055227e+01 1.744282e+01
      vertex   9.016052e+01 -5.075630e+01 1.704465e+01
      vertex   9.057923e+01 -5.079763e+01 1.704465e+01
    endloop
  endfacet
  facet normal -2.466204e-01 -8.112233e-01 5.301840e-01
    outer loop
      vertex   9.062814e+01 -5.055227e+01 1.744282e+01
      vertex   9.057923e+01 -5.079763e+01 1.704465e+01
      vertex   9.107770e+01 -5.068894e+01 1.744282e+01
    endloop
  endfacet
  facet normal -2.466204e-01 -8.112233e-01 5.301840e-01
    outer loop
      vertex   9.107770e+01 -5.068894e+01 1.744282e+01
      vertex   9.057923e+01 -5.079763e+01 1.704465e+01
      vertex   9.098177e+01 -5.092001e+01 1.704465e+01
    endloop
  endfacet
  facet normal 7.311071e-01 -5.977765e-01 3.288552e-01
    outer loop
      vertex   8.835636e+01 -5.109982e+01 1.788668e+01
      vertex   8.803962e+01 -5.148721e+01 1.788668e+01
      vertex   8.816893e+01 -5.157324e+01 1.744282e+01
    endloop
  endfacet
  facet normal 8.338592e-01 -4.433206e-01 3.288552e-01
    outer loop
      vertex   8.816893e+01 -5.157324e+01 1.744282e+01
      vertex   8.803962e+01 -5.148721e+01 1.788668e+01
      vertex   8.794835e+01 -5.198813e+01 1.744282e+01
    endloop
  endfacet
  facet normal 7.311071e-01 -5.977765e-01 3.288552e-01
    outer loop
      vertex   8.835636e+01 -5.109982e+01 1.788668e+01
      vertex   8.816893e+01 -5.157324e+01 1.744282e+01
      vertex   8.846636e+01 -5.120947e+01 1.744282e+01
    endloop
  endfacet
  facet normal 6.001432e-01 -7.291655e-01 3.288552e-01
    outer loop
      vertex   8.835636e+01 -5.109982e+01 1.788668e+01
      vertex   8.846636e+01 -5.120947e+01 1.744282e+01
      vertex   8.874272e+01 -5.078183e+01 1.788668e+01
    endloop
  endfacet
  facet normal 6.001432e-01 -7.291655e-01 3.288552e-01
    outer loop
      vertex   8.874272e+01 -5.078183e+01 1.788668e+01
      vertex   8.846636e+01 -5.120947e+01 1.744282e+01
      vertex   8.882916e+01 -5.091086e+01 1.744282e+01
    endloop
  endfacet
  facet normal 4.460213e-01 -8.324177e-01 3.288552e-01
    outer loop
      vertex   8.874272e+01 -5.078183e+01 1.788668e+01
      vertex   8.882916e+01 -5.091086e+01 1.744282e+01
      vertex   8.918379e+01 -5.054550e+01 1.788668e+01
    endloop
  endfacet
  facet normal 4.460213e-01 -8.324177e-01 3.288552e-01
    outer loop
      vertex   8.918379e+01 -5.054550e+01 1.788668e+01
      vertex   8.882916e+01 -5.091086e+01 1.744282e+01
      vertex   8.924334e+01 -5.068894e+01 1.744282e+01
    endloop
  endfacet
  facet normal 2.746884e-01 -9.035489e-01 3.288552e-01
    outer loop
      vertex   8.918379e+01 -5.054550e+01 1.788668e+01
      vertex   8.924334e+01 -5.068894e+01 1.744282e+01
      vertex   8.966255e+01 -5.039995e+01 1.788668e+01
    endloop
  endfacet
  facet normal 2.746884e-01 -9.035489e-01 3.288552e-01
    outer loop
      vertex   8.966255e+01 -5.039995e+01 1.788668e+01
      vertex   8.924334e+01 -5.068894e+01 1.744282e+01
      vertex   8.969291e+01 -5.055227e+01 1.744282e+01
    endloop
  endfacet
  facet normal 9.275587e-02 -9.398141e-01 3.288552e-01
    outer loop
      vertex   8.966255e+01 -5.039995e+01 1.788668e+01
      vertex   8.969291e+01 -5.055227e+01 1.744282e+01
      vertex   9.016052e+01 -5.035080e+01 1.788668e+01
    endloop
  endfacet
  facet normal 9.275587e-02 -9.398141e-01 3.288552e-01
    outer loop
      vertex   9.016052e+01 -5.035080e+01 1.788668e+01
      vertex   8.969291e+01 -5.055227e+01 1.744282e+01
      vertex   9.016052e+01 -5.050611e+01 1.744282e+01
    endloop
  endfacet
  facet normal -9.275587e-02 -9.398141e-01 3.288552e-01
    outer loop
      vertex   9.016052e+01 -5.035080e+01 1.788668e+01
      vertex   9.016052e+01 -5.050611e+01 1.744282e+01
      vertex   9.065850e+01 -5.039995e+01 1.788668e+01
    endloop
  endfacet
  facet normal -9.275587e-02 -9.398141e-01 3.288552e-01
    outer loop
      vertex   9.065850e+01 -5.039995e+01 1.788668e+01
      vertex   9.016052e+01 -5.050611e+01 1.744282e+01
      vertex   9.062814e+01 -5.055227e+01 1.744282e+01
    endloop
  endfacet
  facet normal -2.746884e-01 -9.035489e-01 3.288552e-01
    outer loop
      vertex   9.065850e+01 -5.039995e+01 1.788668e+01
      vertex   9.062814e+01 -5.055227e+01 1.744282e+01
      vertex   9.113726e+01 -5.054550e+01 1.788668e+01
    endloop
  endfacet
  facet normal -2.746884e-01 -9.035489e-01 3.288552e-01
    outer loop
      vertex   9.113726e+01 -5.054550e+01 1.788668e+01
      vertex   9.062814e+01 -5.055227e+01 1.744282e+01
      vertex   9.107770e+01 -5.068894e+01 1.744282e+01
    endloop
  endfacet
  facet normal -6.001432e-01 -7.291655e-01 3.288552e-01
    outer loop
      vertex   9.157833e+01 -5.078183e+01 1.788668e+01
      vertex   9.149188e+01 -5.091086e+01 1.744282e+01
      vertex   9.196469e+01 -5.109982e+01 1.788668e+01
    endloop
  endfacet
  facet normal -6.001432e-01 -7.291655e-01 3.288552e-01
    outer loop
      vertex   9.196469e+01 -5.109982e+01 1.788668e+01
      vertex   9.149188e+01 -5.091086e+01 1.744282e+01
      vertex   9.185469e+01 -5.120947e+01 1.744282e+01
    endloop
  endfacet
  facet normal -7.311071e-01 -5.977765e-01 3.288552e-01
    outer loop
      vertex   9.196469e+01 -5.109982e+01 1.788668e+01
      vertex   9.185469e+01 -5.120947e+01 1.744282e+01
      vertex   9.228143e+01 -5.148721e+01 1.788668e+01
    endloop
  endfacet
  facet normal -7.311071e-01 -5.977765e-01 3.288552e-01
    outer loop
      vertex   9.228143e+01 -5.148721e+01 1.788668e+01
      vertex   9.185469e+01 -5.120947e+01 1.744282e+01
      vertex   9.215211e+01 -5.157324e+01 1.744282e+01
    endloop
  endfacet
  facet normal -8.338592e-01 -4.433206e-01 3.288552e-01
    outer loop
      vertex   9.228143e+01 -5.148721e+01 1.788668e+01
      vertex   9.215211e+01 -5.157324e+01 1.744282e+01
      vertex   9.251633e+01 -5.192904e+01 1.788668e+01
    endloop
  endfacet
  facet normal -8.338592e-01 -4.433206e-01 3.288552e-01
    outer loop
      vertex   9.251633e+01 -5.192904e+01 1.788668e+01
      vertex   9.215211e+01 -5.157324e+01 1.744282e+01
      vertex   9.237269e+01 -5.198813e+01 1.744282e+01
    endloop
  endfacet
  facet normal -5.388200e-01 -6.546586e-01 5.301840e-01
    outer loop
      vertex   9.149188e+01 -5.091086e+01 1.744282e+01
      vertex   9.135263e+01 -5.111872e+01 1.704465e+01
      vertex   9.185469e+01 -5.120947e+01 1.744282e+01
    endloop
  endfacet
  facet normal -5.388200e-01 -6.546586e-01 5.301840e-01
    outer loop
      vertex   9.185469e+01 -5.120947e+01 1.744282e+01
      vertex   9.135263e+01 -5.111872e+01 1.704465e+01
      vertex   9.167749e+01 -5.138609e+01 1.704465e+01
    endloop
  endfacet
  facet normal -6.564018e-01 -5.366951e-01 5.301840e-01
    outer loop
      vertex   9.185469e+01 -5.120947e+01 1.744282e+01
      vertex   9.167749e+01 -5.138609e+01 1.704465e+01
      vertex   9.215211e+01 -5.157324e+01 1.744282e+01
    endloop
  endfacet
  facet normal -6.564018e-01 -5.366951e-01 5.301840e-01
    outer loop
      vertex   9.215211e+01 -5.157324e+01 1.744282e+01
      vertex   9.167749e+01 -5.138609e+01 1.704465e+01
      vertex   9.194381e+01 -5.171181e+01 1.704465e+01
    endloop
  endfacet
  facet normal -7.486546e-01 -3.980217e-01 5.301840e-01
    outer loop
      vertex   9.215211e+01 -5.157324e+01 1.744282e+01
      vertex   9.194381e+01 -5.171181e+01 1.704465e+01
      vertex   9.237269e+01 -5.198813e+01 1.744282e+01
    endloop
  endfacet
  facet normal -7.486546e-01 -3.980217e-01 5.301840e-01
    outer loop
      vertex   9.237269e+01 -5.198813e+01 1.744282e+01
      vertex   9.194381e+01 -5.171181e+01 1.704465e+01
      vertex   9.214132e+01 -5.208331e+01 1.704465e+01
    endloop
  endfacet
  facet normal -4.504462e-01 -5.472857e-01 7.053911e-01
    outer loop
      vertex   9.135263e+01 -5.111872e+01 1.704465e+01
      vertex   9.116756e+01 -5.139497e+01 1.671213e+01
      vertex   9.167749e+01 -5.138609e+01 1.704465e+01
    endloop
  endfacet
  facet normal -4.504462e-01 -5.472857e-01 7.053911e-01
    outer loop
      vertex   9.167749e+01 -5.138609e+01 1.704465e+01
      vertex   9.116756e+01 -5.139497e+01 1.671213e+01
      vertex   9.144198e+01 -5.162084e+01 1.671213e+01
    endloop
  endfacet
  facet normal -5.487430e-01 -4.486698e-01 7.053911e-01
    outer loop
      vertex   9.167749e+01 -5.138609e+01 1.704465e+01
      vertex   9.144198e+01 -5.162084e+01 1.671213e+01
      vertex   9.194381e+01 -5.171181e+01 1.704465e+01
    endloop
  endfacet
  facet normal -5.487430e-01 -4.486698e-01 7.053911e-01
    outer loop
      vertex   9.194381e+01 -5.171181e+01 1.704465e+01
      vertex   9.144198e+01 -5.162084e+01 1.671213e+01
      vertex   9.166696e+01 -5.189599e+01 1.671213e+01
    endloop
  endfacet
  facet normal -6.258650e-01 -3.327407e-01 7.053911e-01
    outer loop
      vertex   9.194381e+01 -5.171181e+01 1.704465e+01
      vertex   9.166696e+01 -5.189599e+01 1.671213e+01
      vertex   9.214132e+01 -5.208331e+01 1.704465e+01
    endloop
  endfacet
  facet normal -6.258650e-01 -3.327407e-01 7.053911e-01
    outer loop
      vertex   9.214132e+01 -5.208331e+01 1.704465e+01
      vertex   9.166696e+01 -5.189599e+01 1.671213e+01
      vertex   9.183380e+01 -5.220981e+01 1.671213e+01
    endloop
  endfacet
  facet normal -3.392758e-01 -4.122153e-01 8.455593e-01
    outer loop
      vertex   9.116756e+01 -5.139497e+01 1.671213e+01
      vertex   9.094594e+01 -5.172577e+01 1.646194e+01
      vertex   9.144198e+01 -5.162084e+01 1.671213e+01
    endloop
  endfacet
  facet normal -3.392758e-01 -4.122153e-01 8.455593e-01
    outer loop
      vertex   9.144198e+01 -5.162084e+01 1.671213e+01
      vertex   9.094594e+01 -5.172577e+01 1.646194e+01
      vertex   9.115998e+01 -5.190193e+01 1.646194e+01
    endloop
  endfacet
  facet normal -4.133129e-01 -3.379378e-01 8.455593e-01
    outer loop
      vertex   9.144198e+01 -5.162084e+01 1.671213e+01
      vertex   9.115998e+01 -5.190193e+01 1.646194e+01
      vertex   9.166696e+01 -5.189599e+01 1.671213e+01
    endloop
  endfacet
  facet normal -4.133129e-01 -3.379378e-01 8.455593e-01
    outer loop
      vertex   9.166696e+01 -5.189599e+01 1.671213e+01
      vertex   9.115998e+01 -5.190193e+01 1.646194e+01
      vertex   9.133544e+01 -5.211653e+01 1.646194e+01
    endloop
  endfacet
  facet normal -4.714012e-01 -2.506201e-01 8.455593e-01
    outer loop
      vertex   9.166696e+01 -5.189599e+01 1.671213e+01
      vertex   9.133544e+01 -5.211653e+01 1.646194e+01
      vertex   9.183380e+01 -5.220981e+01 1.671213e+01
    endloop
  endfacet
  facet normal -4.714012e-01 -2.506201e-01 8.455593e-01
    outer loop
      vertex   9.183380e+01 -5.220981e+01 1.671213e+01
      vertex   9.133544e+01 -5.211653e+01 1.646194e+01
      vertex   9.146557e+01 -5.236129e+01 1.646194e+01
    endloop
  endfacet
  facet normal -2.107965e-01 -2.561147e-01 9.433823e-01
    outer loop
      vertex   9.094594e+01 -5.172577e+01 1.646194e+01
      vertex   9.069890e+01 -5.209453e+01 1.630663e+01
      vertex   9.115998e+01 -5.190193e+01 1.646194e+01
    endloop
  endfacet
  facet normal -2.107965e-01 -2.561147e-01 9.433823e-01
    outer loop
      vertex   9.115998e+01 -5.190193e+01 1.646194e+01
      vertex   9.069890e+01 -5.209453e+01 1.630663e+01
      vertex   9.084561e+01 -5.221528e+01 1.630663e+01
    endloop
  endfacet
  facet normal -2.567967e-01 -2.099652e-01 9.433823e-01
    outer loop
      vertex   9.115998e+01 -5.190193e+01 1.646194e+01
      vertex   9.084561e+01 -5.221528e+01 1.630663e+01
      vertex   9.133544e+01 -5.211653e+01 1.646194e+01
    endloop
  endfacet
  facet normal -8.964504e-01 4.314795e-01 1.010057e-01
    outer loop
      vertex   2.409219e+01 -8.328728e+01 1.835398e+01
      vertex   2.404249e+01 -8.328728e+01 1.791287e+01
      vertex   2.388820e+01 -8.371108e+01 1.835398e+01
    endloop
  endfacet
  facet normal -8.958988e-01 4.323761e-01 1.020601e-01
    outer loop
      vertex   2.388820e+01 -8.371108e+01 1.835398e+01
      vertex   2.404249e+01 -8.328728e+01 1.791287e+01
      vertex   2.385070e+01 -8.368752e+01 1.792497e+01
    endloop
  endfacet
  facet normal -7.778525e-01 6.201062e-01 1.020482e-01
    outer loop
      vertex   2.388820e+01 -8.371108e+01 1.835398e+01
      vertex   2.385070e+01 -8.368752e+01 1.792497e+01
      vertex   2.359501e+01 -8.407885e+01 1.835398e+01
    endloop
  endfacet
  facet normal -7.778525e-01 6.201062e-01 1.020482e-01
    outer loop
      vertex   2.359501e+01 -8.407885e+01 1.835398e+01
      vertex   2.385070e+01 -8.368752e+01 1.792497e+01
      vertex   2.356369e+01 -8.404754e+01 1.792497e+01
    endloop
  endfacet
  facet normal -6.203313e-01 7.776730e-01 1.020482e-01
    outer loop
      vertex   2.359501e+01 -8.407885e+01 1.835398e+01
      vertex   2.356369e+01 -8.404754e+01 1.792497e+01
      vertex   2.322733e+01 -8.437215e+01 1.835398e+01
    endloop
  endfacet
  facet normal -6.203313e-01 7.776730e-01 1.020482e-01
    outer loop
      vertex   2.322733e+01 -8.437215e+01 1.835398e+01
      vertex   2.356369e+01 -8.404754e+01 1.792497e+01
      vertex   2.320376e+01 -8.433465e+01 1.792497e+01
    endloop
  endfacet
  facet normal -4.316927e-01 8.962296e-01 1.020482e-01
    outer loop
      vertex   2.322733e+01 -8.437215e+01 1.835398e+01
      vertex   2.320376e+01 -8.433465e+01 1.792497e+01
      vertex   2.280358e+01 -8.457625e+01 1.835398e+01
    endloop
  endfacet
  facet normal -4.316927e-01 8.962296e-01 1.020482e-01
    outer loop
      vertex   2.280358e+01 -8.457625e+01 1.835398e+01
      vertex   2.320376e+01 -8.433465e+01 1.792497e+01
      vertex   2.278895e+01 -8.453445e+01 1.792497e+01
    endloop
  endfacet
  facet normal -2.213994e-01 9.698291e-01 1.020482e-01
    outer loop
      vertex   2.280358e+01 -8.457625e+01 1.835398e+01
      vertex   2.278895e+01 -8.453445e+01 1.792497e+01
      vertex   2.234504e+01 -8.468093e+01 1.835398e+01
    endloop
  endfacet
  facet normal -2.213994e-01 9.698291e-01 1.020482e-01
    outer loop
      vertex   2.234504e+01 -8.468093e+01 1.835398e+01
      vertex   2.278895e+01 -8.453445e+01 1.792497e+01
      vertex   2.234008e+01 -8.463692e+01 1.792497e+01
    endloop
  endfacet
  facet normal 0.000000e+00 9.947795e-01 1.020482e-01
    outer loop
      vertex   2.234504e+01 -8.468093e+01 1.835398e+01
      vertex   2.234008e+01 -8.463692e+01 1.792497e+01
      vertex   2.187471e+01 -8.468093e+01 1.835398e+01
    endloop
  endfacet
  facet normal 0.000000e+00 9.947795e-01 1.020482e-01
    outer loop
      vertex   2.187471e+01 -8.468093e+01 1.835398e+01
      vertex   2.234008e+01 -8.463692e+01 1.792497e+01
      vertex   2.187967e+01 -8.463692e+01 1.792497e+01
    endloop
  endfacet
  facet normal 2.213994e-01 9.698291e-01 1.020482e-01
    outer loop
      vertex   2.187471e+01 -8.468093e+01 1.835398e+01
      vertex   2.187967e+01 -8.463692e+01 1.792497e+01
      vertex   2.141617e+01 -8.457625e+01 1.835398e+01
    endloop
  endfacet
  facet normal 2.213994e-01 9.698291e-01 1.020482e-01
    outer loop
      vertex   2.141617e+01 -8.457625e+01 1.835398e+01
      vertex   2.187967e+01 -8.463692e+01 1.792497e+01
      vertex   2.143080e+01 -8.453445e+01 1.792497e+01
    endloop
  endfacet
  facet normal 4.316927e-01 8.962296e-01 1.020482e-01
    outer loop
      vertex   2.141617e+01 -8.457625e+01 1.835398e+01
      vertex   2.143080e+01 -8.453445e+01 1.792497e+01
      vertex   2.099242e+01 -8.437215e+01 1.835398e+01
    endloop
  endfacet
  facet normal 4.316927e-01 8.962296e-01 1.020482e-01
    outer loop
      vertex   2.099242e+01 -8.437215e+01 1.835398e+01
      vertex   2.143080e+01 -8.453445e+01 1.792497e+01
      vertex   2.101599e+01 -8.433465e+01 1.792497e+01
    endloop
  endfacet
  facet normal 6.203313e-01 7.776730e-01 1.020482e-01
    outer loop
      vertex   2.099242e+01 -8.437215e+01 1.835398e+01
      vertex   2.101599e+01 -8.433465e+01 1.792497e+01
      vertex   2.062474e+01 -8.407885e+01 1.835398e+01
    endloop
  endfacet
  facet normal 6.203313e-01 7.776730e-01 1.020482e-01
    outer loop
      vertex   2.062474e+01 -8.407885e+01 1.835398e+01
      vertex   2.101599e+01 -8.433465e+01 1.792497e+01
      vertex   2.065606e+01 -8.404754e+01 1.792497e+01
    endloop
  endfacet
  facet normal 7.778525e-01 6.201062e-01 1.020482e-01
    outer loop
      vertex   2.062474e+01 -8.407885e+01 1.835398e+01
      vertex   2.065606e+01 -8.404754e+01 1.792497e+01
      vertex   2.033155e+01 -8.371108e+01 1.835398e+01
    endloop
  endfacet
  facet normal 7.778525e-01 6.201062e-01 1.020482e-01
    outer loop
      vertex   2.033155e+01 -8.371108e+01 1.835398e+01
      vertex   2.065606e+01 -8.404754e+01 1.792497e+01
      vertex   2.036905e+01 -8.368752e+01 1.792497e+01
    endloop
  endfacet
  facet normal 8.963545e-01 4.314333e-01 1.020482e-01
    outer loop
      vertex   2.033155e+01 -8.371108e+01 1.835398e+01
      vertex   2.036905e+01 -8.368752e+01 1.792497e+01
      vertex   2.012756e+01 -8.328728e+01 1.835398e+01
    endloop
  endfacet
  facet normal 8.960134e-01 4.323977e-01 1.009565e-01
    outer loop
      vertex   2.012756e+01 -8.328728e+01 1.835398e+01
      vertex   2.036905e+01 -8.368752e+01 1.792497e+01
      vertex   2.017726e+01 -8.328728e+01 1.791287e+01
    endloop
  endfacet
  facet normal 8.567698e-01 4.196039e-01 2.997967e-01
    outer loop
      vertex   2.017726e+01 -8.328728e+01 1.791287e+01
      vertex   2.036905e+01 -8.368752e+01 1.792497e+01
      vertex   2.032387e+01 -8.328728e+01 1.749388e+01
    endloop
  endfacet
  facet normal 8.546848e-01 4.220576e-01 3.022934e-01
    outer loop
      vertex   2.032387e+01 -8.328728e+01 1.749388e+01
      vertex   2.036905e+01 -8.368752e+01 1.792497e+01
      vertex   2.047998e+01 -8.361785e+01 1.751406e+01
    endloop
  endfacet
  facet normal 7.772039e-01 3.968233e-01 4.883496e-01
    outer loop
      vertex   2.032387e+01 -8.328728e+01 1.749388e+01
      vertex   2.047998e+01 -8.361785e+01 1.751406e+01
      vertex   2.056004e+01 -8.328728e+01 1.711802e+01
    endloop
  endfacet
  facet normal 7.739036e-01 4.003988e-01 4.906669e-01
    outer loop
      vertex   2.056004e+01 -8.328728e+01 1.711802e+01
      vertex   2.047998e+01 -8.361785e+01 1.751406e+01
      vertex   2.065966e+01 -8.350500e+01 1.713857e+01
    endloop
  endfacet
  facet normal 6.587206e-01 3.635578e-01 6.587206e-01
    outer loop
      vertex   2.056004e+01 -8.328728e+01 1.711802e+01
      vertex   2.065966e+01 -8.350500e+01 1.713857e+01
      vertex   2.087392e+01 -8.328728e+01 1.680414e+01
    endloop
  endfacet
  facet normal 6.580727e-01 3.644408e-01 6.588803e-01
    outer loop
      vertex   2.087392e+01 -8.328728e+01 1.680414e+01
      vertex   2.065966e+01 -8.350500e+01 1.713857e+01
      vertex   2.090050e+01 -8.335373e+01 1.681435e+01
    endloop
  endfacet
  facet normal 5.032691e-01 3.243490e-01 8.009481e-01
    outer loop
      vertex   2.087392e+01 -8.328728e+01 1.680414e+01
      vertex   2.090050e+01 -8.335373e+01 1.681435e+01
      vertex   2.124978e+01 -8.328728e+01 1.656797e+01
    endloop
  endfacet
  facet normal 4.821767e-01 3.843927e-01 7.872407e-01
    outer loop
      vertex   2.124978e+01 -8.328728e+01 1.656797e+01
      vertex   2.090050e+01 -8.335373e+01 1.681435e+01
      vertex   2.109989e+01 -8.360384e+01 1.681435e+01
    endloop
  endfacet
  facet normal 4.334961e-01 4.166400e-01 7.990571e-01
    outer loop
      vertex   2.124978e+01 -8.328728e+01 1.656797e+01
      vertex   2.109989e+01 -8.360384e+01 1.681435e+01
      vertex   2.134363e+01 -8.336017e+01 1.655507e+01
    endloop
  endfacet
  facet normal 3.763986e-01 4.718688e-01 7.972854e-01
    outer loop
      vertex   2.134363e+01 -8.336017e+01 1.655507e+01
      vertex   2.109989e+01 -8.360384e+01 1.681435e+01
      vertex   2.153333e+01 -8.351149e+01 1.655507e+01
    endloop
  endfacet
  facet normal 2.854081e-01 3.577994e-01 8.891129e-01
    outer loop
      vertex   2.134363e+01 -8.336017e+01 1.655507e+01
      vertex   2.153333e+01 -8.351149e+01 1.655507e+01
      vertex   2.166877e+01 -8.328728e+01 1.642136e+01
    endloop
  endfacet
  facet normal 1.979910e-01 4.110455e-01 8.898546e-01
    outer loop
      vertex   2.166877e+01 -8.328728e+01 1.642136e+01
      vertex   2.153333e+01 -8.351149e+01 1.655507e+01
      vertex   2.175196e+01 -8.361680e+01 1.655507e+01
    endloop
  endfacet
  facet normal 8.991445e-02 3.938659e-01 9.147596e-01
    outer loop
      vertex   2.166877e+01 -8.328728e+01 1.642136e+01
      vertex   2.175196e+01 -8.361680e+01 1.655507e+01
      vertex   2.198854e+01 -8.367081e+01 1.655507e+01
    endloop
  endfacet
  facet normal 1.343385e-01 5.884634e-01 7.972854e-01
    outer loop
      vertex   2.198854e+01 -8.367081e+01 1.655507e+01
      vertex   2.175196e+01 -8.361680e+01 1.655507e+01
      vertex   2.163811e+01 -8.394210e+01 1.681435e+01
    endloop
  endfacet
  facet normal 1.343385e-01 5.884634e-01 7.972854e-01
    outer loop
      vertex   2.198854e+01 -8.367081e+01 1.655507e+01
      vertex   2.163811e+01 -8.394210e+01 1.681435e+01
      vertex   2.194995e+01 -8.401329e+01 1.681435e+01
    endloop
  endfacet
  facet normal 1.677690e-01 7.349041e-01 6.570917e-01
    outer loop
      vertex   2.194995e+01 -8.401329e+01 1.681435e+01
      vertex   2.163811e+01 -8.394210e+01 1.681435e+01
      vertex   2.154416e+01 -8.421055e+01 1.713857e+01
    endloop
  endfacet
  facet normal 1.677690e-01 7.349041e-01 6.570917e-01
    outer loop
      vertex   2.194995e+01 -8.401329e+01 1.681435e+01
      vertex   2.154416e+01 -8.421055e+01 1.713857e+01
      vertex   2.191810e+01 -8.429591e+01 1.713857e+01
    endloop
  endfacet
  facet normal 1.940601e-01 8.500707e-01 4.896125e-01
    outer loop
      vertex   2.191810e+01 -8.429591e+01 1.713857e+01
      vertex   2.154416e+01 -8.421055e+01 1.713857e+01
      vertex   2.147407e+01 -8.441081e+01 1.751406e+01
    endloop
  endfacet
  facet normal 1.940601e-01 8.500707e-01 4.896125e-01
    outer loop
      vertex   2.191810e+01 -8.429591e+01 1.713857e+01
      vertex   2.147407e+01 -8.441081e+01 1.751406e+01
      vertex   2.189434e+01 -8.450675e+01 1.751406e+01
    endloop
  endfacet
  facet normal 2.121697e-01 9.293992e-01 3.019952e-01
    outer loop
      vertex   2.189434e+01 -8.450675e+01 1.751406e+01
      vertex   2.147407e+01 -8.441081e+01 1.751406e+01
      vertex   2.143080e+01 -8.453445e+01 1.792497e+01
    endloop
  endfacet
  facet normal 2.121697e-01 9.293992e-01 3.019952e-01
    outer loop
      vertex   2.189434e+01 -8.450675e+01 1.751406e+01
      vertex   2.143080e+01 -8.453445e+01 1.792497e+01
      vertex   2.187967e+01 -8.463692e+01 1.792497e+01
    endloop
  endfacet
  facet normal -8.567698e-01 4.196039e-01 2.997967e-01
    outer loop
      vertex   2.404249e+01 -8.328728e+01 1.791287e+01
      vertex   2.389588e+01 -8.328728e+01 1.749388e+01
      vertex   2.385070e+01 -8.368752e+01 1.792497e+01
    endloop
  endfacet
  facet normal -8.546848e-01 4.220576e-01 3.022934e-01
    outer loop
      vertex   2.385070e+01 -8.368752e+01 1.792497e+01
      vertex   2.389588e+01 -8.328728e+01 1.749388e+01
      vertex   2.373977e+01 -8.361785e+01 1.751406e+01
    endloop
  endfacet
  facet normal -7.454256e-01 5.942555e-01 3.019952e-01
    outer loop
      vertex   2.385070e+01 -8.368752e+01 1.792497e+01
      vertex   2.373977e+01 -8.361785e+01 1.751406e+01
      vertex   2.356369e+01 -8.404754e+01 1.792497e+01
    endloop
  endfacet
  facet normal -7.454256e-01 5.942555e-01 3.019952e-01
    outer loop
      vertex   2.356369e+01 -8.404754e+01 1.792497e+01
      vertex   2.373977e+01 -8.361785e+01 1.751406e+01
      vertex   2.347105e+01 -8.395493e+01 1.751406e+01
    endloop
  endfacet
  facet normal -5.944712e-01 7.452536e-01 3.019952e-01
    outer loop
      vertex   2.356369e+01 -8.404754e+01 1.792497e+01
      vertex   2.347105e+01 -8.395493e+01 1.751406e+01
      vertex   2.320376e+01 -8.433465e+01 1.792497e+01
    endloop
  endfacet
  facet normal -5.944712e-01 7.452536e-01 3.019952e-01
    outer loop
      vertex   2.320376e+01 -8.433465e+01 1.792497e+01
      vertex   2.347105e+01 -8.395493e+01 1.751406e+01
      vertex   2.313405e+01 -8.422374e+01 1.751406e+01
    endloop
  endfacet
  facet normal -4.136965e-01 8.588679e-01 3.019952e-01
    outer loop
      vertex   2.320376e+01 -8.433465e+01 1.792497e+01
      vertex   2.313405e+01 -8.422374e+01 1.751406e+01
      vertex   2.278895e+01 -8.453445e+01 1.792497e+01
    endloop
  endfacet
  facet normal -4.136965e-01 8.588679e-01 3.019952e-01
    outer loop
      vertex   2.278895e+01 -8.453445e+01 1.792497e+01
      vertex   2.313405e+01 -8.422374e+01 1.751406e+01
      vertex   2.274568e+01 -8.441081e+01 1.751406e+01
    endloop
  endfacet
  facet normal -2.121697e-01 9.293992e-01 3.019952e-01
    outer loop
      vertex   2.278895e+01 -8.453445e+01 1.792497e+01
      vertex   2.274568e+01 -8.441081e+01 1.751406e+01
      vertex   2.234008e+01 -8.463692e+01 1.792497e+01
    endloop
  endfacet
  facet normal -2.121697e-01 9.293992e-01 3.019952e-01
    outer loop
      vertex   2.234008e+01 -8.463692e+01 1.792497e+01
      vertex   2.274568e+01 -8.441081e+01 1.751406e+01
      vertex   2.232541e+01 -8.450675e+01 1.751406e+01
    endloop
  endfacet
  facet normal 0.000000e+00 9.533095e-01 3.019952e-01
    outer loop
      vertex   2.234008e+01 -8.463692e+01 1.792497e+01
      vertex   2.232541e+01 -8.450675e+01 1.751406e+01
      vertex   2.187967e+01 -8.463692e+01 1.792497e+01
    endloop
  endfacet
  facet normal 0.000000e+00 9.533095e-01 3.019952e-01
    outer loop
      vertex   2.187967e+01 -8.463692e+01 1.792497e+01
      vertex   2.232541e+01 -8.450675e+01 1.751406e+01
      vertex   2.189434e+01 -8.450675e+01 1.751406e+01
    endloop
  endfacet
  facet normal -7.772039e-01 3.968233e-01 4.883496e-01
    outer loop
      vertex   2.389588e+01 -8.328728e+01 1.749388e+01
      vertex   2.365971e+01 -8.328728e+01 1.711802e+01
      vertex   2.373977e+01 -8.361785e+01 1.751406e+01
    endloop
  endfacet
  facet normal -7.739036e-01 4.003988e-01 4.906669e-01
    outer loop
      vertex   2.373977e+01 -8.361785e+01 1.751406e+01
      vertex   2.365971e+01 -8.328728e+01 1.711802e+01
      vertex   2.356009e+01 -8.350500e+01 1.713857e+01
    endloop
  endfacet
  facet normal -6.818001e-01 5.435330e-01 4.896125e-01
    outer loop
      vertex   2.373977e+01 -8.361785e+01 1.751406e+01
      vertex   2.356009e+01 -8.350500e+01 1.713857e+01
      vertex   2.347105e+01 -8.395493e+01 1.751406e+01
    endloop
  endfacet
  facet normal -6.818001e-01 5.435330e-01 4.896125e-01
    outer loop
      vertex   2.347105e+01 -8.395493e+01 1.751406e+01
      vertex   2.356009e+01 -8.350500e+01 1.713857e+01
      vertex   2.332100e+01 -8.380492e+01 1.713857e+01
    endloop
  endfacet
  facet normal -5.437303e-01 6.816428e-01 4.896125e-01
    outer loop
      vertex   2.347105e+01 -8.395493e+01 1.751406e+01
      vertex   2.332100e+01 -8.380492e+01 1.713857e+01
      vertex   2.313405e+01 -8.422374e+01 1.751406e+01
    endloop
  endfacet
  facet normal -5.437303e-01 6.816428e-01 4.896125e-01
    outer loop
      vertex   2.313405e+01 -8.422374e+01 1.751406e+01
      vertex   2.332100e+01 -8.380492e+01 1.713857e+01
      vertex   2.302115e+01 -8.404410e+01 1.713857e+01
    endloop
  endfacet
  facet normal -3.783856e-01 7.855596e-01 4.896125e-01
    outer loop
      vertex   2.313405e+01 -8.422374e+01 1.751406e+01
      vertex   2.302115e+01 -8.404410e+01 1.713857e+01
      vertex   2.274568e+01 -8.441081e+01 1.751406e+01
    endloop
  endfacet
  facet normal -3.783856e-01 7.855596e-01 4.896125e-01
    outer loop
      vertex   2.274568e+01 -8.441081e+01 1.751406e+01
      vertex   2.302115e+01 -8.404410e+01 1.713857e+01
      vertex   2.267559e+01 -8.421055e+01 1.713857e+01
    endloop
  endfacet
  facet normal -1.940601e-01 8.500707e-01 4.896125e-01
    outer loop
      vertex   2.274568e+01 -8.441081e+01 1.751406e+01
      vertex   2.267559e+01 -8.421055e+01 1.713857e+01
      vertex   2.232541e+01 -8.450675e+01 1.751406e+01
    endloop
  endfacet
  facet normal -1.940601e-01 8.500707e-01 4.896125e-01
    outer loop
      vertex   2.232541e+01 -8.450675e+01 1.751406e+01
      vertex   2.267559e+01 -8.421055e+01 1.713857e+01
      vertex   2.230165e+01 -8.429591e+01 1.713857e+01
    endloop
  endfacet
  facet normal 0.000000e+00 8.719401e-01 4.896125e-01
    outer loop
      vertex   2.232541e+01 -8.450675e+01 1.751406e+01
      vertex   2.230165e+01 -8.429591e+01 1.713857e+01
      vertex   2.189434e+01 -8.450675e+01 1.751406e+01
    endloop
  endfacet
  facet normal 3.226373e-14 8.719401e-01 4.896125e-01
    outer loop
      vertex   2.189434e+01 -8.450675e+01 1.751406e+01
      vertex   2.230165e+01 -8.429591e+01 1.713857e+01
      vertex   2.191810e+01 -8.429591e+01 1.713857e+01
    endloop
  endfacet
  facet normal -6.587206e-01 3.635578e-01 6.587206e-01
    outer loop
      vertex   2.365971e+01 -8.328728e+01 1.711802e+01
      vertex   2.334583e+01 -8.328728e+01 1.680414e+01
      vertex   2.356009e+01 -8.350500e+01 1.713857e+01
    endloop
  endfacet
  facet normal -6.580727e-01 3.644408e-01 6.588803e-01
    outer loop
      vertex   2.356009e+01 -8.350500e+01 1.713857e+01
      vertex   2.334583e+01 -8.328728e+01 1.680414e+01
      vertex   2.331925e+01 -8.335373e+01 1.681435e+01
    endloop
  endfacet
  facet normal -5.894306e-01 4.698958e-01 6.570917e-01
    outer loop
      vertex   2.356009e+01 -8.350500e+01 1.713857e+01
      vertex   2.331925e+01 -8.335373e+01 1.681435e+01
      vertex   2.332100e+01 -8.380492e+01 1.713857e+01
    endloop
  endfacet
  facet normal -5.894306e-01 4.698958e-01 6.570917e-01
    outer loop
      vertex   2.332100e+01 -8.380492e+01 1.713857e+01
      vertex   2.331925e+01 -8.335373e+01 1.681435e+01
      vertex   2.311986e+01 -8.360384e+01 1.681435e+01
    endloop
  endfacet
  facet normal -4.700663e-01 5.892946e-01 6.570917e-01
    outer loop
      vertex   2.332100e+01 -8.380492e+01 1.713857e+01
      vertex   2.311986e+01 -8.360384e+01 1.681435e+01
      vertex   2.302115e+01 -8.404410e+01 1.713857e+01
    endloop
  endfacet
  facet normal -4.700663e-01 5.892946e-01 6.570917e-01
    outer loop
      vertex   2.302115e+01 -8.404410e+01 1.713857e+01
      vertex   2.311986e+01 -8.360384e+01 1.681435e+01
      vertex   2.286981e+01 -8.380330e+01 1.681435e+01
    endloop
  endfacet
  facet normal -3.271223e-01 6.791328e-01 6.570917e-01
    outer loop
      vertex   2.302115e+01 -8.404410e+01 1.713857e+01
      vertex   2.286981e+01 -8.380330e+01 1.681435e+01
      vertex   2.267559e+01 -8.421055e+01 1.713857e+01
    endloop
  endfacet
  facet normal -3.271223e-01 6.791328e-01 6.570917e-01
    outer loop
      vertex   2.267559e+01 -8.421055e+01 1.713857e+01
      vertex   2.286981e+01 -8.380330e+01 1.681435e+01
      vertex   2.258164e+01 -8.394210e+01 1.681435e+01
    endloop
  endfacet
  facet normal -1.677690e-01 7.349041e-01 6.570917e-01
    outer loop
      vertex   2.267559e+01 -8.421055e+01 1.713857e+01
      vertex   2.258164e+01 -8.394210e+01 1.681435e+01
      vertex   2.230165e+01 -8.429591e+01 1.713857e+01
    endloop
  endfacet
  facet normal -1.677690e-01 7.349041e-01 6.570917e-01
    outer loop
      vertex   2.230165e+01 -8.429591e+01 1.713857e+01
      vertex   2.258164e+01 -8.394210e+01 1.681435e+01
      vertex   2.226980e+01 -8.401329e+01 1.681435e+01
    endloop
  endfacet
  facet normal 2.792877e-14 7.538106e-01 6.570917e-01
    outer loop
      vertex   2.230165e+01 -8.429591e+01 1.713857e+01
      vertex   2.226980e+01 -8.401329e+01 1.681435e+01
      vertex   2.191810e+01 -8.429591e+01 1.713857e+01
    endloop
  endfacet
  facet normal 0.000000e+00 7.538106e-01 6.570917e-01
    outer loop
      vertex   2.191810e+01 -8.429591e+01 1.713857e+01
      vertex   2.226980e+01 -8.401329e+01 1.681435e+01
      vertex   2.194995e+01 -8.401329e+01 1.681435e+01
    endloop
  endfacet
  facet normal -5.032691e-01 3.243490e-01 8.009481e-01
    outer loop
      vertex   2.334583e+01 -8.328728e+01 1.680414e+01
      vertex   2.296997e+01 -8.328728e+01 1.656797e+01
      vertex   2.331925e+01 -8.335373e+01 1.681435e+01
    endloop
  endfacet
  facet normal -4.821767e-01 3.843927e-01 7.872407e-01
    outer loop
      vertex   2.331925e+01 -8.335373e+01 1.681435e+01
      vertex   2.296997e+01 -8.328728e+01 1.656797e+01
      vertex   2.311986e+01 -8.360384e+01 1.681435e+01
    endloop
  endfacet
  facet normal -4.334961e-01 4.166400e-01 7.990571e-01
    outer loop
      vertex   2.311986e+01 -8.360384e+01 1.681435e+01
      vertex   2.296997e+01 -8.328728e+01 1.656797e+01
      vertex   2.287612e+01 -8.336017e+01 1.655507e+01
    endloop
  endfacet
  facet normal -3.197980e-01 2.499213e-01 9.139303e-01
    outer loop
      vertex   2.287612e+01 -8.336017e+01 1.655507e+01
      vertex   2.296997e+01 -8.328728e+01 1.656797e+01
      vertex   2.255098e+01 -8.328728e+01 1.642136e+01
    endloop
  endfacet
  facet normal -2.854081e-01 3.577994e-01 8.891129e-01
    outer loop
      vertex   2.287612e+01 -8.336017e+01 1.655507e+01
      vertex   2.255098e+01 -8.328728e+01 1.642136e+01
      vertex   2.268642e+01 -8.351149e+01 1.655507e+01
    endloop
  endfacet
  facet normal -1.979910e-01 4.110455e-01 8.898546e-01
    outer loop
      vertex   2.268642e+01 -8.351149e+01 1.655507e+01
      vertex   2.255098e+01 -8.328728e+01 1.642136e+01
      vertex   2.246779e+01 -8.361680e+01 1.655507e+01
    endloop
  endfacet
  facet normal -2.619383e-01 5.438055e-01 7.972854e-01
    outer loop
      vertex   2.268642e+01 -8.351149e+01 1.655507e+01
      vertex   2.246779e+01 -8.361680e+01 1.655507e+01
      vertex   2.258164e+01 -8.394210e+01 1.681435e+01
    endloop
  endfacet
  facet normal -1.343385e-01 5.884634e-01 7.972854e-01
    outer loop
      vertex   2.258164e+01 -8.394210e+01 1.681435e+01
      vertex   2.246779e+01 -8.361680e+01 1.655507e+01
      vertex   2.226980e+01 -8.401329e+01 1.681435e+01
    endloop
  endfacet
  facet normal -1.028035e-01 3.961649e-01 9.124061e-01
    outer loop
      vertex   2.255098e+01 -8.328728e+01 1.642136e+01
      vertex   2.210987e+01 -8.328728e+01 1.637166e+01
      vertex   2.246779e+01 -8.361680e+01 1.655507e+01
    endloop
  endfacet
  facet normal -9.258613e-02 4.055690e-01 9.093633e-01
    outer loop
      vertex   2.246779e+01 -8.361680e+01 1.655507e+01
      vertex   2.210987e+01 -8.328728e+01 1.637166e+01
      vertex   2.223121e+01 -8.367081e+01 1.655507e+01
    endloop
  endfacet
  facet normal -1.343385e-01 5.884634e-01 7.972854e-01
    outer loop
      vertex   2.246779e+01 -8.361680e+01 1.655507e+01
      vertex   2.223121e+01 -8.367081e+01 1.655507e+01
      vertex   2.226980e+01 -8.401329e+01 1.681435e+01
    endloop
  endfacet
  facet normal 0.000000e+00 6.036026e-01 7.972854e-01
    outer loop
      vertex   2.226980e+01 -8.401329e+01 1.681435e+01
      vertex   2.223121e+01 -8.367081e+01 1.655507e+01
      vertex   2.194995e+01 -8.401329e+01 1.681435e+01
    endloop
  endfacet
  facet normal 0.000000e+00 4.314124e-01 9.021548e-01
    outer loop
      vertex   2.223121e+01 -8.367081e+01 1.655507e+01
      vertex   2.210987e+01 -8.328728e+01 1.637166e+01
      vertex   2.198854e+01 -8.367081e+01 1.655507e+01
    endloop
  endfacet
  facet normal 1.024913e-01 4.025655e-01 9.096354e-01
    outer loop
      vertex   2.198854e+01 -8.367081e+01 1.655507e+01
      vertex   2.210987e+01 -8.328728e+01 1.637166e+01
      vertex   2.166877e+01 -8.328728e+01 1.642136e+01
    endloop
  endfacet
  facet normal 3.197980e-01 2.499213e-01 9.139303e-01
    outer loop
      vertex   2.166877e+01 -8.328728e+01 1.642136e+01
      vertex   2.124978e+01 -8.328728e+01 1.656797e+01
      vertex   2.134363e+01 -8.336017e+01 1.655507e+01
    endloop
  endfacet
  facet normal -3.763986e-01 4.718688e-01 7.972854e-01
    outer loop
      vertex   2.286981e+01 -8.380330e+01 1.681435e+01
      vertex   2.311986e+01 -8.360384e+01 1.681435e+01
      vertex   2.287612e+01 -8.336017e+01 1.655507e+01
    endloop
  endfacet
  facet normal -2.619383e-01 5.438055e-01 7.972854e-01
    outer loop
      vertex   2.258164e+01 -8.394210e+01 1.681435e+01
      vertex   2.286981e+01 -8.380330e+01 1.681435e+01
      vertex   2.268642e+01 -8.351149e+01 1.655507e+01
    endloop
  endfacet
  facet normal -3.763986e-01 4.718688e-01 7.972854e-01
    outer loop
      vertex   2.268642e+01 -8.351149e+01 1.655507e+01
      vertex   2.286981e+01 -8.380330e+01 1.681435e+01
      vertex   2.287612e+01 -8.336017e+01 1.655507e+01
    endloop
  endfacet
  facet normal -0.000000e+00 6.036026e-01 7.972854e-01
    outer loop
      vertex   2.198854e+01 -8.367081e+01 1.655507e+01
      vertex   2.194995e+01 -8.401329e+01 1.681435e+01
      vertex   2.223121e+01 -8.367081e+01 1.655507e+01
    endloop
  endfacet
  facet normal 5.944712e-01 7.452536e-01 3.019952e-01
    outer loop
      vertex   2.101599e+01 -8.433465e+01 1.792497e+01
      vertex   2.108570e+01 -8.422374e+01 1.751406e+01
      vertex   2.065606e+01 -8.404754e+01 1.792497e+01
    endloop
  endfacet
  facet normal 5.944712e-01 7.452536e-01 3.019952e-01
    outer loop
      vertex   2.065606e+01 -8.404754e+01 1.792497e+01
      vertex   2.108570e+01 -8.422374e+01 1.751406e+01
      vertex   2.074870e+01 -8.395493e+01 1.751406e+01
    endloop
  endfacet
  facet normal 7.454256e-01 5.942555e-01 3.019952e-01
    outer loop
      vertex   2.065606e+01 -8.404754e+01 1.792497e+01
      vertex   2.074870e+01 -8.395493e+01 1.751406e+01
      vertex   2.036905e+01 -8.368752e+01 1.792497e+01
    endloop
  endfacet
  facet normal 7.454256e-01 5.942555e-01 3.019952e-01
    outer loop
      vertex   2.036905e+01 -8.368752e+01 1.792497e+01
      vertex   2.074870e+01 -8.395493e+01 1.751406e+01
      vertex   2.047998e+01 -8.361785e+01 1.751406e+01
    endloop
  endfacet
  facet normal 5.437303e-01 6.816428e-01 4.896125e-01
    outer loop
      vertex   2.108570e+01 -8.422374e+01 1.751406e+01
      vertex   2.119860e+01 -8.404410e+01 1.713857e+01
      vertex   2.074870e+01 -8.395493e+01 1.751406e+01
    endloop
  endfacet
  facet normal 5.437303e-01 6.816428e-01 4.896125e-01
    outer loop
      vertex   2.074870e+01 -8.395493e+01 1.751406e+01
      vertex   2.119860e+01 -8.404410e+01 1.713857e+01
      vertex   2.089875e+01 -8.380492e+01 1.713857e+01
    endloop
  endfacet
  facet normal 6.818001e-01 5.435330e-01 4.896125e-01
    outer loop
      vertex   2.074870e+01 -8.395493e+01 1.751406e+01
      vertex   2.089875e+01 -8.380492e+01 1.713857e+01
      vertex   2.047998e+01 -8.361785e+01 1.751406e+01
    endloop
  endfacet
  facet normal 6.818001e-01 5.435330e-01 4.896125e-01
    outer loop
      vertex   2.047998e+01 -8.361785e+01 1.751406e+01
      vertex   2.089875e+01 -8.380492e+01 1.713857e+01
      vertex   2.065966e+01 -8.350500e+01 1.713857e+01
    endloop
  endfacet
  facet normal 4.136965e-01 8.588679e-01 3.019952e-01
    outer loop
      vertex   2.143080e+01 -8.453445e+01 1.792497e+01
      vertex   2.147407e+01 -8.441081e+01 1.751406e+01
      vertex   2.101599e+01 -8.433465e+01 1.792497e+01
    endloop
  endfacet
  facet normal 4.136965e-01 8.588679e-01 3.019952e-01
    outer loop
      vertex   2.101599e+01 -8.433465e+01 1.792497e+01
      vertex   2.147407e+01 -8.441081e+01 1.751406e+01
      vertex   2.108570e+01 -8.422374e+01 1.751406e+01
    endloop
  endfacet
  facet normal 4.700663e-01 5.892946e-01 6.570917e-01
    outer loop
      vertex   2.119860e+01 -8.404410e+01 1.713857e+01
      vertex   2.134994e+01 -8.380330e+01 1.681435e+01
      vertex   2.089875e+01 -8.380492e+01 1.713857e+01
    endloop
  endfacet
  facet normal 4.700663e-01 5.892946e-01 6.570917e-01
    outer loop
      vertex   2.089875e+01 -8.380492e+01 1.713857e+01
      vertex   2.134994e+01 -8.380330e+01 1.681435e+01
      vertex   2.109989e+01 -8.360384e+01 1.681435e+01
    endloop
  endfacet
  facet normal 5.894306e-01 4.698958e-01 6.570917e-01
    outer loop
      vertex   2.089875e+01 -8.380492e+01 1.713857e+01
      vertex   2.109989e+01 -8.360384e+01 1.681435e+01
      vertex   2.065966e+01 -8.350500e+01 1.713857e+01
    endloop
  endfacet
  facet normal 5.894306e-01 4.698958e-01 6.570917e-01
    outer loop
      vertex   2.065966e+01 -8.350500e+01 1.713857e+01
      vertex   2.109989e+01 -8.360384e+01 1.681435e+01
      vertex   2.090050e+01 -8.335373e+01 1.681435e+01
    endloop
  endfacet
  facet normal 3.783856e-01 7.855596e-01 4.896125e-01
    outer loop
      vertex   2.147407e+01 -8.441081e+01 1.751406e+01
      vertex   2.154416e+01 -8.421055e+01 1.713857e+01
      vertex   2.108570e+01 -8.422374e+01 1.751406e+01
    endloop
  endfacet
  facet normal 3.783856e-01 7.855596e-01 4.896125e-01
    outer loop
      vertex   2.108570e+01 -8.422374e+01 1.751406e+01
      vertex   2.154416e+01 -8.421055e+01 1.713857e+01
      vertex   2.119860e+01 -8.404410e+01 1.713857e+01
    endloop
  endfacet
  facet normal 2.619383e-01 5.438055e-01 7.972854e-01
    outer loop
      vertex   2.175196e+01 -8.361680e+01 1.655507e+01
      vertex   2.153333e+01 -8.351149e+01 1.655507e+01
      vertex   2.134994e+01 -8.380330e+01 1.681435e+01
    endloop
  endfacet
  facet normal 3.763986e-01 4.718688e-01 7.972854e-01
    outer loop
      vertex   2.134994e+01 -8.380330e+01 1.681435e+01
      vertex   2.153333e+01 -8.351149e+01 1.655507e+01
      vertex   2.109989e+01 -8.360384e+01 1.681435e+01
    endloop
  endfacet
  facet normal 3.271223e-01 6.791328e-01 6.570917e-01
    outer loop
      vertex   2.154416e+01 -8.421055e+01 1.713857e+01
      vertex   2.163811e+01 -8.394210e+01 1.681435e+01
      vertex   2.119860e+01 -8.404410e+01 1.713857e+01
    endloop
  endfacet
  facet normal 3.271223e-01 6.791328e-01 6.570917e-01
    outer loop
      vertex   2.119860e+01 -8.404410e+01 1.713857e+01
      vertex   2.163811e+01 -8.394210e+01 1.681435e+01
      vertex   2.134994e+01 -8.380330e+01 1.681435e+01
    endloop
  endfacet
  facet normal 2.619383e-01 5.438055e-01 7.972854e-01
    outer loop
      vertex   2.163811e+01 -8.394210e+01 1.681435e+01
      vertex   2.175196e+01 -8.361680e+01 1.655507e+01
      vertex   2.134994e+01 -8.380330e+01 1.681435e+01
    endloop
  endfacet
  facet normal 9.624183e-01 -2.521127e-01 1.009468e-01
    outer loop
      vertex   2.014878e+01 -8.184308e+01 1.835398e+01
      vertex   2.003242e+01 -8.228728e+01 1.835398e+01
      vertex   2.018922e+01 -8.185857e+01 1.792967e+01
    endloop
  endfacet
  facet normal 9.634377e-01 -2.449572e-01 1.085534e-01
    outer loop
      vertex   2.018922e+01 -8.185857e+01 1.792967e+01
      vertex   2.003242e+01 -8.228728e+01 1.835398e+01
      vertex   2.008450e+01 -8.228728e+01 1.789170e+01
    endloop
  endfacet
  facet normal 9.205173e-01 -2.513532e-01 2.991146e-01
    outer loop
      vertex   2.018922e+01 -8.185857e+01 1.792967e+01
      vertex   2.008450e+01 -8.228728e+01 1.789170e+01
      vertex   2.030890e+01 -8.190440e+01 1.752287e+01
    endloop
  endfacet
  facet normal 9.188470e-01 -2.287928e-01 3.215185e-01
    outer loop
      vertex   2.030890e+01 -8.190440e+01 1.752287e+01
      vertex   2.008450e+01 -8.228728e+01 1.789170e+01
      vertex   2.023815e+01 -8.228728e+01 1.745260e+01
    endloop
  endfacet
  facet normal 8.393087e-01 -2.442311e-01 4.857078e-01
    outer loop
      vertex   2.030890e+01 -8.190440e+01 1.752287e+01
      vertex   2.023815e+01 -8.228728e+01 1.745260e+01
      vertex   2.050286e+01 -8.197868e+01 1.715036e+01
    endloop
  endfacet
  facet normal 8.294382e-01 -2.010312e-01 5.211706e-01
    outer loop
      vertex   2.050286e+01 -8.197868e+01 1.715036e+01
      vertex   2.023815e+01 -8.228728e+01 1.745260e+01
      vertex   2.048565e+01 -8.228728e+01 1.705870e+01
    endloop
  endfacet
  facet normal 7.203626e-01 -2.340760e-01 6.529059e-01
    outer loop
      vertex   2.050286e+01 -8.197868e+01 1.715036e+01
      vertex   2.048565e+01 -8.228728e+01 1.705870e+01
      vertex   2.076311e+01 -8.207835e+01 1.682749e+01
    endloop
  endfacet
  facet normal 6.986046e-01 -1.546066e-01 6.986046e-01
    outer loop
      vertex   2.076311e+01 -8.207835e+01 1.682749e+01
      vertex   2.048565e+01 -8.228728e+01 1.705870e+01
      vertex   2.081460e+01 -8.228728e+01 1.672975e+01
    endloop
  endfacet
  facet normal 5.636392e-01 -2.319323e-01 7.927915e-01
    outer loop
      vertex   2.076311e+01 -8.207835e+01 1.682749e+01
      vertex   2.081460e+01 -8.228728e+01 1.672975e+01
      vertex   2.107891e+01 -8.219930e+01 1.656758e+01
    endloop
  endfacet
  facet normal 5.316571e-01 -3.753594e-02 8.461275e-01
    outer loop
      vertex   2.107891e+01 -8.219930e+01 1.656758e+01
      vertex   2.081460e+01 -8.228728e+01 1.672975e+01
      vertex   2.120850e+01 -8.228728e+01 1.648225e+01
    endloop
  endfacet
  facet normal 4.276634e-01 -2.203452e-01 8.766710e-01
    outer loop
      vertex   2.107891e+01 -8.219930e+01 1.656758e+01
      vertex   2.120850e+01 -8.228728e+01 1.648225e+01
      vertex   2.118993e+01 -8.198382e+01 1.656758e+01
    endloop
  endfacet
  facet normal 3.711541e-01 -2.302431e-01 8.995736e-01
    outer loop
      vertex   2.118993e+01 -8.198382e+01 1.656758e+01
      vertex   2.120850e+01 -8.228728e+01 1.648225e+01
      vertex   2.150974e+01 -8.219583e+01 1.638137e+01
    endloop
  endfacet
  facet normal 3.370093e-01 -2.809089e-01 8.986183e-01
    outer loop
      vertex   2.118993e+01 -8.198382e+01 1.656758e+01
      vertex   2.150974e+01 -8.219583e+01 1.638137e+01
      vertex   2.134385e+01 -8.179916e+01 1.656758e+01
    endloop
  endfacet
  facet normal 3.369707e-01 -2.809289e-01 8.986266e-01
    outer loop
      vertex   2.134385e+01 -8.179916e+01 1.656758e+01
      vertex   2.150974e+01 -8.219583e+01 1.638137e+01
      vertex   2.161009e+01 -8.207547e+01 1.638137e+01
    endloop
  endfacet
  facet normal 2.680587e-01 -3.473234e-01 8.986162e-01
    outer loop
      vertex   2.134385e+01 -8.179916e+01 1.656758e+01
      vertex   2.161009e+01 -8.207547e+01 1.638137e+01
      vertex   2.153495e+01 -8.165167e+01 1.656758e+01
    endloop
  endfacet
  facet normal 2.680587e-01 -3.473234e-01 8.986162e-01
    outer loop
      vertex   2.153495e+01 -8.165167e+01 1.656758e+01
      vertex   2.161009e+01 -8.207547e+01 1.638137e+01
      vertex   2.173478e+01 -8.197924e+01 1.638137e+01
    endloop
  endfacet
  facet normal 1.861594e-01 -3.972829e-01 8.986162e-01
    outer loop
      vertex   2.153495e+01 -8.165167e+01 1.656758e+01
      vertex   2.173478e+01 -8.197924e+01 1.638137e+01
      vertex   2.175355e+01 -8.154924e+01 1.656758e+01
    endloop
  endfacet
  facet normal 1.861594e-01 -3.972829e-01 8.986162e-01
    outer loop
      vertex   2.175355e+01 -8.154924e+01 1.656758e+01
      vertex   2.173478e+01 -8.197924e+01 1.638137e+01
      vertex   2.187739e+01 -8.191241e+01 1.638137e+01
    endloop
  endfacet
  facet normal 9.535942e-02 -4.282471e-01 8.986162e-01
    outer loop
      vertex   2.175355e+01 -8.154924e+01 1.656758e+01
      vertex   2.187739e+01 -8.191241e+01 1.638137e+01
      vertex   2.198917e+01 -8.149677e+01 1.656758e+01
    endloop
  endfacet
  facet normal 9.535942e-02 -4.282471e-01 8.986162e-01
    outer loop
      vertex   2.198917e+01 -8.149677e+01 1.656758e+01
      vertex   2.187739e+01 -8.191241e+01 1.638137e+01
      vertex   2.203113e+01 -8.187818e+01 1.638137e+01
    endloop
  endfacet
  facet normal 0.000000e+00 -4.387357e-01 8.986162e-01
    outer loop
      vertex   2.198917e+01 -8.149677e+01 1.656758e+01
      vertex   2.203113e+01 -8.187818e+01 1.638137e+01
      vertex   2.223058e+01 -8.149677e+01 1.656758e+01
    endloop
  endfacet
  facet normal 0.000000e+00 -4.387357e-01 8.986162e-01
    outer loop
      vertex   2.223058e+01 -8.149677e+01 1.656758e+01
      vertex   2.203113e+01 -8.187818e+01 1.638137e+01
      vertex   2.218862e+01 -8.187818e+01 1.638137e+01
    endloop
  endfacet
  facet normal -9.535942e-02 -4.282471e-01 8.986162e-01
    outer loop
      vertex   2.223058e+01 -8.149677e+01 1.656758e+01
      vertex   2.218862e+01 -8.187818e+01 1.638137e+01
      vertex   2.246620e+01 -8.154924e+01 1.656758e+01
    endloop
  endfacet
  facet normal -9.535942e-02 -4.282471e-01 8.986162e-01
    outer loop
      vertex   2.246620e+01 -8.154924e+01 1.656758e+01
      vertex   2.218862e+01 -8.187818e+01 1.638137e+01
      vertex   2.234236e+01 -8.191241e+01 1.638137e+01
    endloop
  endfacet
  facet normal -1.861594e-01 -3.972829e-01 8.986162e-01
    outer loop
      vertex   2.246620e+01 -8.154924e+01 1.656758e+01
      vertex   2.234236e+01 -8.191241e+01 1.638137e+01
      vertex   2.268480e+01 -8.165167e+01 1.656758e+01
    endloop
  endfacet
  facet normal -1.861594e-01 -3.972829e-01 8.986162e-01
    outer loop
      vertex   2.268480e+01 -8.165167e+01 1.656758e+01
      vertex   2.234236e+01 -8.191241e+01 1.638137e+01
      vertex   2.248497e+01 -8.197924e+01 1.638137e+01
    endloop
  endfacet
  facet normal -2.680587e-01 -3.473234e-01 8.986162e-01
    outer loop
      vertex   2.268480e+01 -8.165167e+01 1.656758e+01
      vertex   2.248497e+01 -8.197924e+01 1.638137e+01
      vertex   2.287590e+01 -8.179916e+01 1.656758e+01
    endloop
  endfacet
  facet normal -2.680587e-01 -3.473234e-01 8.986162e-01
    outer loop
      vertex   2.287590e+01 -8.179916e+01 1.656758e+01
      vertex   2.248497e+01 -8.197924e+01 1.638137e+01
      vertex   2.260966e+01 -8.207547e+01 1.638137e+01
    endloop
  endfacet
  facet normal -3.369707e-01 -2.809289e-01 8.986266e-01
    outer loop
      vertex   2.287590e+01 -8.179916e+01 1.656758e+01
      vertex   2.260966e+01 -8.207547e+01 1.638137e+01
      vertex   2.271001e+01 -8.219583e+01 1.638137e+01
    endloop
  endfacet
  facet normal -2.346640e-01 -1.956369e-01 9.521864e-01
    outer loop
      vertex   2.271001e+01 -8.219583e+01 1.638137e+01
      vertex   2.260966e+01 -8.207547e+01 1.638137e+01
      vertex   2.257215e+01 -8.228728e+01 1.632860e+01
    endloop
  endfacet
  facet normal -3.299194e-01 -4.665425e-02 9.428555e-01
    outer loop
      vertex   2.271001e+01 -8.219583e+01 1.638137e+01
      vertex   2.257215e+01 -8.228728e+01 1.632860e+01
      vertex   2.301125e+01 -8.228728e+01 1.648225e+01
    endloop
  endfacet
  facet normal 3.299194e-01 -4.665425e-02 9.428555e-01
    outer loop
      vertex   2.120850e+01 -8.228728e+01 1.648225e+01
      vertex   2.164760e+01 -8.228728e+01 1.632860e+01
      vertex   2.150974e+01 -8.219583e+01 1.638137e+01
    endloop
  endfacet
  facet normal 2.346640e-01 -1.956369e-01 9.521864e-01
    outer loop
      vertex   2.150974e+01 -8.219583e+01 1.638137e+01
      vertex   2.164760e+01 -8.228728e+01 1.632860e+01
      vertex   2.161009e+01 -8.207547e+01 1.638137e+01
    endloop
  endfacet
  facet normal 1.630057e-01 -2.112063e-01 9.637536e-01
    outer loop
      vertex   2.161009e+01 -8.207547e+01 1.638137e+01
      vertex   2.164760e+01 -8.228728e+01 1.632860e+01
      vertex   2.173478e+01 -8.197924e+01 1.638137e+01
    endloop
  endfacet
  facet normal 1.097501e-01 -1.978995e-01 9.740589e-01
    outer loop
      vertex   2.173478e+01 -8.197924e+01 1.638137e+01
      vertex   2.164760e+01 -8.228728e+01 1.632860e+01
      vertex   2.210987e+01 -8.228728e+01 1.627652e+01
    endloop
  endfacet
  facet normal 9.875995e-02 -2.107636e-01 9.725354e-01
    outer loop
      vertex   2.173478e+01 -8.197924e+01 1.638137e+01
      vertex   2.210987e+01 -8.228728e+01 1.627652e+01
      vertex   2.187739e+01 -8.191241e+01 1.638137e+01
    endloop
  endfacet
  facet normal 5.306717e-02 -2.383179e-01 9.697363e-01
    outer loop
      vertex   2.187739e+01 -8.191241e+01 1.638137e+01
      vertex   2.210987e+01 -8.228728e+01 1.627652e+01
      vertex   2.203113e+01 -8.187818e+01 1.638137e+01
    endloop
  endfacet
  facet normal -1.096074e-01 -2.041083e-01 9.727929e-01
    outer loop
      vertex   2.257215e+01 -8.228728e+01 1.632860e+01
      vertex   2.234236e+01 -8.191241e+01 1.638137e+01
      vertex   2.210987e+01 -8.228728e+01 1.627652e+01
    endloop
  endfacet
  facet normal -5.306717e-02 -2.383179e-01 9.697363e-01
    outer loop
      vertex   2.210987e+01 -8.228728e+01 1.627652e+01
      vertex   2.234236e+01 -8.191241e+01 1.638137e+01
      vertex   2.218862e+01 -8.187818e+01 1.638137e+01
    endloop
  endfacet
  facet normal 0.000000e+00 -2.482654e-01 9.686921e-01
    outer loop
      vertex   2.210987e+01 -8.228728e+01 1.627652e+01
      vertex   2.218862e+01 -8.187818e+01 1.638137e+01
      vertex   2.203113e+01 -8.187818e+01 1.638137e+01
    endloop
  endfacet
  facet normal -5.316571e-01 -3.753594e-02 8.461275e-01
    outer loop
      vertex   2.340515e+01 -8.228728e+01 1.672975e+01
      vertex   2.314084e+01 -8.219930e+01 1.656758e+01
      vertex   2.301125e+01 -8.228728e+01 1.648225e+01
    endloop
  endfacet
  facet normal -4.276634e-01 -2.203452e-01 8.766710e-01
    outer loop
      vertex   2.301125e+01 -8.228728e+01 1.648225e+01
      vertex   2.314084e+01 -8.219930e+01 1.656758e+01
      vertex   2.302982e+01 -8.198382e+01 1.656758e+01
    endloop
  endfacet
  facet normal -3.711541e-01 -2.302431e-01 8.995736e-01
    outer loop
      vertex   2.301125e+01 -8.228728e+01 1.648225e+01
      vertex   2.302982e+01 -8.198382e+01 1.656758e+01
      vertex   2.271001e+01 -8.219583e+01 1.638137e+01
    endloop
  endfacet
  facet normal -3.370093e-01 -2.809089e-01 8.986183e-01
    outer loop
      vertex   2.271001e+01 -8.219583e+01 1.638137e+01
      vertex   2.302982e+01 -8.198382e+01 1.656758e+01
      vertex   2.287590e+01 -8.179916e+01 1.656758e+01
    endloop
  endfacet
  facet normal -5.636392e-01 -2.319323e-01 7.927915e-01
    outer loop
      vertex   2.314084e+01 -8.219930e+01 1.656758e+01
      vertex   2.340515e+01 -8.228728e+01 1.672975e+01
      vertex   2.345664e+01 -8.207835e+01 1.682749e+01
    endloop
  endfacet
  facet normal -6.986046e-01 -1.546066e-01 6.986046e-01
    outer loop
      vertex   2.345664e+01 -8.207835e+01 1.682749e+01
      vertex   2.340515e+01 -8.228728e+01 1.672975e+01
      vertex   2.373410e+01 -8.228728e+01 1.705870e+01
    endloop
  endfacet
  facet normal -7.203626e-01 -2.340760e-01 6.529059e-01
    outer loop
      vertex   2.345664e+01 -8.207835e+01 1.682749e+01
      vertex   2.373410e+01 -8.228728e+01 1.705870e+01
      vertex   2.371689e+01 -8.197868e+01 1.715036e+01
    endloop
  endfacet
  facet normal -8.294382e-01 -2.010312e-01 5.211706e-01
    outer loop
      vertex   2.371689e+01 -8.197868e+01 1.715036e+01
      vertex   2.373410e+01 -8.228728e+01 1.705870e+01
      vertex   2.398160e+01 -8.228728e+01 1.745260e+01
    endloop
  endfacet
  facet normal -8.393087e-01 -2.442311e-01 4.857078e-01
    outer loop
      vertex   2.371689e+01 -8.197868e+01 1.715036e+01
      vertex   2.398160e+01 -8.228728e+01 1.745260e+01
      vertex   2.391085e+01 -8.190440e+01 1.752287e+01
    endloop
  endfacet
  facet normal -9.188470e-01 -2.287928e-01 3.215185e-01
    outer loop
      vertex   2.391085e+01 -8.190440e+01 1.752287e+01
      vertex   2.398160e+01 -8.228728e+01 1.745260e+01
      vertex   2.413525e+01 -8.228728e+01 1.789170e+01
    endloop
  endfacet
  facet normal -9.205173e-01 -2.513532e-01 2.991146e-01
    outer loop
      vertex   2.391085e+01 -8.190440e+01 1.752287e+01
      vertex   2.413525e+01 -8.228728e+01 1.789170e+01
      vertex   2.403053e+01 -8.185857e+01 1.792967e+01
    endloop
  endfacet
  facet normal -9.634377e-01 -2.449572e-01 1.085534e-01
    outer loop
      vertex   2.403053e+01 -8.185857e+01 1.792967e+01
      vertex   2.413525e+01 -8.228728e+01 1.789170e+01
      vertex   2.418733e+01 -8.228728e+01 1.835398e+01
    endloop
  endfacet
  facet normal -9.624183e-01 -2.521127e-01 1.009468e-01
    outer loop
      vertex   2.403053e+01 -8.185857e+01 1.792967e+01
      vertex   2.418733e+01 -8.228728e+01 1.835398e+01
      vertex   2.407097e+01 -8.184308e+01 1.835398e+01
    endloop
  endfacet
  facet normal -8.846135e-01 -4.552677e-01 1.009468e-01
    outer loop
      vertex   2.407097e+01 -8.184308e+01 1.835398e+01
      vertex   2.386084e+01 -8.143479e+01 1.835398e+01
      vertex   2.403053e+01 -8.185857e+01 1.792967e+01
    endloop
  endfacet
  facet normal -8.845631e-01 -4.553442e-01 1.010433e-01
    outer loop
      vertex   2.403053e+01 -8.185857e+01 1.792967e+01
      vertex   2.386084e+01 -8.143479e+01 1.835398e+01
      vertex   2.382452e+01 -8.145838e+01 1.792967e+01
    endloop
  endfacet
  facet normal -8.484905e-01 -4.367752e-01 2.988165e-01
    outer loop
      vertex   2.403053e+01 -8.185857e+01 1.792967e+01
      vertex   2.382452e+01 -8.145838e+01 1.792967e+01
      vertex   2.391085e+01 -8.190440e+01 1.752287e+01
    endloop
  endfacet
  facet normal -8.484268e-01 -4.368406e-01 2.989018e-01
    outer loop
      vertex   2.391085e+01 -8.190440e+01 1.752287e+01
      vertex   2.382452e+01 -8.145838e+01 1.792967e+01
      vertex   2.371749e+01 -8.152886e+01 1.752287e+01
    endloop
  endfacet
  facet normal -7.776358e-01 -4.003916e-01 4.847361e-01
    outer loop
      vertex   2.391085e+01 -8.190440e+01 1.752287e+01
      vertex   2.371749e+01 -8.152886e+01 1.752287e+01
      vertex   2.371689e+01 -8.197868e+01 1.715036e+01
    endloop
  endfacet
  facet normal -7.775668e-01 -4.004461e-01 4.848018e-01
    outer loop
      vertex   2.371689e+01 -8.197868e+01 1.715036e+01
      vertex   2.371749e+01 -8.152886e+01 1.752287e+01
      vertex   2.354418e+01 -8.164332e+01 1.715036e+01
    endloop
  endfacet
  facet normal -6.747363e-01 -3.474884e-01 6.511395e-01
    outer loop
      vertex   2.371689e+01 -8.197868e+01 1.715036e+01
      vertex   2.354418e+01 -8.164332e+01 1.715036e+01
      vertex   2.345664e+01 -8.207835e+01 1.682749e+01
    endloop
  endfacet
  facet normal -6.746717e-01 -3.475333e-01 6.511825e-01
    outer loop
      vertex   2.345664e+01 -8.207835e+01 1.682749e+01
      vertex   2.354418e+01 -8.164332e+01 1.715036e+01
      vertex   2.331176e+01 -8.179708e+01 1.682749e+01
    endloop
  endfacet
  facet normal -5.437893e-01 -2.801139e-01 7.910938e-01
    outer loop
      vertex   2.345664e+01 -8.207835e+01 1.682749e+01
      vertex   2.331176e+01 -8.179708e+01 1.682749e+01
      vertex   2.314084e+01 -8.219930e+01 1.656758e+01
    endloop
  endfacet
  facet normal -5.437378e-01 -2.801503e-01 7.911163e-01
    outer loop
      vertex   2.314084e+01 -8.219930e+01 1.656758e+01
      vertex   2.331176e+01 -8.179708e+01 1.682749e+01
      vertex   2.302982e+01 -8.198382e+01 1.656758e+01
    endloop
  endfacet
  facet normal -7.645204e-01 -6.366613e-01 1.008513e-01
    outer loop
      vertex   2.386084e+01 -8.143479e+01 1.835398e+01
      vertex   2.356700e+01 -8.108193e+01 1.835398e+01
      vertex   2.382452e+01 -8.145838e+01 1.792967e+01
    endloop
  endfacet
  facet normal -7.644546e-01 -6.367250e-01 1.009478e-01
    outer loop
      vertex   2.382452e+01 -8.145838e+01 1.792967e+01
      vertex   2.356700e+01 -8.108193e+01 1.835398e+01
      vertex   2.353695e+01 -8.111312e+01 1.792967e+01
    endloop
  endfacet
  facet normal -7.332913e-01 -6.107687e-01 2.987397e-01
    outer loop
      vertex   2.382452e+01 -8.145838e+01 1.792967e+01
      vertex   2.353695e+01 -8.111312e+01 1.792967e+01
      vertex   2.371749e+01 -8.152886e+01 1.752287e+01
    endloop
  endfacet
  facet normal -7.332150e-01 -6.108188e-01 2.988247e-01
    outer loop
      vertex   2.371749e+01 -8.152886e+01 1.752287e+01
      vertex   2.353695e+01 -8.111312e+01 1.792967e+01
      vertex   2.344803e+01 -8.120540e+01 1.752287e+01
    endloop
  endfacet
  facet normal -6.720400e-01 -5.598558e-01 4.846893e-01
    outer loop
      vertex   2.371749e+01 -8.152886e+01 1.752287e+01
      vertex   2.344803e+01 -8.120540e+01 1.752287e+01
      vertex   2.354418e+01 -8.164332e+01 1.715036e+01
    endloop
  endfacet
  facet normal -6.719609e-01 -5.598941e-01 4.847548e-01
    outer loop
      vertex   2.354418e+01 -8.164332e+01 1.715036e+01
      vertex   2.344803e+01 -8.120540e+01 1.752287e+01
      vertex   2.330391e+01 -8.135496e+01 1.715036e+01
    endloop
  endfacet
  facet normal -5.830898e-01 -4.858445e-01 6.511233e-01
    outer loop
      vertex   2.354418e+01 -8.164332e+01 1.715036e+01
      vertex   2.330391e+01 -8.135496e+01 1.715036e+01
      vertex   2.331176e+01 -8.179708e+01 1.682749e+01
    endloop
  endfacet
  facet normal -5.830171e-01 -4.858744e-01 6.511660e-01
    outer loop
      vertex   2.331176e+01 -8.179708e+01 1.682749e+01
      vertex   2.330391e+01 -8.135496e+01 1.715036e+01
      vertex   2.311054e+01 -8.155564e+01 1.682749e+01
    endloop
  endfacet
  facet normal -4.699020e-01 -3.916065e-01 7.910983e-01
    outer loop
      vertex   2.331176e+01 -8.179708e+01 1.682749e+01
      vertex   2.311054e+01 -8.155564e+01 1.682749e+01
      vertex   2.302982e+01 -8.198382e+01 1.656758e+01
    endloop
  endfacet
  facet normal -4.698439e-01 -3.916310e-01 7.911206e-01
    outer loop
      vertex   2.302982e+01 -8.198382e+01 1.656758e+01
      vertex   2.311054e+01 -8.155564e+01 1.682749e+01
      vertex   2.287590e+01 -8.179916e+01 1.656758e+01
    endloop
  endfacet
  facet normal -6.078589e-01 -7.876023e-01 1.009468e-01
    outer loop
      vertex   2.353695e+01 -8.111312e+01 1.792967e+01
      vertex   2.356700e+01 -8.108193e+01 1.835398e+01
      vertex   2.318093e+01 -8.083835e+01 1.792967e+01
    endloop
  endfacet
  facet normal -6.078589e-01 -7.876023e-01 1.009468e-01
    outer loop
      vertex   2.318093e+01 -8.083835e+01 1.792967e+01
      vertex   2.356700e+01 -8.108193e+01 1.835398e+01
      vertex   2.320348e+01 -8.080137e+01 1.835398e+01
    endloop
  endfacet
  facet normal -4.221414e-01 -9.008920e-01 1.009468e-01
    outer loop
      vertex   2.318093e+01 -8.083835e+01 1.792967e+01
      vertex   2.320348e+01 -8.080137e+01 1.835398e+01
      vertex   2.277370e+01 -8.064753e+01 1.792967e+01
    endloop
  endfacet
  facet normal -4.221414e-01 -9.008920e-01 1.009468e-01
    outer loop
      vertex   2.277370e+01 -8.064753e+01 1.792967e+01
      vertex   2.320348e+01 -8.080137e+01 1.835398e+01
      vertex   2.278768e+01 -8.060654e+01 1.835398e+01
    endloop
  endfacet
  facet normal -2.162402e-01 -9.711076e-01 1.009468e-01
    outer loop
      vertex   2.277370e+01 -8.064753e+01 1.792967e+01
      vertex   2.278768e+01 -8.060654e+01 1.835398e+01
      vertex   2.233473e+01 -8.054978e+01 1.792967e+01
    endloop
  endfacet
  facet normal -2.162402e-01 -9.711076e-01 1.009468e-01
    outer loop
      vertex   2.233473e+01 -8.054978e+01 1.792967e+01
      vertex   2.278768e+01 -8.060654e+01 1.835398e+01
      vertex   2.233947e+01 -8.050673e+01 1.835398e+01
    endloop
  endfacet
  facet normal 0.000000e+00 -9.948918e-01 1.009468e-01
    outer loop
      vertex   2.233473e+01 -8.054978e+01 1.792967e+01
      vertex   2.233947e+01 -8.050673e+01 1.835398e+01
      vertex   2.188502e+01 -8.054978e+01 1.792967e+01
    endloop
  endfacet
  facet normal 0.000000e+00 -9.948918e-01 1.009468e-01
    outer loop
      vertex   2.188502e+01 -8.054978e+01 1.792967e+01
      vertex   2.233947e+01 -8.050673e+01 1.835398e+01
      vertex   2.188028e+01 -8.050673e+01 1.835398e+01
    endloop
  endfacet
  facet normal 2.162402e-01 -9.711076e-01 1.009468e-01
    outer loop
      vertex   2.188502e+01 -8.054978e+01 1.792967e+01
      vertex   2.188028e+01 -8.050673e+01 1.835398e+01
      vertex   2.144605e+01 -8.064753e+01 1.792967e+01
    endloop
  endfacet
  facet normal 2.162402e-01 -9.711076e-01 1.009468e-01
    outer loop
      vertex   2.144605e+01 -8.064753e+01 1.792967e+01
      vertex   2.188028e+01 -8.050673e+01 1.835398e+01
      vertex   2.143207e+01 -8.060654e+01 1.835398e+01
    endloop
  endfacet
  facet normal 4.221414e-01 -9.008920e-01 1.009468e-01
    outer loop
      vertex   2.144605e+01 -8.064753e+01 1.792967e+01
      vertex   2.143207e+01 -8.060654e+01 1.835398e+01
      vertex   2.103882e+01 -8.083835e+01 1.792967e+01
    endloop
  endfacet
  facet normal 4.221414e-01 -9.008920e-01 1.009468e-01
    outer loop
      vertex   2.103882e+01 -8.083835e+01 1.792967e+01
      vertex   2.143207e+01 -8.060654e+01 1.835398e+01
      vertex   2.101627e+01 -8.080137e+01 1.835398e+01
    endloop
  endfacet
  facet normal 6.078589e-01 -7.876023e-01 1.009468e-01
    outer loop
      vertex   2.103882e+01 -8.083835e+01 1.792967e+01
      vertex   2.101627e+01 -8.080137e+01 1.835398e+01
      vertex   2.068280e+01 -8.111312e+01 1.792967e+01
    endloop
  endfacet
  facet normal 6.078589e-01 -7.876023e-01 1.009468e-01
    outer loop
      vertex   2.068280e+01 -8.111312e+01 1.792967e+01
      vertex   2.101627e+01 -8.080137e+01 1.835398e+01
      vertex   2.065275e+01 -8.108193e+01 1.835398e+01
    endloop
  endfacet
  facet normal 7.644546e-01 -6.367250e-01 1.009478e-01
    outer loop
      vertex   2.068280e+01 -8.111312e+01 1.792967e+01
      vertex   2.065275e+01 -8.108193e+01 1.835398e+01
      vertex   2.039523e+01 -8.145838e+01 1.792967e+01
    endloop
  endfacet
  facet normal 7.645204e-01 -6.366613e-01 1.008513e-01
    outer loop
      vertex   2.039523e+01 -8.145838e+01 1.792967e+01
      vertex   2.065275e+01 -8.108193e+01 1.835398e+01
      vertex   2.035891e+01 -8.143479e+01 1.835398e+01
    endloop
  endfacet
  facet normal 8.845631e-01 -4.553442e-01 1.010433e-01
    outer loop
      vertex   2.039523e+01 -8.145838e+01 1.792967e+01
      vertex   2.035891e+01 -8.143479e+01 1.835398e+01
      vertex   2.018922e+01 -8.185857e+01 1.792967e+01
    endloop
  endfacet
  facet normal 8.846135e-01 -4.552677e-01 1.009468e-01
    outer loop
      vertex   2.018922e+01 -8.185857e+01 1.792967e+01
      vertex   2.035891e+01 -8.143479e+01 1.835398e+01
      vertex   2.014878e+01 -8.184308e+01 1.835398e+01
    endloop
  endfacet
  facet normal -9.040587e-02 -1.929352e-01 9.770378e-01
    outer loop
      vertex   2.234236e+01 -8.191241e+01 1.638137e+01
      vertex   2.257215e+01 -8.228728e+01 1.632860e+01
      vertex   2.248497e+01 -8.197924e+01 1.638137e+01
    endloop
  endfacet
  facet normal -1.630057e-01 -2.112063e-01 9.637536e-01
    outer loop
      vertex   2.248497e+01 -8.197924e+01 1.638137e+01
      vertex   2.257215e+01 -8.228728e+01 1.632860e+01
      vertex   2.260966e+01 -8.207547e+01 1.638137e+01
    endloop
  endfacet
  facet normal 5.437893e-01 -2.801139e-01 7.910938e-01
    outer loop
      vertex   2.076311e+01 -8.207835e+01 1.682749e+01
      vertex   2.107891e+01 -8.219930e+01 1.656758e+01
      vertex   2.090799e+01 -8.179708e+01 1.682749e+01
    endloop
  endfacet
  facet normal 5.437378e-01 -2.801503e-01 7.911163e-01
    outer loop
      vertex   2.090799e+01 -8.179708e+01 1.682749e+01
      vertex   2.107891e+01 -8.219930e+01 1.656758e+01
      vertex   2.118993e+01 -8.198382e+01 1.656758e+01
    endloop
  endfacet
  facet normal 4.699020e-01 -3.916065e-01 7.910983e-01
    outer loop
      vertex   2.090799e+01 -8.179708e+01 1.682749e+01
      vertex   2.118993e+01 -8.198382e+01 1.656758e+01
      vertex   2.110921e+01 -8.155564e+01 1.682749e+01
    endloop
  endfacet
  facet normal 4.698439e-01 -3.916310e-01 7.911206e-01
    outer loop
      vertex   2.110921e+01 -8.155564e+01 1.682749e+01
      vertex   2.118993e+01 -8.198382e+01 1.656758e+01
      vertex   2.134385e+01 -8.179916e+01 1.656758e+01
    endloop
  endfacet
  facet normal 3.737238e-01 -4.842336e-01 7.911057e-01
    outer loop
      vertex   2.110921e+01 -8.155564e+01 1.682749e+01
      vertex   2.134385e+01 -8.179916e+01 1.656758e+01
      vertex   2.135885e+01 -8.136297e+01 1.682749e+01
    endloop
  endfacet
  facet normal 3.737238e-01 -4.842336e-01 7.911057e-01
    outer loop
      vertex   2.135885e+01 -8.136297e+01 1.682749e+01
      vertex   2.134385e+01 -8.179916e+01 1.656758e+01
      vertex   2.153495e+01 -8.165167e+01 1.656758e+01
    endloop
  endfacet
  facet normal 2.595410e-01 -5.538864e-01 7.911057e-01
    outer loop
      vertex   2.135885e+01 -8.136297e+01 1.682749e+01
      vertex   2.153495e+01 -8.165167e+01 1.656758e+01
      vertex   2.164440e+01 -8.122917e+01 1.682749e+01
    endloop
  endfacet
  facet normal 2.595410e-01 -5.538864e-01 7.911057e-01
    outer loop
      vertex   2.164440e+01 -8.122917e+01 1.682749e+01
      vertex   2.153495e+01 -8.165167e+01 1.656758e+01
      vertex   2.175355e+01 -8.154924e+01 1.656758e+01
    endloop
  endfacet
  facet normal 1.329488e-01 -5.970564e-01 7.911057e-01
    outer loop
      vertex   2.164440e+01 -8.122917e+01 1.682749e+01
      vertex   2.175355e+01 -8.154924e+01 1.656758e+01
      vertex   2.195220e+01 -8.116063e+01 1.682749e+01
    endloop
  endfacet
  facet normal 1.329488e-01 -5.970564e-01 7.911057e-01
    outer loop
      vertex   2.195220e+01 -8.116063e+01 1.682749e+01
      vertex   2.175355e+01 -8.154924e+01 1.656758e+01
      vertex   2.198917e+01 -8.149677e+01 1.656758e+01
    endloop
  endfacet
  facet normal 0.000000e+00 -6.116794e-01 7.911057e-01
    outer loop
      vertex   2.195220e+01 -8.116063e+01 1.682749e+01
      vertex   2.198917e+01 -8.149677e+01 1.656758e+01
      vertex   2.226755e+01 -8.116063e+01 1.682749e+01
    endloop
  endfacet
  facet normal 0.000000e+00 -6.116794e-01 7.911057e-01
    outer loop
      vertex   2.226755e+01 -8.116063e+01 1.682749e+01
      vertex   2.198917e+01 -8.149677e+01 1.656758e+01
      vertex   2.223058e+01 -8.149677e+01 1.656758e+01
    endloop
  endfacet
  facet normal -1.329488e-01 -5.970564e-01 7.911057e-01
    outer loop
      vertex   2.226755e+01 -8.116063e+01 1.682749e+01
      vertex   2.223058e+01 -8.149677e+01 1.656758e+01
      vertex   2.257535e+01 -8.122917e+01 1.682749e+01
    endloop
  endfacet
  facet normal -1.329488e-01 -5.970564e-01 7.911057e-01
    outer loop
      vertex   2.257535e+01 -8.122917e+01 1.682749e+01
      vertex   2.223058e+01 -8.149677e+01 1.656758e+01
      vertex   2.246620e+01 -8.154924e+01 1.656758e+01
    endloop
  endfacet
  facet normal -2.595410e-01 -5.538864e-01 7.911057e-01
    outer loop
      vertex   2.257535e+01 -8.122917e+01 1.682749e+01
      vertex   2.246620e+01 -8.154924e+01 1.656758e+01
      vertex   2.286090e+01 -8.136297e+01 1.682749e+01
    endloop
  endfacet
  facet normal -2.595410e-01 -5.538864e-01 7.911057e-01
    outer loop
      vertex   2.286090e+01 -8.136297e+01 1.682749e+01
      vertex   2.246620e+01 -8.154924e+01 1.656758e+01
      vertex   2.268480e+01 -8.165167e+01 1.656758e+01
    endloop
  endfacet
  facet normal -3.737238e-01 -4.842336e-01 7.911057e-01
    outer loop
      vertex   2.286090e+01 -8.136297e+01 1.682749e+01
      vertex   2.268480e+01 -8.165167e+01 1.656758e+01
      vertex   2.311054e+01 -8.155564e+01 1.682749e+01
    endloop
  endfacet
  facet normal -3.737238e-01 -4.842336e-01 7.911057e-01
    outer loop
      vertex   2.311054e+01 -8.155564e+01 1.682749e+01
      vertex   2.268480e+01 -8.165167e+01 1.656758e+01
      vertex   2.287590e+01 -8.179916e+01 1.656758e+01
    endloop
  endfacet
  facet normal 6.747363e-01 -3.474884e-01 6.511395e-01
    outer loop
      vertex   2.050286e+01 -8.197868e+01 1.715036e+01
      vertex   2.076311e+01 -8.207835e+01 1.682749e+01
      vertex   2.067557e+01 -8.164332e+01 1.715036e+01
    endloop
  endfacet
  facet normal 6.746717e-01 -3.475333e-01 6.511825e-01
    outer loop
      vertex   2.067557e+01 -8.164332e+01 1.715036e+01
      vertex   2.076311e+01 -8.207835e+01 1.682749e+01
      vertex   2.090799e+01 -8.179708e+01 1.682749e+01
    endloop
  endfacet
  facet normal 5.830898e-01 -4.858445e-01 6.511233e-01
    outer loop
      vertex   2.067557e+01 -8.164332e+01 1.715036e+01
      vertex   2.090799e+01 -8.179708e+01 1.682749e+01
      vertex   2.091584e+01 -8.135496e+01 1.715036e+01
    endloop
  endfacet
  facet normal 5.830171e-01 -4.858744e-01 6.511660e-01
    outer loop
      vertex   2.091584e+01 -8.135496e+01 1.715036e+01
      vertex   2.090799e+01 -8.179708e+01 1.682749e+01
      vertex   2.110921e+01 -8.155564e+01 1.682749e+01
    endloop
  endfacet
  facet normal 4.637021e-01 -6.008185e-01 6.511509e-01
    outer loop
      vertex   2.091584e+01 -8.135496e+01 1.715036e+01
      vertex   2.110921e+01 -8.155564e+01 1.682749e+01
      vertex   2.121372e+01 -8.112506e+01 1.715036e+01
    endloop
  endfacet
  facet normal 4.637021e-01 -6.008185e-01 6.511509e-01
    outer loop
      vertex   2.121372e+01 -8.112506e+01 1.715036e+01
      vertex   2.110921e+01 -8.155564e+01 1.682749e+01
      vertex   2.135885e+01 -8.136297e+01 1.682749e+01
    endloop
  endfacet
  facet normal 3.220285e-01 -6.872410e-01 6.511509e-01
    outer loop
      vertex   2.121372e+01 -8.112506e+01 1.715036e+01
      vertex   2.135885e+01 -8.136297e+01 1.682749e+01
      vertex   2.155445e+01 -8.096540e+01 1.715036e+01
    endloop
  endfacet
  facet normal 3.220285e-01 -6.872410e-01 6.511509e-01
    outer loop
      vertex   2.155445e+01 -8.096540e+01 1.715036e+01
      vertex   2.135885e+01 -8.136297e+01 1.682749e+01
      vertex   2.164440e+01 -8.122917e+01 1.682749e+01
    endloop
  endfacet
  facet normal 1.649578e-01 -7.408046e-01 6.511509e-01
    outer loop
      vertex   2.155445e+01 -8.096540e+01 1.715036e+01
      vertex   2.164440e+01 -8.122917e+01 1.682749e+01
      vertex   2.192173e+01 -8.088362e+01 1.715036e+01
    endloop
  endfacet
  facet normal 1.649578e-01 -7.408046e-01 6.511509e-01
    outer loop
      vertex   2.192173e+01 -8.088362e+01 1.715036e+01
      vertex   2.164440e+01 -8.122917e+01 1.682749e+01
      vertex   2.195220e+01 -8.116063e+01 1.682749e+01
    endloop
  endfacet
  facet normal 0.000000e+00 -7.589483e-01 6.511509e-01
    outer loop
      vertex   2.192173e+01 -8.088362e+01 1.715036e+01
      vertex   2.195220e+01 -8.116063e+01 1.682749e+01
      vertex   2.229802e+01 -8.088362e+01 1.715036e+01
    endloop
  endfacet
  facet normal 0.000000e+00 -7.589483e-01 6.511509e-01
    outer loop
      vertex   2.229802e+01 -8.088362e+01 1.715036e+01
      vertex   2.195220e+01 -8.116063e+01 1.682749e+01
      vertex   2.226755e+01 -8.116063e+01 1.682749e+01
    endloop
  endfacet
  facet normal -1.649578e-01 -7.408046e-01 6.511509e-01
    outer loop
      vertex   2.229802e+01 -8.088362e+01 1.715036e+01
      vertex   2.226755e+01 -8.116063e+01 1.682749e+01
      vertex   2.266530e+01 -8.096540e+01 1.715036e+01
    endloop
  endfacet
  facet normal -1.649578e-01 -7.408046e-01 6.511509e-01
    outer loop
      vertex   2.266530e+01 -8.096540e+01 1.715036e+01
      vertex   2.226755e+01 -8.116063e+01 1.682749e+01
      vertex   2.257535e+01 -8.122917e+01 1.682749e+01
    endloop
  endfacet
  facet normal -3.220285e-01 -6.872410e-01 6.511509e-01
    outer loop
      vertex   2.266530e+01 -8.096540e+01 1.715036e+01
      vertex   2.257535e+01 -8.122917e+01 1.682749e+01
      vertex   2.300603e+01 -8.112506e+01 1.715036e+01
    endloop
  endfacet
  facet normal -3.220285e-01 -6.872410e-01 6.511509e-01
    outer loop
      vertex   2.300603e+01 -8.112506e+01 1.715036e+01
      vertex   2.257535e+01 -8.122917e+01 1.682749e+01
      vertex   2.286090e+01 -8.136297e+01 1.682749e+01
    endloop
  endfacet
  facet normal -4.637021e-01 -6.008185e-01 6.511509e-01
    outer loop
      vertex   2.300603e+01 -8.112506e+01 1.715036e+01
      vertex   2.286090e+01 -8.136297e+01 1.682749e+01
      vertex   2.330391e+01 -8.135496e+01 1.715036e+01
    endloop
  endfacet
  facet normal -4.637021e-01 -6.008185e-01 6.511509e-01
    outer loop
      vertex   2.330391e+01 -8.135496e+01 1.715036e+01
      vertex   2.286090e+01 -8.136297e+01 1.682749e+01
      vertex   2.311054e+01 -8.155564e+01 1.682749e+01
    endloop
  endfacet
  facet normal 8.484905e-01 -4.367752e-01 2.988165e-01
    outer loop
      vertex   2.039523e+01 -8.145838e+01 1.792967e+01
      vertex   2.018922e+01 -8.185857e+01 1.792967e+01
      vertex   2.030890e+01 -8.190440e+01 1.752287e+01
    endloop
  endfacet
  facet normal 7.776358e-01 -4.003916e-01 4.847361e-01
    outer loop
      vertex   2.030890e+01 -8.190440e+01 1.752287e+01
      vertex   2.050286e+01 -8.197868e+01 1.715036e+01
      vertex   2.050226e+01 -8.152886e+01 1.752287e+01
    endloop
  endfacet
  facet normal 7.775668e-01 -4.004461e-01 4.848018e-01
    outer loop
      vertex   2.050226e+01 -8.152886e+01 1.752287e+01
      vertex   2.050286e+01 -8.197868e+01 1.715036e+01
      vertex   2.067557e+01 -8.164332e+01 1.715036e+01
    endloop
  endfacet
  facet normal 6.720400e-01 -5.598558e-01 4.846893e-01
    outer loop
      vertex   2.050226e+01 -8.152886e+01 1.752287e+01
      vertex   2.067557e+01 -8.164332e+01 1.715036e+01
      vertex   2.077172e+01 -8.120540e+01 1.752287e+01
    endloop
  endfacet
  facet normal 6.719609e-01 -5.598941e-01 4.847548e-01
    outer loop
      vertex   2.077172e+01 -8.120540e+01 1.752287e+01
      vertex   2.067557e+01 -8.164332e+01 1.715036e+01
      vertex   2.091584e+01 -8.135496e+01 1.715036e+01
    endloop
  endfacet
  facet normal 5.343974e-01 -6.924183e-01 4.847436e-01
    outer loop
      vertex   2.077172e+01 -8.120540e+01 1.752287e+01
      vertex   2.091584e+01 -8.135496e+01 1.715036e+01
      vertex   2.110556e+01 -8.094775e+01 1.752287e+01
    endloop
  endfacet
  facet normal 5.343974e-01 -6.924183e-01 4.847436e-01
    outer loop
      vertex   2.110556e+01 -8.094775e+01 1.752287e+01
      vertex   2.091584e+01 -8.135496e+01 1.715036e+01
      vertex   2.121372e+01 -8.112506e+01 1.715036e+01
    endloop
  endfacet
  facet normal 3.711244e-01 -7.920166e-01 4.847436e-01
    outer loop
      vertex   2.110556e+01 -8.094775e+01 1.752287e+01
      vertex   2.121372e+01 -8.112506e+01 1.715036e+01
      vertex   2.148741e+01 -8.076882e+01 1.752287e+01
    endloop
  endfacet
  facet normal 3.711244e-01 -7.920166e-01 4.847436e-01
    outer loop
      vertex   2.148741e+01 -8.076882e+01 1.752287e+01
      vertex   2.121372e+01 -8.112506e+01 1.715036e+01
      vertex   2.155445e+01 -8.096540e+01 1.715036e+01
    endloop
  endfacet
  facet normal 1.901070e-01 -8.537465e-01 4.847436e-01
    outer loop
      vertex   2.148741e+01 -8.076882e+01 1.752287e+01
      vertex   2.155445e+01 -8.096540e+01 1.715036e+01
      vertex   2.189903e+01 -8.067716e+01 1.752287e+01
    endloop
  endfacet
  facet normal 1.901070e-01 -8.537465e-01 4.847436e-01
    outer loop
      vertex   2.189903e+01 -8.067716e+01 1.752287e+01
      vertex   2.155445e+01 -8.096540e+01 1.715036e+01
      vertex   2.192173e+01 -8.088362e+01 1.715036e+01
    endloop
  endfacet
  facet normal 0.000000e+00 -8.746563e-01 4.847436e-01
    outer loop
      vertex   2.189903e+01 -8.067716e+01 1.752287e+01
      vertex   2.192173e+01 -8.088362e+01 1.715036e+01
      vertex   2.232072e+01 -8.067716e+01 1.752287e+01
    endloop
  endfacet
  facet normal 0.000000e+00 -8.746563e-01 4.847436e-01
    outer loop
      vertex   2.232072e+01 -8.067716e+01 1.752287e+01
      vertex   2.192173e+01 -8.088362e+01 1.715036e+01
      vertex   2.229802e+01 -8.088362e+01 1.715036e+01
    endloop
  endfacet
  facet normal -1.901070e-01 -8.537465e-01 4.847436e-01
    outer loop
      vertex   2.232072e+01 -8.067716e+01 1.752287e+01
      vertex   2.229802e+01 -8.088362e+01 1.715036e+01
      vertex   2.273234e+01 -8.076882e+01 1.752287e+01
    endloop
  endfacet
  facet normal -1.901070e-01 -8.537465e-01 4.847436e-01
    outer loop
      vertex   2.273234e+01 -8.076882e+01 1.752287e+01
      vertex   2.229802e+01 -8.088362e+01 1.715036e+01
      vertex   2.266530e+01 -8.096540e+01 1.715036e+01
    endloop
  endfacet
  facet normal -3.711244e-01 -7.920166e-01 4.847436e-01
    outer loop
      vertex   2.273234e+01 -8.076882e+01 1.752287e+01
      vertex   2.266530e+01 -8.096540e+01 1.715036e+01
      vertex   2.311419e+01 -8.094775e+01 1.752287e+01
    endloop
  endfacet
  facet normal -3.711244e-01 -7.920166e-01 4.847436e-01
    outer loop
      vertex   2.311419e+01 -8.094775e+01 1.752287e+01
      vertex   2.266530e+01 -8.096540e+01 1.715036e+01
      vertex   2.300603e+01 -8.112506e+01 1.715036e+01
    endloop
  endfacet
  facet normal -5.343974e-01 -6.924183e-01 4.847436e-01
    outer loop
      vertex   2.311419e+01 -8.094775e+01 1.752287e+01
      vertex   2.300603e+01 -8.112506e+01 1.715036e+01
      vertex   2.344803e+01 -8.120540e+01 1.752287e+01
    endloop
  endfacet
  facet normal -5.343974e-01 -6.924183e-01 4.847436e-01
    outer loop
      vertex   2.344803e+01 -8.120540e+01 1.752287e+01
      vertex   2.300603e+01 -8.112506e+01 1.715036e+01
      vertex   2.330391e+01 -8.135496e+01 1.715036e+01
    endloop
  endfacet
  facet normal 7.332150e-01 -6.108188e-01 2.988247e-01
    outer loop
      vertex   2.077172e+01 -8.120540e+01 1.752287e+01
      vertex   2.068280e+01 -8.111312e+01 1.792967e+01
      vertex   2.050226e+01 -8.152886e+01 1.752287e+01
    endloop
  endfacet
  facet normal 7.332913e-01 -6.107687e-01 2.987397e-01
    outer loop
      vertex   2.050226e+01 -8.152886e+01 1.752287e+01
      vertex   2.068280e+01 -8.111312e+01 1.792967e+01
      vertex   2.039523e+01 -8.145838e+01 1.792967e+01
    endloop
  endfacet
  facet normal 8.484268e-01 -4.368406e-01 2.989018e-01
    outer loop
      vertex   2.050226e+01 -8.152886e+01 1.752287e+01
      vertex   2.039523e+01 -8.145838e+01 1.792967e+01
      vertex   2.030890e+01 -8.190440e+01 1.752287e+01
    endloop
  endfacet
  facet normal 5.830640e-01 -7.554756e-01 2.988193e-01
    outer loop
      vertex   2.068280e+01 -8.111312e+01 1.792967e+01
      vertex   2.077172e+01 -8.120540e+01 1.752287e+01
      vertex   2.103882e+01 -8.083835e+01 1.792967e+01
    endloop
  endfacet
  facet normal 5.830640e-01 -7.554756e-01 2.988193e-01
    outer loop
      vertex   2.103882e+01 -8.083835e+01 1.792967e+01
      vertex   2.077172e+01 -8.120540e+01 1.752287e+01
      vertex   2.110556e+01 -8.094775e+01 1.752287e+01
    endloop
  endfacet
  facet normal 4.049221e-01 -8.641442e-01 2.988193e-01
    outer loop
      vertex   2.103882e+01 -8.083835e+01 1.792967e+01
      vertex   2.110556e+01 -8.094775e+01 1.752287e+01
      vertex   2.144605e+01 -8.064753e+01 1.792967e+01
    endloop
  endfacet
  facet normal 4.049221e-01 -8.641442e-01 2.988193e-01
    outer loop
      vertex   2.144605e+01 -8.064753e+01 1.792967e+01
      vertex   2.110556e+01 -8.094775e+01 1.752287e+01
      vertex   2.148741e+01 -8.076882e+01 1.752287e+01
    endloop
  endfacet
  facet normal 2.074197e-01 -9.314956e-01 2.988193e-01
    outer loop
      vertex   2.144605e+01 -8.064753e+01 1.792967e+01
      vertex   2.148741e+01 -8.076882e+01 1.752287e+01
      vertex   2.188502e+01 -8.054978e+01 1.792967e+01
    endloop
  endfacet
  facet normal 2.074197e-01 -9.314956e-01 2.988193e-01
    outer loop
      vertex   2.188502e+01 -8.054978e+01 1.792967e+01
      vertex   2.148741e+01 -8.076882e+01 1.752287e+01
      vertex   2.189903e+01 -8.067716e+01 1.752287e+01
    endloop
  endfacet
  facet normal 0.000000e+00 -9.543097e-01 2.988193e-01
    outer loop
      vertex   2.188502e+01 -8.054978e+01 1.792967e+01
      vertex   2.189903e+01 -8.067716e+01 1.752287e+01
      vertex   2.233473e+01 -8.054978e+01 1.792967e+01
    endloop
  endfacet
  facet normal 0.000000e+00 -9.543097e-01 2.988193e-01
    outer loop
      vertex   2.233473e+01 -8.054978e+01 1.792967e+01
      vertex   2.189903e+01 -8.067716e+01 1.752287e+01
      vertex   2.232072e+01 -8.067716e+01 1.752287e+01
    endloop
  endfacet
  facet normal -2.074197e-01 -9.314956e-01 2.988193e-01
    outer loop
      vertex   2.233473e+01 -8.054978e+01 1.792967e+01
      vertex   2.232072e+01 -8.067716e+01 1.752287e+01
      vertex   2.277370e+01 -8.064753e+01 1.792967e+01
    endloop
  endfacet
  facet normal -2.074197e-01 -9.314956e-01 2.988193e-01
    outer loop
      vertex   2.277370e+01 -8.064753e+01 1.792967e+01
      vertex   2.232072e+01 -8.067716e+01 1.752287e+01
      vertex   2.273234e+01 -8.076882e+01 1.752287e+01
    endloop
  endfacet
  facet normal -4.049221e-01 -8.641442e-01 2.988193e-01
    outer loop
      vertex   2.277370e+01 -8.064753e+01 1.792967e+01
      vertex   2.273234e+01 -8.076882e+01 1.752287e+01
      vertex   2.318093e+01 -8.083835e+01 1.792967e+01
    endloop
  endfacet
  facet normal -4.049221e-01 -8.641442e-01 2.988193e-01
    outer loop
      vertex   2.318093e+01 -8.083835e+01 1.792967e+01
      vertex   2.273234e+01 -8.076882e+01 1.752287e+01
      vertex   2.311419e+01 -8.094775e+01 1.752287e+01
    endloop
  endfacet
  facet normal -5.830640e-01 -7.554756e-01 2.988193e-01
    outer loop
      vertex   2.318093e+01 -8.083835e+01 1.792967e+01
      vertex   2.311419e+01 -8.094775e+01 1.752287e+01
      vertex   2.353695e+01 -8.111312e+01 1.792967e+01
    endloop
  endfacet
  facet normal -5.830640e-01 -7.554756e-01 2.988193e-01
    outer loop
      vertex   2.353695e+01 -8.111312e+01 1.792967e+01
      vertex   2.311419e+01 -8.094775e+01 1.752287e+01
      vertex   2.344803e+01 -8.120540e+01 1.752287e+01
    endloop
  endfacet
  facet normal 1.891303e-10 1.000000e+00 -3.294779e-11
    outer loop
      vertex   9.269764e+01 -5.339815e+01 1.812536e+01
      vertex   9.265664e+01 -5.339815e+01 1.789001e+01
      vertex   9.271199e+01 -5.339815e+01 1.835398e+01
    endloop
  endfacet
  facet normal -9.515105e-01 2.859031e-01 1.135220e-01
    outer loop
      vertex   9.271199e+01 -5.339815e+01 1.835398e+01
      vertex   9.265664e+01 -5.339815e+01 1.789001e+01
      vertex   9.256502e+01 -5.388728e+01 1.835398e+01
    endloop
  endfacet
  facet normal -9.523155e-01 2.840484e-01 1.114077e-01
    outer loop
      vertex   9.256502e+01 -5.388728e+01 1.835398e+01
      vertex   9.265664e+01 -5.339815e+01 1.789001e+01
      vertex   9.251633e+01 -5.386725e+01 1.788668e+01
    endloop
  endfacet
  facet normal -8.774707e-01 4.665067e-01 1.114298e-01
    outer loop
      vertex   9.256502e+01 -5.388728e+01 1.835398e+01
      vertex   9.251633e+01 -5.386725e+01 1.788668e+01
      vertex   9.232527e+01 -5.433825e+01 1.835398e+01
    endloop
  endfacet
  facet normal -8.774707e-01 4.665067e-01 1.114298e-01
    outer loop
      vertex   9.232527e+01 -5.433825e+01 1.835398e+01
      vertex   9.251633e+01 -5.386725e+01 1.788668e+01
      vertex   9.228143e+01 -5.430909e+01 1.788668e+01
    endloop
  endfacet
  facet normal -7.693446e-01 6.290407e-01 1.114298e-01
    outer loop
      vertex   9.232527e+01 -5.433825e+01 1.835398e+01
      vertex   9.228143e+01 -5.430909e+01 1.788668e+01
      vertex   9.200198e+01 -5.473364e+01 1.835398e+01
    endloop
  endfacet
  facet normal -7.693446e-01 6.290407e-01 1.114298e-01
    outer loop
      vertex   9.200198e+01 -5.473364e+01 1.835398e+01
      vertex   9.228143e+01 -5.430909e+01 1.788668e+01
      vertex   9.196469e+01 -5.469647e+01 1.788668e+01
    endloop
  endfacet
  facet normal -6.315313e-01 7.673015e-01 1.114298e-01
    outer loop
      vertex   9.200198e+01 -5.473364e+01 1.835398e+01
      vertex   9.196469e+01 -5.469647e+01 1.788668e+01
      vertex   9.160763e+01 -5.505821e+01 1.835398e+01
    endloop
  endfacet
  facet normal -6.315313e-01 7.673015e-01 1.114298e-01
    outer loop
      vertex   9.160763e+01 -5.505821e+01 1.835398e+01
      vertex   9.196469e+01 -5.469647e+01 1.788668e+01
      vertex   9.157833e+01 -5.501447e+01 1.788668e+01
    endloop
  endfacet
  facet normal -4.693486e-01 8.759539e-01 1.114298e-01
    outer loop
      vertex   9.160763e+01 -5.505821e+01 1.835398e+01
      vertex   9.157833e+01 -5.501447e+01 1.788668e+01
      vertex   9.115745e+01 -5.529943e+01 1.835398e+01
    endloop
  endfacet
  facet normal -4.693486e-01 8.759539e-01 1.114298e-01
    outer loop
      vertex   9.115745e+01 -5.529943e+01 1.835398e+01
      vertex   9.157833e+01 -5.501447e+01 1.788668e+01
      vertex   9.113726e+01 -5.525080e+01 1.788668e+01
    endloop
  endfacet
  facet normal -2.890548e-01 9.508053e-01 1.114298e-01
    outer loop
      vertex   9.115745e+01 -5.529943e+01 1.835398e+01
      vertex   9.113726e+01 -5.525080e+01 1.788668e+01
      vertex   9.066879e+01 -5.544798e+01 1.835398e+01
    endloop
  endfacet
  facet normal -2.890548e-01 9.508053e-01 1.114298e-01
    outer loop
      vertex   9.066879e+01 -5.544798e+01 1.835398e+01
      vertex   9.113726e+01 -5.525080e+01 1.788668e+01
      vertex   9.065850e+01 -5.539635e+01 1.788668e+01
    endloop
  endfacet
  facet normal -9.760708e-02 9.889673e-01 1.114298e-01
    outer loop
      vertex   9.066879e+01 -5.544798e+01 1.835398e+01
      vertex   9.065850e+01 -5.539635e+01 1.788668e+01
      vertex   9.016052e+01 -5.549815e+01 1.835398e+01
    endloop
  endfacet
  facet normal -9.760708e-02 9.889673e-01 1.114298e-01
    outer loop
      vertex   9.016052e+01 -5.549815e+01 1.835398e+01
      vertex   9.065850e+01 -5.539635e+01 1.788668e+01
      vertex   9.016052e+01 -5.544550e+01 1.788668e+01
    endloop
  endfacet
  facet normal 9.760708e-02 9.889673e-01 1.114298e-01
    outer loop
      vertex   9.016052e+01 -5.549815e+01 1.835398e+01
      vertex   9.016052e+01 -5.544550e+01 1.788668e+01
      vertex   8.965225e+01 -5.544798e+01 1.835398e+01
    endloop
  endfacet
  facet normal 9.760708e-02 9.889673e-01 1.114298e-01
    outer loop
      vertex   8.965225e+01 -5.544798e+01 1.835398e+01
      vertex   9.016052e+01 -5.544550e+01 1.788668e+01
      vertex   8.966255e+01 -5.539635e+01 1.788668e+01
    endloop
  endfacet
  facet normal 2.890548e-01 9.508053e-01 1.114298e-01
    outer loop
      vertex   8.965225e+01 -5.544798e+01 1.835398e+01
      vertex   8.966255e+01 -5.539635e+01 1.788668e+01
      vertex   8.916360e+01 -5.529943e+01 1.835398e+01
    endloop
  endfacet
  facet normal 2.890548e-01 9.508053e-01 1.114298e-01
    outer loop
      vertex   8.916360e+01 -5.529943e+01 1.835398e+01
      vertex   8.966255e+01 -5.539635e+01 1.788668e+01
      vertex   8.918379e+01 -5.525080e+01 1.788668e+01
    endloop
  endfacet
  facet normal 4.693486e-01 8.759539e-01 1.114298e-01
    outer loop
      vertex   8.916360e+01 -5.529943e+01 1.835398e+01
      vertex   8.918379e+01 -5.525080e+01 1.788668e+01
      vertex   8.871341e+01 -5.505821e+01 1.835398e+01
    endloop
  endfacet
  facet normal 4.693486e-01 8.759539e-01 1.114298e-01
    outer loop
      vertex   8.871341e+01 -5.505821e+01 1.835398e+01
      vertex   8.918379e+01 -5.525080e+01 1.788668e+01
      vertex   8.874272e+01 -5.501447e+01 1.788668e+01
    endloop
  endfacet
  facet normal 6.315313e-01 7.673015e-01 1.114298e-01
    outer loop
      vertex   8.871341e+01 -5.505821e+01 1.835398e+01
      vertex   8.874272e+01 -5.501447e+01 1.788668e+01
      vertex   8.831907e+01 -5.473364e+01 1.835398e+01
    endloop
  endfacet
  facet normal 6.315313e-01 7.673015e-01 1.114298e-01
    outer loop
      vertex   8.831907e+01 -5.473364e+01 1.835398e+01
      vertex   8.874272e+01 -5.501447e+01 1.788668e+01
      vertex   8.835636e+01 -5.469647e+01 1.788668e+01
    endloop
  endfacet
  facet normal 7.693446e-01 6.290407e-01 1.114298e-01
    outer loop
      vertex   8.831907e+01 -5.473364e+01 1.835398e+01
      vertex   8.835636e+01 -5.469647e+01 1.788668e+01
      vertex   8.799578e+01 -5.433825e+01 1.835398e+01
    endloop
  endfacet
  facet normal 7.693446e-01 6.290407e-01 1.114298e-01
    outer loop
      vertex   8.799578e+01 -5.433825e+01 1.835398e+01
      vertex   8.835636e+01 -5.469647e+01 1.788668e+01
      vertex   8.803962e+01 -5.430909e+01 1.788668e+01
    endloop
  endfacet
  facet normal 8.774707e-01 4.665067e-01 1.114298e-01
    outer loop
      vertex   8.799578e+01 -5.433825e+01 1.835398e+01
      vertex   8.803962e+01 -5.430909e+01 1.788668e+01
      vertex   8.775602e+01 -5.388728e+01 1.835398e+01
    endloop
  endfacet
  facet normal 8.774707e-01 4.665067e-01 1.114298e-01
    outer loop
      vertex   8.775602e+01 -5.388728e+01 1.835398e+01
      vertex   8.803962e+01 -5.430909e+01 1.788668e+01
      vertex   8.780472e+01 -5.386725e+01 1.788668e+01
    endloop
  endfacet
  facet normal 9.447071e-01 3.083207e-01 1.116553e-01
    outer loop
      vertex   8.775602e+01 -5.388728e+01 1.835398e+01
      vertex   8.780472e+01 -5.386725e+01 1.788668e+01
      vertex   8.762341e+01 -5.339815e+01 1.812536e+01
    endloop
  endfacet
  facet normal 9.453029e-01 2.815733e-01 1.646782e-01
    outer loop
      vertex   8.762341e+01 -5.339815e+01 1.812536e+01
      vertex   8.780472e+01 -5.386725e+01 1.788668e+01
      vertex   8.766441e+01 -5.339815e+01 1.789001e+01
    endloop
  endfacet
  facet normal 9.248162e-01 2.747480e-01 2.631132e-01
    outer loop
      vertex   8.766441e+01 -5.339815e+01 1.789001e+01
      vertex   8.780472e+01 -5.386725e+01 1.788668e+01
      vertex   8.772895e+01 -5.339815e+01 1.766313e+01
    endloop
  endfacet
  facet normal 8.946363e-01 3.015849e-01 3.296550e-01
    outer loop
      vertex   8.772895e+01 -5.339815e+01 1.766313e+01
      vertex   8.780472e+01 -5.386725e+01 1.788668e+01
      vertex   8.794835e+01 -5.380817e+01 1.744282e+01
    endloop
  endfacet
  facet normal 8.869886e-01 2.754792e-01 3.706244e-01
    outer loop
      vertex   8.772895e+01 -5.339815e+01 1.766313e+01
      vertex   8.794835e+01 -5.380817e+01 1.744282e+01
      vertex   8.781571e+01 -5.339815e+01 1.745550e+01
    endloop
  endfacet
  facet normal 8.164224e-01 2.479872e-01 5.214947e-01
    outer loop
      vertex   8.781571e+01 -5.339815e+01 1.745550e+01
      vertex   8.794835e+01 -5.380817e+01 1.744282e+01
      vertex   8.807067e+01 -5.339815e+01 1.705636e+01
    endloop
  endfacet
  facet normal 8.066944e-01 2.597039e-01 5.308466e-01
    outer loop
      vertex   8.807067e+01 -5.339815e+01 1.705636e+01
      vertex   8.794835e+01 -5.380817e+01 1.744282e+01
      vertex   8.817973e+01 -5.371298e+01 1.704465e+01
    endloop
  endfacet
  facet normal 7.268350e-01 2.276837e-01 6.479746e-01
    outer loop
      vertex   8.807067e+01 -5.339815e+01 1.705636e+01
      vertex   8.817973e+01 -5.371298e+01 1.704465e+01
      vertex   8.822406e+01 -5.339815e+01 1.688429e+01
    endloop
  endfacet
  facet normal 6.543482e-01 2.680094e-01 7.071064e-01
    outer loop
      vertex   8.822406e+01 -5.339815e+01 1.688429e+01
      vertex   8.817973e+01 -5.371298e+01 1.704465e+01
      vertex   8.848724e+01 -5.358648e+01 1.671213e+01
    endloop
  endfacet
  facet normal 6.414551e-01 2.263012e-01 7.330233e-01
    outer loop
      vertex   8.822406e+01 -5.339815e+01 1.688429e+01
      vertex   8.848724e+01 -5.358648e+01 1.671213e+01
      vertex   8.839578e+01 -5.339815e+01 1.673403e+01
    endloop
  endfacet
  facet normal 5.240345e-01 1.571782e-01 8.370680e-01
    outer loop
      vertex   8.839578e+01 -5.339815e+01 1.673403e+01
      vertex   8.848724e+01 -5.358648e+01 1.671213e+01
      vertex   8.879756e+01 -5.339815e+01 1.648250e+01
    endloop
  endfacet
  facet normal 4.664265e-01 2.617167e-01 8.449560e-01
    outer loop
      vertex   8.879756e+01 -5.339815e+01 1.648250e+01
      vertex   8.848724e+01 -5.358648e+01 1.671213e+01
      vertex   8.885548e+01 -5.343500e+01 1.646194e+01
    endloop
  endfacet
  facet normal 3.343993e-01 -1.172375e-04 9.424315e-01
    outer loop
      vertex   8.879756e+01 -5.339815e+01 1.648250e+01
      vertex   8.885548e+01 -5.343500e+01 1.646194e+01
      vertex   8.922587e+01 -5.339815e+01 1.633052e+01
    endloop
  endfacet
  facet normal 3.148372e-01 1.673830e-01 9.342700e-01
    outer loop
      vertex   8.922587e+01 -5.339815e+01 1.633052e+01
      vertex   8.885548e+01 -5.343500e+01 1.646194e+01
      vertex   8.898560e+01 -5.367977e+01 1.646194e+01
    endloop
  endfacet
  facet normal 2.392249e-01 2.354896e-01 9.419746e-01
    outer loop
      vertex   8.922587e+01 -5.339815e+01 1.633052e+01
      vertex   8.898560e+01 -5.367977e+01 1.646194e+01
      vertex   8.935516e+01 -5.343392e+01 1.630663e+01
    endloop
  endfacet
  facet normal 2.567967e-01 2.099652e-01 9.433823e-01
    outer loop
      vertex   8.935516e+01 -5.343392e+01 1.630663e+01
      vertex   8.898560e+01 -5.367977e+01 1.646194e+01
      vertex   8.947543e+01 -5.358102e+01 1.630663e+01
    endloop
  endfacet
  facet normal 1.187059e-01 9.705772e-02 9.881744e-01
    outer loop
      vertex   8.935516e+01 -5.343392e+01 1.630663e+01
      vertex   8.947543e+01 -5.358102e+01 1.630663e+01
      vertex   8.969695e+01 -5.339815e+01 1.626206e+01
    endloop
  endfacet
  facet normal 9.922164e-02 1.205529e-01 9.877358e-01
    outer loop
      vertex   8.969695e+01 -5.339815e+01 1.626206e+01
      vertex   8.947543e+01 -5.358102e+01 1.630663e+01
      vertex   8.962215e+01 -5.370177e+01 1.630663e+01
    endloop
  endfacet
  facet normal 6.874442e-02 1.282990e-01 9.893501e-01
    outer loop
      vertex   8.969695e+01 -5.339815e+01 1.626206e+01
      vertex   8.962215e+01 -5.370177e+01 1.630663e+01
      vertex   8.978963e+01 -5.379151e+01 1.630663e+01
    endloop
  endfacet
  facet normal 1.566621e-01 2.923814e-01 9.433823e-01
    outer loop
      vertex   8.978963e+01 -5.379151e+01 1.630663e+01
      vertex   8.962215e+01 -5.370177e+01 1.630663e+01
      vertex   8.937510e+01 -5.407053e+01 1.646194e+01
    endloop
  endfacet
  facet normal 1.566621e-01 2.923814e-01 9.433823e-01
    outer loop
      vertex   8.978963e+01 -5.379151e+01 1.630663e+01
      vertex   8.937510e+01 -5.407053e+01 1.646194e+01
      vertex   8.961944e+01 -5.420145e+01 1.646194e+01
    endloop
  endfacet
  facet normal 2.521468e-01 4.705863e-01 8.455593e-01
    outer loop
      vertex   8.961944e+01 -5.420145e+01 1.646194e+01
      vertex   8.937510e+01 -5.407053e+01 1.646194e+01
      vertex   8.915348e+01 -5.440133e+01 1.671213e+01
    endloop
  endfacet
  facet normal 2.521468e-01 4.705863e-01 8.455593e-01
    outer loop
      vertex   8.961944e+01 -5.420145e+01 1.646194e+01
      vertex   8.915348e+01 -5.440133e+01 1.671213e+01
      vertex   8.946677e+01 -5.456919e+01 1.671213e+01
    endloop
  endfacet
  facet normal 3.347677e-01 6.247832e-01 7.053911e-01
    outer loop
      vertex   8.946677e+01 -5.456919e+01 1.671213e+01
      vertex   8.915348e+01 -5.440133e+01 1.671213e+01
      vertex   8.896841e+01 -5.467758e+01 1.704465e+01
    endloop
  endfacet
  facet normal 3.347677e-01 6.247832e-01 7.053911e-01
    outer loop
      vertex   8.946677e+01 -5.456919e+01 1.671213e+01
      vertex   8.896841e+01 -5.467758e+01 1.704465e+01
      vertex   8.933927e+01 -5.487629e+01 1.704465e+01
    endloop
  endfacet
  facet normal 4.004464e-01 7.473605e-01 5.301840e-01
    outer loop
      vertex   8.933927e+01 -5.487629e+01 1.704465e+01
      vertex   8.896841e+01 -5.467758e+01 1.704465e+01
      vertex   8.882916e+01 -5.488544e+01 1.744282e+01
    endloop
  endfacet
  facet normal 4.004464e-01 7.473605e-01 5.301840e-01
    outer loop
      vertex   8.933927e+01 -5.487629e+01 1.704465e+01
      vertex   8.882916e+01 -5.488544e+01 1.744282e+01
      vertex   8.924334e+01 -5.510736e+01 1.744282e+01
    endloop
  endfacet
  facet normal 4.460213e-01 8.324177e-01 3.288552e-01
    outer loop
      vertex   8.924334e+01 -5.510736e+01 1.744282e+01
      vertex   8.882916e+01 -5.488544e+01 1.744282e+01
      vertex   8.874272e+01 -5.501447e+01 1.788668e+01
    endloop
  endfacet
  facet normal 4.460213e-01 8.324177e-01 3.288552e-01
    outer loop
      vertex   8.924334e+01 -5.510736e+01 1.744282e+01
      vertex   8.874272e+01 -5.501447e+01 1.788668e+01
      vertex   8.918379e+01 -5.525080e+01 1.788668e+01
    endloop
  endfacet
  facet normal 0.000000e+00 1.000000e+00 -0.000000e+00
    outer loop
      vertex   9.259209e+01 -5.339815e+01 1.766313e+01
      vertex   9.250533e+01 -5.339815e+01 1.745550e+01
      vertex   9.265664e+01 -5.339815e+01 1.789001e+01
    endloop
  endfacet
  facet normal -9.093733e-01 2.697495e-01 3.166630e-01
    outer loop
      vertex   9.265664e+01 -5.339815e+01 1.789001e+01
      vertex   9.250533e+01 -5.339815e+01 1.745550e+01
      vertex   9.251633e+01 -5.386725e+01 1.788668e+01
    endloop
  endfacet
  facet normal -9.013698e-01 2.814137e-01 3.291488e-01
    outer loop
      vertex   9.251633e+01 -5.386725e+01 1.788668e+01
      vertex   9.250533e+01 -5.339815e+01 1.745550e+01
      vertex   9.237269e+01 -5.380817e+01 1.744282e+01
    endloop
  endfacet
  facet normal -8.164224e-01 2.479872e-01 5.214947e-01
    outer loop
      vertex   9.237269e+01 -5.380817e+01 1.744282e+01
      vertex   9.250533e+01 -5.339815e+01 1.745550e+01
      vertex   9.225038e+01 -5.339815e+01 1.705636e+01
    endloop
  endfacet
  facet normal -8.066944e-01 2.597039e-01 5.308466e-01
    outer loop
      vertex   9.237269e+01 -5.380817e+01 1.744282e+01
      vertex   9.225038e+01 -5.339815e+01 1.705636e+01
      vertex   9.214132e+01 -5.371298e+01 1.704465e+01
    endloop
  endfacet
  facet normal -7.268350e-01 2.276837e-01 6.479746e-01
    outer loop
      vertex   9.214132e+01 -5.371298e+01 1.704465e+01
      vertex   9.225038e+01 -5.339815e+01 1.705636e+01
      vertex   9.209698e+01 -5.339815e+01 1.688429e+01
    endloop
  endfacet
  facet normal -6.543482e-01 2.680094e-01 7.071064e-01
    outer loop
      vertex   9.214132e+01 -5.371298e+01 1.704465e+01
      vertex   9.209698e+01 -5.339815e+01 1.688429e+01
      vertex   9.183380e+01 -5.358648e+01 1.671213e+01
    endloop
  endfacet
  facet normal -6.414551e-01 2.263012e-01 7.330233e-01
    outer loop
      vertex   9.183380e+01 -5.358648e+01 1.671213e+01
      vertex   9.209698e+01 -5.339815e+01 1.688429e+01
      vertex   9.192527e+01 -5.339815e+01 1.673403e+01
    endloop
  endfacet
  facet normal -5.240345e-01 1.571782e-01 8.370680e-01
    outer loop
      vertex   9.183380e+01 -5.358648e+01 1.671213e+01
      vertex   9.192527e+01 -5.339815e+01 1.673403e+01
      vertex   9.152348e+01 -5.339815e+01 1.648250e+01
    endloop
  endfacet
  facet normal -4.664265e-01 2.617167e-01 8.449560e-01
    outer loop
      vertex   9.183380e+01 -5.358648e+01 1.671213e+01
      vertex   9.152348e+01 -5.339815e+01 1.648250e+01
      vertex   9.146557e+01 -5.343500e+01 1.646194e+01
    endloop
  endfacet
  facet normal -3.343993e-01 -1.172375e-04 9.424315e-01
    outer loop
      vertex   9.146557e+01 -5.343500e+01 1.646194e+01
      vertex   9.152348e+01 -5.339815e+01 1.648250e+01
      vertex   9.109517e+01 -5.339815e+01 1.633052e+01
    endloop
  endfacet
  facet normal -3.148372e-01 1.673830e-01 9.342700e-01
    outer loop
      vertex   9.146557e+01 -5.343500e+01 1.646194e+01
      vertex   9.109517e+01 -5.339815e+01 1.633052e+01
      vertex   9.133544e+01 -5.367977e+01 1.646194e+01
    endloop
  endfacet
  facet normal -2.392249e-01 2.354896e-01 9.419746e-01
    outer loop
      vertex   9.133544e+01 -5.367977e+01 1.646194e+01
      vertex   9.109517e+01 -5.339815e+01 1.633052e+01
      vertex   9.096588e+01 -5.343392e+01 1.630663e+01
    endloop
  endfacet
  facet normal -2.567967e-01 2.099652e-01 9.433823e-01
    outer loop
      vertex   9.133544e+01 -5.367977e+01 1.646194e+01
      vertex   9.096588e+01 -5.343392e+01 1.630663e+01
      vertex   9.115998e+01 -5.389437e+01 1.646194e+01
    endloop
  endfacet
  facet normal -2.567967e-01 2.099652e-01 9.433823e-01
    outer loop
      vertex   9.115998e+01 -5.389437e+01 1.646194e+01
      vertex   9.096588e+01 -5.343392e+01 1.630663e+01
      vertex   9.084561e+01 -5.358102e+01 1.630663e+01
    endloop
  endfacet
  facet normal -2.107965e-01 2.561147e-01 9.433823e-01
    outer loop
      vertex   9.115998e+01 -5.389437e+01 1.646194e+01
      vertex   9.084561e+01 -5.358102e+01 1.630663e+01
      vertex   9.094594e+01 -5.407053e+01 1.646194e+01
    endloop
  endfacet
  facet normal -2.107965e-01 2.561147e-01 9.433823e-01
    outer loop
      vertex   9.094594e+01 -5.407053e+01 1.646194e+01
      vertex   9.084561e+01 -5.358102e+01 1.630663e+01
      vertex   9.069890e+01 -5.370177e+01 1.630663e+01
    endloop
  endfacet
  facet normal -1.566621e-01 2.923814e-01 9.433823e-01
    outer loop
      vertex   9.094594e+01 -5.407053e+01 1.646194e+01
      vertex   9.069890e+01 -5.370177e+01 1.630663e+01
      vertex   9.070160e+01 -5.420145e+01 1.646194e+01
    endloop
  endfacet
  facet normal -1.566621e-01 2.923814e-01 9.433823e-01
    outer loop
      vertex   9.070160e+01 -5.420145e+01 1.646194e+01
      vertex   9.069890e+01 -5.370177e+01 1.630663e+01
      vertex   9.053141e+01 -5.379151e+01 1.630663e+01
    endloop
  endfacet
  facet normal -9.648254e-02 3.173658e-01 9.433823e-01
    outer loop
      vertex   9.070160e+01 -5.420145e+01 1.646194e+01
      vertex   9.053141e+01 -5.379151e+01 1.630663e+01
      vertex   9.043639e+01 -5.428208e+01 1.646194e+01
    endloop
  endfacet
  facet normal -9.648254e-02 3.173658e-01 9.433823e-01
    outer loop
      vertex   9.043639e+01 -5.428208e+01 1.646194e+01
      vertex   9.053141e+01 -5.379151e+01 1.630663e+01
      vertex   9.034962e+01 -5.384678e+01 1.630663e+01
    endloop
  endfacet
  facet normal -3.257991e-02 3.301037e-01 9.433823e-01
    outer loop
      vertex   9.043639e+01 -5.428208e+01 1.646194e+01
      vertex   9.034962e+01 -5.384678e+01 1.630663e+01
      vertex   9.016052e+01 -5.430930e+01 1.646194e+01
    endloop
  endfacet
  facet normal -3.257991e-02 3.301037e-01 9.433823e-01
    outer loop
      vertex   9.016052e+01 -5.430930e+01 1.646194e+01
      vertex   9.034962e+01 -5.384678e+01 1.630663e+01
      vertex   9.016052e+01 -5.386544e+01 1.630663e+01
    endloop
  endfacet
  facet normal 3.257991e-02 3.301037e-01 9.433823e-01
    outer loop
      vertex   9.016052e+01 -5.430930e+01 1.646194e+01
      vertex   9.016052e+01 -5.386544e+01 1.630663e+01
      vertex   8.988466e+01 -5.428208e+01 1.646194e+01
    endloop
  endfacet
  facet normal 3.257991e-02 3.301037e-01 9.433823e-01
    outer loop
      vertex   8.988466e+01 -5.428208e+01 1.646194e+01
      vertex   9.016052e+01 -5.386544e+01 1.630663e+01
      vertex   8.997143e+01 -5.384678e+01 1.630663e+01
    endloop
  endfacet
  facet normal 9.648254e-02 3.173658e-01 9.433823e-01
    outer loop
      vertex   8.988466e+01 -5.428208e+01 1.646194e+01
      vertex   8.997143e+01 -5.384678e+01 1.630663e+01
      vertex   8.961944e+01 -5.420145e+01 1.646194e+01
    endloop
  endfacet
  facet normal 9.648254e-02 3.173658e-01 9.433823e-01
    outer loop
      vertex   8.961944e+01 -5.420145e+01 1.646194e+01
      vertex   8.997143e+01 -5.384678e+01 1.630663e+01
      vertex   8.978963e+01 -5.379151e+01 1.630663e+01
    endloop
  endfacet
  facet normal -1.424097e-01 -1.397674e-01 9.798901e-01
    outer loop
      vertex   9.109517e+01 -5.339815e+01 1.633052e+01
      vertex   9.062409e+01 -5.339815e+01 1.626206e+01
      vertex   9.096588e+01 -5.343392e+01 1.630663e+01
    endloop
  endfacet
  facet normal -1.187059e-01 9.705772e-02 9.881744e-01
    outer loop
      vertex   9.096588e+01 -5.343392e+01 1.630663e+01
      vertex   9.062409e+01 -5.339815e+01 1.626206e+01
      vertex   9.084561e+01 -5.358102e+01 1.630663e+01
    endloop
  endfacet
  facet normal -1.730787e-02 1.165971e-01 9.930285e-01
    outer loop
      vertex   9.016052e+01 -5.339815e+01 1.625398e+01
      vertex   9.053141e+01 -5.379151e+01 1.630663e+01
      vertex   9.062409e+01 -5.339815e+01 1.626206e+01
    endloop
  endfacet
  facet normal -6.874442e-02 1.282990e-01 9.893501e-01
    outer loop
      vertex   9.062409e+01 -5.339815e+01 1.626206e+01
      vertex   9.053141e+01 -5.379151e+01 1.630663e+01
      vertex   9.069890e+01 -5.370177e+01 1.630663e+01
    endloop
  endfacet
  facet normal -9.922164e-02 1.205529e-01 9.877358e-01
    outer loop
      vertex   9.062409e+01 -5.339815e+01 1.626206e+01
      vertex   9.069890e+01 -5.370177e+01 1.630663e+01
      vertex   9.084561e+01 -5.358102e+01 1.630663e+01
    endloop
  endfacet
  facet normal 1.732226e-02 1.093376e-01 9.938537e-01
    outer loop
      vertex   8.969695e+01 -5.339815e+01 1.626206e+01
      vertex   8.997143e+01 -5.384678e+01 1.630663e+01
      vertex   9.016052e+01 -5.339815e+01 1.625398e+01
    endloop
  endfacet
  facet normal 1.104977e-02 1.119576e-01 9.936515e-01
    outer loop
      vertex   9.016052e+01 -5.339815e+01 1.625398e+01
      vertex   8.997143e+01 -5.384678e+01 1.630663e+01
      vertex   9.016052e+01 -5.386544e+01 1.630663e+01
    endloop
  endfacet
  facet normal -1.104977e-02 1.119576e-01 9.936515e-01
    outer loop
      vertex   9.016052e+01 -5.339815e+01 1.625398e+01
      vertex   9.016052e+01 -5.386544e+01 1.630663e+01
      vertex   9.034962e+01 -5.384678e+01 1.630663e+01
    endloop
  endfacet
  facet normal 1.424097e-01 -1.397674e-01 9.798901e-01
    outer loop
      vertex   8.969695e+01 -5.339815e+01 1.626206e+01
      vertex   8.922587e+01 -5.339815e+01 1.633052e+01
      vertex   8.935516e+01 -5.343392e+01 1.630663e+01
    endloop
  endfacet
  facet normal 9.559747e-01 2.872444e-01 6.002573e-02
    outer loop
      vertex   8.762341e+01 -5.339815e+01 1.812536e+01
      vertex   8.760905e+01 -5.339815e+01 1.835398e+01
      vertex   8.775602e+01 -5.388728e+01 1.835398e+01
    endloop
  endfacet
  facet normal -3.144088e-02 1.034204e-01 9.941407e-01
    outer loop
      vertex   9.053141e+01 -5.379151e+01 1.630663e+01
      vertex   9.016052e+01 -5.339815e+01 1.625398e+01
      vertex   9.034962e+01 -5.384678e+01 1.630663e+01
    endloop
  endfacet
  facet normal 3.680661e-02 1.210702e-01 9.919613e-01
    outer loop
      vertex   8.997143e+01 -5.384678e+01 1.630663e+01
      vertex   8.969695e+01 -5.339815e+01 1.626206e+01
      vertex   8.978963e+01 -5.379151e+01 1.630663e+01
    endloop
  endfacet
  facet normal -4.714012e-01 2.506201e-01 8.455593e-01
    outer loop
      vertex   9.183380e+01 -5.358648e+01 1.671213e+01
      vertex   9.146557e+01 -5.343500e+01 1.646194e+01
      vertex   9.166696e+01 -5.390031e+01 1.671213e+01
    endloop
  endfacet
  facet normal -4.714012e-01 2.506201e-01 8.455593e-01
    outer loop
      vertex   9.166696e+01 -5.390031e+01 1.671213e+01
      vertex   9.146557e+01 -5.343500e+01 1.646194e+01
      vertex   9.133544e+01 -5.367977e+01 1.646194e+01
    endloop
  endfacet
  facet normal -4.133129e-01 3.379378e-01 8.455593e-01
    outer loop
      vertex   9.166696e+01 -5.390031e+01 1.671213e+01
      vertex   9.133544e+01 -5.367977e+01 1.646194e+01
      vertex   9.144198e+01 -5.417546e+01 1.671213e+01
    endloop
  endfacet
  facet normal -4.133129e-01 3.379378e-01 8.455593e-01
    outer loop
      vertex   9.144198e+01 -5.417546e+01 1.671213e+01
      vertex   9.133544e+01 -5.367977e+01 1.646194e+01
      vertex   9.115998e+01 -5.389437e+01 1.646194e+01
    endloop
  endfacet
  facet normal -3.392758e-01 4.122153e-01 8.455593e-01
    outer loop
      vertex   9.144198e+01 -5.417546e+01 1.671213e+01
      vertex   9.115998e+01 -5.389437e+01 1.646194e+01
      vertex   9.116756e+01 -5.440133e+01 1.671213e+01
    endloop
  endfacet
  facet normal -3.392758e-01 4.122153e-01 8.455593e-01
    outer loop
      vertex   9.116756e+01 -5.440133e+01 1.671213e+01
      vertex   9.115998e+01 -5.389437e+01 1.646194e+01
      vertex   9.094594e+01 -5.407053e+01 1.646194e+01
    endloop
  endfacet
  facet normal -2.521468e-01 4.705863e-01 8.455593e-01
    outer loop
      vertex   9.116756e+01 -5.440133e+01 1.671213e+01
      vertex   9.094594e+01 -5.407053e+01 1.646194e+01
      vertex   9.085428e+01 -5.456919e+01 1.671213e+01
    endloop
  endfacet
  facet normal -2.521468e-01 4.705863e-01 8.455593e-01
    outer loop
      vertex   9.085428e+01 -5.456919e+01 1.671213e+01
      vertex   9.094594e+01 -5.407053e+01 1.646194e+01
      vertex   9.070160e+01 -5.420145e+01 1.646194e+01
    endloop
  endfacet
  facet normal -1.552881e-01 5.107985e-01 8.455593e-01
    outer loop
      vertex   9.085428e+01 -5.456919e+01 1.671213e+01
      vertex   9.070160e+01 -5.420145e+01 1.646194e+01
      vertex   9.051422e+01 -5.467257e+01 1.671213e+01
    endloop
  endfacet
  facet normal -1.552881e-01 5.107985e-01 8.455593e-01
    outer loop
      vertex   9.051422e+01 -5.467257e+01 1.671213e+01
      vertex   9.070160e+01 -5.420145e+01 1.646194e+01
      vertex   9.043639e+01 -5.428208e+01 1.646194e+01
    endloop
  endfacet
  facet normal -5.243718e-02 5.313001e-01 8.455593e-01
    outer loop
      vertex   9.051422e+01 -5.467257e+01 1.671213e+01
      vertex   9.043639e+01 -5.428208e+01 1.646194e+01
      vertex   9.016052e+01 -5.470748e+01 1.671213e+01
    endloop
  endfacet
  facet normal -5.243718e-02 5.313001e-01 8.455593e-01
    outer loop
      vertex   9.016052e+01 -5.470748e+01 1.671213e+01
      vertex   9.043639e+01 -5.428208e+01 1.646194e+01
      vertex   9.016052e+01 -5.430930e+01 1.646194e+01
    endloop
  endfacet
  facet normal 5.243718e-02 5.313001e-01 8.455593e-01
    outer loop
      vertex   9.016052e+01 -5.470748e+01 1.671213e+01
      vertex   9.016052e+01 -5.430930e+01 1.646194e+01
      vertex   8.980682e+01 -5.467257e+01 1.671213e+01
    endloop
  endfacet
  facet normal 5.243718e-02 5.313001e-01 8.455593e-01
    outer loop
      vertex   8.980682e+01 -5.467257e+01 1.671213e+01
      vertex   9.016052e+01 -5.430930e+01 1.646194e+01
      vertex   8.988466e+01 -5.428208e+01 1.646194e+01
    endloop
  endfacet
  facet normal 1.552881e-01 5.107985e-01 8.455593e-01
    outer loop
      vertex   8.980682e+01 -5.467257e+01 1.671213e+01
      vertex   8.988466e+01 -5.428208e+01 1.646194e+01
      vertex   8.946677e+01 -5.456919e+01 1.671213e+01
    endloop
  endfacet
  facet normal 1.552881e-01 5.107985e-01 8.455593e-01
    outer loop
      vertex   8.946677e+01 -5.456919e+01 1.671213e+01
      vertex   8.988466e+01 -5.428208e+01 1.646194e+01
      vertex   8.961944e+01 -5.420145e+01 1.646194e+01
    endloop
  endfacet
  facet normal -6.258650e-01 3.327407e-01 7.053911e-01
    outer loop
      vertex   9.214132e+01 -5.371298e+01 1.704465e+01
      vertex   9.183380e+01 -5.358648e+01 1.671213e+01
      vertex   9.194381e+01 -5.408448e+01 1.704465e+01
    endloop
  endfacet
  facet normal -6.258650e-01 3.327407e-01 7.053911e-01
    outer loop
      vertex   9.194381e+01 -5.408448e+01 1.704465e+01
      vertex   9.183380e+01 -5.358648e+01 1.671213e+01
      vertex   9.166696e+01 -5.390031e+01 1.671213e+01
    endloop
  endfacet
  facet normal -5.487430e-01 4.486698e-01 7.053911e-01
    outer loop
      vertex   9.194381e+01 -5.408448e+01 1.704465e+01
      vertex   9.166696e+01 -5.390031e+01 1.671213e+01
      vertex   9.167749e+01 -5.441021e+01 1.704465e+01
    endloop
  endfacet
  facet normal -5.487430e-01 4.486698e-01 7.053911e-01
    outer loop
      vertex   9.167749e+01 -5.441021e+01 1.704465e+01
      vertex   9.166696e+01 -5.390031e+01 1.671213e+01
      vertex   9.144198e+01 -5.417546e+01 1.671213e+01
    endloop
  endfacet
  facet normal -4.504462e-01 5.472857e-01 7.053911e-01
    outer loop
      vertex   9.167749e+01 -5.441021e+01 1.704465e+01
      vertex   9.144198e+01 -5.417546e+01 1.671213e+01
      vertex   9.135263e+01 -5.467758e+01 1.704465e+01
    endloop
  endfacet
  facet normal -4.504462e-01 5.472857e-01 7.053911e-01
    outer loop
      vertex   9.135263e+01 -5.467758e+01 1.704465e+01
      vertex   9.144198e+01 -5.417546e+01 1.671213e+01
      vertex   9.116756e+01 -5.440133e+01 1.671213e+01
    endloop
  endfacet
  facet normal -3.347677e-01 6.247832e-01 7.053911e-01
    outer loop
      vertex   9.135263e+01 -5.467758e+01 1.704465e+01
      vertex   9.116756e+01 -5.440133e+01 1.671213e+01
      vertex   9.098177e+01 -5.487629e+01 1.704465e+01
    endloop
  endfacet
  facet normal -3.347677e-01 6.247832e-01 7.053911e-01
    outer loop
      vertex   9.098177e+01 -5.487629e+01 1.704465e+01
      vertex   9.116756e+01 -5.440133e+01 1.671213e+01
      vertex   9.085428e+01 -5.456919e+01 1.671213e+01
    endloop
  endfacet
  facet normal -2.061713e-01 6.781717e-01 7.053911e-01
    outer loop
      vertex   9.098177e+01 -5.487629e+01 1.704465e+01
      vertex   9.085428e+01 -5.456919e+01 1.671213e+01
      vertex   9.057923e+01 -5.499867e+01 1.704465e+01
    endloop
  endfacet
  facet normal -2.061713e-01 6.781717e-01 7.053911e-01
    outer loop
      vertex   9.057923e+01 -5.499867e+01 1.704465e+01
      vertex   9.085428e+01 -5.456919e+01 1.671213e+01
      vertex   9.051422e+01 -5.467257e+01 1.671213e+01
    endloop
  endfacet
  facet normal -6.961926e-02 7.053911e-01 7.053911e-01
    outer loop
      vertex   9.057923e+01 -5.499867e+01 1.704465e+01
      vertex   9.051422e+01 -5.467257e+01 1.671213e+01
      vertex   9.016052e+01 -5.503999e+01 1.704465e+01
    endloop
  endfacet
  facet normal -6.961926e-02 7.053911e-01 7.053911e-01
    outer loop
      vertex   9.016052e+01 -5.503999e+01 1.704465e+01
      vertex   9.051422e+01 -5.467257e+01 1.671213e+01
      vertex   9.016052e+01 -5.470748e+01 1.671213e+01
    endloop
  endfacet
  facet normal 6.961926e-02 7.053911e-01 7.053911e-01
    outer loop
      vertex   9.016052e+01 -5.503999e+01 1.704465e+01
      vertex   9.016052e+01 -5.470748e+01 1.671213e+01
      vertex   8.974182e+01 -5.499867e+01 1.704465e+01
    endloop
  endfacet
  facet normal 6.961926e-02 7.053911e-01 7.053911e-01
    outer loop
      vertex   8.974182e+01 -5.499867e+01 1.704465e+01
      vertex   9.016052e+01 -5.470748e+01 1.671213e+01
      vertex   8.980682e+01 -5.467257e+01 1.671213e+01
    endloop
  endfacet
  facet normal 2.061713e-01 6.781717e-01 7.053911e-01
    outer loop
      vertex   8.974182e+01 -5.499867e+01 1.704465e+01
      vertex   8.980682e+01 -5.467257e+01 1.671213e+01
      vertex   8.933927e+01 -5.487629e+01 1.704465e+01
    endloop
  endfacet
  facet normal 2.061713e-01 6.781717e-01 7.053911e-01
    outer loop
      vertex   8.933927e+01 -5.487629e+01 1.704465e+01
      vertex   8.980682e+01 -5.467257e+01 1.671213e+01
      vertex   8.946677e+01 -5.456919e+01 1.671213e+01
    endloop
  endfacet
  facet normal -8.338592e-01 4.433206e-01 3.288552e-01
    outer loop
      vertex   9.228143e+01 -5.430909e+01 1.788668e+01
      vertex   9.251633e+01 -5.386725e+01 1.788668e+01
      vertex   9.237269e+01 -5.380817e+01 1.744282e+01
    endloop
  endfacet
  facet normal -7.486546e-01 3.980217e-01 5.301840e-01
    outer loop
      vertex   9.237269e+01 -5.380817e+01 1.744282e+01
      vertex   9.214132e+01 -5.371298e+01 1.704465e+01
      vertex   9.215211e+01 -5.422306e+01 1.744282e+01
    endloop
  endfacet
  facet normal -7.486546e-01 3.980217e-01 5.301840e-01
    outer loop
      vertex   9.215211e+01 -5.422306e+01 1.744282e+01
      vertex   9.214132e+01 -5.371298e+01 1.704465e+01
      vertex   9.194381e+01 -5.408448e+01 1.704465e+01
    endloop
  endfacet
  facet normal -6.564018e-01 5.366951e-01 5.301840e-01
    outer loop
      vertex   9.215211e+01 -5.422306e+01 1.744282e+01
      vertex   9.194381e+01 -5.408448e+01 1.704465e+01
      vertex   9.185469e+01 -5.458683e+01 1.744282e+01
    endloop
  endfacet
  facet normal -6.564018e-01 5.366951e-01 5.301840e-01
    outer loop
      vertex   9.185469e+01 -5.458683e+01 1.744282e+01
      vertex   9.194381e+01 -5.408448e+01 1.704465e+01
      vertex   9.167749e+01 -5.441021e+01 1.704465e+01
    endloop
  endfacet
  facet normal -5.388200e-01 6.546586e-01 5.301840e-01
    outer loop
      vertex   9.185469e+01 -5.458683e+01 1.744282e+01
      vertex   9.167749e+01 -5.441021e+01 1.704465e+01
      vertex   9.149188e+01 -5.488544e+01 1.744282e+01
    endloop
  endfacet
  facet normal -5.388200e-01 6.546586e-01 5.301840e-01
    outer loop
      vertex   9.149188e+01 -5.488544e+01 1.744282e+01
      vertex   9.167749e+01 -5.441021e+01 1.704465e+01
      vertex   9.135263e+01 -5.467758e+01 1.704465e+01
    endloop
  endfacet
  facet normal -4.004464e-01 7.473605e-01 5.301840e-01
    outer loop
      vertex   9.149188e+01 -5.488544e+01 1.744282e+01
      vertex   9.135263e+01 -5.467758e+01 1.704465e+01
      vertex   9.107770e+01 -5.510736e+01 1.744282e+01
    endloop
  endfacet
  facet normal -4.004464e-01 7.473605e-01 5.301840e-01
    outer loop
      vertex   9.107770e+01 -5.510736e+01 1.744282e+01
      vertex   9.135263e+01 -5.467758e+01 1.704465e+01
      vertex   9.098177e+01 -5.487629e+01 1.704465e+01
    endloop
  endfacet
  facet normal -2.466204e-01 8.112233e-01 5.301840e-01
    outer loop
      vertex   9.107770e+01 -5.510736e+01 1.744282e+01
      vertex   9.098177e+01 -5.487629e+01 1.704465e+01
      vertex   9.062814e+01 -5.524403e+01 1.744282e+01
    endloop
  endfacet
  facet normal -2.466204e-01 8.112233e-01 5.301840e-01
    outer loop
      vertex   9.062814e+01 -5.524403e+01 1.744282e+01
      vertex   9.098177e+01 -5.487629e+01 1.704465e+01
      vertex   9.057923e+01 -5.499867e+01 1.704465e+01
    endloop
  endfacet
  facet normal -8.327798e-02 8.437830e-01 5.301840e-01
    outer loop
      vertex   9.062814e+01 -5.524403e+01 1.744282e+01
      vertex   9.057923e+01 -5.499867e+01 1.704465e+01
      vertex   9.016052e+01 -5.529018e+01 1.744282e+01
    endloop
  endfacet
  facet normal -8.327798e-02 8.437830e-01 5.301840e-01
    outer loop
      vertex   9.016052e+01 -5.529018e+01 1.744282e+01
      vertex   9.057923e+01 -5.499867e+01 1.704465e+01
      vertex   9.016052e+01 -5.503999e+01 1.704465e+01
    endloop
  endfacet
  facet normal 8.327798e-02 8.437830e-01 5.301840e-01
    outer loop
      vertex   9.016052e+01 -5.529018e+01 1.744282e+01
      vertex   9.016052e+01 -5.503999e+01 1.704465e+01
      vertex   8.969291e+01 -5.524403e+01 1.744282e+01
    endloop
  endfacet
  facet normal 8.327798e-02 8.437830e-01 5.301840e-01
    outer loop
      vertex   8.969291e+01 -5.524403e+01 1.744282e+01
      vertex   9.016052e+01 -5.503999e+01 1.704465e+01
      vertex   8.974182e+01 -5.499867e+01 1.704465e+01
    endloop
  endfacet
  facet normal 2.466204e-01 8.112233e-01 5.301840e-01
    outer loop
      vertex   8.969291e+01 -5.524403e+01 1.744282e+01
      vertex   8.974182e+01 -5.499867e+01 1.704465e+01
      vertex   8.924334e+01 -5.510736e+01 1.744282e+01
    endloop
  endfacet
  facet normal 2.466204e-01 8.112233e-01 5.301840e-01
    outer loop
      vertex   8.924334e+01 -5.510736e+01 1.744282e+01
      vertex   8.974182e+01 -5.499867e+01 1.704465e+01
      vertex   8.933927e+01 -5.487629e+01 1.704465e+01
    endloop
  endfacet
  facet normal -7.311071e-01 5.977765e-01 3.288552e-01
    outer loop
      vertex   9.196469e+01 -5.469647e+01 1.788668e+01
      vertex   9.228143e+01 -5.430909e+01 1.788668e+01
      vertex   9.215211e+01 -5.422306e+01 1.744282e+01
    endloop
  endfacet
  facet normal -8.338592e-01 4.433206e-01 3.288552e-01
    outer loop
      vertex   9.215211e+01 -5.422306e+01 1.744282e+01
      vertex   9.228143e+01 -5.430909e+01 1.788668e+01
      vertex   9.237269e+01 -5.380817e+01 1.744282e+01
    endloop
  endfacet
  facet normal -7.311071e-01 5.977765e-01 3.288552e-01
    outer loop
      vertex   9.196469e+01 -5.469647e+01 1.788668e+01
      vertex   9.215211e+01 -5.422306e+01 1.744282e+01
      vertex   9.185469e+01 -5.458683e+01 1.744282e+01
    endloop
  endfacet
  facet normal -6.001432e-01 7.291655e-01 3.288552e-01
    outer loop
      vertex   9.196469e+01 -5.469647e+01 1.788668e+01
      vertex   9.185469e+01 -5.458683e+01 1.744282e+01
      vertex   9.157833e+01 -5.501447e+01 1.788668e+01
    endloop
  endfacet
  facet normal -6.001432e-01 7.291655e-01 3.288552e-01
    outer loop
      vertex   9.157833e+01 -5.501447e+01 1.788668e+01
      vertex   9.185469e+01 -5.458683e+01 1.744282e+01
      vertex   9.149188e+01 -5.488544e+01 1.744282e+01
    endloop
  endfacet
  facet normal -4.460213e-01 8.324177e-01 3.288552e-01
    outer loop
      vertex   9.157833e+01 -5.501447e+01 1.788668e+01
      vertex   9.149188e+01 -5.488544e+01 1.744282e+01
      vertex   9.113726e+01 -5.525080e+01 1.788668e+01
    endloop
  endfacet
  facet normal -4.460213e-01 8.324177e-01 3.288552e-01
    outer loop
      vertex   9.113726e+01 -5.525080e+01 1.788668e+01
      vertex   9.149188e+01 -5.488544e+01 1.744282e+01
      vertex   9.107770e+01 -5.510736e+01 1.744282e+01
    endloop
  endfacet
  facet normal -2.746884e-01 9.035489e-01 3.288552e-01
    outer loop
      vertex   9.113726e+01 -5.525080e+01 1.788668e+01
      vertex   9.107770e+01 -5.510736e+01 1.744282e+01
      vertex   9.065850e+01 -5.539635e+01 1.788668e+01
    endloop
  endfacet
  facet normal -2.746884e-01 9.035489e-01 3.288552e-01
    outer loop
      vertex   9.065850e+01 -5.539635e+01 1.788668e+01
      vertex   9.107770e+01 -5.510736e+01 1.744282e+01
      vertex   9.062814e+01 -5.524403e+01 1.744282e+01
    endloop
  endfacet
  facet normal -9.275587e-02 9.398141e-01 3.288552e-01
    outer loop
      vertex   9.065850e+01 -5.539635e+01 1.788668e+01
      vertex   9.062814e+01 -5.524403e+01 1.744282e+01
      vertex   9.016052e+01 -5.544550e+01 1.788668e+01
    endloop
  endfacet
  facet normal -9.275587e-02 9.398141e-01 3.288552e-01
    outer loop
      vertex   9.016052e+01 -5.544550e+01 1.788668e+01
      vertex   9.062814e+01 -5.524403e+01 1.744282e+01
      vertex   9.016052e+01 -5.529018e+01 1.744282e+01
    endloop
  endfacet
  facet normal 9.275587e-02 9.398141e-01 3.288552e-01
    outer loop
      vertex   9.016052e+01 -5.544550e+01 1.788668e+01
      vertex   9.016052e+01 -5.529018e+01 1.744282e+01
      vertex   8.966255e+01 -5.539635e+01 1.788668e+01
    endloop
  endfacet
  facet normal 9.275587e-02 9.398141e-01 3.288552e-01
    outer loop
      vertex   8.966255e+01 -5.539635e+01 1.788668e+01
      vertex   9.016052e+01 -5.529018e+01 1.744282e+01
      vertex   8.969291e+01 -5.524403e+01 1.744282e+01
    endloop
  endfacet
  facet normal 2.746884e-01 9.035489e-01 3.288552e-01
    outer loop
      vertex   8.966255e+01 -5.539635e+01 1.788668e+01
      vertex   8.969291e+01 -5.524403e+01 1.744282e+01
      vertex   8.918379e+01 -5.525080e+01 1.788668e+01
    endloop
  endfacet
  facet normal 2.746884e-01 9.035489e-01 3.288552e-01
    outer loop
      vertex   8.918379e+01 -5.525080e+01 1.788668e+01
      vertex   8.969291e+01 -5.524403e+01 1.744282e+01
      vertex   8.924334e+01 -5.510736e+01 1.744282e+01
    endloop
  endfacet
  facet normal 6.001432e-01 7.291655e-01 3.288552e-01
    outer loop
      vertex   8.874272e+01 -5.501447e+01 1.788668e+01
      vertex   8.882916e+01 -5.488544e+01 1.744282e+01
      vertex   8.835636e+01 -5.469647e+01 1.788668e+01
    endloop
  endfacet
  facet normal 6.001432e-01 7.291655e-01 3.288552e-01
    outer loop
      vertex   8.835636e+01 -5.469647e+01 1.788668e+01
      vertex   8.882916e+01 -5.488544e+01 1.744282e+01
      vertex   8.846636e+01 -5.458683e+01 1.744282e+01
    endloop
  endfacet
  facet normal 7.311071e-01 5.977765e-01 3.288552e-01
    outer loop
      vertex   8.835636e+01 -5.469647e+01 1.788668e+01
      vertex   8.846636e+01 -5.458683e+01 1.744282e+01
      vertex   8.803962e+01 -5.430909e+01 1.788668e+01
    endloop
  endfacet
  facet normal 7.311071e-01 5.977765e-01 3.288552e-01
    outer loop
      vertex   8.803962e+01 -5.430909e+01 1.788668e+01
      vertex   8.846636e+01 -5.458683e+01 1.744282e+01
      vertex   8.816893e+01 -5.422306e+01 1.744282e+01
    endloop
  endfacet
  facet normal 8.338592e-01 4.433206e-01 3.288552e-01
    outer loop
      vertex   8.803962e+01 -5.430909e+01 1.788668e+01
      vertex   8.816893e+01 -5.422306e+01 1.744282e+01
      vertex   8.780472e+01 -5.386725e+01 1.788668e+01
    endloop
  endfacet
  facet normal 8.338592e-01 4.433206e-01 3.288552e-01
    outer loop
      vertex   8.780472e+01 -5.386725e+01 1.788668e+01
      vertex   8.816893e+01 -5.422306e+01 1.744282e+01
      vertex   8.794835e+01 -5.380817e+01 1.744282e+01
    endloop
  endfacet
  facet normal 5.388200e-01 6.546586e-01 5.301840e-01
    outer loop
      vertex   8.882916e+01 -5.488544e+01 1.744282e+01
      vertex   8.896841e+01 -5.467758e+01 1.704465e+01
      vertex   8.846636e+01 -5.458683e+01 1.744282e+01
    endloop
  endfacet
  facet normal 5.388200e-01 6.546586e-01 5.301840e-01
    outer loop
      vertex   8.846636e+01 -5.458683e+01 1.744282e+01
      vertex   8.896841e+01 -5.467758e+01 1.704465e+01
      vertex   8.864356e+01 -5.441021e+01 1.704465e+01
    endloop
  endfacet
  facet normal 6.564018e-01 5.366951e-01 5.301840e-01
    outer loop
      vertex   8.846636e+01 -5.458683e+01 1.744282e+01
      vertex   8.864356e+01 -5.441021e+01 1.704465e+01
      vertex   8.816893e+01 -5.422306e+01 1.744282e+01
    endloop
  endfacet
  facet normal 6.564018e-01 5.366951e-01 5.301840e-01
    outer loop
      vertex   8.816893e+01 -5.422306e+01 1.744282e+01
      vertex   8.864356e+01 -5.441021e+01 1.704465e+01
      vertex   8.837723e+01 -5.408448e+01 1.704465e+01
    endloop
  endfacet
  facet normal 7.486546e-01 3.980217e-01 5.301840e-01
    outer loop
      vertex   8.816893e+01 -5.422306e+01 1.744282e+01
      vertex   8.837723e+01 -5.408448e+01 1.704465e+01
      vertex   8.794835e+01 -5.380817e+01 1.744282e+01
    endloop
  endfacet
  facet normal 7.486546e-01 3.980217e-01 5.301840e-01
    outer loop
      vertex   8.794835e+01 -5.380817e+01 1.744282e+01
      vertex   8.837723e+01 -5.408448e+01 1.704465e+01
      vertex   8.817973e+01 -5.371298e+01 1.704465e+01
    endloop
  endfacet
  facet normal 4.504462e-01 5.472857e-01 7.053911e-01
    outer loop
      vertex   8.896841e+01 -5.467758e+01 1.704465e+01
      vertex   8.915348e+01 -5.440133e+01 1.671213e+01
      vertex   8.864356e+01 -5.441021e+01 1.704465e+01
    endloop
  endfacet
  facet normal 4.504462e-01 5.472857e-01 7.053911e-01
    outer loop
      vertex   8.864356e+01 -5.441021e+01 1.704465e+01
      vertex   8.915348e+01 -5.440133e+01 1.671213e+01
      vertex   8.887906e+01 -5.417546e+01 1.671213e+01
    endloop
  endfacet
  facet normal 5.487430e-01 4.486698e-01 7.053911e-01
    outer loop
      vertex   8.864356e+01 -5.441021e+01 1.704465e+01
      vertex   8.887906e+01 -5.417546e+01 1.671213e+01
      vertex   8.837723e+01 -5.408448e+01 1.704465e+01
    endloop
  endfacet
  facet normal 5.487430e-01 4.486698e-01 7.053911e-01
    outer loop
      vertex   8.837723e+01 -5.408448e+01 1.704465e+01
      vertex   8.887906e+01 -5.417546e+01 1.671213e+01
      vertex   8.865409e+01 -5.390031e+01 1.671213e+01
    endloop
  endfacet
  facet normal 6.258650e-01 3.327407e-01 7.053911e-01
    outer loop
      vertex   8.837723e+01 -5.408448e+01 1.704465e+01
      vertex   8.865409e+01 -5.390031e+01 1.671213e+01
      vertex   8.817973e+01 -5.371298e+01 1.704465e+01
    endloop
  endfacet
  facet normal 6.258650e-01 3.327407e-01 7.053911e-01
    outer loop
      vertex   8.817973e+01 -5.371298e+01 1.704465e+01
      vertex   8.865409e+01 -5.390031e+01 1.671213e+01
      vertex   8.848724e+01 -5.358648e+01 1.671213e+01
    endloop
  endfacet
  facet normal 3.392758e-01 4.122153e-01 8.455593e-01
    outer loop
      vertex   8.915348e+01 -5.440133e+01 1.671213e+01
      vertex   8.937510e+01 -5.407053e+01 1.646194e+01
      vertex   8.887906e+01 -5.417546e+01 1.671213e+01
    endloop
  endfacet
  facet normal 3.392758e-01 4.122153e-01 8.455593e-01
    outer loop
      vertex   8.887906e+01 -5.417546e+01 1.671213e+01
      vertex   8.937510e+01 -5.407053e+01 1.646194e+01
      vertex   8.916107e+01 -5.389437e+01 1.646194e+01
    endloop
  endfacet
  facet normal 4.133129e-01 3.379378e-01 8.455593e-01
    outer loop
      vertex   8.887906e+01 -5.417546e+01 1.671213e+01
      vertex   8.916107e+01 -5.389437e+01 1.646194e+01
      vertex   8.865409e+01 -5.390031e+01 1.671213e+01
    endloop
  endfacet
  facet normal 4.133129e-01 3.379378e-01 8.455593e-01
    outer loop
      vertex   8.865409e+01 -5.390031e+01 1.671213e+01
      vertex   8.916107e+01 -5.389437e+01 1.646194e+01
      vertex   8.898560e+01 -5.367977e+01 1.646194e+01
    endloop
  endfacet
  facet normal 4.714012e-01 2.506201e-01 8.455593e-01
    outer loop
      vertex   8.865409e+01 -5.390031e+01 1.671213e+01
      vertex   8.898560e+01 -5.367977e+01 1.646194e+01
      vertex   8.848724e+01 -5.358648e+01 1.671213e+01
    endloop
  endfacet
  facet normal 4.714012e-01 2.506201e-01 8.455593e-01
    outer loop
      vertex   8.848724e+01 -5.358648e+01 1.671213e+01
      vertex   8.898560e+01 -5.367977e+01 1.646194e+01
      vertex   8.885548e+01 -5.343500e+01 1.646194e+01
    endloop
  endfacet
  facet normal 2.107965e-01 2.561147e-01 9.433823e-01
    outer loop
      vertex   8.937510e+01 -5.407053e+01 1.646194e+01
      vertex   8.962215e+01 -5.370177e+01 1.630663e+01
      vertex   8.916107e+01 -5.389437e+01 1.646194e+01
    endloop
  endfacet
  facet normal 2.107965e-01 2.561147e-01 9.433823e-01
    outer loop
      vertex   8.916107e+01 -5.389437e+01 1.646194e+01
      vertex   8.962215e+01 -5.370177e+01 1.630663e+01
      vertex   8.947543e+01 -5.358102e+01 1.630663e+01
    endloop
  endfacet
  facet normal 2.567967e-01 2.099652e-01 9.433823e-01
    outer loop
      vertex   8.916107e+01 -5.389437e+01 1.646194e+01
      vertex   8.947543e+01 -5.358102e+01 1.630663e+01
      vertex   8.898560e+01 -5.367977e+01 1.646194e+01
    endloop
  endfacet
  facet normal -9.973129e-01 -7.325989e-02 0.000000e+00
    outer loop
      vertex   2.418733e+01 -8.228728e+01 1.625398e+01
      vertex   2.420987e+01 -8.259414e+01 2.135398e+01
      vertex   2.418733e+01 -8.228728e+01 1.835398e+01
    endloop
  endfacet
  facet normal -9.937043e-01 -1.119636e-01 -3.986047e-03
    outer loop
      vertex   2.418733e+01 -8.228728e+01 1.835398e+01
      vertex   2.420987e+01 -8.259414e+01 2.135398e+01
      vertex   2.415722e+01 -8.212685e+01 2.135398e+01
    endloop
  endfacet
  facet normal -9.673526e-01 -2.534053e-01 3.842231e-03
    outer loop
      vertex   2.418733e+01 -8.228728e+01 1.835398e+01
      vertex   2.415722e+01 -8.212685e+01 2.135398e+01
      vertex   2.407097e+01 -8.184308e+01 1.835398e+01
    endloop
  endfacet
  facet normal -9.438754e-01 -3.302763e-01 -4.104012e-03
    outer loop
      vertex   2.407097e+01 -8.184308e+01 1.835398e+01
      vertex   2.415722e+01 -8.212685e+01 2.135398e+01
      vertex   2.400191e+01 -8.168299e+01 2.135398e+01
    endloop
  endfacet
  facet normal -8.891485e-01 -4.576017e-01 3.950369e-03
    outer loop
      vertex   2.407097e+01 -8.184308e+01 1.835398e+01
      vertex   2.400191e+01 -8.168299e+01 2.135398e+01
      vertex   2.386084e+01 -8.143479e+01 1.835398e+01
    endloop
  endfacet
  facet normal -8.467167e-01 -5.320274e-01 -4.202321e-03
    outer loop
      vertex   2.386084e+01 -8.143479e+01 1.835398e+01
      vertex   2.400191e+01 -8.168299e+01 2.135398e+01
      vertex   2.375172e+01 -8.128481e+01 2.135398e+01
    endloop
  endfacet
  facet normal -7.684320e-01 -6.399187e-01 4.038849e-03
    outer loop
      vertex   2.386084e+01 -8.143479e+01 1.835398e+01
      vertex   2.375172e+01 -8.128481e+01 2.135398e+01
      vertex   2.356700e+01 -8.108193e+01 1.835398e+01
    endloop
  endfacet
  facet normal -7.071003e-01 -7.071003e-01 -4.280971e-03
    outer loop
      vertex   2.356700e+01 -8.108193e+01 1.835398e+01
      vertex   2.375172e+01 -8.128481e+01 2.135398e+01
      vertex   2.341920e+01 -8.095230e+01 2.135398e+01
    endloop
  endfacet
  facet normal -6.109747e-01 -7.916395e-01 4.107670e-03
    outer loop
      vertex   2.356700e+01 -8.108193e+01 1.835398e+01
      vertex   2.341920e+01 -8.095230e+01 2.135398e+01
      vertex   2.320348e+01 -8.080137e+01 1.835398e+01
    endloop
  endfacet
  facet normal -5.320271e-01 -8.467162e-01 -4.339961e-03
    outer loop
      vertex   2.320348e+01 -8.080137e+01 1.835398e+01
      vertex   2.341920e+01 -8.095230e+01 2.135398e+01
      vertex   2.302103e+01 -8.070211e+01 2.135398e+01
    endloop
  endfacet
  facet normal -4.243052e-01 -9.055097e-01 4.156828e-03
    outer loop
      vertex   2.320348e+01 -8.080137e+01 1.835398e+01
      vertex   2.302103e+01 -8.070211e+01 2.135398e+01
      vertex   2.278768e+01 -8.060654e+01 1.835398e+01
    endloop
  endfacet
  facet normal -3.302759e-01 -9.438743e-01 -4.379288e-03
    outer loop
      vertex   2.278768e+01 -8.060654e+01 1.835398e+01
      vertex   2.302103e+01 -8.070211e+01 2.135398e+01
      vertex   2.257717e+01 -8.054679e+01 2.135398e+01
    endloop
  endfacet
  facet normal -2.173486e-01 -9.760851e-01 4.186324e-03
    outer loop
      vertex   2.278768e+01 -8.060654e+01 1.835398e+01
      vertex   2.257717e+01 -8.054679e+01 2.135398e+01
      vertex   2.233947e+01 -8.050673e+01 1.835398e+01
    endloop
  endfacet
  facet normal -1.119634e-01 -9.937026e-01 -4.398952e-03
    outer loop
      vertex   2.233947e+01 -8.050673e+01 1.835398e+01
      vertex   2.257717e+01 -8.054679e+01 2.135398e+01
      vertex   2.210987e+01 -8.049414e+01 2.135398e+01
    endloop
  endfacet
  facet normal 0.000000e+00 -9.999912e-01 4.196156e-03
    outer loop
      vertex   2.233947e+01 -8.050673e+01 1.835398e+01
      vertex   2.210987e+01 -8.049414e+01 2.135398e+01
      vertex   2.188028e+01 -8.050673e+01 1.835398e+01
    endloop
  endfacet
  facet normal 1.119634e-01 -9.937026e-01 -4.398952e-03
    outer loop
      vertex   2.188028e+01 -8.050673e+01 1.835398e+01
      vertex   2.210987e+01 -8.049414e+01 2.135398e+01
      vertex   2.164258e+01 -8.054679e+01 2.135398e+01
    endloop
  endfacet
  facet normal 2.173486e-01 -9.760851e-01 4.186324e-03
    outer loop
      vertex   2.188028e+01 -8.050673e+01 1.835398e+01
      vertex   2.164258e+01 -8.054679e+01 2.135398e+01
      vertex   2.143207e+01 -8.060654e+01 1.835398e+01
    endloop
  endfacet
  facet normal 3.302759e-01 -9.438743e-01 -4.379288e-03
    outer loop
      vertex   2.143207e+01 -8.060654e+01 1.835398e+01
      vertex   2.164258e+01 -8.054679e+01 2.135398e+01
      vertex   2.119872e+01 -8.070211e+01 2.135398e+01
    endloop
  endfacet
  facet normal 4.243052e-01 -9.055097e-01 4.156828e-03
    outer loop
      vertex   2.143207e+01 -8.060654e+01 1.835398e+01
      vertex   2.119872e+01 -8.070211e+01 2.135398e+01
      vertex   2.101627e+01 -8.080137e+01 1.835398e+01
    endloop
  endfacet
  facet normal 5.320271e-01 -8.467162e-01 -4.339961e-03
    outer loop
      vertex   2.101627e+01 -8.080137e+01 1.835398e+01
      vertex   2.119872e+01 -8.070211e+01 2.135398e+01
      vertex   2.080055e+01 -8.095230e+01 2.135398e+01
    endloop
  endfacet
  facet normal 6.109747e-01 -7.916395e-01 4.107670e-03
    outer loop
      vertex   2.101627e+01 -8.080137e+01 1.835398e+01
      vertex   2.080055e+01 -8.095230e+01 2.135398e+01
      vertex   2.065275e+01 -8.108193e+01 1.835398e+01
    endloop
  endfacet
  facet normal 7.071003e-01 -7.071003e-01 -4.280971e-03
    outer loop
      vertex   2.065275e+01 -8.108193e+01 1.835398e+01
      vertex   2.080055e+01 -8.095230e+01 2.135398e+01
      vertex   2.046803e+01 -8.128481e+01 2.135398e+01
    endloop
  endfacet
  facet normal 7.684320e-01 -6.399187e-01 4.038849e-03
    outer loop
      vertex   2.065275e+01 -8.108193e+01 1.835398e+01
      vertex   2.046803e+01 -8.128481e+01 2.135398e+01
      vertex   2.035891e+01 -8.143479e+01 1.835398e+01
    endloop
  endfacet
  facet normal 8.467167e-01 -5.320274e-01 -4.202321e-03
    outer loop
      vertex   2.035891e+01 -8.143479e+01 1.835398e+01
      vertex   2.046803e+01 -8.128481e+01 2.135398e+01
      vertex   2.021784e+01 -8.168299e+01 2.135398e+01
    endloop
  endfacet
  facet normal 8.891485e-01 -4.576017e-01 3.950369e-03
    outer loop
      vertex   2.035891e+01 -8.143479e+01 1.835398e+01
      vertex   2.021784e+01 -8.168299e+01 2.135398e+01
      vertex   2.014878e+01 -8.184308e+01 1.835398e+01
    endloop
  endfacet
  facet normal 9.438754e-01 -3.302763e-01 -4.104012e-03
    outer loop
      vertex   2.014878e+01 -8.184308e+01 1.835398e+01
      vertex   2.021784e+01 -8.168299e+01 2.135398e+01
      vertex   2.006253e+01 -8.212685e+01 2.135398e+01
    endloop
  endfacet
  facet normal 9.673526e-01 -2.534053e-01 3.842231e-03
    outer loop
      vertex   2.014878e+01 -8.184308e+01 1.835398e+01
      vertex   2.006253e+01 -8.212685e+01 2.135398e+01
      vertex   2.003242e+01 -8.228728e+01 1.835398e+01
    endloop
  endfacet
  facet normal 9.937043e-01 -1.119636e-01 -3.986047e-03
    outer loop
      vertex   2.003242e+01 -8.228728e+01 1.835398e+01
      vertex   2.006253e+01 -8.212685e+01 2.135398e+01
      vertex   2.000987e+01 -8.259414e+01 2.135398e+01
    endloop
  endfacet
  facet normal 9.973129e-01 -7.325989e-02 0.000000e+00
    outer loop
      vertex   2.003242e+01 -8.228728e+01 1.835398e+01
      vertex   2.000987e+01 -8.259414e+01 2.135398e+01
      vertex   2.003242e+01 -8.228728e+01 1.625398e+01
    endloop
  endfacet
  facet normal 9.978130e-01 -6.609910e-02 4.330719e-04
    outer loop
      vertex   2.003242e+01 -8.228728e+01 1.625398e+01
      vertex   2.000987e+01 -8.259414e+01 2.135398e+01
      vertex   2.001009e+01 -8.262429e+01 1.625398e+01
    endloop
  endfacet
  facet normal 9.955040e-01 9.471811e-02 -5.176639e-04
    outer loop
      vertex   2.001009e+01 -8.262429e+01 1.625398e+01
      vertex   2.000987e+01 -8.259414e+01 2.135398e+01
      vertex   2.004208e+01 -8.296052e+01 1.625398e+01
    endloop
  endfacet
  facet normal 9.937107e-01 1.119643e-01 -1.767943e-03
    outer loop
      vertex   2.004208e+01 -8.296052e+01 1.625398e+01
      vertex   2.000987e+01 -8.259414e+01 2.135398e+01
      vertex   2.006253e+01 -8.306144e+01 2.135398e+01
    endloop
  endfacet
  facet normal 9.674434e-01 2.530851e-01 1.129713e-03
    outer loop
      vertex   2.004208e+01 -8.296052e+01 1.625398e+01
      vertex   2.006253e+01 -8.306144e+01 2.135398e+01
      vertex   2.012756e+01 -8.328728e+01 1.625398e+01
    endloop
  endfacet
  facet normal 9.609488e-01 2.767262e-01 -0.000000e+00
    outer loop
      vertex   2.012756e+01 -8.328728e+01 1.625398e+01
      vertex   2.006253e+01 -8.306144e+01 2.135398e+01
      vertex   2.012756e+01 -8.328728e+01 1.835398e+01
    endloop
  endfacet
  facet normal 9.438742e-01 3.302759e-01 -4.401392e-03
    outer loop
      vertex   2.012756e+01 -8.328728e+01 1.835398e+01
      vertex   2.006253e+01 -8.306144e+01 2.135398e+01
      vertex   2.021784e+01 -8.350530e+01 2.135398e+01
    endloop
  endfacet
  facet normal 9.010498e-01 4.336933e-01 4.403016e-03
    outer loop
      vertex   2.012756e+01 -8.328728e+01 1.835398e+01
      vertex   2.021784e+01 -8.350530e+01 2.135398e+01
      vertex   2.033155e+01 -8.371108e+01 1.835398e+01
    endloop
  endfacet
  facet normal 8.467160e-01 5.320269e-01 -4.401398e-03
    outer loop
      vertex   2.033155e+01 -8.371108e+01 1.835398e+01
      vertex   2.021784e+01 -8.350530e+01 2.135398e+01
      vertex   2.046803e+01 -8.390347e+01 2.135398e+01
    endloop
  endfacet
  facet normal 7.819270e-01 6.233544e-01 4.403021e-03
    outer loop
      vertex   2.033155e+01 -8.371108e+01 1.835398e+01
      vertex   2.046803e+01 -8.390347e+01 2.135398e+01
      vertex   2.062474e+01 -8.407885e+01 1.835398e+01
    endloop
  endfacet
  facet normal 7.070999e-01 7.070999e-01 -4.401403e-03
    outer loop
      vertex   2.062474e+01 -8.407885e+01 1.835398e+01
      vertex   2.046803e+01 -8.390347e+01 2.135398e+01
      vertex   2.080055e+01 -8.423599e+01 2.135398e+01
    endloop
  endfacet
  facet normal 6.235807e-01 7.817466e-01 4.403025e-03
    outer loop
      vertex   2.062474e+01 -8.407885e+01 1.835398e+01
      vertex   2.080055e+01 -8.423599e+01 2.135398e+01
      vertex   2.099242e+01 -8.437215e+01 1.835398e+01
    endloop
  endfacet
  facet normal 5.320269e-01 8.467160e-01 -4.401407e-03
    outer loop
      vertex   2.099242e+01 -8.437215e+01 1.835398e+01
      vertex   2.080055e+01 -8.423599e+01 2.135398e+01
      vertex   2.119872e+01 -8.448618e+01 2.135398e+01
    endloop
  endfacet
  facet normal 4.339540e-01 9.009243e-01 4.403028e-03
    outer loop
      vertex   2.099242e+01 -8.437215e+01 1.835398e+01
      vertex   2.119872e+01 -8.448618e+01 2.135398e+01
      vertex   2.141617e+01 -8.457625e+01 1.835398e+01
    endloop
  endfacet
  facet normal 3.302759e-01 9.438742e-01 -4.401409e-03
    outer loop
      vertex   2.141617e+01 -8.457625e+01 1.835398e+01
      vertex   2.119872e+01 -8.448618e+01 2.135398e+01
      vertex   2.164258e+01 -8.464149e+01 2.135398e+01
    endloop
  endfacet
  facet normal 2.225591e-01 9.749093e-01 4.403030e-03
    outer loop
      vertex   2.141617e+01 -8.457625e+01 1.835398e+01
      vertex   2.164258e+01 -8.464149e+01 2.135398e+01
      vertex   2.187471e+01 -8.468093e+01 1.835398e+01
    endloop
  endfacet
  facet normal 1.119634e-01 9.937026e-01 -4.401410e-03
    outer loop
      vertex   2.187471e+01 -8.468093e+01 1.835398e+01
      vertex   2.164258e+01 -8.464149e+01 2.135398e+01
      vertex   2.210987e+01 -8.469414e+01 2.135398e+01
    endloop
  endfacet
  facet normal -0.000000e+00 9.999903e-01 4.403031e-03
    outer loop
      vertex   2.187471e+01 -8.468093e+01 1.835398e+01
      vertex   2.210987e+01 -8.469414e+01 2.135398e+01
      vertex   2.234504e+01 -8.468093e+01 1.835398e+01
    endloop
  endfacet
  facet normal -1.119634e-01 9.937026e-01 -4.401410e-03
    outer loop
      vertex   2.234504e+01 -8.468093e+01 1.835398e+01
      vertex   2.210987e+01 -8.469414e+01 2.135398e+01
      vertex   2.257717e+01 -8.464149e+01 2.135398e+01
    endloop
  endfacet
  facet normal -2.225591e-01 9.749093e-01 4.403030e-03
    outer loop
      vertex   2.234504e+01 -8.468093e+01 1.835398e+01
      vertex   2.257717e+01 -8.464149e+01 2.135398e+01
      vertex   2.280358e+01 -8.457625e+01 1.835398e+01
    endloop
  endfacet
  facet normal -3.302759e-01 9.438742e-01 -4.401409e-03
    outer loop
      vertex   2.280358e+01 -8.457625e+01 1.835398e+01
      vertex   2.257717e+01 -8.464149e+01 2.135398e+01
      vertex   2.302103e+01 -8.448618e+01 2.135398e+01
    endloop
  endfacet
  facet normal -4.339540e-01 9.009243e-01 4.403028e-03
    outer loop
      vertex   2.280358e+01 -8.457625e+01 1.835398e+01
      vertex   2.302103e+01 -8.448618e+01 2.135398e+01
      vertex   2.322733e+01 -8.437215e+01 1.835398e+01
    endloop
  endfacet
  facet normal -5.320269e-01 8.467160e-01 -4.401407e-03
    outer loop
      vertex   2.322733e+01 -8.437215e+01 1.835398e+01
      vertex   2.302103e+01 -8.448618e+01 2.135398e+01
      vertex   2.341920e+01 -8.423599e+01 2.135398e+01
    endloop
  endfacet
  facet normal -6.235807e-01 7.817466e-01 4.403025e-03
    outer loop
      vertex   2.322733e+01 -8.437215e+01 1.835398e+01
      vertex   2.341920e+01 -8.423599e+01 2.135398e+01
      vertex   2.359501e+01 -8.407885e+01 1.835398e+01
    endloop
  endfacet
  facet normal -7.070999e-01 7.070999e-01 -4.401403e-03
    outer loop
      vertex   2.359501e+01 -8.407885e+01 1.835398e+01
      vertex   2.341920e+01 -8.423599e+01 2.135398e+01
      vertex   2.375172e+01 -8.390347e+01 2.135398e+01
    endloop
  endfacet
  facet normal -7.819270e-01 6.233544e-01 4.403021e-03
    outer loop
      vertex   2.359501e+01 -8.407885e+01 1.835398e+01
      vertex   2.375172e+01 -8.390347e+01 2.135398e+01
      vertex   2.388820e+01 -8.371108e+01 1.835398e+01
    endloop
  endfacet
  facet normal -8.467160e-01 5.320269e-01 -4.401398e-03
    outer loop
      vertex   2.388820e+01 -8.371108e+01 1.835398e+01
      vertex   2.375172e+01 -8.390347e+01 2.135398e+01
      vertex   2.400191e+01 -8.350530e+01 2.135398e+01
    endloop
  endfacet
  facet normal -9.010498e-01 4.336933e-01 4.403016e-03
    outer loop
      vertex   2.388820e+01 -8.371108e+01 1.835398e+01
      vertex   2.400191e+01 -8.350530e+01 2.135398e+01
      vertex   2.409219e+01 -8.328728e+01 1.835398e+01
    endloop
  endfacet
  facet normal -9.438742e-01 3.302759e-01 -4.401392e-03
    outer loop
      vertex   2.409219e+01 -8.328728e+01 1.835398e+01
      vertex   2.400191e+01 -8.350530e+01 2.135398e+01
      vertex   2.415722e+01 -8.306144e+01 2.135398e+01
    endloop
  endfacet
  facet normal -9.609488e-01 2.767262e-01 0.000000e+00
    outer loop
      vertex   2.409219e+01 -8.328728e+01 1.835398e+01
      vertex   2.415722e+01 -8.306144e+01 2.135398e+01
      vertex   2.409219e+01 -8.328728e+01 1.625398e+01
    endloop
  endfacet
  facet normal -9.674434e-01 2.530851e-01 1.129713e-03
    outer loop
      vertex   2.409219e+01 -8.328728e+01 1.625398e+01
      vertex   2.415722e+01 -8.306144e+01 2.135398e+01
      vertex   2.417767e+01 -8.296052e+01 1.625398e+01
    endloop
  endfacet
  facet normal -9.937107e-01 1.119643e-01 -1.767943e-03
    outer loop
      vertex   2.417767e+01 -8.296052e+01 1.625398e+01
      vertex   2.415722e+01 -8.306144e+01 2.135398e+01
      vertex   2.420987e+01 -8.259414e+01 2.135398e+01
    endloop
  endfacet
  facet normal -9.955040e-01 9.471811e-02 -5.176639e-04
    outer loop
      vertex   2.417767e+01 -8.296052e+01 1.625398e+01
      vertex   2.420987e+01 -8.259414e+01 2.135398e+01
      vertex   2.420966e+01 -8.262429e+01 1.625398e+01
    endloop
  endfacet
  facet normal -9.978130e-01 -6.609910e-02 4.330719e-04
    outer loop
      vertex   2.420966e+01 -8.262429e+01 1.625398e+01
      vertex   2.420987e+01 -8.259414e+01 2.135398e+01
      vertex   2.418733e+01 -8.228728e+01 1.625398e+01
    endloop
  endfacet
  facet normal -2.005175e-03 1.000026e-01 9.949852e-01
    outer loop
      vertex   4.753953e+01 -8.319509e+01 1.637319e+01
      vertex   5.173462e+01 -8.325882e+01 1.638805e+01
      vertex   4.773462e+01 -8.300000e+01 1.635398e+01
    endloop
  endfacet
  facet normal 0.000000e+00 1.305262e-01 9.914449e-01
    outer loop
      vertex   4.773462e+01 -8.300000e+01 1.635398e+01
      vertex   5.173462e+01 -8.325882e+01 1.638805e+01
      vertex   5.673462e+01 -8.325882e+01 1.638805e+01
    endloop
  endfacet
  facet normal 0.000000e+00 1.305262e-01 9.914449e-01
    outer loop
      vertex   4.773462e+01 -8.300000e+01 1.635398e+01
      vertex   5.673462e+01 -8.325882e+01 1.638805e+01
      vertex   6.173462e+01 -8.325882e+01 1.638805e+01
    endloop
  endfacet
  facet normal 0.000000e+00 3.826834e-01 9.238795e-01
    outer loop
      vertex   6.173462e+01 -8.325882e+01 1.638805e+01
      vertex   5.673462e+01 -8.325882e+01 1.638805e+01
      vertex   6.173462e+01 -8.350000e+01 1.648795e+01
    endloop
  endfacet
  facet normal 1.952028e-03 3.826827e-01 9.238778e-01
    outer loop
      vertex   6.173462e+01 -8.325882e+01 1.638805e+01
      vertex   6.173462e+01 -8.350000e+01 1.648795e+01
      vertex   6.611731e+01 -8.338268e+01 1.643010e+01
    endloop
  endfacet
  facet normal -9.515062e-04 4.706563e-01 8.823161e-01
    outer loop
      vertex   6.611731e+01 -8.338268e+01 1.643010e+01
      vertex   6.173462e+01 -8.350000e+01 1.648795e+01
      vertex   6.629019e+01 -8.355557e+01 1.652251e+01
    endloop
  endfacet
  facet normal 1.407959e-03 6.087608e-01 7.933526e-01
    outer loop
      vertex   6.629019e+01 -8.355557e+01 1.652251e+01
      vertex   6.173462e+01 -8.350000e+01 1.648795e+01
      vertex   6.173462e+01 -8.370711e+01 1.664687e+01
    endloop
  endfacet
  facet normal 0.000000e+00 6.343933e-01 7.730105e-01
    outer loop
      vertex   6.629019e+01 -8.355557e+01 1.652251e+01
      vertex   6.173462e+01 -8.370711e+01 1.664687e+01
      vertex   6.644173e+01 -8.370711e+01 1.664687e+01
    endloop
  endfacet
  facet normal 0.000000e+00 7.730105e-01 6.343933e-01
    outer loop
      vertex   6.644173e+01 -8.370711e+01 1.664687e+01
      vertex   6.173462e+01 -8.370711e+01 1.664687e+01
      vertex   6.656609e+01 -8.383147e+01 1.679841e+01
    endloop
  endfacet
  facet normal 1.327558e-03 7.933526e-01 6.087609e-01
    outer loop
      vertex   6.656609e+01 -8.383147e+01 1.679841e+01
      vertex   6.173462e+01 -8.370711e+01 1.664687e+01
      vertex   6.173462e+01 -8.386603e+01 1.685398e+01
    endloop
  endfacet
  facet normal -8.802216e-04 8.817252e-01 4.717625e-01
    outer loop
      vertex   6.656609e+01 -8.383147e+01 1.679841e+01
      vertex   6.173462e+01 -8.386603e+01 1.685398e+01
      vertex   6.665850e+01 -8.392388e+01 1.697129e+01
    endloop
  endfacet
  facet normal 1.737477e-03 9.238781e-01 3.826829e-01
    outer loop
      vertex   6.665850e+01 -8.392388e+01 1.697129e+01
      vertex   6.173462e+01 -8.386603e+01 1.685398e+01
      vertex   6.173462e+01 -8.396593e+01 1.709516e+01
    endloop
  endfacet
  facet normal -8.625566e-04 9.568673e-01 2.905242e-01
    outer loop
      vertex   6.665850e+01 -8.392388e+01 1.697129e+01
      vertex   6.173462e+01 -8.396593e+01 1.709516e+01
      vertex   6.671541e+01 -8.398079e+01 1.715889e+01
    endloop
  endfacet
  facet normal 1.075728e-03 9.891991e-01 1.465743e-01
    outer loop
      vertex   6.671541e+01 -8.398079e+01 1.715889e+01
      vertex   6.173462e+01 -8.396593e+01 1.709516e+01
      vertex   6.672981e+01 -8.399519e+01 1.725596e+01
    endloop
  endfacet
  facet normal 4.277579e-03 9.987966e-01 4.885759e-02
    outer loop
      vertex   6.672981e+01 -8.399519e+01 1.725596e+01
      vertex   6.173462e+01 -8.396593e+01 1.709516e+01
      vertex   6.673462e+01 -8.400000e+01 1.735398e+01
    endloop
  endfacet
  facet normal 0.000000e+00 9.914449e-01 1.305262e-01
    outer loop
      vertex   6.673462e+01 -8.400000e+01 1.735398e+01
      vertex   6.173462e+01 -8.396593e+01 1.709516e+01
      vertex   5.673462e+01 -8.396593e+01 1.709516e+01
    endloop
  endfacet
  facet normal -4.934778e-04 9.888002e-01 1.492445e-01
    outer loop
      vertex   6.673462e+01 -8.400000e+01 1.735398e+01
      vertex   5.673462e+01 -8.396593e+01 1.709516e+01
      vertex   4.673944e+01 -8.399519e+01 1.725596e+01
    endloop
  endfacet
  facet normal 0.000000e+00 9.838460e-01 1.790169e-01
    outer loop
      vertex   4.673944e+01 -8.399519e+01 1.725596e+01
      vertex   5.673462e+01 -8.396593e+01 1.709516e+01
      vertex   5.173462e+01 -8.396593e+01 1.709516e+01
    endloop
  endfacet
  facet normal -1.075728e-03 9.891991e-01 1.465743e-01
    outer loop
      vertex   4.673944e+01 -8.399519e+01 1.725596e+01
      vertex   5.173462e+01 -8.396593e+01 1.709516e+01
      vertex   4.675384e+01 -8.398079e+01 1.715889e+01
    endloop
  endfacet
  facet normal 8.625566e-04 9.568673e-01 2.905242e-01
    outer loop
      vertex   4.675384e+01 -8.398079e+01 1.715889e+01
      vertex   5.173462e+01 -8.396593e+01 1.709516e+01
      vertex   4.681074e+01 -8.392388e+01 1.697129e+01
    endloop
  endfacet
  facet normal -1.737477e-03 9.238781e-01 3.826829e-01
    outer loop
      vertex   4.681074e+01 -8.392388e+01 1.697129e+01
      vertex   5.173462e+01 -8.396593e+01 1.709516e+01
      vertex   5.173462e+01 -8.386603e+01 1.685398e+01
    endloop
  endfacet
  facet normal 8.802216e-04 8.817252e-01 4.717625e-01
    outer loop
      vertex   4.681074e+01 -8.392388e+01 1.697129e+01
      vertex   5.173462e+01 -8.386603e+01 1.685398e+01
      vertex   4.690315e+01 -8.383147e+01 1.679841e+01
    endloop
  endfacet
  facet normal -1.327558e-03 7.933526e-01 6.087609e-01
    outer loop
      vertex   4.690315e+01 -8.383147e+01 1.679841e+01
      vertex   5.173462e+01 -8.386603e+01 1.685398e+01
      vertex   5.173462e+01 -8.370711e+01 1.664687e+01
    endloop
  endfacet
  facet normal 0.000000e+00 7.730105e-01 6.343933e-01
    outer loop
      vertex   4.690315e+01 -8.383147e+01 1.679841e+01
      vertex   5.173462e+01 -8.370711e+01 1.664687e+01
      vertex   4.702752e+01 -8.370711e+01 1.664687e+01
    endloop
  endfacet
  facet normal -0.000000e+00 6.343933e-01 7.730105e-01
    outer loop
      vertex   4.702752e+01 -8.370711e+01 1.664687e+01
      vertex   5.173462e+01 -8.370711e+01 1.664687e+01
      vertex   4.717905e+01 -8.355557e+01 1.652251e+01
    endloop
  endfacet
  facet normal -1.407959e-03 6.087608e-01 7.933526e-01
    outer loop
      vertex   4.717905e+01 -8.355557e+01 1.652251e+01
      vertex   5.173462e+01 -8.370711e+01 1.664687e+01
      vertex   5.173462e+01 -8.350000e+01 1.648795e+01
    endloop
  endfacet
  facet normal 9.515062e-04 4.706563e-01 8.823161e-01
    outer loop
      vertex   4.717905e+01 -8.355557e+01 1.652251e+01
      vertex   5.173462e+01 -8.350000e+01 1.648795e+01
      vertex   4.735194e+01 -8.338268e+01 1.643010e+01
    endloop
  endfacet
  facet normal -1.952028e-03 3.826827e-01 9.238778e-01
    outer loop
      vertex   4.735194e+01 -8.338268e+01 1.643010e+01
      vertex   5.173462e+01 -8.350000e+01 1.648795e+01
      vertex   5.173462e+01 -8.325882e+01 1.638805e+01
    endloop
  endfacet
  facet normal 1.005233e-03 2.893639e-01 9.572186e-01
    outer loop
      vertex   4.735194e+01 -8.338268e+01 1.643010e+01
      vertex   5.173462e+01 -8.325882e+01 1.638805e+01
      vertex   4.753953e+01 -8.319509e+01 1.637319e+01
    endloop
  endfacet
  facet normal 0.000000e+00 9.987955e-01 4.906767e-02
    outer loop
      vertex   4.673944e+01 -8.399519e+01 1.725596e+01
      vertex   4.673462e+01 -8.400000e+01 1.735398e+01
      vertex   6.673462e+01 -8.400000e+01 1.735398e+01
    endloop
  endfacet
  facet normal -1.005233e-03 2.893639e-01 9.572186e-01
    outer loop
      vertex   6.611731e+01 -8.338268e+01 1.643010e+01
      vertex   6.592971e+01 -8.319509e+01 1.637319e+01
      vertex   6.173462e+01 -8.325882e+01 1.638805e+01
    endloop
  endfacet
  facet normal 8.335065e-04 1.747134e-01 9.846190e-01
    outer loop
      vertex   6.173462e+01 -8.325882e+01 1.638805e+01
      vertex   6.592971e+01 -8.319509e+01 1.637319e+01
      vertex   4.773462e+01 -8.300000e+01 1.635398e+01
    endloop
  endfacet
  facet normal 0.000000e+00 9.801713e-02 9.951847e-01
    outer loop
      vertex   6.592971e+01 -8.319509e+01 1.637319e+01
      vertex   6.573462e+01 -8.300000e+01 1.635398e+01
      vertex   4.773462e+01 -8.300000e+01 1.635398e+01
    endloop
  endfacet
  facet normal 0.000000e+00 3.826834e-01 9.238795e-01
    outer loop
      vertex   5.673462e+01 -8.325882e+01 1.638805e+01
      vertex   5.173462e+01 -8.325882e+01 1.638805e+01
      vertex   5.673462e+01 -8.350000e+01 1.648795e+01
    endloop
  endfacet
  facet normal 0.000000e+00 3.826834e-01 9.238795e-01
    outer loop
      vertex   5.673462e+01 -8.350000e+01 1.648795e+01
      vertex   5.173462e+01 -8.325882e+01 1.638805e+01
      vertex   5.173462e+01 -8.350000e+01 1.648795e+01
    endloop
  endfacet
  facet normal 0.000000e+00 6.087614e-01 7.933533e-01
    outer loop
      vertex   5.673462e+01 -8.350000e+01 1.648795e+01
      vertex   5.173462e+01 -8.350000e+01 1.648795e+01
      vertex   5.673462e+01 -8.370711e+01 1.664687e+01
    endloop
  endfacet
  facet normal 0.000000e+00 6.087614e-01 7.933533e-01
    outer loop
      vertex   5.673462e+01 -8.370711e+01 1.664687e+01
      vertex   5.173462e+01 -8.350000e+01 1.648795e+01
      vertex   5.173462e+01 -8.370711e+01 1.664687e+01
    endloop
  endfacet
  facet normal 0.000000e+00 7.933533e-01 6.087614e-01
    outer loop
      vertex   5.673462e+01 -8.370711e+01 1.664687e+01
      vertex   5.173462e+01 -8.370711e+01 1.664687e+01
      vertex   5.673462e+01 -8.386603e+01 1.685398e+01
    endloop
  endfacet
  facet normal 0.000000e+00 7.933533e-01 6.087614e-01
    outer loop
      vertex   5.673462e+01 -8.386603e+01 1.685398e+01
      vertex   5.173462e+01 -8.370711e+01 1.664687e+01
      vertex   5.173462e+01 -8.386603e+01 1.685398e+01
    endloop
  endfacet
  facet normal 0.000000e+00 9.238795e-01 3.826834e-01
    outer loop
      vertex   5.673462e+01 -8.386603e+01 1.685398e+01
      vertex   5.173462e+01 -8.386603e+01 1.685398e+01
      vertex   5.673462e+01 -8.396593e+01 1.709516e+01
    endloop
  endfacet
  facet normal 0.000000e+00 9.238795e-01 3.826834e-01
    outer loop
      vertex   5.673462e+01 -8.396593e+01 1.709516e+01
      vertex   5.173462e+01 -8.386603e+01 1.685398e+01
      vertex   5.173462e+01 -8.396593e+01 1.709516e+01
    endloop
  endfacet
  facet normal 0.000000e+00 6.087614e-01 7.933533e-01
    outer loop
      vertex   6.173462e+01 -8.370711e+01 1.664687e+01
      vertex   6.173462e+01 -8.350000e+01 1.648795e+01
      vertex   5.673462e+01 -8.350000e+01 1.648795e+01
    endloop
  endfacet
  facet normal -0.000000e+00 3.826834e-01 9.238795e-01
    outer loop
      vertex   5.673462e+01 -8.350000e+01 1.648795e+01
      vertex   6.173462e+01 -8.350000e+01 1.648795e+01
      vertex   5.673462e+01 -8.325882e+01 1.638805e+01
    endloop
  endfacet
  facet normal 0.000000e+00 6.087614e-01 7.933533e-01
    outer loop
      vertex   6.173462e+01 -8.370711e+01 1.664687e+01
      vertex   5.673462e+01 -8.350000e+01 1.648795e+01
      vertex   5.673462e+01 -8.370711e+01 1.664687e+01
    endloop
  endfacet
  facet normal 0.000000e+00 7.933533e-01 6.087614e-01
    outer loop
      vertex   6.173462e+01 -8.386603e+01 1.685398e+01
      vertex   6.173462e+01 -8.370711e+01 1.664687e+01
      vertex   5.673462e+01 -8.370711e+01 1.664687e+01
    endloop
  endfacet
  facet normal 0.000000e+00 7.933533e-01 6.087614e-01
    outer loop
      vertex   6.173462e+01 -8.386603e+01 1.685398e+01
      vertex   5.673462e+01 -8.370711e+01 1.664687e+01
      vertex   5.673462e+01 -8.386603e+01 1.685398e+01
    endloop
  endfacet
  facet normal 0.000000e+00 9.238795e-01 3.826834e-01
    outer loop
      vertex   6.173462e+01 -8.396593e+01 1.709516e+01
      vertex   6.173462e+01 -8.386603e+01 1.685398e+01
      vertex   5.673462e+01 -8.386603e+01 1.685398e+01
    endloop
  endfacet
  facet normal 0.000000e+00 9.238795e-01 3.826834e-01
    outer loop
      vertex   6.173462e+01 -8.396593e+01 1.709516e+01
      vertex   5.673462e+01 -8.386603e+01 1.685398e+01
      vertex   5.673462e+01 -8.396593e+01 1.709516e+01
    endloop
  endfacet
  facet normal 9.987955e-01 0.000000e+00 4.906767e-02
    outer loop
      vertex   4.673462e+01 -8.200000e+01 1.735398e+01
      vertex   4.673462e+01 -8.400000e+01 1.735398e+01
      vertex   4.673944e+01 -8.200482e+01 1.725596e+01
    endloop
  endfacet
  facet normal 9.987955e-01 0.000000e+00 4.906767e-02
    outer loop
      vertex   4.673944e+01 -8.200482e+01 1.725596e+01
      vertex   4.673462e+01 -8.400000e+01 1.735398e+01
      vertex   4.673944e+01 -8.399519e+01 1.725596e+01
    endloop
  endfacet
  facet normal 9.891765e-01 0.000000e+00 1.467305e-01
    outer loop
      vertex   4.673944e+01 -8.200482e+01 1.725596e+01
      vertex   4.673944e+01 -8.399519e+01 1.725596e+01
      vertex   4.675384e+01 -8.201922e+01 1.715889e+01
    endloop
  endfacet
  facet normal 9.891765e-01 0.000000e+00 1.467305e-01
    outer loop
      vertex   4.675384e+01 -8.201922e+01 1.715889e+01
      vertex   4.673944e+01 -8.399519e+01 1.725596e+01
      vertex   4.675384e+01 -8.398079e+01 1.715889e+01
    endloop
  endfacet
  facet normal 9.569403e-01 0.000000e+00 2.902847e-01
    outer loop
      vertex   4.675384e+01 -8.201922e+01 1.715889e+01
      vertex   4.675384e+01 -8.398079e+01 1.715889e+01
      vertex   4.681074e+01 -8.392388e+01 1.697129e+01
    endloop
  endfacet
  facet normal 9.569403e-01 0.000000e+00 2.902847e-01
    outer loop
      vertex   4.675384e+01 -8.201922e+01 1.715889e+01
      vertex   4.681074e+01 -8.392388e+01 1.697129e+01
      vertex   4.681074e+01 -8.207612e+01 1.697129e+01
    endloop
  endfacet
  facet normal 8.819213e-01 0.000000e+00 4.713967e-01
    outer loop
      vertex   4.681074e+01 -8.207612e+01 1.697129e+01
      vertex   4.681074e+01 -8.392388e+01 1.697129e+01
      vertex   4.690315e+01 -8.383147e+01 1.679841e+01
    endloop
  endfacet
  facet normal 8.819213e-01 0.000000e+00 4.713967e-01
    outer loop
      vertex   4.681074e+01 -8.207612e+01 1.697129e+01
      vertex   4.690315e+01 -8.383147e+01 1.679841e+01
      vertex   4.690315e+01 -8.216853e+01 1.679841e+01
    endloop
  endfacet
  facet normal 7.730105e-01 0.000000e+00 6.343933e-01
    outer loop
      vertex   4.690315e+01 -8.216853e+01 1.679841e+01
      vertex   4.690315e+01 -8.383147e+01 1.679841e+01
      vertex   4.702752e+01 -8.229289e+01 1.664687e+01
    endloop
  endfacet
  facet normal 7.730105e-01 0.000000e+00 6.343933e-01
    outer loop
      vertex   4.702752e+01 -8.229289e+01 1.664687e+01
      vertex   4.690315e+01 -8.383147e+01 1.679841e+01
      vertex   4.702752e+01 -8.370711e+01 1.664687e+01
    endloop
  endfacet
  facet normal 6.343933e-01 0.000000e+00 7.730105e-01
    outer loop
      vertex   4.702752e+01 -8.229289e+01 1.664687e+01
      vertex   4.702752e+01 -8.370711e+01 1.664687e+01
      vertex   4.717905e+01 -8.244443e+01 1.652251e+01
    endloop
  endfacet
  facet normal 6.343933e-01 0.000000e+00 7.730105e-01
    outer loop
      vertex   4.717905e+01 -8.244443e+01 1.652251e+01
      vertex   4.702752e+01 -8.370711e+01 1.664687e+01
      vertex   4.717905e+01 -8.355557e+01 1.652251e+01
    endloop
  endfacet
  facet normal 4.713967e-01 0.000000e+00 8.819213e-01
    outer loop
      vertex   4.717905e+01 -8.244443e+01 1.652251e+01
      vertex   4.717905e+01 -8.355557e+01 1.652251e+01
      vertex   4.735194e+01 -8.338268e+01 1.643010e+01
    endloop
  endfacet
  facet normal 4.713967e-01 0.000000e+00 8.819213e-01
    outer loop
      vertex   4.717905e+01 -8.244443e+01 1.652251e+01
      vertex   4.735194e+01 -8.338268e+01 1.643010e+01
      vertex   4.735194e+01 -8.261732e+01 1.643010e+01
    endloop
  endfacet
  facet normal 2.902847e-01 0.000000e+00 9.569403e-01
    outer loop
      vertex   4.735194e+01 -8.261732e+01 1.643010e+01
      vertex   4.735194e+01 -8.338268e+01 1.643010e+01
      vertex   4.753953e+01 -8.319509e+01 1.637319e+01
    endloop
  endfacet
  facet normal 2.902847e-01 0.000000e+00 9.569403e-01
    outer loop
      vertex   4.735194e+01 -8.261732e+01 1.643010e+01
      vertex   4.753953e+01 -8.319509e+01 1.637319e+01
      vertex   4.753953e+01 -8.280491e+01 1.637319e+01
    endloop
  endfacet
  facet normal 9.801714e-02 0.000000e+00 9.951847e-01
    outer loop
      vertex   4.753953e+01 -8.280491e+01 1.637319e+01
      vertex   4.753953e+01 -8.319509e+01 1.637319e+01
      vertex   4.773462e+01 -8.300000e+01 1.635398e+01
    endloop
  endfacet
  facet normal -4.277579e-03 -9.987966e-01 4.885759e-02
    outer loop
      vertex   4.673944e+01 -8.200482e+01 1.725596e+01
      vertex   5.173462e+01 -8.203407e+01 1.709516e+01
      vertex   4.673462e+01 -8.200000e+01 1.735398e+01
    endloop
  endfacet
  facet normal 0.000000e+00 -9.914449e-01 1.305262e-01
    outer loop
      vertex   4.673462e+01 -8.200000e+01 1.735398e+01
      vertex   5.173462e+01 -8.203407e+01 1.709516e+01
      vertex   5.673462e+01 -8.203407e+01 1.709516e+01
    endloop
  endfacet
  facet normal 4.934778e-04 -9.888002e-01 1.492445e-01
    outer loop
      vertex   4.673462e+01 -8.200000e+01 1.735398e+01
      vertex   5.673462e+01 -8.203407e+01 1.709516e+01
      vertex   6.672981e+01 -8.200482e+01 1.725596e+01
    endloop
  endfacet
  facet normal 0.000000e+00 -9.838460e-01 1.790169e-01
    outer loop
      vertex   6.672981e+01 -8.200482e+01 1.725596e+01
      vertex   5.673462e+01 -8.203407e+01 1.709516e+01
      vertex   6.173462e+01 -8.203407e+01 1.709516e+01
    endloop
  endfacet
  facet normal 1.075728e-03 -9.891991e-01 1.465743e-01
    outer loop
      vertex   6.672981e+01 -8.200482e+01 1.725596e+01
      vertex   6.173462e+01 -8.203407e+01 1.709516e+01
      vertex   6.671541e+01 -8.201922e+01 1.715889e+01
    endloop
  endfacet
  facet normal -8.625565e-04 -9.568673e-01 2.905242e-01
    outer loop
      vertex   6.671541e+01 -8.201922e+01 1.715889e+01
      vertex   6.173462e+01 -8.203407e+01 1.709516e+01
      vertex   6.665850e+01 -8.207612e+01 1.697129e+01
    endloop
  endfacet
  facet normal 1.737477e-03 -9.238781e-01 3.826829e-01
    outer loop
      vertex   6.665850e+01 -8.207612e+01 1.697129e+01
      vertex   6.173462e+01 -8.203407e+01 1.709516e+01
      vertex   6.173462e+01 -8.213398e+01 1.685398e+01
    endloop
  endfacet
  facet normal -8.802217e-04 -8.817252e-01 4.717625e-01
    outer loop
      vertex   6.665850e+01 -8.207612e+01 1.697129e+01
      vertex   6.173462e+01 -8.213398e+01 1.685398e+01
      vertex   6.656609e+01 -8.216853e+01 1.679841e+01
    endloop
  endfacet
  facet normal 1.327558e-03 -7.933526e-01 6.087609e-01
    outer loop
      vertex   6.656609e+01 -8.216853e+01 1.679841e+01
      vertex   6.173462e+01 -8.213398e+01 1.685398e+01
      vertex   6.173462e+01 -8.229289e+01 1.664687e+01
    endloop
  endfacet
  facet normal 0.000000e+00 -7.730105e-01 6.343933e-01
    outer loop
      vertex   6.656609e+01 -8.216853e+01 1.679841e+01
      vertex   6.173462e+01 -8.229289e+01 1.664687e+01
      vertex   6.644173e+01 -8.229289e+01 1.664687e+01
    endloop
  endfacet
  facet normal 0.000000e+00 -6.343933e-01 7.730105e-01
    outer loop
      vertex   6.644173e+01 -8.229289e+01 1.664687e+01
      vertex   6.173462e+01 -8.229289e+01 1.664687e+01
      vertex   6.629019e+01 -8.244443e+01 1.652251e+01
    endloop
  endfacet
  facet normal 1.407959e-03 -6.087608e-01 7.933526e-01
    outer loop
      vertex   6.629019e+01 -8.244443e+01 1.652251e+01
      vertex   6.173462e+01 -8.229289e+01 1.664687e+01
      vertex   6.173462e+01 -8.250000e+01 1.648795e+01
    endloop
  endfacet
  facet normal -9.515060e-04 -4.706563e-01 8.823161e-01
    outer loop
      vertex   6.629019e+01 -8.244443e+01 1.652251e+01
      vertex   6.173462e+01 -8.250000e+01 1.648795e+01
      vertex   6.611731e+01 -8.261732e+01 1.643010e+01
    endloop
  endfacet
  facet normal 1.952028e-03 -3.826827e-01 9.238778e-01
    outer loop
      vertex   6.611731e+01 -8.261732e+01 1.643010e+01
      vertex   6.173462e+01 -8.250000e+01 1.648795e+01
      vertex   6.173462e+01 -8.274118e+01 1.638805e+01
    endloop
  endfacet
  facet normal -1.005233e-03 -2.893639e-01 9.572186e-01
    outer loop
      vertex   6.611731e+01 -8.261732e+01 1.643010e+01
      vertex   6.173462e+01 -8.274118e+01 1.638805e+01
      vertex   6.592971e+01 -8.280491e+01 1.637319e+01
    endloop
  endfacet
  facet normal 2.005176e-03 -1.000027e-01 9.949851e-01
    outer loop
      vertex   6.592971e+01 -8.280491e+01 1.637319e+01
      vertex   6.173462e+01 -8.274118e+01 1.638805e+01
      vertex   6.573462e+01 -8.300000e+01 1.635398e+01
    endloop
  endfacet
  facet normal 0.000000e+00 -1.305262e-01 9.914449e-01
    outer loop
      vertex   6.573462e+01 -8.300000e+01 1.635398e+01
      vertex   6.173462e+01 -8.274118e+01 1.638805e+01
      vertex   5.673462e+01 -8.274118e+01 1.638805e+01
    endloop
  endfacet
  facet normal 0.000000e+00 -1.305262e-01 9.914449e-01
    outer loop
      vertex   6.573462e+01 -8.300000e+01 1.635398e+01
      vertex   5.673462e+01 -8.274118e+01 1.638805e+01
      vertex   5.173462e+01 -8.274118e+01 1.638805e+01
    endloop
  endfacet
  facet normal 0.000000e+00 -3.826834e-01 9.238795e-01
    outer loop
      vertex   5.173462e+01 -8.274118e+01 1.638805e+01
      vertex   5.673462e+01 -8.274118e+01 1.638805e+01
      vertex   5.173462e+01 -8.250000e+01 1.648795e+01
    endloop
  endfacet
  facet normal -1.952028e-03 -3.826827e-01 9.238778e-01
    outer loop
      vertex   5.173462e+01 -8.274118e+01 1.638805e+01
      vertex   5.173462e+01 -8.250000e+01 1.648795e+01
      vertex   4.735194e+01 -8.261732e+01 1.643010e+01
    endloop
  endfacet
  facet normal 9.515060e-04 -4.706563e-01 8.823161e-01
    outer loop
      vertex   4.735194e+01 -8.261732e+01 1.643010e+01
      vertex   5.173462e+01 -8.250000e+01 1.648795e+01
      vertex   4.717905e+01 -8.244443e+01 1.652251e+01
    endloop
  endfacet
  facet normal -1.407959e-03 -6.087608e-01 7.933526e-01
    outer loop
      vertex   4.717905e+01 -8.244443e+01 1.652251e+01
      vertex   5.173462e+01 -8.250000e+01 1.648795e+01
      vertex   5.173462e+01 -8.229289e+01 1.664687e+01
    endloop
  endfacet
  facet normal 0.000000e+00 -6.343933e-01 7.730105e-01
    outer loop
      vertex   4.717905e+01 -8.244443e+01 1.652251e+01
      vertex   5.173462e+01 -8.229289e+01 1.664687e+01
      vertex   4.702752e+01 -8.229289e+01 1.664687e+01
    endloop
  endfacet
  facet normal 0.000000e+00 -7.730105e-01 6.343933e-01
    outer loop
      vertex   4.702752e+01 -8.229289e+01 1.664687e+01
      vertex   5.173462e+01 -8.229289e+01 1.664687e+01
      vertex   4.690315e+01 -8.216853e+01 1.679841e+01
    endloop
  endfacet
  facet normal -1.327558e-03 -7.933526e-01 6.087609e-01
    outer loop
      vertex   4.690315e+01 -8.216853e+01 1.679841e+01
      vertex   5.173462e+01 -8.229289e+01 1.664687e+01
      vertex   5.173462e+01 -8.213398e+01 1.685398e+01
    endloop
  endfacet
  facet normal 8.802217e-04 -8.817252e-01 4.717625e-01
    outer loop
      vertex   4.690315e+01 -8.216853e+01 1.679841e+01
      vertex   5.173462e+01 -8.213398e+01 1.685398e+01
      vertex   4.681074e+01 -8.207612e+01 1.697129e+01
    endloop
  endfacet
  facet normal -1.737477e-03 -9.238781e-01 3.826829e-01
    outer loop
      vertex   4.681074e+01 -8.207612e+01 1.697129e+01
      vertex   5.173462e+01 -8.213398e+01 1.685398e+01
      vertex   5.173462e+01 -8.203407e+01 1.709516e+01
    endloop
  endfacet
  facet normal 8.625565e-04 -9.568673e-01 2.905242e-01
    outer loop
      vertex   4.681074e+01 -8.207612e+01 1.697129e+01
      vertex   5.173462e+01 -8.203407e+01 1.709516e+01
      vertex   4.675384e+01 -8.201922e+01 1.715889e+01
    endloop
  endfacet
  facet normal -1.075728e-03 -9.891991e-01 1.465743e-01
    outer loop
      vertex   4.675384e+01 -8.201922e+01 1.715889e+01
      vertex   5.173462e+01 -8.203407e+01 1.709516e+01
      vertex   4.673944e+01 -8.200482e+01 1.725596e+01
    endloop
  endfacet
  facet normal 1.005233e-03 -2.893639e-01 9.572186e-01
    outer loop
      vertex   4.735194e+01 -8.261732e+01 1.643010e+01
      vertex   4.753953e+01 -8.280491e+01 1.637319e+01
      vertex   5.173462e+01 -8.274118e+01 1.638805e+01
    endloop
  endfacet
  facet normal -8.335065e-04 -1.747135e-01 9.846190e-01
    outer loop
      vertex   5.173462e+01 -8.274118e+01 1.638805e+01
      vertex   4.753953e+01 -8.280491e+01 1.637319e+01
      vertex   6.573462e+01 -8.300000e+01 1.635398e+01
    endloop
  endfacet
  facet normal 0.000000e+00 -9.801714e-02 9.951847e-01
    outer loop
      vertex   4.753953e+01 -8.280491e+01 1.637319e+01
      vertex   4.773462e+01 -8.300000e+01 1.635398e+01
      vertex   6.573462e+01 -8.300000e+01 1.635398e+01
    endloop
  endfacet
  facet normal 0.000000e+00 -9.987955e-01 4.906767e-02
    outer loop
      vertex   6.672981e+01 -8.200482e+01 1.725596e+01
      vertex   6.673462e+01 -8.200000e+01 1.735398e+01
      vertex   4.673462e+01 -8.200000e+01 1.735398e+01
    endloop
  endfacet
  facet normal 0.000000e+00 -9.238795e-01 3.826834e-01
    outer loop
      vertex   6.173462e+01 -8.213398e+01 1.685398e+01
      vertex   6.173462e+01 -8.203407e+01 1.709516e+01
      vertex   5.673462e+01 -8.203407e+01 1.709516e+01
    endloop
  endfacet
  facet normal 0.000000e+00 -9.238795e-01 3.826834e-01
    outer loop
      vertex   5.673462e+01 -8.203407e+01 1.709516e+01
      vertex   5.173462e+01 -8.203407e+01 1.709516e+01
      vertex   5.673462e+01 -8.213398e+01 1.685398e+01
    endloop
  endfacet
  facet normal 0.000000e+00 -9.238795e-01 3.826834e-01
    outer loop
      vertex   5.673462e+01 -8.213398e+01 1.685398e+01
      vertex   5.173462e+01 -8.203407e+01 1.709516e+01
      vertex   5.173462e+01 -8.213398e+01 1.685398e+01
    endloop
  endfacet
  facet normal 0.000000e+00 -7.933533e-01 6.087614e-01
    outer loop
      vertex   5.673462e+01 -8.213398e+01 1.685398e+01
      vertex   5.173462e+01 -8.213398e+01 1.685398e+01
      vertex   5.673462e+01 -8.229289e+01 1.664687e+01
    endloop
  endfacet
  facet normal 0.000000e+00 -7.933533e-01 6.087614e-01
    outer loop
      vertex   5.673462e+01 -8.229289e+01 1.664687e+01
      vertex   5.173462e+01 -8.213398e+01 1.685398e+01
      vertex   5.173462e+01 -8.229289e+01 1.664687e+01
    endloop
  endfacet
  facet normal 0.000000e+00 -6.087614e-01 7.933533e-01
    outer loop
      vertex   5.673462e+01 -8.229289e+01 1.664687e+01
      vertex   5.173462e+01 -8.229289e+01 1.664687e+01
      vertex   5.673462e+01 -8.250000e+01 1.648795e+01
    endloop
  endfacet
  facet normal 0.000000e+00 -6.087614e-01 7.933533e-01
    outer loop
      vertex   5.673462e+01 -8.250000e+01 1.648795e+01
      vertex   5.173462e+01 -8.229289e+01 1.664687e+01
      vertex   5.173462e+01 -8.250000e+01 1.648795e+01
    endloop
  endfacet
  facet normal 0.000000e+00 -3.826834e-01 9.238795e-01
    outer loop
      vertex   5.673462e+01 -8.250000e+01 1.648795e+01
      vertex   5.173462e+01 -8.250000e+01 1.648795e+01
      vertex   5.673462e+01 -8.274118e+01 1.638805e+01
    endloop
  endfacet
  facet normal 0.000000e+00 -7.933533e-01 6.087614e-01
    outer loop
      vertex   6.173462e+01 -8.229289e+01 1.664687e+01
      vertex   6.173462e+01 -8.213398e+01 1.685398e+01
      vertex   5.673462e+01 -8.213398e+01 1.685398e+01
    endloop
  endfacet
  facet normal 0.000000e+00 -9.238795e-01 3.826834e-01
    outer loop
      vertex   5.673462e+01 -8.213398e+01 1.685398e+01
      vertex   6.173462e+01 -8.213398e+01 1.685398e+01
      vertex   5.673462e+01 -8.203407e+01 1.709516e+01
    endloop
  endfacet
  facet normal 0.000000e+00 -7.933533e-01 6.087614e-01
    outer loop
      vertex   6.173462e+01 -8.229289e+01 1.664687e+01
      vertex   5.673462e+01 -8.213398e+01 1.685398e+01
      vertex   5.673462e+01 -8.229289e+01 1.664687e+01
    endloop
  endfacet
  facet normal 0.000000e+00 -6.087614e-01 7.933533e-01
    outer loop
      vertex   6.173462e+01 -8.250000e+01 1.648795e+01
      vertex   6.173462e+01 -8.229289e+01 1.664687e+01
      vertex   5.673462e+01 -8.229289e+01 1.664687e+01
    endloop
  endfacet
  facet normal 0.000000e+00 -6.087614e-01 7.933533e-01
    outer loop
      vertex   6.173462e+01 -8.250000e+01 1.648795e+01
      vertex   5.673462e+01 -8.229289e+01 1.664687e+01
      vertex   5.673462e+01 -8.250000e+01 1.648795e+01
    endloop
  endfacet
  facet normal 0.000000e+00 -3.826834e-01 9.238795e-01
    outer loop
      vertex   6.173462e+01 -8.274118e+01 1.638805e+01
      vertex   6.173462e+01 -8.250000e+01 1.648795e+01
      vertex   5.673462e+01 -8.250000e+01 1.648795e+01
    endloop
  endfacet
  facet normal 0.000000e+00 -3.826834e-01 9.238795e-01
    outer loop
      vertex   6.173462e+01 -8.274118e+01 1.638805e+01
      vertex   5.673462e+01 -8.250000e+01 1.648795e+01
      vertex   5.673462e+01 -8.274118e+01 1.638805e+01
    endloop
  endfacet
  facet normal -9.801714e-02 0.000000e+00 9.951847e-01
    outer loop
      vertex   6.573462e+01 -8.300000e+01 1.635398e+01
      vertex   6.592971e+01 -8.319509e+01 1.637319e+01
      vertex   6.592971e+01 -8.280491e+01 1.637319e+01
    endloop
  endfacet
  facet normal -2.902847e-01 0.000000e+00 9.569403e-01
    outer loop
      vertex   6.592971e+01 -8.280491e+01 1.637319e+01
      vertex   6.592971e+01 -8.319509e+01 1.637319e+01
      vertex   6.611731e+01 -8.338268e+01 1.643010e+01
    endloop
  endfacet
  facet normal -2.902847e-01 0.000000e+00 9.569403e-01
    outer loop
      vertex   6.592971e+01 -8.280491e+01 1.637319e+01
      vertex   6.611731e+01 -8.338268e+01 1.643010e+01
      vertex   6.611731e+01 -8.261732e+01 1.643010e+01
    endloop
  endfacet
  facet normal -4.713967e-01 0.000000e+00 8.819213e-01
    outer loop
      vertex   6.611731e+01 -8.261732e+01 1.643010e+01
      vertex   6.611731e+01 -8.338268e+01 1.643010e+01
      vertex   6.629019e+01 -8.355557e+01 1.652251e+01
    endloop
  endfacet
  facet normal -4.713967e-01 0.000000e+00 8.819213e-01
    outer loop
      vertex   6.611731e+01 -8.261732e+01 1.643010e+01
      vertex   6.629019e+01 -8.355557e+01 1.652251e+01
      vertex   6.629019e+01 -8.244443e+01 1.652251e+01
    endloop
  endfacet
  facet normal -6.343933e-01 0.000000e+00 7.730105e-01
    outer loop
      vertex   6.629019e+01 -8.244443e+01 1.652251e+01
      vertex   6.629019e+01 -8.355557e+01 1.652251e+01
      vertex   6.644173e+01 -8.229289e+01 1.664687e+01
    endloop
  endfacet
  facet normal -6.343933e-01 0.000000e+00 7.730105e-01
    outer loop
      vertex   6.644173e+01 -8.229289e+01 1.664687e+01
      vertex   6.629019e+01 -8.355557e+01 1.652251e+01
      vertex   6.644173e+01 -8.370711e+01 1.664687e+01
    endloop
  endfacet
  facet normal -7.730105e-01 0.000000e+00 6.343933e-01
    outer loop
      vertex   6.644173e+01 -8.229289e+01 1.664687e+01
      vertex   6.644173e+01 -8.370711e+01 1.664687e+01
      vertex   6.656609e+01 -8.216853e+01 1.679841e+01
    endloop
  endfacet
  facet normal -7.730105e-01 0.000000e+00 6.343933e-01
    outer loop
      vertex   6.656609e+01 -8.216853e+01 1.679841e+01
      vertex   6.644173e+01 -8.370711e+01 1.664687e+01
      vertex   6.656609e+01 -8.383147e+01 1.679841e+01
    endloop
  endfacet
  facet normal -8.819213e-01 0.000000e+00 4.713967e-01
    outer loop
      vertex   6.656609e+01 -8.216853e+01 1.679841e+01
      vertex   6.656609e+01 -8.383147e+01 1.679841e+01
      vertex   6.665850e+01 -8.392388e+01 1.697129e+01
    endloop
  endfacet
  facet normal -8.819213e-01 0.000000e+00 4.713967e-01
    outer loop
      vertex   6.656609e+01 -8.216853e+01 1.679841e+01
      vertex   6.665850e+01 -8.392388e+01 1.697129e+01
      vertex   6.665850e+01 -8.207612e+01 1.697129e+01
    endloop
  endfacet
  facet normal -9.569403e-01 0.000000e+00 2.902847e-01
    outer loop
      vertex   6.665850e+01 -8.207612e+01 1.697129e+01
      vertex   6.665850e+01 -8.392388e+01 1.697129e+01
      vertex   6.671541e+01 -8.398079e+01 1.715889e+01
    endloop
  endfacet
  facet normal -9.569403e-01 0.000000e+00 2.902847e-01
    outer loop
      vertex   6.665850e+01 -8.207612e+01 1.697129e+01
      vertex   6.671541e+01 -8.398079e+01 1.715889e+01
      vertex   6.671541e+01 -8.201922e+01 1.715889e+01
    endloop
  endfacet
  facet normal -9.891765e-01 0.000000e+00 1.467305e-01
    outer loop
      vertex   6.671541e+01 -8.201922e+01 1.715889e+01
      vertex   6.671541e+01 -8.398079e+01 1.715889e+01
      vertex   6.672981e+01 -8.200482e+01 1.725596e+01
    endloop
  endfacet
  facet normal -9.891765e-01 0.000000e+00 1.467305e-01
    outer loop
      vertex   6.672981e+01 -8.200482e+01 1.725596e+01
      vertex   6.671541e+01 -8.398079e+01 1.715889e+01
      vertex   6.672981e+01 -8.399519e+01 1.725596e+01
    endloop
  endfacet
  facet normal -9.987955e-01 0.000000e+00 4.906767e-02
    outer loop
      vertex   6.672981e+01 -8.200482e+01 1.725596e+01
      vertex   6.672981e+01 -8.399519e+01 1.725596e+01
      vertex   6.673462e+01 -8.200000e+01 1.735398e+01
    endloop
  endfacet
  facet normal -9.987955e-01 0.000000e+00 4.906767e-02
    outer loop
      vertex   6.673462e+01 -8.200000e+01 1.735398e+01
      vertex   6.672981e+01 -8.399519e+01 1.725596e+01
      vertex   6.673462e+01 -8.400000e+01 1.735398e+01
    endloop
  endfacet
  facet normal 0.000000e+00 1.000000e+00 -0.000000e+00
    outer loop
      vertex   6.673462e+01 -8.400000e+01 1.735398e+01
      vertex   4.673462e+01 -8.400000e+01 1.735398e+01
      vertex   6.673462e+01 -8.400000e+01 2.135398e+01
    endloop
  endfacet
  facet normal 0.000000e+00 1.000000e+00 0.000000e+00
    outer loop
      vertex   6.673462e+01 -8.400000e+01 2.135398e+01
      vertex   4.673462e+01 -8.400000e+01 1.735398e+01
      vertex   4.673462e+01 -8.400000e+01 2.135398e+01
    endloop
  endfacet
  facet normal -1.000000e+00 0.000000e+00 0.000000e+00
    outer loop
      vertex   6.673462e+01 -8.200000e+01 1.735398e+01
      vertex   6.673462e+01 -8.400000e+01 1.735398e+01
      vertex   6.673462e+01 -8.200000e+01 2.135398e+01
    endloop
  endfacet
  facet normal -1.000000e+00 -0.000000e+00 0.000000e+00
    outer loop
      vertex   6.673462e+01 -8.200000e+01 2.135398e+01
      vertex   6.673462e+01 -8.400000e+01 1.735398e+01
      vertex   6.673462e+01 -8.400000e+01 2.135398e+01
    endloop
  endfacet
  facet normal 0.000000e+00 9.801713e-02 9.951847e-01
    outer loop
      vertex   6.573462e+01 -5.200000e+01 1.635398e+01
      vertex   4.773462e+01 -5.200000e+01 1.635398e+01
      vertex   6.592971e+01 -5.219509e+01 1.637319e+01
    endloop
  endfacet
  facet normal 8.335065e-04 1.747134e-01 9.846190e-01
    outer loop
      vertex   6.592971e+01 -5.219509e+01 1.637319e+01
      vertex   4.773462e+01 -5.200000e+01 1.635398e+01
      vertex   6.173462e+01 -5.225882e+01 1.638805e+01
    endloop
  endfacet
  facet normal -1.005233e-03 2.893639e-01 9.572186e-01
    outer loop
      vertex   6.592971e+01 -5.219509e+01 1.637319e+01
      vertex   6.173462e+01 -5.225882e+01 1.638805e+01
      vertex   6.611731e+01 -5.238268e+01 1.643010e+01
    endloop
  endfacet
  facet normal 1.952028e-03 3.826827e-01 9.238778e-01
    outer loop
      vertex   6.611731e+01 -5.238268e+01 1.643010e+01
      vertex   6.173462e+01 -5.225882e+01 1.638805e+01
      vertex   6.173462e+01 -5.250000e+01 1.648795e+01
    endloop
  endfacet
  facet normal -9.515061e-04 4.706563e-01 8.823161e-01
    outer loop
      vertex   6.611731e+01 -5.238268e+01 1.643010e+01
      vertex   6.173462e+01 -5.250000e+01 1.648795e+01
      vertex   6.629019e+01 -5.255557e+01 1.652251e+01
    endloop
  endfacet
  facet normal 1.407959e-03 6.087608e-01 7.933526e-01
    outer loop
      vertex   6.629019e+01 -5.255557e+01 1.652251e+01
      vertex   6.173462e+01 -5.250000e+01 1.648795e+01
      vertex   6.173462e+01 -5.270711e+01 1.664687e+01
    endloop
  endfacet
  facet normal 0.000000e+00 6.343933e-01 7.730105e-01
    outer loop
      vertex   6.629019e+01 -5.255557e+01 1.652251e+01
      vertex   6.173462e+01 -5.270711e+01 1.664687e+01
      vertex   6.644173e+01 -5.270711e+01 1.664687e+01
    endloop
  endfacet
  facet normal 0.000000e+00 7.730105e-01 6.343933e-01
    outer loop
      vertex   6.644173e+01 -5.270711e+01 1.664687e+01
      vertex   6.173462e+01 -5.270711e+01 1.664687e+01
      vertex   6.656609e+01 -5.283147e+01 1.679841e+01
    endloop
  endfacet
  facet normal 1.327558e-03 7.933526e-01 6.087609e-01
    outer loop
      vertex   6.656609e+01 -5.283147e+01 1.679841e+01
      vertex   6.173462e+01 -5.270711e+01 1.664687e+01
      vertex   6.173462e+01 -5.286603e+01 1.685398e+01
    endloop
  endfacet
  facet normal -8.802217e-04 8.817252e-01 4.717625e-01
    outer loop
      vertex   6.656609e+01 -5.283147e+01 1.679841e+01
      vertex   6.173462e+01 -5.286603e+01 1.685398e+01
      vertex   6.665850e+01 -5.292388e+01 1.697129e+01
    endloop
  endfacet
  facet normal 1.737477e-03 9.238781e-01 3.826829e-01
    outer loop
      vertex   6.665850e+01 -5.292388e+01 1.697129e+01
      vertex   6.173462e+01 -5.286603e+01 1.685398e+01
      vertex   6.173462e+01 -5.296593e+01 1.709516e+01
    endloop
  endfacet
  facet normal -8.625565e-04 9.568673e-01 2.905242e-01
    outer loop
      vertex   6.665850e+01 -5.292388e+01 1.697129e+01
      vertex   6.173462e+01 -5.296593e+01 1.709516e+01
      vertex   6.671541e+01 -5.298079e+01 1.715889e+01
    endloop
  endfacet
  facet normal 1.075728e-03 9.891991e-01 1.465743e-01
    outer loop
      vertex   6.671541e+01 -5.298079e+01 1.715889e+01
      vertex   6.173462e+01 -5.296593e+01 1.709516e+01
      vertex   6.672981e+01 -5.299519e+01 1.725596e+01
    endloop
  endfacet
  facet normal 4.277579e-03 9.987966e-01 4.885759e-02
    outer loop
      vertex   6.672981e+01 -5.299519e+01 1.725596e+01
      vertex   6.173462e+01 -5.296593e+01 1.709516e+01
      vertex   6.673462e+01 -5.300000e+01 1.735398e+01
    endloop
  endfacet
  facet normal 0.000000e+00 9.914449e-01 1.305262e-01
    outer loop
      vertex   6.673462e+01 -5.300000e+01 1.735398e+01
      vertex   6.173462e+01 -5.296593e+01 1.709516e+01
      vertex   5.673462e+01 -5.296593e+01 1.709516e+01
    endloop
  endfacet
  facet normal -4.934778e-04 9.888002e-01 1.492445e-01
    outer loop
      vertex   6.673462e+01 -5.300000e+01 1.735398e+01
      vertex   5.673462e+01 -5.296593e+01 1.709516e+01
      vertex   4.673944e+01 -5.299519e+01 1.725596e+01
    endloop
  endfacet
  facet normal 0.000000e+00 9.838460e-01 1.790169e-01
    outer loop
      vertex   4.673944e+01 -5.299519e+01 1.725596e+01
      vertex   5.673462e+01 -5.296593e+01 1.709516e+01
      vertex   5.173462e+01 -5.296593e+01 1.709516e+01
    endloop
  endfacet
  facet normal -1.075728e-03 9.891991e-01 1.465743e-01
    outer loop
      vertex   4.673944e+01 -5.299519e+01 1.725596e+01
      vertex   5.173462e+01 -5.296593e+01 1.709516e+01
      vertex   4.675384e+01 -5.298079e+01 1.715889e+01
    endloop
  endfacet
  facet normal 8.625565e-04 9.568673e-01 2.905242e-01
    outer loop
      vertex   4.675384e+01 -5.298079e+01 1.715889e+01
      vertex   5.173462e+01 -5.296593e+01 1.709516e+01
      vertex   4.681074e+01 -5.292388e+01 1.697129e+01
    endloop
  endfacet
  facet normal -1.737477e-03 9.238781e-01 3.826829e-01
    outer loop
      vertex   4.681074e+01 -5.292388e+01 1.697129e+01
      vertex   5.173462e+01 -5.296593e+01 1.709516e+01
      vertex   5.173462e+01 -5.286603e+01 1.685398e+01
    endloop
  endfacet
  facet normal 8.802217e-04 8.817252e-01 4.717625e-01
    outer loop
      vertex   4.681074e+01 -5.292388e+01 1.697129e+01
      vertex   5.173462e+01 -5.286603e+01 1.685398e+01
      vertex   4.690315e+01 -5.283147e+01 1.679841e+01
    endloop
  endfacet
  facet normal -1.327558e-03 7.933526e-01 6.087609e-01
    outer loop
      vertex   4.690315e+01 -5.283147e+01 1.679841e+01
      vertex   5.173462e+01 -5.286603e+01 1.685398e+01
      vertex   5.173462e+01 -5.270711e+01 1.664687e+01
    endloop
  endfacet
  facet normal 0.000000e+00 7.730105e-01 6.343933e-01
    outer loop
      vertex   4.690315e+01 -5.283147e+01 1.679841e+01
      vertex   5.173462e+01 -5.270711e+01 1.664687e+01
      vertex   4.702752e+01 -5.270711e+01 1.664687e+01
    endloop
  endfacet
  facet normal -0.000000e+00 6.343933e-01 7.730105e-01
    outer loop
      vertex   4.702752e+01 -5.270711e+01 1.664687e+01
      vertex   5.173462e+01 -5.270711e+01 1.664687e+01
      vertex   4.717905e+01 -5.255557e+01 1.652251e+01
    endloop
  endfacet
  facet normal -1.407959e-03 6.087608e-01 7.933526e-01
    outer loop
      vertex   4.717905e+01 -5.255557e+01 1.652251e+01
      vertex   5.173462e+01 -5.270711e+01 1.664687e+01
      vertex   5.173462e+01 -5.250000e+01 1.648795e+01
    endloop
  endfacet
  facet normal 9.515061e-04 4.706563e-01 8.823161e-01
    outer loop
      vertex   4.717905e+01 -5.255557e+01 1.652251e+01
      vertex   5.173462e+01 -5.250000e+01 1.648795e+01
      vertex   4.735194e+01 -5.238268e+01 1.643010e+01
    endloop
  endfacet
  facet normal -1.952028e-03 3.826827e-01 9.238778e-01
    outer loop
      vertex   4.735194e+01 -5.238268e+01 1.643010e+01
      vertex   5.173462e+01 -5.250000e+01 1.648795e+01
      vertex   5.173462e+01 -5.225882e+01 1.638805e+01
    endloop
  endfacet
  facet normal 1.005233e-03 2.893639e-01 9.572186e-01
    outer loop
      vertex   4.735194e+01 -5.238268e+01 1.643010e+01
      vertex   5.173462e+01 -5.225882e+01 1.638805e+01
      vertex   4.753953e+01 -5.219509e+01 1.637319e+01
    endloop
  endfacet
  facet normal -2.005176e-03 1.000027e-01 9.949852e-01
    outer loop
      vertex   4.753953e+01 -5.219509e+01 1.637319e+01
      vertex   5.173462e+01 -5.225882e+01 1.638805e+01
      vertex   4.773462e+01 -5.200000e+01 1.635398e+01
    endloop
  endfacet
  facet normal 0.000000e+00 1.305262e-01 9.914449e-01
    outer loop
      vertex   4.773462e+01 -5.200000e+01 1.635398e+01
      vertex   5.173462e+01 -5.225882e+01 1.638805e+01
      vertex   5.673462e+01 -5.225882e+01 1.638805e+01
    endloop
  endfacet
  facet normal 0.000000e+00 1.305262e-01 9.914449e-01
    outer loop
      vertex   4.773462e+01 -5.200000e+01 1.635398e+01
      vertex   5.673462e+01 -5.225882e+01 1.638805e+01
      vertex   6.173462e+01 -5.225882e+01 1.638805e+01
    endloop
  endfacet
  facet normal 0.000000e+00 3.826834e-01 9.238795e-01
    outer loop
      vertex   6.173462e+01 -5.225882e+01 1.638805e+01
      vertex   5.673462e+01 -5.225882e+01 1.638805e+01
      vertex   6.173462e+01 -5.250000e+01 1.648795e+01
    endloop
  endfacet
  facet normal 0.000000e+00 9.987955e-01 4.906767e-02
    outer loop
      vertex   4.673944e+01 -5.299519e+01 1.725596e+01
      vertex   4.673462e+01 -5.300000e+01 1.735398e+01
      vertex   6.673462e+01 -5.300000e+01 1.735398e+01
    endloop
  endfacet
  facet normal 0.000000e+00 3.826834e-01 9.238795e-01
    outer loop
      vertex   5.673462e+01 -5.225882e+01 1.638805e+01
      vertex   5.173462e+01 -5.225882e+01 1.638805e+01
      vertex   5.673462e+01 -5.250000e+01 1.648795e+01
    endloop
  endfacet
  facet normal 0.000000e+00 3.826834e-01 9.238795e-01
    outer loop
      vertex   5.673462e+01 -5.250000e+01 1.648795e+01
      vertex   5.173462e+01 -5.225882e+01 1.638805e+01
      vertex   5.173462e+01 -5.250000e+01 1.648795e+01
    endloop
  endfacet
  facet normal 0.000000e+00 6.087614e-01 7.933533e-01
    outer loop
      vertex   5.673462e+01 -5.250000e+01 1.648795e+01
      vertex   5.173462e+01 -5.250000e+01 1.648795e+01
      vertex   5.673462e+01 -5.270711e+01 1.664687e+01
    endloop
  endfacet
  facet normal 0.000000e+00 6.087614e-01 7.933533e-01
    outer loop
      vertex   5.673462e+01 -5.270711e+01 1.664687e+01
      vertex   5.173462e+01 -5.250000e+01 1.648795e+01
      vertex   5.173462e+01 -5.270711e+01 1.664687e+01
    endloop
  endfacet
  facet normal 0.000000e+00 7.933533e-01 6.087614e-01
    outer loop
      vertex   5.673462e+01 -5.270711e+01 1.664687e+01
      vertex   5.173462e+01 -5.270711e+01 1.664687e+01
      vertex   5.673462e+01 -5.286603e+01 1.685398e+01
    endloop
  endfacet
  facet normal 0.000000e+00 7.933533e-01 6.087614e-01
    outer loop
      vertex   5.673462e+01 -5.286603e+01 1.685398e+01
      vertex   5.173462e+01 -5.270711e+01 1.664687e+01
      vertex   5.173462e+01 -5.286603e+01 1.685398e+01
    endloop
  endfacet
  facet normal 0.000000e+00 9.238795e-01 3.826834e-01
    outer loop
      vertex   5.673462e+01 -5.286603e+01 1.685398e+01
      vertex   5.173462e+01 -5.286603e+01 1.685398e+01
      vertex   5.673462e+01 -5.296593e+01 1.709516e+01
    endloop
  endfacet
  facet normal 0.000000e+00 9.238795e-01 3.826834e-01
    outer loop
      vertex   5.673462e+01 -5.296593e+01 1.709516e+01
      vertex   5.173462e+01 -5.286603e+01 1.685398e+01
      vertex   5.173462e+01 -5.296593e+01 1.709516e+01
    endloop
  endfacet
  facet normal 0.000000e+00 6.087614e-01 7.933533e-01
    outer loop
      vertex   6.173462e+01 -5.270711e+01 1.664687e+01
      vertex   6.173462e+01 -5.250000e+01 1.648795e+01
      vertex   5.673462e+01 -5.250000e+01 1.648795e+01
    endloop
  endfacet
  facet normal -0.000000e+00 3.826834e-01 9.238795e-01
    outer loop
      vertex   5.673462e+01 -5.250000e+01 1.648795e+01
      vertex   6.173462e+01 -5.250000e+01 1.648795e+01
      vertex   5.673462e+01 -5.225882e+01 1.638805e+01
    endloop
  endfacet
  facet normal 0.000000e+00 6.087614e-01 7.933533e-01
    outer loop
      vertex   6.173462e+01 -5.270711e+01 1.664687e+01
      vertex   5.673462e+01 -5.250000e+01 1.648795e+01
      vertex   5.673462e+01 -5.270711e+01 1.664687e+01
    endloop
  endfacet
  facet normal 0.000000e+00 7.933533e-01 6.087614e-01
    outer loop
      vertex   6.173462e+01 -5.286603e+01 1.685398e+01
      vertex   6.173462e+01 -5.270711e+01 1.664687e+01
      vertex   5.673462e+01 -5.270711e+01 1.664687e+01
    endloop
  endfacet
  facet normal 0.000000e+00 7.933533e-01 6.087614e-01
    outer loop
      vertex   6.173462e+01 -5.286603e+01 1.685398e+01
      vertex   5.673462e+01 -5.270711e+01 1.664687e+01
      vertex   5.673462e+01 -5.286603e+01 1.685398e+01
    endloop
  endfacet
  facet normal 0.000000e+00 9.238795e-01 3.826834e-01
    outer loop
      vertex   6.173462e+01 -5.296593e+01 1.709516e+01
      vertex   6.173462e+01 -5.286603e+01 1.685398e+01
      vertex   5.673462e+01 -5.286603e+01 1.685398e+01
    endloop
  endfacet
  facet normal 0.000000e+00 9.238795e-01 3.826834e-01
    outer loop
      vertex   6.173462e+01 -5.296593e+01 1.709516e+01
      vertex   5.673462e+01 -5.286603e+01 1.685398e+01
      vertex   5.673462e+01 -5.296593e+01 1.709516e+01
    endloop
  endfacet
  facet normal -9.987955e-01 0.000000e+00 4.906767e-02
    outer loop
      vertex   6.673462e+01 -5.300000e+01 1.735398e+01
      vertex   6.673462e+01 -5.100000e+01 1.735398e+01
      vertex   6.672981e+01 -5.299519e+01 1.725596e+01
    endloop
  endfacet
  facet normal -9.987955e-01 0.000000e+00 4.906767e-02
    outer loop
      vertex   6.672981e+01 -5.299519e+01 1.725596e+01
      vertex   6.673462e+01 -5.100000e+01 1.735398e+01
      vertex   6.672981e+01 -5.100482e+01 1.725596e+01
    endloop
  endfacet
  facet normal -9.891765e-01 0.000000e+00 1.467305e-01
    outer loop
      vertex   6.672981e+01 -5.299519e+01 1.725596e+01
      vertex   6.672981e+01 -5.100482e+01 1.725596e+01
      vertex   6.671541e+01 -5.298079e+01 1.715889e+01
    endloop
  endfacet
  facet normal -9.891765e-01 0.000000e+00 1.467305e-01
    outer loop
      vertex   6.671541e+01 -5.298079e+01 1.715889e+01
      vertex   6.672981e+01 -5.100482e+01 1.725596e+01
      vertex   6.671541e+01 -5.101922e+01 1.715889e+01
    endloop
  endfacet
  facet normal -9.569403e-01 0.000000e+00 2.902847e-01
    outer loop
      vertex   6.671541e+01 -5.298079e+01 1.715889e+01
      vertex   6.671541e+01 -5.101922e+01 1.715889e+01
      vertex   6.665850e+01 -5.107612e+01 1.697129e+01
    endloop
  endfacet
  facet normal -9.569403e-01 0.000000e+00 2.902847e-01
    outer loop
      vertex   6.671541e+01 -5.298079e+01 1.715889e+01
      vertex   6.665850e+01 -5.107612e+01 1.697129e+01
      vertex   6.665850e+01 -5.292388e+01 1.697129e+01
    endloop
  endfacet
  facet normal -8.819213e-01 0.000000e+00 4.713967e-01
    outer loop
      vertex   6.665850e+01 -5.292388e+01 1.697129e+01
      vertex   6.665850e+01 -5.107612e+01 1.697129e+01
      vertex   6.656609e+01 -5.116853e+01 1.679841e+01
    endloop
  endfacet
  facet normal -8.819213e-01 0.000000e+00 4.713967e-01
    outer loop
      vertex   6.665850e+01 -5.292388e+01 1.697129e+01
      vertex   6.656609e+01 -5.116853e+01 1.679841e+01
      vertex   6.656609e+01 -5.283147e+01 1.679841e+01
    endloop
  endfacet
  facet normal -7.730105e-01 0.000000e+00 6.343933e-01
    outer loop
      vertex   6.656609e+01 -5.283147e+01 1.679841e+01
      vertex   6.656609e+01 -5.116853e+01 1.679841e+01
      vertex   6.644173e+01 -5.270711e+01 1.664687e+01
    endloop
  endfacet
  facet normal -7.730105e-01 0.000000e+00 6.343933e-01
    outer loop
      vertex   6.644173e+01 -5.270711e+01 1.664687e+01
      vertex   6.656609e+01 -5.116853e+01 1.679841e+01
      vertex   6.644173e+01 -5.129289e+01 1.664687e+01
    endloop
  endfacet
  facet normal -6.343933e-01 0.000000e+00 7.730105e-01
    outer loop
      vertex   6.644173e+01 -5.270711e+01 1.664687e+01
      vertex   6.644173e+01 -5.129289e+01 1.664687e+01
      vertex   6.629019e+01 -5.255557e+01 1.652251e+01
    endloop
  endfacet
  facet normal -6.343933e-01 0.000000e+00 7.730105e-01
    outer loop
      vertex   6.629019e+01 -5.255557e+01 1.652251e+01
      vertex   6.644173e+01 -5.129289e+01 1.664687e+01
      vertex   6.629019e+01 -5.144443e+01 1.652251e+01
    endloop
  endfacet
  facet normal -4.713967e-01 0.000000e+00 8.819213e-01
    outer loop
      vertex   6.629019e+01 -5.255557e+01 1.652251e+01
      vertex   6.629019e+01 -5.144443e+01 1.652251e+01
      vertex   6.611731e+01 -5.161732e+01 1.643010e+01
    endloop
  endfacet
  facet normal -4.713967e-01 0.000000e+00 8.819213e-01
    outer loop
      vertex   6.629019e+01 -5.255557e+01 1.652251e+01
      vertex   6.611731e+01 -5.161732e+01 1.643010e+01
      vertex   6.611731e+01 -5.238268e+01 1.643010e+01
    endloop
  endfacet
  facet normal -2.902847e-01 0.000000e+00 9.569403e-01
    outer loop
      vertex   6.611731e+01 -5.238268e+01 1.643010e+01
      vertex   6.611731e+01 -5.161732e+01 1.643010e+01
      vertex   6.592971e+01 -5.180491e+01 1.637319e+01
    endloop
  endfacet
  facet normal -2.902847e-01 0.000000e+00 9.569403e-01
    outer loop
      vertex   6.611731e+01 -5.238268e+01 1.643010e+01
      vertex   6.592971e+01 -5.180491e+01 1.637319e+01
      vertex   6.592971e+01 -5.219509e+01 1.637319e+01
    endloop
  endfacet
  facet normal -9.801714e-02 0.000000e+00 9.951847e-01
    outer loop
      vertex   6.592971e+01 -5.219509e+01 1.637319e+01
      vertex   6.592971e+01 -5.180491e+01 1.637319e+01
      vertex   6.573462e+01 -5.200000e+01 1.635398e+01
    endloop
  endfacet
  facet normal 0.000000e+00 -9.801713e-02 9.951847e-01
    outer loop
      vertex   4.773462e+01 -5.200000e+01 1.635398e+01
      vertex   6.573462e+01 -5.200000e+01 1.635398e+01
      vertex   4.753953e+01 -5.180491e+01 1.637319e+01
    endloop
  endfacet
  facet normal -8.335065e-04 -1.747134e-01 9.846190e-01
    outer loop
      vertex   4.753953e+01 -5.180491e+01 1.637319e+01
      vertex   6.573462e+01 -5.200000e+01 1.635398e+01
      vertex   5.173462e+01 -5.174118e+01 1.638805e+01
    endloop
  endfacet
  facet normal 1.005233e-03 -2.893639e-01 9.572186e-01
    outer loop
      vertex   4.753953e+01 -5.180491e+01 1.637319e+01
      vertex   5.173462e+01 -5.174118e+01 1.638805e+01
      vertex   4.735194e+01 -5.161732e+01 1.643010e+01
    endloop
  endfacet
  facet normal -1.952028e-03 -3.826827e-01 9.238778e-01
    outer loop
      vertex   4.735194e+01 -5.161732e+01 1.643010e+01
      vertex   5.173462e+01 -5.174118e+01 1.638805e+01
      vertex   5.173462e+01 -5.150000e+01 1.648795e+01
    endloop
  endfacet
  facet normal 9.515061e-04 -4.706563e-01 8.823161e-01
    outer loop
      vertex   4.735194e+01 -5.161732e+01 1.643010e+01
      vertex   5.173462e+01 -5.150000e+01 1.648795e+01
      vertex   4.717905e+01 -5.144443e+01 1.652251e+01
    endloop
  endfacet
  facet normal -1.407959e-03 -6.087608e-01 7.933526e-01
    outer loop
      vertex   4.717905e+01 -5.144443e+01 1.652251e+01
      vertex   5.173462e+01 -5.150000e+01 1.648795e+01
      vertex   5.173462e+01 -5.129289e+01 1.664687e+01
    endloop
  endfacet
  facet normal 0.000000e+00 -6.343933e-01 7.730105e-01
    outer loop
      vertex   4.717905e+01 -5.144443e+01 1.652251e+01
      vertex   5.173462e+01 -5.129289e+01 1.664687e+01
      vertex   4.702752e+01 -5.129289e+01 1.664687e+01
    endloop
  endfacet
  facet normal 0.000000e+00 -7.730105e-01 6.343933e-01
    outer loop
      vertex   4.702752e+01 -5.129289e+01 1.664687e+01
      vertex   5.173462e+01 -5.129289e+01 1.664687e+01
      vertex   4.690315e+01 -5.116853e+01 1.679841e+01
    endloop
  endfacet
  facet normal -1.327558e-03 -7.933526e-01 6.087609e-01
    outer loop
      vertex   4.690315e+01 -5.116853e+01 1.679841e+01
      vertex   5.173462e+01 -5.129289e+01 1.664687e+01
      vertex   5.173462e+01 -5.113398e+01 1.685398e+01
    endloop
  endfacet
  facet normal 8.802217e-04 -8.817252e-01 4.717625e-01
    outer loop
      vertex   4.690315e+01 -5.116853e+01 1.679841e+01
      vertex   5.173462e+01 -5.113398e+01 1.685398e+01
      vertex   4.681074e+01 -5.107612e+01 1.697129e+01
    endloop
  endfacet
  facet normal -1.737477e-03 -9.238781e-01 3.826829e-01
    outer loop
      vertex   4.681074e+01 -5.107612e+01 1.697129e+01
      vertex   5.173462e+01 -5.113398e+01 1.685398e+01
      vertex   5.173462e+01 -5.103407e+01 1.709516e+01
    endloop
  endfacet
  facet normal 8.625565e-04 -9.568673e-01 2.905242e-01
    outer loop
      vertex   4.681074e+01 -5.107612e+01 1.697129e+01
      vertex   5.173462e+01 -5.103407e+01 1.709516e+01
      vertex   4.675384e+01 -5.101922e+01 1.715889e+01
    endloop
  endfacet
  facet normal -1.075728e-03 -9.891991e-01 1.465743e-01
    outer loop
      vertex   4.675384e+01 -5.101922e+01 1.715889e+01
      vertex   5.173462e+01 -5.103407e+01 1.709516e+01
      vertex   4.673944e+01 -5.100482e+01 1.725596e+01
    endloop
  endfacet
  facet normal -4.277579e-03 -9.987966e-01 4.885759e-02
    outer loop
      vertex   4.673944e+01 -5.100482e+01 1.725596e+01
      vertex   5.173462e+01 -5.103407e+01 1.709516e+01
      vertex   4.673462e+01 -5.100000e+01 1.735398e+01
    endloop
  endfacet
  facet normal 0.000000e+00 -9.914449e-01 1.305262e-01
    outer loop
      vertex   4.673462e+01 -5.100000e+01 1.735398e+01
      vertex   5.173462e+01 -5.103407e+01 1.709516e+01
      vertex   5.673462e+01 -5.103407e+01 1.709516e+01
    endloop
  endfacet
  facet normal 4.934778e-04 -9.888002e-01 1.492445e-01
    outer loop
      vertex   4.673462e+01 -5.100000e+01 1.735398e+01
      vertex   5.673462e+01 -5.103407e+01 1.709516e+01
      vertex   6.672981e+01 -5.100482e+01 1.725596e+01
    endloop
  endfacet
  facet normal 0.000000e+00 -9.838460e-01 1.790169e-01
    outer loop
      vertex   6.672981e+01 -5.100482e+01 1.725596e+01
      vertex   5.673462e+01 -5.103407e+01 1.709516e+01
      vertex   6.173462e+01 -5.103407e+01 1.709516e+01
    endloop
  endfacet
  facet normal 1.075728e-03 -9.891991e-01 1.465743e-01
    outer loop
      vertex   6.672981e+01 -5.100482e+01 1.725596e+01
      vertex   6.173462e+01 -5.103407e+01 1.709516e+01
      vertex   6.671541e+01 -5.101922e+01 1.715889e+01
    endloop
  endfacet
  facet normal -8.625565e-04 -9.568673e-01 2.905242e-01
    outer loop
      vertex   6.671541e+01 -5.101922e+01 1.715889e+01
      vertex   6.173462e+01 -5.103407e+01 1.709516e+01
      vertex   6.665850e+01 -5.107612e+01 1.697129e+01
    endloop
  endfacet
  facet normal 1.737477e-03 -9.238781e-01 3.826829e-01
    outer loop
      vertex   6.665850e+01 -5.107612e+01 1.697129e+01
      vertex   6.173462e+01 -5.103407e+01 1.709516e+01
      vertex   6.173462e+01 -5.113398e+01 1.685398e+01
    endloop
  endfacet
  facet normal -8.802217e-04 -8.817252e-01 4.717625e-01
    outer loop
      vertex   6.665850e+01 -5.107612e+01 1.697129e+01
      vertex   6.173462e+01 -5.113398e+01 1.685398e+01
      vertex   6.656609e+01 -5.116853e+01 1.679841e+01
    endloop
  endfacet
  facet normal 1.327558e-03 -7.933526e-01 6.087609e-01
    outer loop
      vertex   6.656609e+01 -5.116853e+01 1.679841e+01
      vertex   6.173462e+01 -5.113398e+01 1.685398e+01
      vertex   6.173462e+01 -5.129289e+01 1.664687e+01
    endloop
  endfacet
  facet normal 0.000000e+00 -7.730105e-01 6.343933e-01
    outer loop
      vertex   6.656609e+01 -5.116853e+01 1.679841e+01
      vertex   6.173462e+01 -5.129289e+01 1.664687e+01
      vertex   6.644173e+01 -5.129289e+01 1.664687e+01
    endloop
  endfacet
  facet normal 0.000000e+00 -6.343933e-01 7.730105e-01
    outer loop
      vertex   6.644173e+01 -5.129289e+01 1.664687e+01
      vertex   6.173462e+01 -5.129289e+01 1.664687e+01
      vertex   6.629019e+01 -5.144443e+01 1.652251e+01
    endloop
  endfacet
  facet normal 1.407959e-03 -6.087608e-01 7.933526e-01
    outer loop
      vertex   6.629019e+01 -5.144443e+01 1.652251e+01
      vertex   6.173462e+01 -5.129289e+01 1.664687e+01
      vertex   6.173462e+01 -5.150000e+01 1.648795e+01
    endloop
  endfacet
  facet normal -9.515061e-04 -4.706563e-01 8.823161e-01
    outer loop
      vertex   6.629019e+01 -5.144443e+01 1.652251e+01
      vertex   6.173462e+01 -5.150000e+01 1.648795e+01
      vertex   6.611731e+01 -5.161732e+01 1.643010e+01
    endloop
  endfacet
  facet normal 1.952028e-03 -3.826827e-01 9.238778e-01
    outer loop
      vertex   6.611731e+01 -5.161732e+01 1.643010e+01
      vertex   6.173462e+01 -5.150000e+01 1.648795e+01
      vertex   6.173462e+01 -5.174118e+01 1.638805e+01
    endloop
  endfacet
  facet normal -1.005233e-03 -2.893639e-01 9.572186e-01
    outer loop
      vertex   6.611731e+01 -5.161732e+01 1.643010e+01
      vertex   6.173462e+01 -5.174118e+01 1.638805e+01
      vertex   6.592971e+01 -5.180491e+01 1.637319e+01
    endloop
  endfacet
  facet normal 2.005176e-03 -1.000027e-01 9.949852e-01
    outer loop
      vertex   6.592971e+01 -5.180491e+01 1.637319e+01
      vertex   6.173462e+01 -5.174118e+01 1.638805e+01
      vertex   6.573462e+01 -5.200000e+01 1.635398e+01
    endloop
  endfacet
  facet normal 0.000000e+00 -1.305262e-01 9.914449e-01
    outer loop
      vertex   6.573462e+01 -5.200000e+01 1.635398e+01
      vertex   6.173462e+01 -5.174118e+01 1.638805e+01
      vertex   5.673462e+01 -5.174118e+01 1.638805e+01
    endloop
  endfacet
  facet normal 0.000000e+00 -1.305262e-01 9.914449e-01
    outer loop
      vertex   6.573462e+01 -5.200000e+01 1.635398e+01
      vertex   5.673462e+01 -5.174118e+01 1.638805e+01
      vertex   5.173462e+01 -5.174118e+01 1.638805e+01
    endloop
  endfacet
  facet normal 0.000000e+00 -3.826834e-01 9.238795e-01
    outer loop
      vertex   5.173462e+01 -5.174118e+01 1.638805e+01
      vertex   5.673462e+01 -5.174118e+01 1.638805e+01
      vertex   5.173462e+01 -5.150000e+01 1.648795e+01
    endloop
  endfacet
  facet normal 0.000000e+00 -9.987955e-01 4.906767e-02
    outer loop
      vertex   6.672981e+01 -5.100482e+01 1.725596e+01
      vertex   6.673462e+01 -5.100000e+01 1.735398e+01
      vertex   4.673462e+01 -5.100000e+01 1.735398e+01
    endloop
  endfacet
  facet normal 0.000000e+00 -3.826834e-01 9.238795e-01
    outer loop
      vertex   5.673462e+01 -5.174118e+01 1.638805e+01
      vertex   6.173462e+01 -5.174118e+01 1.638805e+01
      vertex   5.673462e+01 -5.150000e+01 1.648795e+01
    endloop
  endfacet
  facet normal 0.000000e+00 -3.826834e-01 9.238795e-01
    outer loop
      vertex   5.673462e+01 -5.150000e+01 1.648795e+01
      vertex   6.173462e+01 -5.174118e+01 1.638805e+01
      vertex   6.173462e+01 -5.150000e+01 1.648795e+01
    endloop
  endfacet
  facet normal 0.000000e+00 -6.087614e-01 7.933533e-01
    outer loop
      vertex   5.673462e+01 -5.150000e+01 1.648795e+01
      vertex   6.173462e+01 -5.150000e+01 1.648795e+01
      vertex   5.673462e+01 -5.129289e+01 1.664687e+01
    endloop
  endfacet
  facet normal 0.000000e+00 -6.087614e-01 7.933533e-01
    outer loop
      vertex   5.673462e+01 -5.129289e+01 1.664687e+01
      vertex   6.173462e+01 -5.150000e+01 1.648795e+01
      vertex   6.173462e+01 -5.129289e+01 1.664687e+01
    endloop
  endfacet
  facet normal 0.000000e+00 -7.933533e-01 6.087614e-01
    outer loop
      vertex   5.673462e+01 -5.129289e+01 1.664687e+01
      vertex   6.173462e+01 -5.129289e+01 1.664687e+01
      vertex   5.673462e+01 -5.113398e+01 1.685398e+01
    endloop
  endfacet
  facet normal 0.000000e+00 -7.933533e-01 6.087614e-01
    outer loop
      vertex   5.673462e+01 -5.113398e+01 1.685398e+01
      vertex   6.173462e+01 -5.129289e+01 1.664687e+01
      vertex   6.173462e+01 -5.113398e+01 1.685398e+01
    endloop
  endfacet
  facet normal 0.000000e+00 -9.238795e-01 3.826834e-01
    outer loop
      vertex   5.673462e+01 -5.113398e+01 1.685398e+01
      vertex   6.173462e+01 -5.113398e+01 1.685398e+01
      vertex   5.673462e+01 -5.103407e+01 1.709516e+01
    endloop
  endfacet
  facet normal 0.000000e+00 -9.238795e-01 3.826834e-01
    outer loop
      vertex   5.673462e+01 -5.103407e+01 1.709516e+01
      vertex   6.173462e+01 -5.113398e+01 1.685398e+01
      vertex   6.173462e+01 -5.103407e+01 1.709516e+01
    endloop
  endfacet
  facet normal 0.000000e+00 -6.087614e-01 7.933533e-01
    outer loop
      vertex   5.173462e+01 -5.129289e+01 1.664687e+01
      vertex   5.173462e+01 -5.150000e+01 1.648795e+01
      vertex   5.673462e+01 -5.150000e+01 1.648795e+01
    endloop
  endfacet
  facet normal 0.000000e+00 -3.826834e-01 9.238795e-01
    outer loop
      vertex   5.673462e+01 -5.150000e+01 1.648795e+01
      vertex   5.173462e+01 -5.150000e+01 1.648795e+01
      vertex   5.673462e+01 -5.174118e+01 1.638805e+01
    endloop
  endfacet
  facet normal 0.000000e+00 -6.087614e-01 7.933533e-01
    outer loop
      vertex   5.173462e+01 -5.129289e+01 1.664687e+01
      vertex   5.673462e+01 -5.150000e+01 1.648795e+01
      vertex   5.673462e+01 -5.129289e+01 1.664687e+01
    endloop
  endfacet
  facet normal 0.000000e+00 -7.933533e-01 6.087614e-01
    outer loop
      vertex   5.173462e+01 -5.113398e+01 1.685398e+01
      vertex   5.173462e+01 -5.129289e+01 1.664687e+01
      vertex   5.673462e+01 -5.129289e+01 1.664687e+01
    endloop
  endfacet
  facet normal 0.000000e+00 -7.933533e-01 6.087614e-01
    outer loop
      vertex   5.173462e+01 -5.113398e+01 1.685398e+01
      vertex   5.673462e+01 -5.129289e+01 1.664687e+01
      vertex   5.673462e+01 -5.113398e+01 1.685398e+01
    endloop
  endfacet
  facet normal 0.000000e+00 -9.238795e-01 3.826834e-01
    outer loop
      vertex   5.173462e+01 -5.103407e+01 1.709516e+01
      vertex   5.173462e+01 -5.113398e+01 1.685398e+01
      vertex   5.673462e+01 -5.113398e+01 1.685398e+01
    endloop
  endfacet
  facet normal 0.000000e+00 -9.238795e-01 3.826834e-01
    outer loop
      vertex   5.173462e+01 -5.103407e+01 1.709516e+01
      vertex   5.673462e+01 -5.113398e+01 1.685398e+01
      vertex   5.673462e+01 -5.103407e+01 1.709516e+01
    endloop
  endfacet
  facet normal 9.987955e-01 0.000000e+00 4.906767e-02
    outer loop
      vertex   4.673462e+01 -5.100000e+01 1.735398e+01
      vertex   4.673462e+01 -5.300000e+01 1.735398e+01
      vertex   4.673944e+01 -5.100482e+01 1.725596e+01
    endloop
  endfacet
  facet normal 9.987955e-01 0.000000e+00 4.906767e-02
    outer loop
      vertex   4.673944e+01 -5.100482e+01 1.725596e+01
      vertex   4.673462e+01 -5.300000e+01 1.735398e+01
      vertex   4.673944e+01 -5.299519e+01 1.725596e+01
    endloop
  endfacet
  facet normal 9.891765e-01 0.000000e+00 1.467305e-01
    outer loop
      vertex   4.673944e+01 -5.100482e+01 1.725596e+01
      vertex   4.673944e+01 -5.299519e+01 1.725596e+01
      vertex   4.675384e+01 -5.101922e+01 1.715889e+01
    endloop
  endfacet
  facet normal 9.891765e-01 0.000000e+00 1.467305e-01
    outer loop
      vertex   4.675384e+01 -5.101922e+01 1.715889e+01
      vertex   4.673944e+01 -5.299519e+01 1.725596e+01
      vertex   4.675384e+01 -5.298079e+01 1.715889e+01
    endloop
  endfacet
  facet normal 9.569403e-01 0.000000e+00 2.902847e-01
    outer loop
      vertex   4.675384e+01 -5.101922e+01 1.715889e+01
      vertex   4.675384e+01 -5.298079e+01 1.715889e+01
      vertex   4.681074e+01 -5.292388e+01 1.697129e+01
    endloop
  endfacet
  facet normal 9.569403e-01 0.000000e+00 2.902847e-01
    outer loop
      vertex   4.675384e+01 -5.101922e+01 1.715889e+01
      vertex   4.681074e+01 -5.292388e+01 1.697129e+01
      vertex   4.681074e+01 -5.107612e+01 1.697129e+01
    endloop
  endfacet
  facet normal 8.819213e-01 0.000000e+00 4.713967e-01
    outer loop
      vertex   4.681074e+01 -5.107612e+01 1.697129e+01
      vertex   4.681074e+01 -5.292388e+01 1.697129e+01
      vertex   4.690315e+01 -5.283147e+01 1.679841e+01
    endloop
  endfacet
  facet normal 8.819213e-01 0.000000e+00 4.713967e-01
    outer loop
      vertex   4.681074e+01 -5.107612e+01 1.697129e+01
      vertex   4.690315e+01 -5.283147e+01 1.679841e+01
      vertex   4.690315e+01 -5.116853e+01 1.679841e+01
    endloop
  endfacet
  facet normal 7.730105e-01 0.000000e+00 6.343933e-01
    outer loop
      vertex   4.690315e+01 -5.116853e+01 1.679841e+01
      vertex   4.690315e+01 -5.283147e+01 1.679841e+01
      vertex   4.702752e+01 -5.129289e+01 1.664687e+01
    endloop
  endfacet
  facet normal 7.730105e-01 0.000000e+00 6.343933e-01
    outer loop
      vertex   4.702752e+01 -5.129289e+01 1.664687e+01
      vertex   4.690315e+01 -5.283147e+01 1.679841e+01
      vertex   4.702752e+01 -5.270711e+01 1.664687e+01
    endloop
  endfacet
  facet normal 6.343933e-01 0.000000e+00 7.730105e-01
    outer loop
      vertex   4.702752e+01 -5.129289e+01 1.664687e+01
      vertex   4.702752e+01 -5.270711e+01 1.664687e+01
      vertex   4.717905e+01 -5.144443e+01 1.652251e+01
    endloop
  endfacet
  facet normal 6.343933e-01 0.000000e+00 7.730105e-01
    outer loop
      vertex   4.717905e+01 -5.144443e+01 1.652251e+01
      vertex   4.702752e+01 -5.270711e+01 1.664687e+01
      vertex   4.717905e+01 -5.255557e+01 1.652251e+01
    endloop
  endfacet
  facet normal 4.713967e-01 0.000000e+00 8.819213e-01
    outer loop
      vertex   4.717905e+01 -5.144443e+01 1.652251e+01
      vertex   4.717905e+01 -5.255557e+01 1.652251e+01
      vertex   4.735194e+01 -5.238268e+01 1.643010e+01
    endloop
  endfacet
  facet normal 4.713967e-01 0.000000e+00 8.819213e-01
    outer loop
      vertex   4.717905e+01 -5.144443e+01 1.652251e+01
      vertex   4.735194e+01 -5.238268e+01 1.643010e+01
      vertex   4.735194e+01 -5.161732e+01 1.643010e+01
    endloop
  endfacet
  facet normal 2.902847e-01 0.000000e+00 9.569403e-01
    outer loop
      vertex   4.735194e+01 -5.161732e+01 1.643010e+01
      vertex   4.735194e+01 -5.238268e+01 1.643010e+01
      vertex   4.753953e+01 -5.219509e+01 1.637319e+01
    endloop
  endfacet
  facet normal 2.902847e-01 0.000000e+00 9.569403e-01
    outer loop
      vertex   4.735194e+01 -5.161732e+01 1.643010e+01
      vertex   4.753953e+01 -5.219509e+01 1.637319e+01
      vertex   4.753953e+01 -5.180491e+01 1.637319e+01
    endloop
  endfacet
  facet normal 9.801714e-02 0.000000e+00 9.951847e-01
    outer loop
      vertex   4.753953e+01 -5.180491e+01 1.637319e+01
      vertex   4.753953e+01 -5.219509e+01 1.637319e+01
      vertex   4.773462e+01 -5.200000e+01 1.635398e+01
    endloop
  endfacet
  facet normal 1.000000e+00 0.000000e+00 0.000000e+00
    outer loop
      vertex   4.673462e+01 -5.300000e+01 1.735398e+01
      vertex   4.673462e+01 -5.100000e+01 1.735398e+01
      vertex   4.673462e+01 -5.300000e+01 2.135398e+01
    endloop
  endfacet
  facet normal 1.000000e+00 -0.000000e+00 0.000000e+00
    outer loop
      vertex   4.673462e+01 -5.300000e+01 2.135398e+01
      vertex   4.673462e+01 -5.100000e+01 1.735398e+01
      vertex   4.673462e+01 -5.100000e+01 2.135398e+01
    endloop
  endfacet
  facet normal 0.000000e+00 1.000000e+00 -0.000000e+00
    outer loop
      vertex   6.673462e+01 -5.300000e+01 1.735398e+01
      vertex   4.673462e+01 -5.300000e+01 1.735398e+01
      vertex   6.673462e+01 -5.300000e+01 2.135398e+01
    endloop
  endfacet
  facet normal 0.000000e+00 1.000000e+00 0.000000e+00
    outer loop
      vertex   6.673462e+01 -5.300000e+01 2.135398e+01
      vertex   4.673462e+01 -5.300000e+01 1.735398e+01
      vertex   4.673462e+01 -5.300000e+01 2.135398e+01
    endloop
  endfacet
  facet normal -1.000000e+00 0.000000e+00 0.000000e+00
    outer loop
      vertex   6.673462e+01 -5.100000e+01 1.735398e+01
      vertex   6.673462e+01 -5.300000e+01 1.735398e+01
      vertex   6.673462e+01 -5.100000e+01 2.135398e+01
    endloop
  endfacet
  facet normal -1.000000e+00 -0.000000e+00 0.000000e+00
    outer loop
      vertex   6.673462e+01 -5.100000e+01 2.135398e+01
      vertex   6.673462e+01 -5.300000e+01 1.735398e+01
      vertex   6.673462e+01 -5.300000e+01 2.135398e+01
    endloop
  endfacet
  facet normal 0.000000e+00 -1.000000e+00 0.000000e+00
    outer loop
      vertex   4.673462e+01 -5.100000e+01 1.735398e+01
      vertex   6.673462e+01 -5.100000e+01 1.735398e+01
      vertex   4.673462e+01 -5.100000e+01 2.135398e+01
    endloop
  endfacet
  facet normal 0.000000e+00 -1.000000e+00 0.000000e+00
    outer loop
      vertex   4.673462e+01 -5.100000e+01 2.135398e+01
      vertex   6.673462e+01 -5.100000e+01 1.735398e+01
      vertex   6.673462e+01 -5.100000e+01 2.135398e+01
    endloop
  endfacet
  facet normal 0.000000e+00 -1.000000e+00 0.000000e+00
    outer loop
      vertex   8.880000e+01 -6.230000e+01 1.915398e+01
      vertex   9.220000e+01 -6.230000e+01 1.915398e+01
      vertex   8.880000e+01 -6.230000e+01 2.135398e+01
    endloop
  endfacet
  facet normal 0.000000e+00 -1.000000e+00 0.000000e+00
    outer loop
      vertex   8.880000e+01 -6.230000e+01 2.135398e+01
      vertex   9.220000e+01 -6.230000e+01 1.915398e+01
      vertex   9.220000e+01 -6.230000e+01 2.135398e+01
    endloop
  endfacet
  facet normal 1.000000e+00 0.000000e+00 0.000000e+00
    outer loop
      vertex   8.880000e+01 -7.270000e+01 1.915398e+01
      vertex   8.880000e+01 -6.230000e+01 1.915398e+01
      vertex   8.880000e+01 -7.270000e+01 2.135398e+01
    endloop
  endfacet
  facet normal 1.000000e+00 -0.000000e+00 0.000000e+00
    outer loop
      vertex   8.880000e+01 -7.270000e+01 2.135398e+01
      vertex   8.880000e+01 -6.230000e+01 1.915398e+01
      vertex   8.880000e+01 -6.230000e+01 2.135398e+01
    endloop
  endfacet
  facet normal 0.000000e+00 -1.000000e+00 0.000000e+00
    outer loop
      vertex   4.673462e+01 -8.200000e+01 1.735398e+01
      vertex   6.673462e+01 -8.200000e+01 1.735398e+01
      vertex   4.673462e+01 -8.200000e+01 2.135398e+01
    endloop
  endfacet
  facet normal 0.000000e+00 -1.000000e+00 0.000000e+00
    outer loop
      vertex   4.673462e+01 -8.200000e+01 2.135398e+01
      vertex   6.673462e+01 -8.200000e+01 1.735398e+01
      vertex   6.673462e+01 -8.200000e+01 2.135398e+01
    endloop
  endfacet
  facet normal 1.000000e+00 0.000000e+00 0.000000e+00
    outer loop
      vertex   4.673462e+01 -8.400000e+01 1.735398e+01
      vertex   4.673462e+01 -8.200000e+01 1.735398e+01
      vertex   4.673462e+01 -8.400000e+01 2.135398e+01
    endloop
  endfacet
  facet normal 1.000000e+00 -0.000000e+00 0.000000e+00
    outer loop
      vertex   4.673462e+01 -8.400000e+01 2.135398e+01
      vertex   4.673462e+01 -8.200000e+01 1.735398e+01
      vertex   4.673462e+01 -8.200000e+01 2.135398e+01
    endloop
  endfacet
  facet normal -9.937122e-01 1.119645e-01 0.000000e+00
    outer loop
      vertex   1.900000e+01 -5.100000e+01 3.367976e+00
      vertex   1.900000e+01 -5.100000e+01 2.135398e+01
      vertex   1.905014e+01 -5.055496e+01 1.236098e+01
    endloop
  endfacet
  facet normal -9.937122e-01 1.119645e-01 -3.925692e-16
    outer loop
      vertex   1.905014e+01 -5.055496e+01 1.236098e+01
      vertex   1.900000e+01 -5.100000e+01 2.135398e+01
      vertex   1.905014e+01 -5.055496e+01 2.135398e+01
    endloop
  endfacet
  facet normal -9.438833e-01 3.302791e-01 -3.728842e-16
    outer loop
      vertex   1.905014e+01 -5.055496e+01 1.236098e+01
      vertex   1.905014e+01 -5.055496e+01 2.135398e+01
      vertex   1.919806e+01 -5.013223e+01 1.236098e+01
    endloop
  endfacet
  facet normal -9.438833e-01 3.302791e-01 0.000000e+00
    outer loop
      vertex   1.919806e+01 -5.013223e+01 1.236098e+01
      vertex   1.905014e+01 -5.055496e+01 2.135398e+01
      vertex   1.919806e+01 -5.013223e+01 2.135398e+01
    endloop
  endfacet
  facet normal -8.467242e-01 5.320321e-01 0.000000e+00
    outer loop
      vertex   1.919806e+01 -5.013223e+01 1.236098e+01
      vertex   1.919806e+01 -5.013223e+01 2.135398e+01
      vertex   1.943634e+01 -4.975302e+01 1.236098e+01
    endloop
  endfacet
  facet normal -8.467242e-01 5.320321e-01 4.203620e-16
    outer loop
      vertex   1.943634e+01 -4.975302e+01 1.236098e+01
      vertex   1.919806e+01 -5.013223e+01 2.135398e+01
      vertex   1.943634e+01 -4.975302e+01 2.135398e+01
    endloop
  endfacet
  facet normal -7.071068e-01 7.071068e-01 5.586896e-16
    outer loop
      vertex   1.943634e+01 -4.975302e+01 1.236098e+01
      vertex   1.943634e+01 -4.975302e+01 2.135398e+01
      vertex   1.975302e+01 -4.943634e+01 1.236098e+01
    endloop
  endfacet
  facet normal -7.071068e-01 7.071068e-01 -2.793448e-16
    outer loop
      vertex   1.975302e+01 -4.943634e+01 1.236098e+01
      vertex   1.943634e+01 -4.975302e+01 2.135398e+01
      vertex   1.975302e+01 -4.943634e+01 2.135398e+01
    endloop
  endfacet
  facet normal -5.320321e-01 8.467242e-01 -2.101810e-16
    outer loop
      vertex   1.975302e+01 -4.943634e+01 1.236098e+01
      vertex   1.975302e+01 -4.943634e+01 2.135398e+01
      vertex   2.013223e+01 -4.919806e+01 1.236098e+01
    endloop
  endfacet
  facet normal -5.320321e-01 8.467242e-01 4.588213e-16
    outer loop
      vertex   2.013223e+01 -4.919806e+01 1.236098e+01
      vertex   1.975302e+01 -4.943634e+01 2.135398e+01
      vertex   2.013223e+01 -4.919806e+01 2.135398e+01
    endloop
  endfacet
  facet normal -3.302791e-01 9.438833e-01 6.152905e-16
    outer loop
      vertex   2.013223e+01 -4.919806e+01 1.236098e+01
      vertex   2.013223e+01 -4.919806e+01 2.135398e+01
      vertex   2.055496e+01 -4.905014e+01 1.236098e+01
    endloop
  endfacet
  facet normal -3.302791e-01 9.438833e-01 7.457683e-16
    outer loop
      vertex   2.055496e+01 -4.905014e+01 1.236098e+01
      vertex   2.013223e+01 -4.919806e+01 2.135398e+01
      vertex   2.055496e+01 -4.905014e+01 2.135398e+01
    endloop
  endfacet
  facet normal -1.119645e-01 9.937122e-01 7.851384e-16
    outer loop
      vertex   2.055496e+01 -4.905014e+01 1.236098e+01
      vertex   2.055496e+01 -4.905014e+01 2.135398e+01
      vertex   2.100000e+01 -4.900000e+01 2.135398e+01
    endloop
  endfacet
  facet normal -1.119645e-01 9.937122e-01 -6.634789e-17
    outer loop
      vertex   2.100000e+01 -4.900000e+01 2.135398e+01
      vertex   2.100000e+01 -4.900000e+01 3.367976e+00
      vertex   2.055496e+01 -4.905014e+01 1.236098e+01
    endloop
  endfacet
  facet normal -1.119645e-01 9.937122e-01 -4.423193e-17
    outer loop
      vertex   2.055496e+01 -4.905014e+01 1.236098e+01
      vertex   2.100000e+01 -4.900000e+01 3.367976e+00
      vertex   2.055496e+01 -4.905014e+01 3.367976e+00
    endloop
  endfacet
  facet normal -3.302791e-01 9.438833e-01 -1.304778e-16
    outer loop
      vertex   2.055496e+01 -4.905014e+01 1.236098e+01
      vertex   2.055496e+01 -4.905014e+01 3.367976e+00
      vertex   2.013223e+01 -4.919806e+01 1.236098e+01
    endloop
  endfacet
  facet normal -3.302791e-01 9.438833e-01 -2.609556e-16
    outer loop
      vertex   2.013223e+01 -4.919806e+01 1.236098e+01
      vertex   2.055496e+01 -4.905014e+01 3.367976e+00
      vertex   2.013223e+01 -4.919806e+01 3.367976e+00
    endloop
  endfacet
  facet normal -5.320321e-01 8.467242e-01 -4.203620e-16
    outer loop
      vertex   2.013223e+01 -4.919806e+01 1.236098e+01
      vertex   2.013223e+01 -4.919806e+01 3.367976e+00
      vertex   1.975302e+01 -4.943634e+01 1.236098e+01
    endloop
  endfacet
  facet normal -5.320321e-01 8.467242e-01 -2.101810e-16
    outer loop
      vertex   1.975302e+01 -4.943634e+01 1.236098e+01
      vertex   2.013223e+01 -4.919806e+01 3.367976e+00
      vertex   1.975302e+01 -4.943634e+01 3.367976e+00
    endloop
  endfacet
  facet normal -7.071068e-01 7.071068e-01 -2.793448e-16
    outer loop
      vertex   1.975302e+01 -4.943634e+01 1.236098e+01
      vertex   1.975302e+01 -4.943634e+01 3.367976e+00
      vertex   1.943634e+01 -4.975302e+01 1.236098e+01
    endloop
  endfacet
  facet normal -7.071068e-01 7.071068e-01 -2.793448e-16
    outer loop
      vertex   1.943634e+01 -4.975302e+01 1.236098e+01
      vertex   1.975302e+01 -4.943634e+01 3.367976e+00
      vertex   1.943634e+01 -4.975302e+01 3.367976e+00
    endloop
  endfacet
  facet normal -8.467242e-01 5.320321e-01 -3.345011e-16
    outer loop
      vertex   1.943634e+01 -4.975302e+01 1.236098e+01
      vertex   1.943634e+01 -4.975302e+01 3.367976e+00
      vertex   1.919806e+01 -5.013223e+01 1.236098e+01
    endloop
  endfacet
  facet normal -8.467242e-01 5.320321e-01 0.000000e+00
    outer loop
      vertex   1.919806e+01 -5.013223e+01 1.236098e+01
      vertex   1.943634e+01 -4.975302e+01 3.367976e+00
      vertex   1.919806e+01 -5.013223e+01 3.367976e+00
    endloop
  endfacet
  facet normal -9.438833e-01 3.302791e-01 0.000000e+00
    outer loop
      vertex   1.919806e+01 -5.013223e+01 1.236098e+01
      vertex   1.919806e+01 -5.013223e+01 3.367976e+00
      vertex   1.905014e+01 -5.055496e+01 1.236098e+01
    endloop
  endfacet
  facet normal -9.438833e-01 3.302791e-01 0.000000e+00
    outer loop
      vertex   1.905014e+01 -5.055496e+01 1.236098e+01
      vertex   1.919806e+01 -5.013223e+01 3.367976e+00
      vertex   1.905014e+01 -5.055496e+01 3.367976e+00
    endloop
  endfacet
  facet normal -9.937122e-01 1.119645e-01 0.000000e+00
    outer loop
      vertex   1.905014e+01 -5.055496e+01 1.236098e+01
      vertex   1.905014e+01 -5.055496e+01 3.367976e+00
      vertex   1.900000e+01 -5.100000e+01 3.367976e+00
    endloop
  endfacet
  facet normal -0.000000e+00 1.000000e+00 0.000000e+00
    outer loop
      vertex   2.100000e+01 -4.900000e+01 2.135398e+01
      vertex   9.200000e+01 -4.900000e+01 2.135398e+01
      vertex   2.100000e+01 -4.900000e+01 3.367976e+00
    endloop
  endfacet
  facet normal 0.000000e+00 1.000000e+00 0.000000e+00
    outer loop
      vertex   2.100000e+01 -4.900000e+01 3.367976e+00
      vertex   9.200000e+01 -4.900000e+01 2.135398e+01
      vertex   9.200000e+01 -4.900000e+01 3.367976e+00
    endloop
  endfacet
  facet normal 0.000000e+00 0.000000e+00 1.000000e+00
    outer loop
      vertex   8.700000e+01 -5.500000e+01 2.135398e+01
      vertex   4.673462e+01 -5.300000e+01 2.135398e+01
      vertex   2.300000e+01 -5.500000e+01 2.135398e+01
    endloop
  endfacet
  facet normal 0.000000e+00 0.000000e+00 1.000000e+00
    outer loop
      vertex   2.300000e+01 -5.500000e+01 2.135398e+01
      vertex   4.673462e+01 -5.300000e+01 2.135398e+01
      vertex   4.673462e+01 -5.100000e+01 2.135398e+01
    endloop
  endfacet
  facet normal 0.000000e+00 -0.000000e+00 1.000000e+00
    outer loop
      vertex   2.300000e+01 -5.500000e+01 2.135398e+01
      vertex   4.673462e+01 -5.100000e+01 2.135398e+01
      vertex   2.100000e+01 -4.900000e+01 2.135398e+01
    endloop
  endfacet
  facet normal -0.000000e+00 0.000000e+00 1.000000e+00
    outer loop
      vertex   2.100000e+01 -4.900000e+01 2.135398e+01
      vertex   4.673462e+01 -5.100000e+01 2.135398e+01
      vertex   9.200000e+01 -4.900000e+01 2.135398e+01
    endloop
  endfacet
  facet normal 0.000000e+00 0.000000e+00 1.000000e+00
    outer loop
      vertex   9.200000e+01 -4.900000e+01 2.135398e+01
      vertex   4.673462e+01 -5.100000e+01 2.135398e+01
      vertex   6.673462e+01 -5.100000e+01 2.135398e+01
    endloop
  endfacet
  facet normal 0.000000e+00 0.000000e+00 1.000000e+00
    outer loop
      vertex   9.200000e+01 -4.900000e+01 2.135398e+01
      vertex   6.673462e+01 -5.100000e+01 2.135398e+01
      vertex   8.925753e+01 -5.045999e+01 2.135398e+01
    endloop
  endfacet
  facet normal 0.000000e+00 0.000000e+00 1.000000e+00
    outer loop
      vertex   8.925753e+01 -5.045999e+01 2.135398e+01
      vertex   6.673462e+01 -5.100000e+01 2.135398e+01
      vertex   8.878522e+01 -5.069167e+01 2.135398e+01
    endloop
  endfacet
  facet normal 0.000000e+00 0.000000e+00 1.000000e+00
    outer loop
      vertex   8.878522e+01 -5.069167e+01 2.135398e+01
      vertex   6.673462e+01 -5.100000e+01 2.135398e+01
      vertex   8.836921e+01 -5.101369e+01 2.135398e+01
    endloop
  endfacet
  facet normal 0.000000e+00 0.000000e+00 1.000000e+00
    outer loop
      vertex   8.836921e+01 -5.101369e+01 2.135398e+01
      vertex   6.673462e+01 -5.100000e+01 2.135398e+01
      vertex   8.802654e+01 -5.141285e+01 2.135398e+01
    endloop
  endfacet
  facet normal 0.000000e+00 0.000000e+00 1.000000e+00
    outer loop
      vertex   8.802654e+01 -5.141285e+01 2.135398e+01
      vertex   6.673462e+01 -5.100000e+01 2.135398e+01
      vertex   8.777123e+01 -5.187282e+01 2.135398e+01
    endloop
  endfacet
  facet normal 0.000000e+00 0.000000e+00 1.000000e+00
    outer loop
      vertex   8.777123e+01 -5.187282e+01 2.135398e+01
      vertex   6.673462e+01 -5.100000e+01 2.135398e+01
      vertex   8.761374e+01 -5.237477e+01 2.135398e+01
    endloop
  endfacet
  facet normal 0.000000e+00 0.000000e+00 1.000000e+00
    outer loop
      vertex   8.761374e+01 -5.237477e+01 2.135398e+01
      vertex   6.673462e+01 -5.100000e+01 2.135398e+01
      vertex   6.673462e+01 -5.300000e+01 2.135398e+01
    endloop
  endfacet
  facet normal 0.000000e+00 0.000000e+00 1.000000e+00
    outer loop
      vertex   8.761374e+01 -5.237477e+01 2.135398e+01
      vertex   6.673462e+01 -5.300000e+01 2.135398e+01
      vertex   8.756052e+01 -5.289815e+01 2.135398e+01
    endloop
  endfacet
  facet normal 0.000000e+00 0.000000e+00 1.000000e+00
    outer loop
      vertex   8.756052e+01 -5.289815e+01 2.135398e+01
      vertex   6.673462e+01 -5.300000e+01 2.135398e+01
      vertex   8.700000e+01 -5.500000e+01 2.135398e+01
    endloop
  endfacet
  facet normal 0.000000e+00 0.000000e+00 1.000000e+00
    outer loop
      vertex   8.756052e+01 -5.289815e+01 2.135398e+01
      vertex   8.700000e+01 -5.500000e+01 2.135398e+01
      vertex   8.761374e+01 -5.342152e+01 2.135398e+01
    endloop
  endfacet
  facet normal 0.000000e+00 0.000000e+00 1.000000e+00
    outer loop
      vertex   8.761374e+01 -5.342152e+01 2.135398e+01
      vertex   8.700000e+01 -5.500000e+01 2.135398e+01
      vertex   8.777123e+01 -5.392347e+01 2.135398e+01
    endloop
  endfacet
  facet normal 0.000000e+00 0.000000e+00 1.000000e+00
    outer loop
      vertex   8.777123e+01 -5.392347e+01 2.135398e+01
      vertex   8.700000e+01 -5.500000e+01 2.135398e+01
      vertex   8.802654e+01 -5.438345e+01 2.135398e+01
    endloop
  endfacet
  facet normal 0.000000e+00 0.000000e+00 1.000000e+00
    outer loop
      vertex   8.802654e+01 -5.438345e+01 2.135398e+01
      vertex   8.700000e+01 -5.500000e+01 2.135398e+01
      vertex   8.836921e+01 -5.478261e+01 2.135398e+01
    endloop
  endfacet
  facet normal 0.000000e+00 0.000000e+00 1.000000e+00
    outer loop
      vertex   8.836921e+01 -5.478261e+01 2.135398e+01
      vertex   8.700000e+01 -5.500000e+01 2.135398e+01
      vertex   8.878522e+01 -5.510462e+01 2.135398e+01
    endloop
  endfacet
  facet normal 0.000000e+00 0.000000e+00 1.000000e+00
    outer loop
      vertex   8.878522e+01 -5.510462e+01 2.135398e+01
      vertex   8.700000e+01 -5.500000e+01 2.135398e+01
      vertex   8.925753e+01 -5.533630e+01 2.135398e+01
    endloop
  endfacet
  facet normal 0.000000e+00 0.000000e+00 1.000000e+00
    outer loop
      vertex   8.925753e+01 -5.533630e+01 2.135398e+01
      vertex   8.700000e+01 -5.500000e+01 2.135398e+01
      vertex   8.880000e+01 -6.230000e+01 2.135398e+01
    endloop
  endfacet
  facet normal 0.000000e+00 0.000000e+00 1.000000e+00
    outer loop
      vertex   8.925753e+01 -5.533630e+01 2.135398e+01
      vertex   8.880000e+01 -6.230000e+01 2.135398e+01
      vertex   8.976681e+01 -5.546817e+01 2.135398e+01
    endloop
  endfacet
  facet normal 0.000000e+00 0.000000e+00 1.000000e+00
    outer loop
      vertex   8.976681e+01 -5.546817e+01 2.135398e+01
      vertex   8.880000e+01 -6.230000e+01 2.135398e+01
      vertex   9.029221e+01 -5.549481e+01 2.135398e+01
    endloop
  endfacet
  facet normal 0.000000e+00 0.000000e+00 1.000000e+00
    outer loop
      vertex   9.029221e+01 -5.549481e+01 2.135398e+01
      vertex   8.880000e+01 -6.230000e+01 2.135398e+01
      vertex   9.220000e+01 -6.230000e+01 2.135398e+01
    endloop
  endfacet
  facet normal -0.000000e+00 0.000000e+00 1.000000e+00
    outer loop
      vertex   9.029221e+01 -5.549481e+01 2.135398e+01
      vertex   9.220000e+01 -6.230000e+01 2.135398e+01
      vertex   9.081222e+01 -5.541515e+01 2.135398e+01
    endloop
  endfacet
  facet normal -0.000000e+00 0.000000e+00 1.000000e+00
    outer loop
      vertex   9.081222e+01 -5.541515e+01 2.135398e+01
      vertex   9.220000e+01 -6.230000e+01 2.135398e+01
      vertex   9.130555e+01 -5.523244e+01 2.135398e+01
    endloop
  endfacet
  facet normal -0.000000e+00 0.000000e+00 1.000000e+00
    outer loop
      vertex   9.130555e+01 -5.523244e+01 2.135398e+01
      vertex   9.220000e+01 -6.230000e+01 2.135398e+01
      vertex   9.175200e+01 -5.495417e+01 2.135398e+01
    endloop
  endfacet
  facet normal -0.000000e+00 0.000000e+00 1.000000e+00
    outer loop
      vertex   9.175200e+01 -5.495417e+01 2.135398e+01
      vertex   9.220000e+01 -6.230000e+01 2.135398e+01
      vertex   9.213329e+01 -5.459172e+01 2.135398e+01
    endloop
  endfacet
  facet normal -0.000000e+00 0.000000e+00 1.000000e+00
    outer loop
      vertex   9.213329e+01 -5.459172e+01 2.135398e+01
      vertex   9.220000e+01 -6.230000e+01 2.135398e+01
      vertex   9.243382e+01 -5.415993e+01 2.135398e+01
    endloop
  endfacet
  facet normal -0.000000e+00 0.000000e+00 1.000000e+00
    outer loop
      vertex   9.243382e+01 -5.415993e+01 2.135398e+01
      vertex   9.220000e+01 -6.230000e+01 2.135398e+01
      vertex   9.264128e+01 -5.367649e+01 2.135398e+01
    endloop
  endfacet
  facet normal -0.000000e+00 0.000000e+00 1.000000e+00
    outer loop
      vertex   9.264128e+01 -5.367649e+01 2.135398e+01
      vertex   9.220000e+01 -6.230000e+01 2.135398e+01
      vertex   9.400000e+01 -5.100000e+01 2.135398e+01
    endloop
  endfacet
  facet normal 0.000000e+00 0.000000e+00 1.000000e+00
    outer loop
      vertex   9.264128e+01 -5.367649e+01 2.135398e+01
      vertex   9.400000e+01 -5.100000e+01 2.135398e+01
      vertex   9.274718e+01 -5.316119e+01 2.135398e+01
    endloop
  endfacet
  facet normal 0.000000e+00 0.000000e+00 1.000000e+00
    outer loop
      vertex   9.274718e+01 -5.316119e+01 2.135398e+01
      vertex   9.400000e+01 -5.100000e+01 2.135398e+01
      vertex   9.274718e+01 -5.263511e+01 2.135398e+01
    endloop
  endfacet
  facet normal 0.000000e+00 -0.000000e+00 1.000000e+00
    outer loop
      vertex   9.274718e+01 -5.263511e+01 2.135398e+01
      vertex   9.400000e+01 -5.100000e+01 2.135398e+01
      vertex   9.264128e+01 -5.211980e+01 2.135398e+01
    endloop
  endfacet
  facet normal 0.000000e+00 -0.000000e+00 1.000000e+00
    outer loop
      vertex   9.264128e+01 -5.211980e+01 2.135398e+01
      vertex   9.400000e+01 -5.100000e+01 2.135398e+01
      vertex   9.243382e+01 -5.163636e+01 2.135398e+01
    endloop
  endfacet
  facet normal 0.000000e+00 -0.000000e+00 1.000000e+00
    outer loop
      vertex   9.243382e+01 -5.163636e+01 2.135398e+01
      vertex   9.400000e+01 -5.100000e+01 2.135398e+01
      vertex   9.213329e+01 -5.120458e+01 2.135398e+01
    endloop
  endfacet
  facet normal 0.000000e+00 0.000000e+00 1.000000e+00
    outer loop
      vertex   9.213329e+01 -5.120458e+01 2.135398e+01
      vertex   9.400000e+01 -5.100000e+01 2.135398e+01
      vertex   9.394986e+01 -5.055496e+01 2.135398e+01
    endloop
  endfacet
  facet normal 0.000000e+00 -0.000000e+00 1.000000e+00
    outer loop
      vertex   9.213329e+01 -5.120458e+01 2.135398e+01
      vertex   9.394986e+01 -5.055496e+01 2.135398e+01
      vertex   9.175200e+01 -5.084213e+01 2.135398e+01
    endloop
  endfacet
  facet normal 0.000000e+00 0.000000e+00 1.000000e+00
    outer loop
      vertex   9.175200e+01 -5.084213e+01 2.135398e+01
      vertex   9.394986e+01 -5.055496e+01 2.135398e+01
      vertex   9.380194e+01 -5.013223e+01 2.135398e+01
    endloop
  endfacet
  facet normal 0.000000e+00 -0.000000e+00 1.000000e+00
    outer loop
      vertex   9.175200e+01 -5.084213e+01 2.135398e+01
      vertex   9.380194e+01 -5.013223e+01 2.135398e+01
      vertex   9.130555e+01 -5.056386e+01 2.135398e+01
    endloop
  endfacet
  facet normal 0.000000e+00 0.000000e+00 1.000000e+00
    outer loop
      vertex   9.130555e+01 -5.056386e+01 2.135398e+01
      vertex   9.380194e+01 -5.013223e+01 2.135398e+01
      vertex   9.356366e+01 -4.975302e+01 2.135398e+01
    endloop
  endfacet
  facet normal 0.000000e+00 0.000000e+00 1.000000e+00
    outer loop
      vertex   9.130555e+01 -5.056386e+01 2.135398e+01
      vertex   9.356366e+01 -4.975302e+01 2.135398e+01
      vertex   9.324698e+01 -4.943634e+01 2.135398e+01
    endloop
  endfacet
  facet normal 0.000000e+00 0.000000e+00 1.000000e+00
    outer loop
      vertex   8.700000e+01 -5.500000e+01 2.135398e+01
      vertex   8.700000e+01 -8.000000e+01 2.135398e+01
      vertex   8.880000e+01 -6.230000e+01 2.135398e+01
    endloop
  endfacet
  facet normal 0.000000e+00 0.000000e+00 1.000000e+00
    outer loop
      vertex   8.880000e+01 -6.230000e+01 2.135398e+01
      vertex   8.700000e+01 -8.000000e+01 2.135398e+01
      vertex   8.880000e+01 -7.270000e+01 2.135398e+01
    endloop
  endfacet
  facet normal -0.000000e+00 0.000000e+00 1.000000e+00
    outer loop
      vertex   8.880000e+01 -7.270000e+01 2.135398e+01
      vertex   8.700000e+01 -8.000000e+01 2.135398e+01
      vertex   9.220000e+01 -7.270000e+01 2.135398e+01
    endloop
  endfacet
  facet normal 0.000000e+00 0.000000e+00 1.000000e+00
    outer loop
      vertex   9.220000e+01 -7.270000e+01 2.135398e+01
      vertex   8.700000e+01 -8.000000e+01 2.135398e+01
      vertex   9.400000e+01 -8.400000e+01 2.135398e+01
    endloop
  endfacet
  facet normal -0.000000e+00 0.000000e+00 1.000000e+00
    outer loop
      vertex   9.220000e+01 -7.270000e+01 2.135398e+01
      vertex   9.400000e+01 -8.400000e+01 2.135398e+01
      vertex   9.220000e+01 -6.230000e+01 2.135398e+01
    endloop
  endfacet
  facet normal -0.000000e+00 0.000000e+00 1.000000e+00
    outer loop
      vertex   9.220000e+01 -6.230000e+01 2.135398e+01
      vertex   9.400000e+01 -8.400000e+01 2.135398e+01
      vertex   9.400000e+01 -5.100000e+01 2.135398e+01
    endloop
  endfacet
  facet normal -0.000000e+00 0.000000e+00 1.000000e+00
    outer loop
      vertex   2.300000e+01 -8.000000e+01 2.135398e+01
      vertex   4.673462e+01 -8.200000e+01 2.135398e+01
      vertex   8.700000e+01 -8.000000e+01 2.135398e+01
    endloop
  endfacet
  facet normal 0.000000e+00 0.000000e+00 1.000000e+00
    outer loop
      vertex   8.700000e+01 -8.000000e+01 2.135398e+01
      vertex   4.673462e+01 -8.200000e+01 2.135398e+01
      vertex   6.673462e+01 -8.200000e+01 2.135398e+01
    endloop
  endfacet
  facet normal 0.000000e+00 0.000000e+00 1.000000e+00
    outer loop
      vertex   8.700000e+01 -8.000000e+01 2.135398e+01
      vertex   6.673462e+01 -8.200000e+01 2.135398e+01
      vertex   6.673462e+01 -8.400000e+01 2.135398e+01
    endloop
  endfacet
  facet normal 0.000000e+00 0.000000e+00 1.000000e+00
    outer loop
      vertex   2.300000e+01 -5.500000e+01 2.135398e+01
      vertex   2.119872e+01 -8.070211e+01 2.135398e+01
      vertex   2.300000e+01 -8.000000e+01 2.135398e+01
    endloop
  endfacet
  facet normal 0.000000e+00 0.000000e+00 1.000000e+00
    outer loop
      vertex   2.300000e+01 -8.000000e+01 2.135398e+01
      vertex   2.119872e+01 -8.070211e+01 2.135398e+01
      vertex   2.164258e+01 -8.054679e+01 2.135398e+01
    endloop
  endfacet
  facet normal 0.000000e+00 0.000000e+00 1.000000e+00
    outer loop
      vertex   2.300000e+01 -8.000000e+01 2.135398e+01
      vertex   2.164258e+01 -8.054679e+01 2.135398e+01
      vertex   2.210987e+01 -8.049414e+01 2.135398e+01
    endloop
  endfacet
  facet normal -0.000000e+00 0.000000e+00 1.000000e+00
    outer loop
      vertex   2.055496e+01 -4.905014e+01 2.135398e+01
      vertex   2.013223e+01 -4.919806e+01 2.135398e+01
      vertex   2.100000e+01 -4.900000e+01 2.135398e+01
    endloop
  endfacet
  facet normal 0.000000e+00 0.000000e+00 1.000000e+00
    outer loop
      vertex   2.100000e+01 -4.900000e+01 2.135398e+01
      vertex   2.013223e+01 -4.919806e+01 2.135398e+01
      vertex   1.975302e+01 -4.943634e+01 2.135398e+01
    endloop
  endfacet
  facet normal 0.000000e+00 0.000000e+00 1.000000e+00
    outer loop
      vertex   2.100000e+01 -4.900000e+01 2.135398e+01
      vertex   1.975302e+01 -4.943634e+01 2.135398e+01
      vertex   1.943634e+01 -4.975302e+01 2.135398e+01
    endloop
  endfacet
  facet normal -0.000000e+00 0.000000e+00 1.000000e+00
    outer loop
      vertex   1.943634e+01 -4.975302e+01 2.135398e+01
      vertex   1.919806e+01 -5.013223e+01 2.135398e+01
      vertex   2.100000e+01 -4.900000e+01 2.135398e+01
    endloop
  endfacet
  facet normal 0.000000e+00 0.000000e+00 1.000000e+00
    outer loop
      vertex   2.100000e+01 -4.900000e+01 2.135398e+01
      vertex   1.919806e+01 -5.013223e+01 2.135398e+01
      vertex   1.905014e+01 -5.055496e+01 2.135398e+01
    endloop
  endfacet
  facet normal 0.000000e+00 0.000000e+00 1.000000e+00
    outer loop
      vertex   2.100000e+01 -4.900000e+01 2.135398e+01
      vertex   1.905014e+01 -5.055496e+01 2.135398e+01
      vertex   1.900000e+01 -5.100000e+01 2.135398e+01
    endloop
  endfacet
  facet normal 0.000000e+00 0.000000e+00 1.000000e+00
    outer loop
      vertex   1.900000e+01 -8.400000e+01 2.135398e+01
      vertex   2.021784e+01 -8.168299e+01 2.135398e+01
      vertex   1.900000e+01 -5.100000e+01 2.135398e+01
    endloop
  endfacet
  facet normal 0.000000e+00 0.000000e+00 1.000000e+00
    outer loop
      vertex   1.900000e+01 -5.100000e+01 2.135398e+01
      vertex   2.021784e+01 -8.168299e+01 2.135398e+01
      vertex   2.046803e+01 -8.128481e+01 2.135398e+01
    endloop
  endfacet
  facet normal 0.000000e+00 0.000000e+00 1.000000e+00
    outer loop
      vertex   1.900000e+01 -5.100000e+01 2.135398e+01
      vertex   2.046803e+01 -8.128481e+01 2.135398e+01
      vertex   2.080055e+01 -8.095230e+01 2.135398e+01
    endloop
  endfacet
  facet normal 0.000000e+00 -0.000000e+00 1.000000e+00
    outer loop
      vertex   1.905014e+01 -8.444504e+01 2.135398e+01
      vertex   2.046803e+01 -8.390347e+01 2.135398e+01
      vertex   1.900000e+01 -8.400000e+01 2.135398e+01
    endloop
  endfacet
  facet normal 0.000000e+00 0.000000e+00 1.000000e+00
    outer loop
      vertex   1.900000e+01 -8.400000e+01 2.135398e+01
      vertex   2.046803e+01 -8.390347e+01 2.135398e+01
      vertex   2.021784e+01 -8.350530e+01 2.135398e+01
    endloop
  endfacet
  facet normal 0.000000e+00 0.000000e+00 1.000000e+00
    outer loop
      vertex   1.900000e+01 -8.400000e+01 2.135398e+01
      vertex   2.021784e+01 -8.350530e+01 2.135398e+01
      vertex   2.006253e+01 -8.306144e+01 2.135398e+01
    endloop
  endfacet
  facet normal 0.000000e+00 0.000000e+00 1.000000e+00
    outer loop
      vertex   2.046803e+01 -8.390347e+01 2.135398e+01
      vertex   1.905014e+01 -8.444504e+01 2.135398e+01
      vertex   2.080055e+01 -8.423599e+01 2.135398e+01
    endloop
  endfacet
  facet normal 0.000000e+00 0.000000e+00 1.000000e+00
    outer loop
      vertex   2.080055e+01 -8.423599e+01 2.135398e+01
      vertex   1.905014e+01 -8.444504e+01 2.135398e+01
      vertex   1.919806e+01 -8.486777e+01 2.135398e+01
    endloop
  endfacet
  facet normal 0.000000e+00 0.000000e+00 1.000000e+00
    outer loop
      vertex   2.080055e+01 -8.423599e+01 2.135398e+01
      vertex   1.919806e+01 -8.486777e+01 2.135398e+01
      vertex   2.119872e+01 -8.448618e+01 2.135398e+01
    endloop
  endfacet
  facet normal 0.000000e+00 0.000000e+00 1.000000e+00
    outer loop
      vertex   2.119872e+01 -8.448618e+01 2.135398e+01
      vertex   1.919806e+01 -8.486777e+01 2.135398e+01
      vertex   1.943634e+01 -8.524698e+01 2.135398e+01
    endloop
  endfacet
  facet normal 0.000000e+00 0.000000e+00 1.000000e+00
    outer loop
      vertex   2.119872e+01 -8.448618e+01 2.135398e+01
      vertex   1.943634e+01 -8.524698e+01 2.135398e+01
      vertex   2.164258e+01 -8.464149e+01 2.135398e+01
    endloop
  endfacet
  facet normal 0.000000e+00 0.000000e+00 1.000000e+00
    outer loop
      vertex   2.164258e+01 -8.464149e+01 2.135398e+01
      vertex   1.943634e+01 -8.524698e+01 2.135398e+01
      vertex   1.975302e+01 -8.556366e+01 2.135398e+01
    endloop
  endfacet
  facet normal 0.000000e+00 0.000000e+00 1.000000e+00
    outer loop
      vertex   2.164258e+01 -8.464149e+01 2.135398e+01
      vertex   1.975302e+01 -8.556366e+01 2.135398e+01
      vertex   2.013223e+01 -8.580194e+01 2.135398e+01
    endloop
  endfacet
  facet normal -0.000000e+00 0.000000e+00 1.000000e+00
    outer loop
      vertex   2.013223e+01 -8.580194e+01 2.135398e+01
      vertex   2.055496e+01 -8.594986e+01 2.135398e+01
      vertex   2.164258e+01 -8.464149e+01 2.135398e+01
    endloop
  endfacet
  facet normal 0.000000e+00 0.000000e+00 1.000000e+00
    outer loop
      vertex   2.164258e+01 -8.464149e+01 2.135398e+01
      vertex   2.055496e+01 -8.594986e+01 2.135398e+01
      vertex   2.100000e+01 -8.600000e+01 2.135398e+01
    endloop
  endfacet
  facet normal 0.000000e+00 0.000000e+00 1.000000e+00
    outer loop
      vertex   2.164258e+01 -8.464149e+01 2.135398e+01
      vertex   2.100000e+01 -8.600000e+01 2.135398e+01
      vertex   2.210987e+01 -8.469414e+01 2.135398e+01
    endloop
  endfacet
  facet normal -0.000000e+00 0.000000e+00 1.000000e+00
    outer loop
      vertex   2.210987e+01 -8.469414e+01 2.135398e+01
      vertex   2.100000e+01 -8.600000e+01 2.135398e+01
      vertex   2.257717e+01 -8.464149e+01 2.135398e+01
    endloop
  endfacet
  facet normal -0.000000e+00 0.000000e+00 1.000000e+00
    outer loop
      vertex   2.257717e+01 -8.464149e+01 2.135398e+01
      vertex   2.100000e+01 -8.600000e+01 2.135398e+01
      vertex   2.302103e+01 -8.448618e+01 2.135398e+01
    endloop
  endfacet
  facet normal -0.000000e+00 0.000000e+00 1.000000e+00
    outer loop
      vertex   2.302103e+01 -8.448618e+01 2.135398e+01
      vertex   2.100000e+01 -8.600000e+01 2.135398e+01
      vertex   4.673462e+01 -8.400000e+01 2.135398e+01
    endloop
  endfacet
  facet normal 0.000000e+00 0.000000e+00 1.000000e+00
    outer loop
      vertex   2.302103e+01 -8.448618e+01 2.135398e+01
      vertex   4.673462e+01 -8.400000e+01 2.135398e+01
      vertex   2.341920e+01 -8.423599e+01 2.135398e+01
    endloop
  endfacet
  facet normal 0.000000e+00 0.000000e+00 1.000000e+00
    outer loop
      vertex   2.341920e+01 -8.423599e+01 2.135398e+01
      vertex   4.673462e+01 -8.400000e+01 2.135398e+01
      vertex   2.375172e+01 -8.390347e+01 2.135398e+01
    endloop
  endfacet
  facet normal -0.000000e+00 0.000000e+00 1.000000e+00
    outer loop
      vertex   2.375172e+01 -8.390347e+01 2.135398e+01
      vertex   4.673462e+01 -8.400000e+01 2.135398e+01
      vertex   2.400191e+01 -8.350530e+01 2.135398e+01
    endloop
  endfacet
  facet normal -0.000000e+00 0.000000e+00 1.000000e+00
    outer loop
      vertex   2.400191e+01 -8.350530e+01 2.135398e+01
      vertex   4.673462e+01 -8.400000e+01 2.135398e+01
      vertex   2.415722e+01 -8.306144e+01 2.135398e+01
    endloop
  endfacet
  facet normal -0.000000e+00 0.000000e+00 1.000000e+00
    outer loop
      vertex   2.415722e+01 -8.306144e+01 2.135398e+01
      vertex   4.673462e+01 -8.400000e+01 2.135398e+01
      vertex   2.420987e+01 -8.259414e+01 2.135398e+01
    endloop
  endfacet
  facet normal -0.000000e+00 0.000000e+00 1.000000e+00
    outer loop
      vertex   2.420987e+01 -8.259414e+01 2.135398e+01
      vertex   4.673462e+01 -8.400000e+01 2.135398e+01
      vertex   4.673462e+01 -8.200000e+01 2.135398e+01
    endloop
  endfacet
  facet normal 0.000000e+00 -0.000000e+00 1.000000e+00
    outer loop
      vertex   2.420987e+01 -8.259414e+01 2.135398e+01
      vertex   4.673462e+01 -8.200000e+01 2.135398e+01
      vertex   2.415722e+01 -8.212685e+01 2.135398e+01
    endloop
  endfacet
  facet normal 0.000000e+00 -0.000000e+00 1.000000e+00
    outer loop
      vertex   2.415722e+01 -8.212685e+01 2.135398e+01
      vertex   4.673462e+01 -8.200000e+01 2.135398e+01
      vertex   2.400191e+01 -8.168299e+01 2.135398e+01
    endloop
  endfacet
  facet normal -0.000000e+00 -0.000000e+00 1.000000e+00
    outer loop
      vertex   2.400191e+01 -8.168299e+01 2.135398e+01
      vertex   4.673462e+01 -8.200000e+01 2.135398e+01
      vertex   2.375172e+01 -8.128481e+01 2.135398e+01
    endloop
  endfacet
  facet normal -0.000000e+00 -0.000000e+00 1.000000e+00
    outer loop
      vertex   2.375172e+01 -8.128481e+01 2.135398e+01
      vertex   4.673462e+01 -8.200000e+01 2.135398e+01
      vertex   2.300000e+01 -8.000000e+01 2.135398e+01
    endloop
  endfacet
  facet normal 0.000000e+00 0.000000e+00 1.000000e+00
    outer loop
      vertex   2.375172e+01 -8.128481e+01 2.135398e+01
      vertex   2.300000e+01 -8.000000e+01 2.135398e+01
      vertex   2.341920e+01 -8.095230e+01 2.135398e+01
    endloop
  endfacet
  facet normal 0.000000e+00 0.000000e+00 1.000000e+00
    outer loop
      vertex   2.341920e+01 -8.095230e+01 2.135398e+01
      vertex   2.300000e+01 -8.000000e+01 2.135398e+01
      vertex   2.302103e+01 -8.070211e+01 2.135398e+01
    endloop
  endfacet
  facet normal 0.000000e+00 0.000000e+00 1.000000e+00
    outer loop
      vertex   2.302103e+01 -8.070211e+01 2.135398e+01
      vertex   2.300000e+01 -8.000000e+01 2.135398e+01
      vertex   2.257717e+01 -8.054679e+01 2.135398e+01
    endloop
  endfacet
  facet normal 0.000000e+00 -0.000000e+00 1.000000e+00
    outer loop
      vertex   2.257717e+01 -8.054679e+01 2.135398e+01
      vertex   2.300000e+01 -8.000000e+01 2.135398e+01
      vertex   2.210987e+01 -8.049414e+01 2.135398e+01
    endloop
  endfacet
  facet normal 0.000000e+00 0.000000e+00 1.000000e+00
    outer loop
      vertex   2.100000e+01 -8.600000e+01 2.135398e+01
      vertex   9.200000e+01 -8.600000e+01 2.135398e+01
      vertex   4.673462e+01 -8.400000e+01 2.135398e+01
    endloop
  endfacet
  facet normal -0.000000e+00 0.000000e+00 1.000000e+00
    outer loop
      vertex   4.673462e+01 -8.400000e+01 2.135398e+01
      vertex   9.200000e+01 -8.600000e+01 2.135398e+01
      vertex   6.673462e+01 -8.400000e+01 2.135398e+01
    endloop
  endfacet
  facet normal -0.000000e+00 0.000000e+00 1.000000e+00
    outer loop
      vertex   6.673462e+01 -8.400000e+01 2.135398e+01
      vertex   9.200000e+01 -8.600000e+01 2.135398e+01
      vertex   8.700000e+01 -8.000000e+01 2.135398e+01
    endloop
  endfacet
  facet normal 0.000000e+00 -0.000000e+00 1.000000e+00
    outer loop
      vertex   9.244504e+01 -8.594986e+01 2.135398e+01
      vertex   9.286777e+01 -8.580194e+01 2.135398e+01
      vertex   9.200000e+01 -8.600000e+01 2.135398e+01
    endloop
  endfacet
  facet normal 0.000000e+00 0.000000e+00 1.000000e+00
    outer loop
      vertex   9.200000e+01 -8.600000e+01 2.135398e+01
      vertex   9.286777e+01 -8.580194e+01 2.135398e+01
      vertex   9.324698e+01 -8.556366e+01 2.135398e+01
    endloop
  endfacet
  facet normal 0.000000e+00 0.000000e+00 1.000000e+00
    outer loop
      vertex   9.200000e+01 -8.600000e+01 2.135398e+01
      vertex   9.324698e+01 -8.556366e+01 2.135398e+01
      vertex   9.356366e+01 -8.524698e+01 2.135398e+01
    endloop
  endfacet
  facet normal 0.000000e+00 -0.000000e+00 1.000000e+00
    outer loop
      vertex   9.356366e+01 -8.524698e+01 2.135398e+01
      vertex   9.380194e+01 -8.486777e+01 2.135398e+01
      vertex   9.200000e+01 -8.600000e+01 2.135398e+01
    endloop
  endfacet
  facet normal 0.000000e+00 0.000000e+00 1.000000e+00
    outer loop
      vertex   9.200000e+01 -8.600000e+01 2.135398e+01
      vertex   9.380194e+01 -8.486777e+01 2.135398e+01
      vertex   9.394986e+01 -8.444504e+01 2.135398e+01
    endloop
  endfacet
  facet normal 0.000000e+00 0.000000e+00 1.000000e+00
    outer loop
      vertex   9.200000e+01 -8.600000e+01 2.135398e+01
      vertex   9.394986e+01 -8.444504e+01 2.135398e+01
      vertex   9.400000e+01 -8.400000e+01 2.135398e+01
    endloop
  endfacet
  facet normal 0.000000e+00 -0.000000e+00 1.000000e+00
    outer loop
      vertex   9.130555e+01 -5.056386e+01 2.135398e+01
      vertex   9.324698e+01 -4.943634e+01 2.135398e+01
      vertex   9.081222e+01 -5.038115e+01 2.135398e+01
    endloop
  endfacet
  facet normal 0.000000e+00 0.000000e+00 1.000000e+00
    outer loop
      vertex   9.081222e+01 -5.038115e+01 2.135398e+01
      vertex   9.324698e+01 -4.943634e+01 2.135398e+01
      vertex   9.286777e+01 -4.919806e+01 2.135398e+01
    endloop
  endfacet
  facet normal 0.000000e+00 0.000000e+00 1.000000e+00
    outer loop
      vertex   9.081222e+01 -5.038115e+01 2.135398e+01
      vertex   9.286777e+01 -4.919806e+01 2.135398e+01
      vertex   9.244504e+01 -4.905014e+01 2.135398e+01
    endloop
  endfacet
  facet normal 0.000000e+00 0.000000e+00 1.000000e+00
    outer loop
      vertex   9.244504e+01 -4.905014e+01 2.135398e+01
      vertex   9.200000e+01 -4.900000e+01 2.135398e+01
      vertex   9.081222e+01 -5.038115e+01 2.135398e+01
    endloop
  endfacet
  facet normal 0.000000e+00 -0.000000e+00 1.000000e+00
    outer loop
      vertex   9.081222e+01 -5.038115e+01 2.135398e+01
      vertex   9.200000e+01 -4.900000e+01 2.135398e+01
      vertex   9.029221e+01 -5.030149e+01 2.135398e+01
    endloop
  endfacet
  facet normal 0.000000e+00 -0.000000e+00 1.000000e+00
    outer loop
      vertex   9.029221e+01 -5.030149e+01 2.135398e+01
      vertex   9.200000e+01 -4.900000e+01 2.135398e+01
      vertex   8.976681e+01 -5.032813e+01 2.135398e+01
    endloop
  endfacet
  facet normal 0.000000e+00 -0.000000e+00 1.000000e+00
    outer loop
      vertex   8.976681e+01 -5.032813e+01 2.135398e+01
      vertex   9.200000e+01 -4.900000e+01 2.135398e+01
      vertex   8.925753e+01 -5.045999e+01 2.135398e+01
    endloop
  endfacet
  facet normal 0.000000e+00 0.000000e+00 1.000000e+00
    outer loop
      vertex   6.673462e+01 -5.300000e+01 2.135398e+01
      vertex   4.673462e+01 -5.300000e+01 2.135398e+01
      vertex   8.700000e+01 -5.500000e+01 2.135398e+01
    endloop
  endfacet
  facet normal 0.000000e+00 0.000000e+00 1.000000e+00
    outer loop
      vertex   2.006253e+01 -8.306144e+01 2.135398e+01
      vertex   2.000987e+01 -8.259414e+01 2.135398e+01
      vertex   1.900000e+01 -8.400000e+01 2.135398e+01
    endloop
  endfacet
  facet normal 0.000000e+00 0.000000e+00 1.000000e+00
    outer loop
      vertex   1.900000e+01 -8.400000e+01 2.135398e+01
      vertex   2.000987e+01 -8.259414e+01 2.135398e+01
      vertex   2.006253e+01 -8.212685e+01 2.135398e+01
    endloop
  endfacet
  facet normal 0.000000e+00 0.000000e+00 1.000000e+00
    outer loop
      vertex   1.900000e+01 -8.400000e+01 2.135398e+01
      vertex   2.006253e+01 -8.212685e+01 2.135398e+01
      vertex   2.021784e+01 -8.168299e+01 2.135398e+01
    endloop
  endfacet
  facet normal 0.000000e+00 0.000000e+00 1.000000e+00
    outer loop
      vertex   1.900000e+01 -5.100000e+01 2.135398e+01
      vertex   2.080055e+01 -8.095230e+01 2.135398e+01
      vertex   2.300000e+01 -5.500000e+01 2.135398e+01
    endloop
  endfacet
  facet normal 0.000000e+00 0.000000e+00 1.000000e+00
    outer loop
      vertex   2.300000e+01 -5.500000e+01 2.135398e+01
      vertex   2.080055e+01 -8.095230e+01 2.135398e+01
      vertex   2.119872e+01 -8.070211e+01 2.135398e+01
    endloop
  endfacet
  facet normal -0.000000e+00 0.000000e+00 1.000000e+00
    outer loop
      vertex   1.900000e+01 -5.100000e+01 2.135398e+01
      vertex   2.300000e+01 -5.500000e+01 2.135398e+01
      vertex   2.100000e+01 -4.900000e+01 2.135398e+01
    endloop
  endfacet
  facet normal 0.000000e+00 0.000000e+00 1.000000e+00
    outer loop
      vertex   9.400000e+01 -8.400000e+01 2.135398e+01
      vertex   8.700000e+01 -8.000000e+01 2.135398e+01
      vertex   9.200000e+01 -8.600000e+01 2.135398e+01
    endloop
  endfacet
  facet normal 1.119645e-01 9.937122e-01 -0.000000e+00
    outer loop
      vertex   9.200000e+01 -4.900000e+01 3.367976e+00
      vertex   9.200000e+01 -4.900000e+01 2.135398e+01
      vertex   9.244504e+01 -4.905014e+01 1.236098e+01
    endloop
  endfacet
  facet normal 1.119645e-01 9.937122e-01 -0.000000e+00
    outer loop
      vertex   9.244504e+01 -4.905014e+01 1.236098e+01
      vertex   9.200000e+01 -4.900000e+01 2.135398e+01
      vertex   9.244504e+01 -4.905014e+01 2.135398e+01
    endloop
  endfacet
  facet normal 3.302791e-01 9.438833e-01 -0.000000e+00
    outer loop
      vertex   9.244504e+01 -4.905014e+01 1.236098e+01
      vertex   9.244504e+01 -4.905014e+01 2.135398e+01
      vertex   9.286777e+01 -4.919806e+01 1.236098e+01
    endloop
  endfacet
  facet normal 3.302791e-01 9.438833e-01 -0.000000e+00
    outer loop
      vertex   9.286777e+01 -4.919806e+01 1.236098e+01
      vertex   9.244504e+01 -4.905014e+01 2.135398e+01
      vertex   9.286777e+01 -4.919806e+01 2.135398e+01
    endloop
  endfacet
  facet normal 5.320321e-01 8.467242e-01 -0.000000e+00
    outer loop
      vertex   9.286777e+01 -4.919806e+01 1.236098e+01
      vertex   9.286777e+01 -4.919806e+01 2.135398e+01
      vertex   9.324698e+01 -4.943634e+01 1.236098e+01
    endloop
  endfacet
  facet normal 5.320321e-01 8.467242e-01 -0.000000e+00
    outer loop
      vertex   9.324698e+01 -4.943634e+01 1.236098e+01
      vertex   9.286777e+01 -4.919806e+01 2.135398e+01
      vertex   9.324698e+01 -4.943634e+01 2.135398e+01
    endloop
  endfacet
  facet normal 7.071068e-01 7.071068e-01 -0.000000e+00
    outer loop
      vertex   9.324698e+01 -4.943634e+01 1.236098e+01
      vertex   9.324698e+01 -4.943634e+01 2.135398e+01
      vertex   9.356366e+01 -4.975302e+01 1.236098e+01
    endloop
  endfacet
  facet normal 7.071068e-01 7.071068e-01 -0.000000e+00
    outer loop
      vertex   9.356366e+01 -4.975302e+01 1.236098e+01
      vertex   9.324698e+01 -4.943634e+01 2.135398e+01
      vertex   9.356366e+01 -4.975302e+01 2.135398e+01
    endloop
  endfacet
  facet normal 8.467242e-01 5.320321e-01 -0.000000e+00
    outer loop
      vertex   9.356366e+01 -4.975302e+01 1.236098e+01
      vertex   9.356366e+01 -4.975302e+01 2.135398e+01
      vertex   9.380194e+01 -5.013223e+01 1.236098e+01
    endloop
  endfacet
  facet normal 8.467242e-01 5.320321e-01 -0.000000e+00
    outer loop
      vertex   9.380194e+01 -5.013223e+01 1.236098e+01
      vertex   9.356366e+01 -4.975302e+01 2.135398e+01
      vertex   9.380194e+01 -5.013223e+01 2.135398e+01
    endloop
  endfacet
  facet normal 9.438833e-01 3.302791e-01 -0.000000e+00
    outer loop
      vertex   9.380194e+01 -5.013223e+01 1.236098e+01
      vertex   9.380194e+01 -5.013223e+01 2.135398e+01
      vertex   9.394986e+01 -5.055496e+01 1.236098e+01
    endloop
  endfacet
  facet normal 9.438833e-01 3.302791e-01 -0.000000e+00
    outer loop
      vertex   9.394986e+01 -5.055496e+01 1.236098e+01
      vertex   9.380194e+01 -5.013223e+01 2.135398e+01
      vertex   9.394986e+01 -5.055496e+01 2.135398e+01
    endloop
  endfacet
  facet normal 9.937122e-01 1.119645e-01 -0.000000e+00
    outer loop
      vertex   9.394986e+01 -5.055496e+01 1.236098e+01
      vertex   9.394986e+01 -5.055496e+01 2.135398e+01
      vertex   9.400000e+01 -5.100000e+01 2.135398e+01
    endloop
  endfacet
  facet normal 9.937122e-01 1.119645e-01 0.000000e+00
    outer loop
      vertex   9.400000e+01 -5.100000e+01 2.135398e+01
      vertex   9.400000e+01 -5.100000e+01 3.367976e+00
      vertex   9.394986e+01 -5.055496e+01 1.236098e+01
    endloop
  endfacet
  facet normal 9.937122e-01 1.119645e-01 0.000000e+00
    outer loop
      vertex   9.394986e+01 -5.055496e+01 1.236098e+01
      vertex   9.400000e+01 -5.100000e+01 3.367976e+00
      vertex   9.394986e+01 -5.055496e+01 3.367976e+00
    endloop
  endfacet
  facet normal 9.438833e-01 3.302791e-01 0.000000e+00
    outer loop
      vertex   9.394986e+01 -5.055496e+01 1.236098e+01
      vertex   9.394986e+01 -5.055496e+01 3.367976e+00
      vertex   9.380194e+01 -5.013223e+01 1.236098e+01
    endloop
  endfacet
  facet normal 9.438833e-01 3.302791e-01 0.000000e+00
    outer loop
      vertex   9.380194e+01 -5.013223e+01 1.236098e+01
      vertex   9.394986e+01 -5.055496e+01 3.367976e+00
      vertex   9.380194e+01 -5.013223e+01 3.367976e+00
    endloop
  endfacet
  facet normal 8.467242e-01 5.320321e-01 0.000000e+00
    outer loop
      vertex   9.380194e+01 -5.013223e+01 1.236098e+01
      vertex   9.380194e+01 -5.013223e+01 3.367976e+00
      vertex   9.356366e+01 -4.975302e+01 1.236098e+01
    endloop
  endfacet
  facet normal 8.467242e-01 5.320321e-01 0.000000e+00
    outer loop
      vertex   9.356366e+01 -4.975302e+01 1.236098e+01
      vertex   9.380194e+01 -5.013223e+01 3.367976e+00
      vertex   9.356366e+01 -4.975302e+01 3.367976e+00
    endloop
  endfacet
  facet normal 7.071068e-01 7.071068e-01 0.000000e+00
    outer loop
      vertex   9.356366e+01 -4.975302e+01 1.236098e+01
      vertex   9.356366e+01 -4.975302e+01 3.367976e+00
      vertex   9.324698e+01 -4.943634e+01 1.236098e+01
    endloop
  endfacet
  facet normal 7.071068e-01 7.071068e-01 0.000000e+00
    outer loop
      vertex   9.324698e+01 -4.943634e+01 1.236098e+01
      vertex   9.356366e+01 -4.975302e+01 3.367976e+00
      vertex   9.324698e+01 -4.943634e+01 3.367976e+00
    endloop
  endfacet
  facet normal 5.320321e-01 8.467242e-01 0.000000e+00
    outer loop
      vertex   9.324698e+01 -4.943634e+01 1.236098e+01
      vertex   9.324698e+01 -4.943634e+01 3.367976e+00
      vertex   9.286777e+01 -4.919806e+01 1.236098e+01
    endloop
  endfacet
  facet normal 5.320321e-01 8.467242e-01 0.000000e+00
    outer loop
      vertex   9.286777e+01 -4.919806e+01 1.236098e+01
      vertex   9.324698e+01 -4.943634e+01 3.367976e+00
      vertex   9.286777e+01 -4.919806e+01 3.367976e+00
    endloop
  endfacet
  facet normal 3.302791e-01 9.438833e-01 0.000000e+00
    outer loop
      vertex   9.286777e+01 -4.919806e+01 1.236098e+01
      vertex   9.286777e+01 -4.919806e+01 3.367976e+00
      vertex   9.244504e+01 -4.905014e+01 1.236098e+01
    endloop
  endfacet
  facet normal 3.302791e-01 9.438833e-01 0.000000e+00
    outer loop
      vertex   9.244504e+01 -4.905014e+01 1.236098e+01
      vertex   9.286777e+01 -4.919806e+01 3.367976e+00
      vertex   9.244504e+01 -4.905014e+01 3.367976e+00
    endloop
  endfacet
  facet normal 1.119645e-01 9.937122e-01 0.000000e+00
    outer loop
      vertex   9.244504e+01 -4.905014e+01 1.236098e+01
      vertex   9.244504e+01 -4.905014e+01 3.367976e+00
      vertex   9.200000e+01 -4.900000e+01 3.367976e+00
    endloop
  endfacet
  facet normal 1.000000e+00 0.000000e+00 0.000000e+00
    outer loop
      vertex   9.400000e+01 -5.750000e+01 1.136798e+01
      vertex   9.400000e+01 -5.100000e+01 2.135398e+01
      vertex   9.400000e+01 -5.750000e+01 1.836798e+01
    endloop
  endfacet
  facet normal 1.000000e+00 0.000000e+00 -0.000000e+00
    outer loop
      vertex   9.400000e+01 -5.750000e+01 1.836798e+01
      vertex   9.400000e+01 -5.100000e+01 2.135398e+01
      vertex   9.400000e+01 -8.400000e+01 2.135398e+01
    endloop
  endfacet
  facet normal 1.000000e+00 0.000000e+00 0.000000e+00
    outer loop
      vertex   9.400000e+01 -5.750000e+01 1.836798e+01
      vertex   9.400000e+01 -8.400000e+01 2.135398e+01
      vertex   9.400000e+01 -7.750000e+01 1.836798e+01
    endloop
  endfacet
  facet normal 1.000000e+00 0.000000e+00 0.000000e+00
    outer loop
      vertex   9.400000e+01 -7.750000e+01 1.836798e+01
      vertex   9.400000e+01 -8.400000e+01 2.135398e+01
      vertex   9.400000e+01 -7.750000e+01 1.136798e+01
    endloop
  endfacet
  facet normal 1.000000e+00 0.000000e+00 0.000000e+00
    outer loop
      vertex   9.400000e+01 -7.750000e+01 1.136798e+01
      vertex   9.400000e+01 -8.400000e+01 2.135398e+01
      vertex   9.400000e+01 -8.400000e+01 3.367976e+00
    endloop
  endfacet
  facet normal 1.000000e+00 0.000000e+00 0.000000e+00
    outer loop
      vertex   9.400000e+01 -7.750000e+01 1.136798e+01
      vertex   9.400000e+01 -8.400000e+01 3.367976e+00
      vertex   9.400000e+01 -5.100000e+01 3.367976e+00
    endloop
  endfacet
  facet normal 1.000000e+00 0.000000e+00 0.000000e+00
    outer loop
      vertex   9.400000e+01 -5.100000e+01 2.135398e+01
      vertex   9.400000e+01 -5.750000e+01 1.136798e+01
      vertex   9.400000e+01 -5.100000e+01 3.367976e+00
    endloop
  endfacet
  facet normal 1.000000e+00 0.000000e+00 0.000000e+00
    outer loop
      vertex   9.400000e+01 -5.100000e+01 3.367976e+00
      vertex   9.400000e+01 -5.750000e+01 1.136798e+01
      vertex   9.400000e+01 -7.750000e+01 1.136798e+01
    endloop
  endfacet
  facet normal 9.937122e-01 -1.119645e-01 0.000000e+00
    outer loop
      vertex   9.400000e+01 -8.400000e+01 3.367976e+00
      vertex   9.400000e+01 -8.400000e+01 2.135398e+01
      vertex   9.394986e+01 -8.444504e+01 1.236098e+01
    endloop
  endfacet
  facet normal 9.937122e-01 -1.119645e-01 0.000000e+00
    outer loop
      vertex   9.394986e+01 -8.444504e+01 1.236098e+01
      vertex   9.400000e+01 -8.400000e+01 2.135398e+01
      vertex   9.394986e+01 -8.444504e+01 2.135398e+01
    endloop
  endfacet
  facet normal 9.438833e-01 -3.302791e-01 0.000000e+00
    outer loop
      vertex   9.394986e+01 -8.444504e+01 1.236098e+01
      vertex   9.394986e+01 -8.444504e+01 2.135398e+01
      vertex   9.380194e+01 -8.486777e+01 1.236098e+01
    endloop
  endfacet
  facet normal 9.438833e-01 -3.302791e-01 0.000000e+00
    outer loop
      vertex   9.380194e+01 -8.486777e+01 1.236098e+01
      vertex   9.394986e+01 -8.444504e+01 2.135398e+01
      vertex   9.380194e+01 -8.486777e+01 2.135398e+01
    endloop
  endfacet
  facet normal 8.467242e-01 -5.320321e-01 0.000000e+00
    outer loop
      vertex   9.380194e+01 -8.486777e+01 1.236098e+01
      vertex   9.380194e+01 -8.486777e+01 2.135398e+01
      vertex   9.356366e+01 -8.524698e+01 1.236098e+01
    endloop
  endfacet
  facet normal 8.467242e-01 -5.320321e-01 0.000000e+00
    outer loop
      vertex   9.356366e+01 -8.524698e+01 1.236098e+01
      vertex   9.380194e+01 -8.486777e+01 2.135398e+01
      vertex   9.356366e+01 -8.524698e+01 2.135398e+01
    endloop
  endfacet
  facet normal 7.071068e-01 -7.071068e-01 0.000000e+00
    outer loop
      vertex   9.356366e+01 -8.524698e+01 1.236098e+01
      vertex   9.356366e+01 -8.524698e+01 2.135398e+01
      vertex   9.324698e+01 -8.556366e+01 1.236098e+01
    endloop
  endfacet
  facet normal 7.071068e-01 -7.071068e-01 0.000000e+00
    outer loop
      vertex   9.324698e+01 -8.556366e+01 1.236098e+01
      vertex   9.356366e+01 -8.524698e+01 2.135398e+01
      vertex   9.324698e+01 -8.556366e+01 2.135398e+01
    endloop
  endfacet
  facet normal 5.320321e-01 -8.467242e-01 0.000000e+00
    outer loop
      vertex   9.324698e+01 -8.556366e+01 1.236098e+01
      vertex   9.324698e+01 -8.556366e+01 2.135398e+01
      vertex   9.286777e+01 -8.580194e+01 1.236098e+01
    endloop
  endfacet
  facet normal 5.320321e-01 -8.467242e-01 0.000000e+00
    outer loop
      vertex   9.286777e+01 -8.580194e+01 1.236098e+01
      vertex   9.324698e+01 -8.556366e+01 2.135398e+01
      vertex   9.286777e+01 -8.580194e+01 2.135398e+01
    endloop
  endfacet
  facet normal 3.302791e-01 -9.438833e-01 0.000000e+00
    outer loop
      vertex   9.286777e+01 -8.580194e+01 1.236098e+01
      vertex   9.286777e+01 -8.580194e+01 2.135398e+01
      vertex   9.244504e+01 -8.594986e+01 1.236098e+01
    endloop
  endfacet
  facet normal 3.302791e-01 -9.438833e-01 0.000000e+00
    outer loop
      vertex   9.244504e+01 -8.594986e+01 1.236098e+01
      vertex   9.286777e+01 -8.580194e+01 2.135398e+01
      vertex   9.244504e+01 -8.594986e+01 2.135398e+01
    endloop
  endfacet
  facet normal 1.119645e-01 -9.937122e-01 0.000000e+00
    outer loop
      vertex   9.244504e+01 -8.594986e+01 1.236098e+01
      vertex   9.244504e+01 -8.594986e+01 2.135398e+01
      vertex   9.200000e+01 -8.600000e+01 2.135398e+01
    endloop
  endfacet
  facet normal 1.119645e-01 -9.937122e-01 0.000000e+00
    outer loop
      vertex   9.200000e+01 -8.600000e+01 2.135398e+01
      vertex   9.200000e+01 -8.600000e+01 3.367976e+00
      vertex   9.244504e+01 -8.594986e+01 1.236098e+01
    endloop
  endfacet
  facet normal 1.119645e-01 -9.937122e-01 0.000000e+00
    outer loop
      vertex   9.244504e+01 -8.594986e+01 1.236098e+01
      vertex   9.200000e+01 -8.600000e+01 3.367976e+00
      vertex   9.244504e+01 -8.594986e+01 3.367976e+00
    endloop
  endfacet
  facet normal 3.302791e-01 -9.438833e-01 0.000000e+00
    outer loop
      vertex   9.244504e+01 -8.594986e+01 1.236098e+01
      vertex   9.244504e+01 -8.594986e+01 3.367976e+00
      vertex   9.286777e+01 -8.580194e+01 1.236098e+01
    endloop
  endfacet
  facet normal 3.302791e-01 -9.438833e-01 0.000000e+00
    outer loop
      vertex   9.286777e+01 -8.580194e+01 1.236098e+01
      vertex   9.244504e+01 -8.594986e+01 3.367976e+00
      vertex   9.286777e+01 -8.580194e+01 3.367976e+00
    endloop
  endfacet
  facet normal 5.320321e-01 -8.467242e-01 0.000000e+00
    outer loop
      vertex   9.286777e+01 -8.580194e+01 1.236098e+01
      vertex   9.286777e+01 -8.580194e+01 3.367976e+00
      vertex   9.324698e+01 -8.556366e+01 1.236098e+01
    endloop
  endfacet
  facet normal 5.320321e-01 -8.467242e-01 0.000000e+00
    outer loop
      vertex   9.324698e+01 -8.556366e+01 1.236098e+01
      vertex   9.286777e+01 -8.580194e+01 3.367976e+00
      vertex   9.324698e+01 -8.556366e+01 3.367976e+00
    endloop
  endfacet
  facet normal 7.071068e-01 -7.071068e-01 0.000000e+00
    outer loop
      vertex   9.324698e+01 -8.556366e+01 1.236098e+01
      vertex   9.324698e+01 -8.556366e+01 3.367976e+00
      vertex   9.356366e+01 -8.524698e+01 1.236098e+01
    endloop
  endfacet
  facet normal 7.071068e-01 -7.071068e-01 0.000000e+00
    outer loop
      vertex   9.356366e+01 -8.524698e+01 1.236098e+01
      vertex   9.324698e+01 -8.556366e+01 3.367976e+00
      vertex   9.356366e+01 -8.524698e+01 3.367976e+00
    endloop
  endfacet
  facet normal 8.467242e-01 -5.320321e-01 0.000000e+00
    outer loop
      vertex   9.356366e+01 -8.524698e+01 1.236098e+01
      vertex   9.356366e+01 -8.524698e+01 3.367976e+00
      vertex   9.380194e+01 -8.486777e+01 1.236098e+01
    endloop
  endfacet
  facet normal 8.467242e-01 -5.320321e-01 0.000000e+00
    outer loop
      vertex   9.380194e+01 -8.486777e+01 1.236098e+01
      vertex   9.356366e+01 -8.524698e+01 3.367976e+00
      vertex   9.380194e+01 -8.486777e+01 3.367976e+00
    endloop
  endfacet
  facet normal 9.438833e-01 -3.302791e-01 0.000000e+00
    outer loop
      vertex   9.380194e+01 -8.486777e+01 1.236098e+01
      vertex   9.380194e+01 -8.486777e+01 3.367976e+00
      vertex   9.394986e+01 -8.444504e+01 1.236098e+01
    endloop
  endfacet
  facet normal 9.438833e-01 -3.302791e-01 0.000000e+00
    outer loop
      vertex   9.394986e+01 -8.444504e+01 1.236098e+01
      vertex   9.380194e+01 -8.486777e+01 3.367976e+00
      vertex   9.394986e+01 -8.444504e+01 3.367976e+00
    endloop
  endfacet
  facet normal 9.937122e-01 -1.119645e-01 0.000000e+00
    outer loop
      vertex   9.394986e+01 -8.444504e+01 1.236098e+01
      vertex   9.394986e+01 -8.444504e+01 3.367976e+00
      vertex   9.400000e+01 -8.400000e+01 3.367976e+00
    endloop
  endfacet
  facet normal -0.000000e+00 -1.000000e+00 -0.000000e+00
    outer loop
      vertex   9.200000e+01 -8.600000e+01 2.135398e+01
      vertex   2.100000e+01 -8.600000e+01 2.135398e+01
      vertex   9.200000e+01 -8.600000e+01 3.367976e+00
    endloop
  endfacet
  facet normal 0.000000e+00 -1.000000e+00 0.000000e+00
    outer loop
      vertex   9.200000e+01 -8.600000e+01 3.367976e+00
      vertex   2.100000e+01 -8.600000e+01 2.135398e+01
      vertex   2.100000e+01 -8.600000e+01 3.367976e+00
    endloop
  endfacet
  facet normal -9.937122e-01 -1.119645e-01 -0.000000e+00
    outer loop
      vertex   1.900000e+01 -8.400000e+01 2.135398e+01
      vertex   1.900000e+01 -8.400000e+01 3.367976e+00
      vertex   1.905014e+01 -8.444504e+01 1.236098e+01
    endloop
  endfacet
  facet normal -9.937122e-01 -1.119645e-01 3.925692e-16
    outer loop
      vertex   1.905014e+01 -8.444504e+01 1.236098e+01
      vertex   1.900000e+01 -8.400000e+01 3.367976e+00
      vertex   1.905014e+01 -8.444504e+01 3.367976e+00
    endloop
  endfacet
  facet normal -9.438833e-01 -3.302791e-01 3.728842e-16
    outer loop
      vertex   1.905014e+01 -8.444504e+01 1.236098e+01
      vertex   1.905014e+01 -8.444504e+01 3.367976e+00
      vertex   1.919806e+01 -8.486777e+01 1.236098e+01
    endloop
  endfacet
  facet normal -9.438833e-01 -3.302791e-01 -0.000000e+00
    outer loop
      vertex   1.919806e+01 -8.486777e+01 1.236098e+01
      vertex   1.905014e+01 -8.444504e+01 3.367976e+00
      vertex   1.919806e+01 -8.486777e+01 3.367976e+00
    endloop
  endfacet
  facet normal -8.467242e-01 -5.320321e-01 -0.000000e+00
    outer loop
      vertex   1.919806e+01 -8.486777e+01 1.236098e+01
      vertex   1.919806e+01 -8.486777e+01 3.367976e+00
      vertex   1.943634e+01 -8.524698e+01 1.236098e+01
    endloop
  endfacet
  facet normal -8.467242e-01 -5.320321e-01 6.690023e-16
    outer loop
      vertex   1.943634e+01 -8.524698e+01 1.236098e+01
      vertex   1.919806e+01 -8.486777e+01 3.367976e+00
      vertex   1.943634e+01 -8.524698e+01 3.367976e+00
    endloop
  endfacet
  facet normal -7.071068e-01 -7.071068e-01 5.586896e-16
    outer loop
      vertex   1.943634e+01 -8.524698e+01 1.236098e+01
      vertex   1.943634e+01 -8.524698e+01 3.367976e+00
      vertex   1.975302e+01 -8.556366e+01 1.236098e+01
    endloop
  endfacet
  facet normal -7.071068e-01 -7.071068e-01 5.586896e-16
    outer loop
      vertex   1.975302e+01 -8.556366e+01 1.236098e+01
      vertex   1.943634e+01 -8.524698e+01 3.367976e+00
      vertex   1.975302e+01 -8.556366e+01 3.367976e+00
    endloop
  endfacet
  facet normal -5.320321e-01 -8.467242e-01 4.203620e-16
    outer loop
      vertex   1.975302e+01 -8.556366e+01 1.236098e+01
      vertex   1.975302e+01 -8.556366e+01 3.367976e+00
      vertex   2.013223e+01 -8.580194e+01 1.236098e+01
    endloop
  endfacet
  facet normal -5.320321e-01 -8.467242e-01 -0.000000e+00
    outer loop
      vertex   2.013223e+01 -8.580194e+01 1.236098e+01
      vertex   1.975302e+01 -8.556366e+01 3.367976e+00
      vertex   2.013223e+01 -8.580194e+01 3.367976e+00
    endloop
  endfacet
  facet normal -3.302791e-01 -9.438833e-01 -0.000000e+00
    outer loop
      vertex   2.013223e+01 -8.580194e+01 1.236098e+01
      vertex   2.013223e+01 -8.580194e+01 3.367976e+00
      vertex   2.055496e+01 -8.594986e+01 1.236098e+01
    endloop
  endfacet
  facet normal -3.302791e-01 -9.438833e-01 -0.000000e+00
    outer loop
      vertex   2.055496e+01 -8.594986e+01 1.236098e+01
      vertex   2.013223e+01 -8.580194e+01 3.367976e+00
      vertex   2.055496e+01 -8.594986e+01 3.367976e+00
    endloop
  endfacet
  facet normal -1.119645e-01 -9.937122e-01 -0.000000e+00
    outer loop
      vertex   2.055496e+01 -8.594986e+01 1.236098e+01
      vertex   2.055496e+01 -8.594986e+01 3.367976e+00
      vertex   2.100000e+01 -8.600000e+01 3.367976e+00
    endloop
  endfacet
  facet normal -1.119645e-01 -9.937122e-01 0.000000e+00
    outer loop
      vertex   2.100000e+01 -8.600000e+01 3.367976e+00
      vertex   2.100000e+01 -8.600000e+01 2.135398e+01
      vertex   2.055496e+01 -8.594986e+01 1.236098e+01
    endloop
  endfacet
  facet normal -1.119645e-01 -9.937122e-01 0.000000e+00
    outer loop
      vertex   2.055496e+01 -8.594986e+01 1.236098e+01
      vertex   2.100000e+01 -8.600000e+01 2.135398e+01
      vertex   2.055496e+01 -8.594986e+01 2.135398e+01
    endloop
  endfacet
  facet normal -3.302791e-01 -9.438833e-01 0.000000e+00
    outer loop
      vertex   2.055496e+01 -8.594986e+01 1.236098e+01
      vertex   2.055496e+01 -8.594986e+01 2.135398e+01
      vertex   2.013223e+01 -8.580194e+01 1.236098e+01
    endloop
  endfacet
  facet normal -3.302791e-01 -9.438833e-01 0.000000e+00
    outer loop
      vertex   2.013223e+01 -8.580194e+01 1.236098e+01
      vertex   2.055496e+01 -8.594986e+01 2.135398e+01
      vertex   2.013223e+01 -8.580194e+01 2.135398e+01
    endloop
  endfacet
  facet normal -5.320321e-01 -8.467242e-01 0.000000e+00
    outer loop
      vertex   2.013223e+01 -8.580194e+01 1.236098e+01
      vertex   2.013223e+01 -8.580194e+01 2.135398e+01
      vertex   1.975302e+01 -8.556366e+01 1.236098e+01
    endloop
  endfacet
  facet normal -5.320321e-01 -8.467242e-01 -4.203620e-16
    outer loop
      vertex   1.975302e+01 -8.556366e+01 1.236098e+01
      vertex   2.013223e+01 -8.580194e+01 2.135398e+01
      vertex   1.975302e+01 -8.556366e+01 2.135398e+01
    endloop
  endfacet
  facet normal -7.071068e-01 -7.071068e-01 -5.586896e-16
    outer loop
      vertex   1.975302e+01 -8.556366e+01 1.236098e+01
      vertex   1.975302e+01 -8.556366e+01 2.135398e+01
      vertex   1.943634e+01 -8.524698e+01 1.236098e+01
    endloop
  endfacet
  facet normal -7.071068e-01 -7.071068e-01 -5.586896e-16
    outer loop
      vertex   1.943634e+01 -8.524698e+01 1.236098e+01
      vertex   1.975302e+01 -8.556366e+01 2.135398e+01
      vertex   1.943634e+01 -8.524698e+01 2.135398e+01
    endloop
  endfacet
  facet normal -8.467242e-01 -5.320321e-01 -6.690023e-16
    outer loop
      vertex   1.943634e+01 -8.524698e+01 1.236098e+01
      vertex   1.943634e+01 -8.524698e+01 2.135398e+01
      vertex   1.919806e+01 -8.486777e+01 1.236098e+01
    endloop
  endfacet
  facet normal -8.467242e-01 -5.320321e-01 0.000000e+00
    outer loop
      vertex   1.919806e+01 -8.486777e+01 1.236098e+01
      vertex   1.943634e+01 -8.524698e+01 2.135398e+01
      vertex   1.919806e+01 -8.486777e+01 2.135398e+01
    endloop
  endfacet
  facet normal -9.438833e-01 -3.302791e-01 0.000000e+00
    outer loop
      vertex   1.919806e+01 -8.486777e+01 1.236098e+01
      vertex   1.919806e+01 -8.486777e+01 2.135398e+01
      vertex   1.905014e+01 -8.444504e+01 1.236098e+01
    endloop
  endfacet
  facet normal -9.438833e-01 -3.302791e-01 0.000000e+00
    outer loop
      vertex   1.905014e+01 -8.444504e+01 1.236098e+01
      vertex   1.919806e+01 -8.486777e+01 2.135398e+01
      vertex   1.905014e+01 -8.444504e+01 2.135398e+01
    endloop
  endfacet
  facet normal -9.937122e-01 -1.119645e-01 0.000000e+00
    outer loop
      vertex   1.905014e+01 -8.444504e+01 1.236098e+01
      vertex   1.905014e+01 -8.444504e+01 2.135398e+01
      vertex   1.900000e+01 -8.400000e+01 2.135398e+01
    endloop
  endfacet
  facet normal -1.000000e+00 1.818907e-16 0.000000e+00
    outer loop
      vertex   1.900000e+01 -5.100000e+01 3.367976e+00
      vertex   1.900000e+01 -7.053213e+01 1.132632e+01
      vertex   1.900000e+01 -5.100000e+01 2.135398e+01
    endloop
  endfacet
  facet normal -1.000000e+00 1.593175e-16 4.396882e-17
    outer loop
      vertex   1.900000e+01 -5.100000e+01 2.135398e+01
      vertex   1.900000e+01 -7.053213e+01 1.132632e+01
      vertex   1.900000e+01 -7.068714e+01 1.188798e+01
    endloop
  endfacet
  facet normal -1.000000e+00 1.465295e-16 7.056489e-17
    outer loop
      vertex   1.900000e+01 -5.100000e+01 2.135398e+01
      vertex   1.900000e+01 -7.068714e+01 1.188798e+01
      vertex   1.900000e+01 -7.093994e+01 1.241293e+01
    endloop
  endfacet
  facet normal -1.000000e+00 0.000000e+00 -8.545420e-16
    outer loop
      vertex   1.900000e+01 -8.400000e+01 3.367976e+00
      vertex   1.900000e+01 -7.329364e+01 7.525424e+00
      vertex   1.900000e+01 -5.100000e+01 3.367976e+00
    endloop
  endfacet
  facet normal -1.000000e+00 8.770267e-17 -3.842505e-16
    outer loop
      vertex   1.900000e+01 -5.100000e+01 3.367976e+00
      vertex   1.900000e+01 -7.329364e+01 7.525424e+00
      vertex   1.900000e+01 -7.272560e+01 7.655077e+00
    endloop
  endfacet
  facet normal -1.000000e+00 1.118762e-16 -2.617473e-16
    outer loop
      vertex   1.900000e+01 -5.100000e+01 3.367976e+00
      vertex   1.900000e+01 -7.272560e+01 7.655077e+00
      vertex   1.900000e+01 -7.218983e+01 7.884075e+00
    endloop
  endfacet
  facet normal -1.000000e+00 -5.051361e-16 -0.000000e+00
    outer loop
      vertex   1.900000e+01 -8.400000e+01 2.135398e+01
      vertex   1.900000e+01 -7.696682e+01 1.103734e+01
      vertex   1.900000e+01 -8.400000e+01 3.367976e+00
    endloop
  endfacet
  facet normal -1.000000e+00 -5.051361e-16 0.000000e+00
    outer loop
      vertex   1.900000e+01 -8.400000e+01 3.367976e+00
      vertex   1.900000e+01 -7.696682e+01 1.103734e+01
      vertex   1.900000e+01 -7.696682e+01 1.045468e+01
    endloop
  endfacet
  facet normal -1.000000e+00 -4.270484e-16 -7.749787e-17
    outer loop
      vertex   1.900000e+01 -8.400000e+01 3.367976e+00
      vertex   1.900000e+01 -7.696682e+01 1.045468e+01
      vertex   1.900000e+01 -7.686278e+01 9.881391e+00
    endloop
  endfacet
  facet normal -1.000000e+00 0.000000e+00 4.809167e-16
    outer loop
      vertex   1.900000e+01 -5.100000e+01 2.135398e+01
      vertex   1.900000e+01 -7.329364e+01 1.396660e+01
      vertex   1.900000e+01 -8.400000e+01 2.135398e+01
    endloop
  endfacet
  facet normal -1.000000e+00 2.310161e-17 5.143973e-16
    outer loop
      vertex   1.900000e+01 -8.400000e+01 2.135398e+01
      vertex   1.900000e+01 -7.329364e+01 1.396660e+01
      vertex   1.900000e+01 -7.387571e+01 1.399274e+01
    endloop
  endfacet
  facet normal -1.000000e+00 -5.510892e-17 4.068304e-16
    outer loop
      vertex   1.900000e+01 -8.400000e+01 2.135398e+01
      vertex   1.900000e+01 -7.387571e+01 1.399274e+01
      vertex   1.900000e+01 -7.445310e+01 1.391453e+01
    endloop
  endfacet
  facet normal -1.000000e+00 1.763664e-16 -1.587326e-17
    outer loop
      vertex   1.900000e+01 -7.053213e+01 1.016570e+01
      vertex   1.900000e+01 -7.047990e+01 1.074601e+01
      vertex   1.900000e+01 -5.100000e+01 3.367976e+00
    endloop
  endfacet
  facet normal -1.000000e+00 1.888148e-16 1.699364e-17
    outer loop
      vertex   1.900000e+01 -5.100000e+01 3.367976e+00
      vertex   1.900000e+01 -7.047990e+01 1.074601e+01
      vertex   1.900000e+01 -7.053213e+01 1.132632e+01
    endloop
  endfacet
  facet normal -1.000000e+00 1.343893e-16 9.763952e-17
    outer loop
      vertex   1.900000e+01 -7.093994e+01 1.241293e+01
      vertex   1.900000e+01 -7.128242e+01 1.288431e+01
      vertex   1.900000e+01 -5.100000e+01 2.135398e+01
    endloop
  endfacet
  facet normal -1.000000e+00 1.219146e-16 1.275127e-16
    outer loop
      vertex   1.900000e+01 -5.100000e+01 2.135398e+01
      vertex   1.900000e+01 -7.128242e+01 1.288431e+01
      vertex   1.900000e+01 -7.170356e+01 1.328696e+01
    endloop
  endfacet
  facet normal -1.000000e+00 1.079047e-16 1.634686e-16
    outer loop
      vertex   1.900000e+01 -5.100000e+01 2.135398e+01
      vertex   1.900000e+01 -7.170356e+01 1.328696e+01
      vertex   1.900000e+01 -7.218983e+01 1.360795e+01
    endloop
  endfacet
  facet normal -1.000000e+00 9.037094e-17 2.114333e-16
    outer loop
      vertex   1.900000e+01 -7.218983e+01 1.360795e+01
      vertex   1.900000e+01 -7.272560e+01 1.383694e+01
      vertex   1.900000e+01 -5.100000e+01 2.135398e+01
    endloop
  endfacet
  facet normal -1.000000e+00 6.499675e-17 2.847694e-16
    outer loop
      vertex   1.900000e+01 -5.100000e+01 2.135398e+01
      vertex   1.900000e+01 -7.272560e+01 1.383694e+01
      vertex   1.900000e+01 -7.329364e+01 1.396660e+01
    endloop
  endfacet
  facet normal -1.000000e+00 -1.095057e-16 3.370240e-16
    outer loop
      vertex   1.900000e+01 -7.445310e+01 1.391453e+01
      vertex   1.900000e+01 -7.500723e+01 1.373448e+01
      vertex   1.900000e+01 -8.400000e+01 2.135398e+01
    endloop
  endfacet
  facet normal -1.000000e+00 -1.534506e-16 2.851589e-16
    outer loop
      vertex   1.900000e+01 -8.400000e+01 2.135398e+01
      vertex   1.900000e+01 -7.500723e+01 1.373448e+01
      vertex   1.900000e+01 -7.552032e+01 1.345837e+01
    endloop
  endfacet
  facet normal -1.000000e+00 -1.932876e-16 2.423750e-16
    outer loop
      vertex   1.900000e+01 -8.400000e+01 2.135398e+01
      vertex   1.900000e+01 -7.552032e+01 1.345837e+01
      vertex   1.900000e+01 -7.597586e+01 1.309509e+01
    endloop
  endfacet
  facet normal -1.000000e+00 -2.331221e-16 2.036726e-16
    outer loop
      vertex   1.900000e+01 -7.597586e+01 1.309509e+01
      vertex   1.900000e+01 -7.635921e+01 1.265631e+01
      vertex   1.900000e+01 -8.400000e+01 2.135398e+01
    endloop
  endfacet
  facet normal -1.000000e+00 -2.767470e-16 1.653487e-16
    outer loop
      vertex   1.900000e+01 -8.400000e+01 2.135398e+01
      vertex   1.900000e+01 -7.635921e+01 1.265631e+01
      vertex   1.900000e+01 -7.665805e+01 1.215613e+01
    endloop
  endfacet
  facet normal -1.000000e+00 -3.291391e-16 1.235280e-16
    outer loop
      vertex   1.900000e+01 -8.400000e+01 2.135398e+01
      vertex   1.900000e+01 -7.665805e+01 1.215613e+01
      vertex   1.900000e+01 -7.686278e+01 1.161063e+01
    endloop
  endfacet
  facet normal -1.000000e+00 -3.989404e-16 7.239701e-17
    outer loop
      vertex   1.900000e+01 -7.686278e+01 1.161063e+01
      vertex   1.900000e+01 -7.696682e+01 1.103734e+01
      vertex   1.900000e+01 -8.400000e+01 2.135398e+01
    endloop
  endfacet
  facet normal -1.000000e+00 -3.707794e-16 -1.391559e-16
    outer loop
      vertex   1.900000e+01 -7.686278e+01 9.881391e+00
      vertex   1.900000e+01 -7.665805e+01 9.335888e+00
      vertex   1.900000e+01 -8.400000e+01 3.367976e+00
    endloop
  endfacet
  facet normal -1.000000e+00 -3.257096e-16 -1.946024e-16
    outer loop
      vertex   1.900000e+01 -8.400000e+01 3.367976e+00
      vertex   1.900000e+01 -7.665805e+01 9.335888e+00
      vertex   1.900000e+01 -7.635921e+01 8.835708e+00
    endloop
  endfacet
  facet normal -1.000000e+00 -2.860983e-16 -2.499566e-16
    outer loop
      vertex   1.900000e+01 -8.400000e+01 3.367976e+00
      vertex   1.900000e+01 -7.635921e+01 8.835708e+00
      vertex   1.900000e+01 -7.597586e+01 8.396927e+00
    endloop
  endfacet
  facet normal -1.000000e+00 -2.479171e-16 -3.108782e-16
    outer loop
      vertex   1.900000e+01 -7.597586e+01 8.396927e+00
      vertex   1.900000e+01 -7.552032e+01 8.033647e+00
      vertex   1.900000e+01 -8.400000e+01 3.367976e+00
    endloop
  endfacet
  facet normal -1.000000e+00 -2.071559e-16 -3.849601e-16
    outer loop
      vertex   1.900000e+01 -8.400000e+01 3.367976e+00
      vertex   1.900000e+01 -7.552032e+01 8.033647e+00
      vertex   1.900000e+01 -7.500723e+01 7.757545e+00
    endloop
  endfacet
  facet normal -1.000000e+00 -1.578810e-16 -4.859079e-16
    outer loop
      vertex   1.900000e+01 -8.400000e+01 3.367976e+00
      vertex   1.900000e+01 -7.500723e+01 7.757545e+00
      vertex   1.900000e+01 -7.445310e+01 7.577495e+00
    endloop
  endfacet
  facet normal -1.000000e+00 -8.745611e-17 -6.456269e-16
    outer loop
      vertex   1.900000e+01 -7.445310e+01 7.577495e+00
      vertex   1.900000e+01 -7.387571e+01 7.499283e+00
      vertex   1.900000e+01 -8.400000e+01 3.367976e+00
    endloop
  endfacet
  facet normal -1.000000e+00 4.339647e-17 -9.662976e-16
    outer loop
      vertex   1.900000e+01 -8.400000e+01 3.367976e+00
      vertex   1.900000e+01 -7.387571e+01 7.499283e+00
      vertex   1.900000e+01 -7.329364e+01 7.525424e+00
    endloop
  endfacet
  facet normal -1.000000e+00 1.267404e-16 -1.920035e-16
    outer loop
      vertex   1.900000e+01 -7.218983e+01 7.884075e+00
      vertex   1.900000e+01 -7.170356e+01 8.205058e+00
      vertex   1.900000e+01 -5.100000e+01 3.367976e+00
    endloop
  endfacet
  facet normal -1.000000e+00 1.379012e-16 -1.442333e-16
    outer loop
      vertex   1.900000e+01 -5.100000e+01 3.367976e+00
      vertex   1.900000e+01 -7.170356e+01 8.205058e+00
      vertex   1.900000e+01 -7.128242e+01 8.607709e+00
    endloop
  endfacet
  facet normal -1.000000e+00 1.474809e-16 -1.071512e-16
    outer loop
      vertex   1.900000e+01 -5.100000e+01 3.367976e+00
      vertex   1.900000e+01 -7.128242e+01 8.607709e+00
      vertex   1.900000e+01 -7.093994e+01 9.079088e+00
    endloop
  endfacet
  facet normal -1.000000e+00 1.565743e-16 -7.540222e-17
    outer loop
      vertex   1.900000e+01 -7.093994e+01 9.079088e+00
      vertex   1.900000e+01 -7.068714e+01 9.604042e+00
      vertex   1.900000e+01 -5.100000e+01 3.367976e+00
    endloop
  endfacet
  facet normal -1.000000e+00 1.659512e-16 -4.579962e-17
    outer loop
      vertex   1.900000e+01 -5.100000e+01 3.367976e+00
      vertex   1.900000e+01 -7.068714e+01 9.604042e+00
      vertex   1.900000e+01 -7.053213e+01 1.016570e+01
    endloop
  endfacet
  facet normal -0.000000e+00 1.000000e+00 0.000000e+00
    outer loop
      vertex   2.300000e+01 -8.000000e+01 2.135398e+01
      vertex   8.700000e+01 -8.000000e+01 2.135398e+01
      vertex   2.300000e+01 -8.000000e+01 6.367976e+00
    endloop
  endfacet
  facet normal 0.000000e+00 1.000000e+00 0.000000e+00
    outer loop
      vertex   2.300000e+01 -8.000000e+01 6.367976e+00
      vertex   8.700000e+01 -8.000000e+01 2.135398e+01
      vertex   8.700000e+01 -8.000000e+01 6.367976e+00
    endloop
  endfacet
  facet normal -1.000000e+00 -0.000000e+00 0.000000e+00
    outer loop
      vertex   8.700000e+01 -5.500000e+01 2.135398e+01
      vertex   8.700000e+01 -7.220000e+01 1.656798e+01
      vertex   8.700000e+01 -8.000000e+01 2.135398e+01
    endloop
  endfacet
  facet normal -1.000000e+00 0.000000e+00 0.000000e+00
    outer loop
      vertex   8.700000e+01 -8.000000e+01 2.135398e+01
      vertex   8.700000e+01 -7.220000e+01 1.656798e+01
      vertex   8.700000e+01 -7.220000e+01 1.316798e+01
    endloop
  endfacet
  facet normal -1.000000e+00 0.000000e+00 0.000000e+00
    outer loop
      vertex   8.700000e+01 -8.000000e+01 2.135398e+01
      vertex   8.700000e+01 -7.220000e+01 1.316798e+01
      vertex   8.700000e+01 -8.000000e+01 6.367976e+00
    endloop
  endfacet
  facet normal -1.000000e+00 0.000000e+00 0.000000e+00
    outer loop
      vertex   8.700000e+01 -8.000000e+01 6.367976e+00
      vertex   8.700000e+01 -7.220000e+01 1.316798e+01
      vertex   8.700000e+01 -6.280000e+01 1.316798e+01
    endloop
  endfacet
  facet normal -1.000000e+00 0.000000e+00 0.000000e+00
    outer loop
      vertex   8.700000e+01 -8.000000e+01 6.367976e+00
      vertex   8.700000e+01 -6.280000e+01 1.316798e+01
      vertex   8.700000e+01 -5.500000e+01 6.367976e+00
    endloop
  endfacet
  facet normal -1.000000e+00 0.000000e+00 0.000000e+00
    outer loop
      vertex   8.700000e+01 -5.500000e+01 6.367976e+00
      vertex   8.700000e+01 -6.280000e+01 1.316798e+01
      vertex   8.700000e+01 -5.500000e+01 2.135398e+01
    endloop
  endfacet
  facet normal -1.000000e+00 0.000000e+00 0.000000e+00
    outer loop
      vertex   8.700000e+01 -5.500000e+01 2.135398e+01
      vertex   8.700000e+01 -6.280000e+01 1.316798e+01
      vertex   8.700000e+01 -6.280000e+01 1.656798e+01
    endloop
  endfacet
  facet normal -1.000000e+00 0.000000e+00 0.000000e+00
    outer loop
      vertex   8.700000e+01 -5.500000e+01 2.135398e+01
      vertex   8.700000e+01 -6.280000e+01 1.656798e+01
      vertex   8.700000e+01 -7.220000e+01 1.656798e+01
    endloop
  endfacet
  facet normal 0.000000e+00 -1.000000e+00 0.000000e+00
    outer loop
      vertex   9.400000e+01 -5.750000e+01 1.136798e+01
      vertex   9.400000e+01 -5.750000e+01 1.836798e+01
      vertex   9.096720e+01 -5.750000e+01 1.136798e+01
    endloop
  endfacet
  facet normal 0.000000e+00 -1.000000e+00 0.000000e+00
    outer loop
      vertex   9.096720e+01 -5.750000e+01 1.136798e+01
      vertex   9.400000e+01 -5.750000e+01 1.836798e+01
      vertex   9.096720e+01 -5.750000e+01 1.836798e+01
    endloop
  endfacet
  facet normal -0.000000e+00 -0.000000e+00 -1.000000e+00
    outer loop
      vertex   9.400000e+01 -5.750000e+01 1.836798e+01
      vertex   9.400000e+01 -7.750000e+01 1.836798e+01
      vertex   9.096720e+01 -5.750000e+01 1.836798e+01
    endloop
  endfacet
  facet normal 0.000000e+00 0.000000e+00 -1.000000e+00
    outer loop
      vertex   9.096720e+01 -5.750000e+01 1.836798e+01
      vertex   9.400000e+01 -7.750000e+01 1.836798e+01
      vertex   9.096720e+01 -7.750000e+01 1.836798e+01
    endloop
  endfacet
  facet normal 0.000000e+00 1.000000e+00 0.000000e+00
    outer loop
      vertex   9.400000e+01 -7.750000e+01 1.836798e+01
      vertex   9.400000e+01 -7.750000e+01 1.136798e+01
      vertex   9.096720e+01 -7.750000e+01 1.836798e+01
    endloop
  endfacet
  facet normal 0.000000e+00 1.000000e+00 0.000000e+00
    outer loop
      vertex   9.096720e+01 -7.750000e+01 1.836798e+01
      vertex   9.400000e+01 -7.750000e+01 1.136798e+01
      vertex   9.096720e+01 -7.750000e+01 1.136798e+01
    endloop
  endfacet
  facet normal 0.000000e+00 -0.000000e+00 1.000000e+00
    outer loop
      vertex   9.400000e+01 -7.750000e+01 1.136798e+01
      vertex   9.400000e+01 -5.750000e+01 1.136798e+01
      vertex   9.096720e+01 -7.750000e+01 1.136798e+01
    endloop
  endfacet
  facet normal 0.000000e+00 0.000000e+00 1.000000e+00
    outer loop
      vertex   9.096720e+01 -7.750000e+01 1.136798e+01
      vertex   9.400000e+01 -5.750000e+01 1.136798e+01
      vertex   9.096720e+01 -5.750000e+01 1.136798e+01
    endloop
  endfacet
  facet normal 1.000000e+00 0.000000e+00 -0.000000e+00
    outer loop
      vertex   9.096720e+01 -7.220000e+01 1.316798e+01
      vertex   9.096720e+01 -7.220000e+01 1.656798e+01
      vertex   9.096720e+01 -7.750000e+01 1.836798e+01
    endloop
  endfacet
  facet normal 1.000000e+00 0.000000e+00 0.000000e+00
    outer loop
      vertex   9.096720e+01 -7.750000e+01 1.836798e+01
      vertex   9.096720e+01 -7.220000e+01 1.656798e+01
      vertex   9.096720e+01 -6.280000e+01 1.656798e+01
    endloop
  endfacet
  facet normal 1.000000e+00 -0.000000e+00 0.000000e+00
    outer loop
      vertex   9.096720e+01 -7.750000e+01 1.836798e+01
      vertex   9.096720e+01 -6.280000e+01 1.656798e+01
      vertex   9.096720e+01 -5.750000e+01 1.836798e+01
    endloop
  endfacet
  facet normal 1.000000e+00 0.000000e+00 0.000000e+00
    outer loop
      vertex   9.096720e+01 -5.750000e+01 1.836798e+01
      vertex   9.096720e+01 -6.280000e+01 1.656798e+01
      vertex   9.096720e+01 -6.280000e+01 1.316798e+01
    endloop
  endfacet
  facet normal 1.000000e+00 0.000000e+00 0.000000e+00
    outer loop
      vertex   9.096720e+01 -5.750000e+01 1.836798e+01
      vertex   9.096720e+01 -6.280000e+01 1.316798e+01
      vertex   9.096720e+01 -5.750000e+01 1.136798e+01
    endloop
  endfacet
  facet normal 1.000000e+00 0.000000e+00 0.000000e+00
    outer loop
      vertex   9.096720e+01 -5.750000e+01 1.136798e+01
      vertex   9.096720e+01 -6.280000e+01 1.316798e+01
      vertex   9.096720e+01 -7.750000e+01 1.136798e+01
    endloop
  endfacet
  facet normal 1.000000e+00 0.000000e+00 0.000000e+00
    outer loop
      vertex   9.096720e+01 -7.750000e+01 1.136798e+01
      vertex   9.096720e+01 -6.280000e+01 1.316798e+01
      vertex   9.096720e+01 -7.220000e+01 1.316798e+01
    endloop
  endfacet
  facet normal 1.000000e+00 0.000000e+00 0.000000e+00
    outer loop
      vertex   9.096720e+01 -7.750000e+01 1.136798e+01
      vertex   9.096720e+01 -7.220000e+01 1.316798e+01
      vertex   9.096720e+01 -7.750000e+01 1.836798e+01
    endloop
  endfacet
  facet normal 0.000000e+00 -1.000000e+00 0.000000e+00
    outer loop
      vertex   9.096720e+01 -6.280000e+01 1.316798e+01
      vertex   9.096720e+01 -6.280000e+01 1.656798e+01
      vertex   8.700000e+01 -6.280000e+01 1.316798e+01
    endloop
  endfacet
  facet normal 0.000000e+00 -1.000000e+00 0.000000e+00
    outer loop
      vertex   8.700000e+01 -6.280000e+01 1.316798e+01
      vertex   9.096720e+01 -6.280000e+01 1.656798e+01
      vertex   8.700000e+01 -6.280000e+01 1.656798e+01
    endloop
  endfacet
  facet normal -0.000000e+00 -0.000000e+00 -1.000000e+00
    outer loop
      vertex   9.096720e+01 -6.280000e+01 1.656798e+01
      vertex   9.096720e+01 -7.220000e+01 1.656798e+01
      vertex   8.700000e+01 -6.280000e+01 1.656798e+01
    endloop
  endfacet
  facet normal 0.000000e+00 0.000000e+00 -1.000000e+00
    outer loop
      vertex   8.700000e+01 -6.280000e+01 1.656798e+01
      vertex   9.096720e+01 -7.220000e+01 1.656798e+01
      vertex   8.700000e+01 -7.220000e+01 1.656798e+01
    endloop
  endfacet
  facet normal 0.000000e+00 1.000000e+00 0.000000e+00
    outer loop
      vertex   9.096720e+01 -7.220000e+01 1.656798e+01
      vertex   9.096720e+01 -7.220000e+01 1.316798e+01
      vertex   8.700000e+01 -7.220000e+01 1.656798e+01
    endloop
  endfacet
  facet normal 0.000000e+00 1.000000e+00 0.000000e+00
    outer loop
      vertex   8.700000e+01 -7.220000e+01 1.656798e+01
      vertex   9.096720e+01 -7.220000e+01 1.316798e+01
      vertex   8.700000e+01 -7.220000e+01 1.316798e+01
    endloop
  endfacet
  facet normal 0.000000e+00 -0.000000e+00 1.000000e+00
    outer loop
      vertex   9.096720e+01 -7.220000e+01 1.316798e+01
      vertex   9.096720e+01 -6.280000e+01 1.316798e+01
      vertex   8.700000e+01 -7.220000e+01 1.316798e+01
    endloop
  endfacet
  facet normal 0.000000e+00 0.000000e+00 1.000000e+00
    outer loop
      vertex   8.700000e+01 -7.220000e+01 1.316798e+01
      vertex   9.096720e+01 -6.280000e+01 1.316798e+01
      vertex   8.700000e+01 -6.280000e+01 1.316798e+01
    endloop
  endfacet
  facet normal -0.000000e+00 -9.959743e-01 -8.963931e-02
    outer loop
      vertex   2.300000e+01 -7.053213e+01 1.132632e+01
      vertex   1.900000e+01 -7.053213e+01 1.132632e+01
      vertex   2.300000e+01 -7.047990e+01 1.074601e+01
    endloop
  endfacet
  facet normal -0.000000e+00 -9.959743e-01 -8.963931e-02
    outer loop
      vertex   2.300000e+01 -7.047990e+01 1.074601e+01
      vertex   1.900000e+01 -7.053213e+01 1.132632e+01
      vertex   1.900000e+01 -7.047990e+01 1.074601e+01
    endloop
  endfacet
  facet normal 0.000000e+00 -9.959743e-01 8.963931e-02
    outer loop
      vertex   2.300000e+01 -7.047990e+01 1.074601e+01
      vertex   1.900000e+01 -7.047990e+01 1.074601e+01
      vertex   2.300000e+01 -7.053213e+01 1.016570e+01
    endloop
  endfacet
  facet normal 0.000000e+00 -9.959743e-01 8.963931e-02
    outer loop
      vertex   2.300000e+01 -7.053213e+01 1.016570e+01
      vertex   1.900000e+01 -7.047990e+01 1.074601e+01
      vertex   1.900000e+01 -7.053213e+01 1.016570e+01
    endloop
  endfacet
  facet normal 0.000000e+00 -9.639629e-01 2.660368e-01
    outer loop
      vertex   2.300000e+01 -7.053213e+01 1.016570e+01
      vertex   1.900000e+01 -7.053213e+01 1.016570e+01
      vertex   2.300000e+01 -7.068714e+01 9.604042e+00
    endloop
  endfacet
  facet normal 0.000000e+00 -9.639629e-01 2.660368e-01
    outer loop
      vertex   2.300000e+01 -7.068714e+01 9.604042e+00
      vertex   1.900000e+01 -7.053213e+01 1.016570e+01
      vertex   1.900000e+01 -7.068714e+01 9.604042e+00
    endloop
  endfacet
  facet normal 0.000000e+00 -9.009689e-01 4.338837e-01
    outer loop
      vertex   2.300000e+01 -7.068714e+01 9.604042e+00
      vertex   1.900000e+01 -7.068714e+01 9.604042e+00
      vertex   2.300000e+01 -7.093994e+01 9.079088e+00
    endloop
  endfacet
  facet normal 0.000000e+00 -9.009689e-01 4.338837e-01
    outer loop
      vertex   2.300000e+01 -7.093994e+01 9.079088e+00
      vertex   1.900000e+01 -7.068714e+01 9.604042e+00
      vertex   1.900000e+01 -7.093994e+01 9.079088e+00
    endloop
  endfacet
  facet normal 0.000000e+00 -8.090170e-01 5.877853e-01
    outer loop
      vertex   2.300000e+01 -7.093994e+01 9.079088e+00
      vertex   1.900000e+01 -7.093994e+01 9.079088e+00
      vertex   2.300000e+01 -7.128242e+01 8.607709e+00
    endloop
  endfacet
  facet normal 0.000000e+00 -8.090170e-01 5.877853e-01
    outer loop
      vertex   2.300000e+01 -7.128242e+01 8.607709e+00
      vertex   1.900000e+01 -7.093994e+01 9.079088e+00
      vertex   1.900000e+01 -7.128242e+01 8.607709e+00
    endloop
  endfacet
  facet normal 0.000000e+00 -6.910626e-01 7.227949e-01
    outer loop
      vertex   2.300000e+01 -7.128242e+01 8.607709e+00
      vertex   1.900000e+01 -7.128242e+01 8.607709e+00
      vertex   2.300000e+01 -7.170356e+01 8.205058e+00
    endloop
  endfacet
  facet normal 0.000000e+00 -6.910626e-01 7.227949e-01
    outer loop
      vertex   2.300000e+01 -7.170356e+01 8.205058e+00
      vertex   1.900000e+01 -7.128242e+01 8.607709e+00
      vertex   1.900000e+01 -7.170356e+01 8.205058e+00
    endloop
  endfacet
  facet normal 0.000000e+00 -5.508970e-01 8.345733e-01
    outer loop
      vertex   2.300000e+01 -7.170356e+01 8.205058e+00
      vertex   1.900000e+01 -7.170356e+01 8.205058e+00
      vertex   2.300000e+01 -7.218983e+01 7.884075e+00
    endloop
  endfacet
  facet normal 0.000000e+00 -5.508970e-01 8.345733e-01
    outer loop
      vertex   2.300000e+01 -7.218983e+01 7.884075e+00
      vertex   1.900000e+01 -7.170356e+01 8.205058e+00
      vertex   1.900000e+01 -7.218983e+01 7.884075e+00
    endloop
  endfacet
  facet normal 0.000000e+00 -3.930250e-01 9.195278e-01
    outer loop
      vertex   2.300000e+01 -7.218983e+01 7.884075e+00
      vertex   1.900000e+01 -7.218983e+01 7.884075e+00
      vertex   2.300000e+01 -7.272560e+01 7.655077e+00
    endloop
  endfacet
  facet normal 0.000000e+00 -3.930250e-01 9.195278e-01
    outer loop
      vertex   2.300000e+01 -7.272560e+01 7.655077e+00
      vertex   1.900000e+01 -7.218983e+01 7.884075e+00
      vertex   1.900000e+01 -7.272560e+01 7.655077e+00
    endloop
  endfacet
  facet normal 0.000000e+00 -2.225209e-01 9.749279e-01
    outer loop
      vertex   2.300000e+01 -7.272560e+01 7.655077e+00
      vertex   1.900000e+01 -7.272560e+01 7.655077e+00
      vertex   2.300000e+01 -7.329364e+01 7.525424e+00
    endloop
  endfacet
  facet normal 0.000000e+00 -2.225209e-01 9.749279e-01
    outer loop
      vertex   2.300000e+01 -7.329364e+01 7.525424e+00
      vertex   1.900000e+01 -7.272560e+01 7.655077e+00
      vertex   1.900000e+01 -7.329364e+01 7.525424e+00
    endloop
  endfacet
  facet normal 0.000000e+00 -4.486483e-02 9.989931e-01
    outer loop
      vertex   2.300000e+01 -7.329364e+01 7.525424e+00
      vertex   1.900000e+01 -7.329364e+01 7.525424e+00
      vertex   2.300000e+01 -7.387571e+01 7.499283e+00
    endloop
  endfacet
  facet normal 0.000000e+00 -4.486483e-02 9.989931e-01
    outer loop
      vertex   2.300000e+01 -7.387571e+01 7.499283e+00
      vertex   1.900000e+01 -7.329364e+01 7.525424e+00
      vertex   1.900000e+01 -7.387571e+01 7.499283e+00
    endloop
  endfacet
  facet normal 0.000000e+00 1.342333e-01 9.909498e-01
    outer loop
      vertex   2.300000e+01 -7.387571e+01 7.499283e+00
      vertex   1.900000e+01 -7.387571e+01 7.499283e+00
      vertex   2.300000e+01 -7.445310e+01 7.577495e+00
    endloop
  endfacet
  facet normal 0.000000e+00 1.342333e-01 9.909498e-01
    outer loop
      vertex   2.300000e+01 -7.445310e+01 7.577495e+00
      vertex   1.900000e+01 -7.387571e+01 7.499283e+00
      vertex   1.900000e+01 -7.445310e+01 7.577495e+00
    endloop
  endfacet
  facet normal 0.000000e+00 3.090170e-01 9.510565e-01
    outer loop
      vertex   2.300000e+01 -7.445310e+01 7.577495e+00
      vertex   1.900000e+01 -7.445310e+01 7.577495e+00
      vertex   2.300000e+01 -7.500723e+01 7.757545e+00
    endloop
  endfacet
  facet normal 0.000000e+00 3.090170e-01 9.510565e-01
    outer loop
      vertex   2.300000e+01 -7.500723e+01 7.757545e+00
      vertex   1.900000e+01 -7.445310e+01 7.577495e+00
      vertex   1.900000e+01 -7.500723e+01 7.757545e+00
    endloop
  endfacet
  facet normal 0.000000e+00 4.738687e-01 8.805955e-01
    outer loop
      vertex   2.300000e+01 -7.500723e+01 7.757545e+00
      vertex   1.900000e+01 -7.500723e+01 7.757545e+00
      vertex   2.300000e+01 -7.552032e+01 8.033647e+00
    endloop
  endfacet
  facet normal 0.000000e+00 4.738687e-01 8.805955e-01
    outer loop
      vertex   2.300000e+01 -7.552032e+01 8.033647e+00
      vertex   1.900000e+01 -7.500723e+01 7.757545e+00
      vertex   1.900000e+01 -7.552032e+01 8.033647e+00
    endloop
  endfacet
  facet normal 0.000000e+00 6.234898e-01 7.818315e-01
    outer loop
      vertex   2.300000e+01 -7.552032e+01 8.033647e+00
      vertex   1.900000e+01 -7.552032e+01 8.033647e+00
      vertex   2.300000e+01 -7.597586e+01 8.396927e+00
    endloop
  endfacet
  facet normal 0.000000e+00 6.234898e-01 7.818315e-01
    outer loop
      vertex   2.300000e+01 -7.597586e+01 8.396927e+00
      vertex   1.900000e+01 -7.552032e+01 8.033647e+00
      vertex   1.900000e+01 -7.597586e+01 8.396927e+00
    endloop
  endfacet
  facet normal 0.000000e+00 7.530715e-01 6.579387e-01
    outer loop
      vertex   2.300000e+01 -7.597586e+01 8.396927e+00
      vertex   1.900000e+01 -7.597586e+01 8.396927e+00
      vertex   2.300000e+01 -7.635921e+01 8.835708e+00
    endloop
  endfacet
  facet normal 0.000000e+00 7.530715e-01 6.579387e-01
    outer loop
      vertex   2.300000e+01 -7.635921e+01 8.835708e+00
      vertex   1.900000e+01 -7.597586e+01 8.396927e+00
      vertex   1.900000e+01 -7.635921e+01 8.835708e+00
    endloop
  endfacet
  facet normal 0.000000e+00 8.584488e-01 5.128993e-01
    outer loop
      vertex   2.300000e+01 -7.635921e+01 8.835708e+00
      vertex   1.900000e+01 -7.635921e+01 8.835708e+00
      vertex   2.300000e+01 -7.665805e+01 9.335888e+00
    endloop
  endfacet
  facet normal 0.000000e+00 8.584488e-01 5.128993e-01
    outer loop
      vertex   2.300000e+01 -7.665805e+01 9.335888e+00
      vertex   1.900000e+01 -7.635921e+01 8.835708e+00
      vertex   1.900000e+01 -7.665805e+01 9.335888e+00
    endloop
  endfacet
  facet normal 0.000000e+00 9.362349e-01 3.513748e-01
    outer loop
      vertex   2.300000e+01 -7.665805e+01 9.335888e+00
      vertex   1.900000e+01 -7.665805e+01 9.335888e+00
      vertex   2.300000e+01 -7.686278e+01 9.881391e+00
    endloop
  endfacet
  facet normal 0.000000e+00 9.362349e-01 3.513748e-01
    outer loop
      vertex   2.300000e+01 -7.686278e+01 9.881391e+00
      vertex   1.900000e+01 -7.665805e+01 9.335888e+00
      vertex   1.900000e+01 -7.686278e+01 9.881391e+00
    endloop
  endfacet
  facet normal 0.000000e+00 9.839296e-01 1.785569e-01
    outer loop
      vertex   2.300000e+01 -7.686278e+01 9.881391e+00
      vertex   1.900000e+01 -7.686278e+01 9.881391e+00
      vertex   2.300000e+01 -7.696682e+01 1.045468e+01
    endloop
  endfacet
  facet normal 0.000000e+00 9.839296e-01 1.785569e-01
    outer loop
      vertex   2.300000e+01 -7.696682e+01 1.045468e+01
      vertex   1.900000e+01 -7.686278e+01 9.881391e+00
      vertex   1.900000e+01 -7.696682e+01 1.045468e+01
    endloop
  endfacet
  facet normal 0.000000e+00 1.000000e+00 -0.000000e+00
    outer loop
      vertex   2.300000e+01 -7.696682e+01 1.045468e+01
      vertex   1.900000e+01 -7.696682e+01 1.045468e+01
      vertex   2.300000e+01 -7.696682e+01 1.103734e+01
    endloop
  endfacet
  facet normal 0.000000e+00 1.000000e+00 0.000000e+00
    outer loop
      vertex   2.300000e+01 -7.696682e+01 1.103734e+01
      vertex   1.900000e+01 -7.696682e+01 1.045468e+01
      vertex   1.900000e+01 -7.696682e+01 1.103734e+01
    endloop
  endfacet
  facet normal 0.000000e+00 9.839296e-01 -1.785569e-01
    outer loop
      vertex   2.300000e+01 -7.696682e+01 1.103734e+01
      vertex   1.900000e+01 -7.696682e+01 1.103734e+01
      vertex   2.300000e+01 -7.686278e+01 1.161063e+01
    endloop
  endfacet
  facet normal 0.000000e+00 9.839296e-01 -1.785569e-01
    outer loop
      vertex   2.300000e+01 -7.686278e+01 1.161063e+01
      vertex   1.900000e+01 -7.696682e+01 1.103734e+01
      vertex   1.900000e+01 -7.686278e+01 1.161063e+01
    endloop
  endfacet
  facet normal 0.000000e+00 9.362349e-01 -3.513748e-01
    outer loop
      vertex   2.300000e+01 -7.686278e+01 1.161063e+01
      vertex   1.900000e+01 -7.686278e+01 1.161063e+01
      vertex   2.300000e+01 -7.665805e+01 1.215613e+01
    endloop
  endfacet
  facet normal 0.000000e+00 9.362349e-01 -3.513748e-01
    outer loop
      vertex   2.300000e+01 -7.665805e+01 1.215613e+01
      vertex   1.900000e+01 -7.686278e+01 1.161063e+01
      vertex   1.900000e+01 -7.665805e+01 1.215613e+01
    endloop
  endfacet
  facet normal 0.000000e+00 8.584488e-01 -5.128993e-01
    outer loop
      vertex   2.300000e+01 -7.665805e+01 1.215613e+01
      vertex   1.900000e+01 -7.665805e+01 1.215613e+01
      vertex   2.300000e+01 -7.635921e+01 1.265631e+01
    endloop
  endfacet
  facet normal 0.000000e+00 8.584488e-01 -5.128993e-01
    outer loop
      vertex   2.300000e+01 -7.635921e+01 1.265631e+01
      vertex   1.900000e+01 -7.665805e+01 1.215613e+01
      vertex   1.900000e+01 -7.635921e+01 1.265631e+01
    endloop
  endfacet
  facet normal 0.000000e+00 7.530715e-01 -6.579387e-01
    outer loop
      vertex   2.300000e+01 -7.635921e+01 1.265631e+01
      vertex   1.900000e+01 -7.635921e+01 1.265631e+01
      vertex   2.300000e+01 -7.597586e+01 1.309509e+01
    endloop
  endfacet
  facet normal 0.000000e+00 7.530715e-01 -6.579387e-01
    outer loop
      vertex   2.300000e+01 -7.597586e+01 1.309509e+01
      vertex   1.900000e+01 -7.635921e+01 1.265631e+01
      vertex   1.900000e+01 -7.597586e+01 1.309509e+01
    endloop
  endfacet
  facet normal 0.000000e+00 6.234898e-01 -7.818315e-01
    outer loop
      vertex   2.300000e+01 -7.597586e+01 1.309509e+01
      vertex   1.900000e+01 -7.597586e+01 1.309509e+01
      vertex   2.300000e+01 -7.552032e+01 1.345837e+01
    endloop
  endfacet
  facet normal 0.000000e+00 6.234898e-01 -7.818315e-01
    outer loop
      vertex   2.300000e+01 -7.552032e+01 1.345837e+01
      vertex   1.900000e+01 -7.597586e+01 1.309509e+01
      vertex   1.900000e+01 -7.552032e+01 1.345837e+01
    endloop
  endfacet
  facet normal 0.000000e+00 4.738687e-01 -8.805955e-01
    outer loop
      vertex   2.300000e+01 -7.552032e+01 1.345837e+01
      vertex   1.900000e+01 -7.552032e+01 1.345837e+01
      vertex   2.300000e+01 -7.500723e+01 1.373448e+01
    endloop
  endfacet
  facet normal 0.000000e+00 4.738687e-01 -8.805955e-01
    outer loop
      vertex   2.300000e+01 -7.500723e+01 1.373448e+01
      vertex   1.900000e+01 -7.552032e+01 1.345837e+01
      vertex   1.900000e+01 -7.500723e+01 1.373448e+01
    endloop
  endfacet
  facet normal 0.000000e+00 3.090170e-01 -9.510565e-01
    outer loop
      vertex   2.300000e+01 -7.500723e+01 1.373448e+01
      vertex   1.900000e+01 -7.500723e+01 1.373448e+01
      vertex   2.300000e+01 -7.445310e+01 1.391453e+01
    endloop
  endfacet
  facet normal 0.000000e+00 3.090170e-01 -9.510565e-01
    outer loop
      vertex   2.300000e+01 -7.445310e+01 1.391453e+01
      vertex   1.900000e+01 -7.500723e+01 1.373448e+01
      vertex   1.900000e+01 -7.445310e+01 1.391453e+01
    endloop
  endfacet
  facet normal 0.000000e+00 1.342333e-01 -9.909498e-01
    outer loop
      vertex   2.300000e+01 -7.445310e+01 1.391453e+01
      vertex   1.900000e+01 -7.445310e+01 1.391453e+01
      vertex   2.300000e+01 -7.387571e+01 1.399274e+01
    endloop
  endfacet
  facet normal 0.000000e+00 1.342333e-01 -9.909498e-01
    outer loop
      vertex   2.300000e+01 -7.387571e+01 1.399274e+01
      vertex   1.900000e+01 -7.445310e+01 1.391453e+01
      vertex   1.900000e+01 -7.387571e+01 1.399274e+01
    endloop
  endfacet
  facet normal -0.000000e+00 -4.486483e-02 -9.989931e-01
    outer loop
      vertex   2.300000e+01 -7.387571e+01 1.399274e+01
      vertex   1.900000e+01 -7.387571e+01 1.399274e+01
      vertex   2.300000e+01 -7.329364e+01 1.396660e+01
    endloop
  endfacet
  facet normal -0.000000e+00 -4.486483e-02 -9.989931e-01
    outer loop
      vertex   2.300000e+01 -7.329364e+01 1.396660e+01
      vertex   1.900000e+01 -7.387571e+01 1.399274e+01
      vertex   1.900000e+01 -7.329364e+01 1.396660e+01
    endloop
  endfacet
  facet normal -0.000000e+00 -2.225209e-01 -9.749279e-01
    outer loop
      vertex   2.300000e+01 -7.329364e+01 1.396660e+01
      vertex   1.900000e+01 -7.329364e+01 1.396660e+01
      vertex   2.300000e+01 -7.272560e+01 1.383694e+01
    endloop
  endfacet
  facet normal -0.000000e+00 -2.225209e-01 -9.749279e-01
    outer loop
      vertex   2.300000e+01 -7.272560e+01 1.383694e+01
      vertex   1.900000e+01 -7.329364e+01 1.396660e+01
      vertex   1.900000e+01 -7.272560e+01 1.383694e+01
    endloop
  endfacet
  facet normal -0.000000e+00 -3.930250e-01 -9.195278e-01
    outer loop
      vertex   2.300000e+01 -7.272560e+01 1.383694e+01
      vertex   1.900000e+01 -7.272560e+01 1.383694e+01
      vertex   2.300000e+01 -7.218983e+01 1.360795e+01
    endloop
  endfacet
  facet normal -0.000000e+00 -3.930250e-01 -9.195278e-01
    outer loop
      vertex   2.300000e+01 -7.218983e+01 1.360795e+01
      vertex   1.900000e+01 -7.272560e+01 1.383694e+01
      vertex   1.900000e+01 -7.218983e+01 1.360795e+01
    endloop
  endfacet
  facet normal -0.000000e+00 -5.508970e-01 -8.345733e-01
    outer loop
      vertex   2.300000e+01 -7.218983e+01 1.360795e+01
      vertex   1.900000e+01 -7.218983e+01 1.360795e+01
      vertex   2.300000e+01 -7.170356e+01 1.328696e+01
    endloop
  endfacet
  facet normal -0.000000e+00 -5.508970e-01 -8.345733e-01
    outer loop
      vertex   2.300000e+01 -7.170356e+01 1.328696e+01
      vertex   1.900000e+01 -7.218983e+01 1.360795e+01
      vertex   1.900000e+01 -7.170356e+01 1.328696e+01
    endloop
  endfacet
  facet normal -0.000000e+00 -6.910626e-01 -7.227949e-01
    outer loop
      vertex   2.300000e+01 -7.170356e+01 1.328696e+01
      vertex   1.900000e+01 -7.170356e+01 1.328696e+01
      vertex   2.300000e+01 -7.128242e+01 1.288431e+01
    endloop
  endfacet
  facet normal -0.000000e+00 -6.910626e-01 -7.227949e-01
    outer loop
      vertex   2.300000e+01 -7.128242e+01 1.288431e+01
      vertex   1.900000e+01 -7.170356e+01 1.328696e+01
      vertex   1.900000e+01 -7.128242e+01 1.288431e+01
    endloop
  endfacet
  facet normal -0.000000e+00 -8.090170e-01 -5.877853e-01
    outer loop
      vertex   2.300000e+01 -7.128242e+01 1.288431e+01
      vertex   1.900000e+01 -7.128242e+01 1.288431e+01
      vertex   2.300000e+01 -7.093994e+01 1.241293e+01
    endloop
  endfacet
  facet normal -0.000000e+00 -8.090170e-01 -5.877853e-01
    outer loop
      vertex   2.300000e+01 -7.093994e+01 1.241293e+01
      vertex   1.900000e+01 -7.128242e+01 1.288431e+01
      vertex   1.900000e+01 -7.093994e+01 1.241293e+01
    endloop
  endfacet
  facet normal -0.000000e+00 -9.009689e-01 -4.338837e-01
    outer loop
      vertex   2.300000e+01 -7.093994e+01 1.241293e+01
      vertex   1.900000e+01 -7.093994e+01 1.241293e+01
      vertex   2.300000e+01 -7.068714e+01 1.188798e+01
    endloop
  endfacet
  facet normal -0.000000e+00 -9.009689e-01 -4.338837e-01
    outer loop
      vertex   2.300000e+01 -7.068714e+01 1.188798e+01
      vertex   1.900000e+01 -7.093994e+01 1.241293e+01
      vertex   1.900000e+01 -7.068714e+01 1.188798e+01
    endloop
  endfacet
  facet normal -0.000000e+00 -9.639629e-01 -2.660368e-01
    outer loop
      vertex   2.300000e+01 -7.068714e+01 1.188798e+01
      vertex   1.900000e+01 -7.068714e+01 1.188798e+01
      vertex   2.300000e+01 -7.053213e+01 1.132632e+01
    endloop
  endfacet
  facet normal -0.000000e+00 -9.639629e-01 -2.660368e-01
    outer loop
      vertex   2.300000e+01 -7.053213e+01 1.132632e+01
      vertex   1.900000e+01 -7.068714e+01 1.188798e+01
      vertex   1.900000e+01 -7.053213e+01 1.132632e+01
    endloop
  endfacet
  facet normal -0.000000e+00 -1.000000e+00 -0.000000e+00
    outer loop
      vertex   8.700000e+01 -5.500000e+01 2.135398e+01
      vertex   2.300000e+01 -5.500000e+01 2.135398e+01
      vertex   8.700000e+01 -5.500000e+01 6.367976e+00
    endloop
  endfacet
  facet normal 0.000000e+00 -1.000000e+00 0.000000e+00
    outer loop
      vertex   8.700000e+01 -5.500000e+01 6.367976e+00
      vertex   2.300000e+01 -5.500000e+01 2.135398e+01
      vertex   2.300000e+01 -5.500000e+01 6.367976e+00
    endloop
  endfacet
  facet normal 1.000000e+00 1.421085e-16 -3.351002e-16
    outer loop
      vertex   2.300000e+01 -8.000000e+01 2.135398e+01
      vertex   2.300000e+01 -7.272560e+01 1.383694e+01
      vertex   2.300000e+01 -5.500000e+01 2.135398e+01
    endloop
  endfacet
  facet normal 1.000000e+00 0.000000e+00 0.000000e+00
    outer loop
      vertex   2.300000e+01 -5.500000e+01 2.135398e+01
      vertex   2.300000e+01 -7.272560e+01 1.383694e+01
      vertex   2.300000e+01 -7.218983e+01 1.360795e+01
    endloop
  endfacet
  facet normal 1.000000e+00 0.000000e+00 0.000000e+00
    outer loop
      vertex   2.300000e+01 -5.500000e+01 2.135398e+01
      vertex   2.300000e+01 -7.218983e+01 1.360795e+01
      vertex   2.300000e+01 -7.170356e+01 1.328696e+01
    endloop
  endfacet
  facet normal 1.000000e+00 3.961694e-16 -2.370688e-16
    outer loop
      vertex   2.300000e+01 -8.000000e+01 6.367976e+00
      vertex   2.300000e+01 -7.686278e+01 1.161063e+01
      vertex   2.300000e+01 -8.000000e+01 2.135398e+01
    endloop
  endfacet
  facet normal 1.000000e+00 5.229226e-16 -1.962561e-16
    outer loop
      vertex   2.300000e+01 -8.000000e+01 2.135398e+01
      vertex   2.300000e+01 -7.686278e+01 1.161063e+01
      vertex   2.300000e+01 -7.665805e+01 1.215613e+01
    endloop
  endfacet
  facet normal 1.000000e+00 4.020087e-16 -2.401890e-16
    outer loop
      vertex   2.300000e+01 -8.000000e+01 2.135398e+01
      vertex   2.300000e+01 -7.665805e+01 1.215613e+01
      vertex   2.300000e+01 -7.635921e+01 1.265631e+01
    endloop
  endfacet
  facet normal 1.000000e+00 0.000000e+00 0.000000e+00
    outer loop
      vertex   2.300000e+01 -5.500000e+01 6.367976e+00
      vertex   2.300000e+01 -7.329364e+01 7.525424e+00
      vertex   2.300000e+01 -8.000000e+01 6.367976e+00
    endloop
  endfacet
  facet normal 1.000000e+00 0.000000e+00 0.000000e+00
    outer loop
      vertex   2.300000e+01 -8.000000e+01 6.367976e+00
      vertex   2.300000e+01 -7.329364e+01 7.525424e+00
      vertex   2.300000e+01 -7.387571e+01 7.499283e+00
    endloop
  endfacet
  facet normal 1.000000e+00 0.000000e+00 0.000000e+00
    outer loop
      vertex   2.300000e+01 -8.000000e+01 6.367976e+00
      vertex   2.300000e+01 -7.387571e+01 7.499283e+00
      vertex   2.300000e+01 -7.445310e+01 7.577495e+00
    endloop
  endfacet
  facet normal 1.000000e+00 0.000000e+00 0.000000e+00
    outer loop
      vertex   2.300000e+01 -5.500000e+01 2.135398e+01
      vertex   2.300000e+01 -7.068714e+01 1.188798e+01
      vertex   2.300000e+01 -5.500000e+01 6.367976e+00
    endloop
  endfacet
  facet normal 1.000000e+00 0.000000e+00 0.000000e+00
    outer loop
      vertex   2.300000e+01 -5.500000e+01 6.367976e+00
      vertex   2.300000e+01 -7.068714e+01 1.188798e+01
      vertex   2.300000e+01 -7.053213e+01 1.132632e+01
    endloop
  endfacet
  facet normal 1.000000e+00 0.000000e+00 0.000000e+00
    outer loop
      vertex   2.300000e+01 -5.500000e+01 6.367976e+00
      vertex   2.300000e+01 -7.053213e+01 1.132632e+01
      vertex   2.300000e+01 -7.047990e+01 1.074601e+01
    endloop
  endfacet
  facet normal 1.000000e+00 0.000000e+00 0.000000e+00
    outer loop
      vertex   2.300000e+01 -7.047990e+01 1.074601e+01
      vertex   2.300000e+01 -7.053213e+01 1.016570e+01
      vertex   2.300000e+01 -5.500000e+01 6.367976e+00
    endloop
  endfacet
  facet normal 1.000000e+00 0.000000e+00 0.000000e+00
    outer loop
      vertex   2.300000e+01 -5.500000e+01 6.367976e+00
      vertex   2.300000e+01 -7.053213e+01 1.016570e+01
      vertex   2.300000e+01 -7.068714e+01 9.604042e+00
    endloop
  endfacet
  facet normal 1.000000e+00 0.000000e+00 0.000000e+00
    outer loop
      vertex   2.300000e+01 -5.500000e+01 6.367976e+00
      vertex   2.300000e+01 -7.068714e+01 9.604042e+00
      vertex   2.300000e+01 -7.093994e+01 9.079088e+00
    endloop
  endfacet
  facet normal 1.000000e+00 0.000000e+00 0.000000e+00
    outer loop
      vertex   2.300000e+01 -7.093994e+01 9.079088e+00
      vertex   2.300000e+01 -7.128242e+01 8.607709e+00
      vertex   2.300000e+01 -5.500000e+01 6.367976e+00
    endloop
  endfacet
  facet normal 1.000000e+00 0.000000e+00 0.000000e+00
    outer loop
      vertex   2.300000e+01 -5.500000e+01 6.367976e+00
      vertex   2.300000e+01 -7.128242e+01 8.607709e+00
      vertex   2.300000e+01 -7.170356e+01 8.205058e+00
    endloop
  endfacet
  facet normal 1.000000e+00 0.000000e+00 0.000000e+00
    outer loop
      vertex   2.300000e+01 -5.500000e+01 6.367976e+00
      vertex   2.300000e+01 -7.170356e+01 8.205058e+00
      vertex   2.300000e+01 -7.218983e+01 7.884075e+00
    endloop
  endfacet
  facet normal 1.000000e+00 0.000000e+00 0.000000e+00
    outer loop
      vertex   2.300000e+01 -7.218983e+01 7.884075e+00
      vertex   2.300000e+01 -7.272560e+01 7.655077e+00
      vertex   2.300000e+01 -5.500000e+01 6.367976e+00
    endloop
  endfacet
  facet normal 1.000000e+00 0.000000e+00 0.000000e+00
    outer loop
      vertex   2.300000e+01 -5.500000e+01 6.367976e+00
      vertex   2.300000e+01 -7.272560e+01 7.655077e+00
      vertex   2.300000e+01 -7.329364e+01 7.525424e+00
    endloop
  endfacet
  facet normal 1.000000e+00 0.000000e+00 0.000000e+00
    outer loop
      vertex   2.300000e+01 -7.445310e+01 7.577495e+00
      vertex   2.300000e+01 -7.500723e+01 7.757545e+00
      vertex   2.300000e+01 -8.000000e+01 6.367976e+00
    endloop
  endfacet
  facet normal 1.000000e+00 0.000000e+00 0.000000e+00
    outer loop
      vertex   2.300000e+01 -8.000000e+01 6.367976e+00
      vertex   2.300000e+01 -7.500723e+01 7.757545e+00
      vertex   2.300000e+01 -7.552032e+01 8.033647e+00
    endloop
  endfacet
  facet normal 1.000000e+00 0.000000e+00 0.000000e+00
    outer loop
      vertex   2.300000e+01 -8.000000e+01 6.367976e+00
      vertex   2.300000e+01 -7.552032e+01 8.033647e+00
      vertex   2.300000e+01 -7.597586e+01 8.396927e+00
    endloop
  endfacet
  facet normal 1.000000e+00 0.000000e+00 0.000000e+00
    outer loop
      vertex   2.300000e+01 -7.597586e+01 8.396927e+00
      vertex   2.300000e+01 -7.635921e+01 8.835708e+00
      vertex   2.300000e+01 -8.000000e+01 6.367976e+00
    endloop
  endfacet
  facet normal 1.000000e+00 0.000000e+00 0.000000e+00
    outer loop
      vertex   2.300000e+01 -8.000000e+01 6.367976e+00
      vertex   2.300000e+01 -7.635921e+01 8.835708e+00
      vertex   2.300000e+01 -7.665805e+01 9.335888e+00
    endloop
  endfacet
  facet normal 1.000000e+00 0.000000e+00 0.000000e+00
    outer loop
      vertex   2.300000e+01 -8.000000e+01 6.367976e+00
      vertex   2.300000e+01 -7.665805e+01 9.335888e+00
      vertex   2.300000e+01 -7.686278e+01 9.881391e+00
    endloop
  endfacet
  facet normal 1.000000e+00 0.000000e+00 0.000000e+00
    outer loop
      vertex   2.300000e+01 -7.686278e+01 9.881391e+00
      vertex   2.300000e+01 -7.696682e+01 1.045468e+01
      vertex   2.300000e+01 -8.000000e+01 6.367976e+00
    endloop
  endfacet
  facet normal 1.000000e+00 0.000000e+00 0.000000e+00
    outer loop
      vertex   2.300000e+01 -8.000000e+01 6.367976e+00
      vertex   2.300000e+01 -7.696682e+01 1.045468e+01
      vertex   2.300000e+01 -7.696682e+01 1.103734e+01
    endloop
  endfacet
  facet normal 1.000000e+00 0.000000e+00 0.000000e+00
    outer loop
      vertex   2.300000e+01 -8.000000e+01 6.367976e+00
      vertex   2.300000e+01 -7.696682e+01 1.103734e+01
      vertex   2.300000e+01 -7.686278e+01 1.161063e+01
    endloop
  endfacet
  facet normal 1.000000e+00 3.160858e-16 -2.761559e-16
    outer loop
      vertex   2.300000e+01 -7.635921e+01 1.265631e+01
      vertex   2.300000e+01 -7.597586e+01 1.309509e+01
      vertex   2.300000e+01 -8.000000e+01 2.135398e+01
    endloop
  endfacet
  facet normal 1.000000e+00 2.470516e-16 -3.097929e-16
    outer loop
      vertex   2.300000e+01 -8.000000e+01 2.135398e+01
      vertex   2.300000e+01 -7.597586e+01 1.309509e+01
      vertex   2.300000e+01 -7.552032e+01 1.345837e+01
    endloop
  endfacet
  facet normal 1.000000e+00 1.854993e-16 -3.447154e-16
    outer loop
      vertex   2.300000e+01 -8.000000e+01 2.135398e+01
      vertex   2.300000e+01 -7.552032e+01 1.345837e+01
      vertex   2.300000e+01 -7.500723e+01 1.373448e+01
    endloop
  endfacet
  facet normal 1.000000e+00 1.249057e-16 -3.844201e-16
    outer loop
      vertex   2.300000e+01 -7.500723e+01 1.373448e+01
      vertex   2.300000e+01 -7.445310e+01 1.391453e+01
      vertex   2.300000e+01 -8.000000e+01 2.135398e+01
    endloop
  endfacet
  facet normal 1.000000e+00 5.875446e-17 -4.337429e-16
    outer loop
      vertex   2.300000e+01 -8.000000e+01 2.135398e+01
      vertex   2.300000e+01 -7.445310e+01 1.391453e+01
      vertex   2.300000e+01 -7.387571e+01 1.399274e+01
    endloop
  endfacet
  facet normal 1.000000e+00 -2.251597e-17 -5.013570e-16
    outer loop
      vertex   2.300000e+01 -8.000000e+01 2.135398e+01
      vertex   2.300000e+01 -7.387571e+01 1.399274e+01
      vertex   2.300000e+01 -7.329364e+01 1.396660e+01
    endloop
  endfacet
  facet normal 1.000000e+00 -1.384541e-16 -6.066071e-16
    outer loop
      vertex   2.300000e+01 -7.329364e+01 1.396660e+01
      vertex   2.300000e+01 -7.272560e+01 1.383694e+01
      vertex   2.300000e+01 -8.000000e+01 2.135398e+01
    endloop
  endfacet
  facet normal 1.000000e+00 -0.000000e+00 0.000000e+00
    outer loop
      vertex   2.300000e+01 -7.170356e+01 1.328696e+01
      vertex   2.300000e+01 -7.128242e+01 1.288431e+01
      vertex   2.300000e+01 -5.500000e+01 2.135398e+01
    endloop
  endfacet
  facet normal 1.000000e+00 0.000000e+00 0.000000e+00
    outer loop
      vertex   2.300000e+01 -5.500000e+01 2.135398e+01
      vertex   2.300000e+01 -7.128242e+01 1.288431e+01
      vertex   2.300000e+01 -7.093994e+01 1.241293e+01
    endloop
  endfacet
  facet normal 1.000000e+00 0.000000e+00 0.000000e+00
    outer loop
      vertex   2.300000e+01 -5.500000e+01 2.135398e+01
      vertex   2.300000e+01 -7.093994e+01 1.241293e+01
      vertex   2.300000e+01 -7.068714e+01 1.188798e+01
    endloop
  endfacet
  facet normal 0.000000e+00 0.000000e+00 1.000000e+00
    outer loop
      vertex   8.700000e+01 -5.500000e+01 6.367976e+00
      vertex   2.300000e+01 -5.500000e+01 6.367976e+00
      vertex   8.700000e+01 -8.000000e+01 6.367976e+00
    endloop
  endfacet
  facet normal 0.000000e+00 0.000000e+00 1.000000e+00
    outer loop
      vertex   8.700000e+01 -8.000000e+01 6.367976e+00
      vertex   2.300000e+01 -5.500000e+01 6.367976e+00
      vertex   2.300000e+01 -8.000000e+01 6.367976e+00
    endloop
  endfacet
  facet normal 0.000000e+00 -0.000000e+00 -1.000000e+00
    outer loop
      vertex   1.905014e+01 -5.055496e+01 3.367976e+00
      vertex   2.100000e+01 -4.900000e+01 3.367976e+00
      vertex   1.900000e+01 -5.100000e+01 3.367976e+00
    endloop
  endfacet
  facet normal 0.000000e+00 0.000000e+00 -1.000000e+00
    outer loop
      vertex   1.900000e+01 -5.100000e+01 3.367976e+00
      vertex   2.100000e+01 -4.900000e+01 3.367976e+00
      vertex   9.200000e+01 -4.900000e+01 3.367976e+00
    endloop
  endfacet
  facet normal 0.000000e+00 0.000000e+00 -1.000000e+00
    outer loop
      vertex   1.900000e+01 -5.100000e+01 3.367976e+00
      vertex   9.200000e+01 -4.900000e+01 3.367976e+00
      vertex   9.400000e+01 -5.100000e+01 3.367976e+00
    endloop
  endfacet
  facet normal 0.000000e+00 0.000000e+00 -1.000000e+00
    outer loop
      vertex   9.400000e+01 -5.100000e+01 3.367976e+00
      vertex   9.200000e+01 -4.900000e+01 3.367976e+00
      vertex   9.394986e+01 -5.055496e+01 3.367976e+00
    endloop
  endfacet
  facet normal 0.000000e+00 0.000000e+00 -1.000000e+00
    outer loop
      vertex   9.394986e+01 -5.055496e+01 3.367976e+00
      vertex   9.200000e+01 -4.900000e+01 3.367976e+00
      vertex   9.380194e+01 -5.013223e+01 3.367976e+00
    endloop
  endfacet
  facet normal 0.000000e+00 0.000000e+00 -1.000000e+00
    outer loop
      vertex   9.380194e+01 -5.013223e+01 3.367976e+00
      vertex   9.200000e+01 -4.900000e+01 3.367976e+00
      vertex   9.356366e+01 -4.975302e+01 3.367976e+00
    endloop
  endfacet
  facet normal 0.000000e+00 0.000000e+00 -1.000000e+00
    outer loop
      vertex   9.356366e+01 -4.975302e+01 3.367976e+00
      vertex   9.200000e+01 -4.900000e+01 3.367976e+00
      vertex   9.324698e+01 -4.943634e+01 3.367976e+00
    endloop
  endfacet
  facet normal 0.000000e+00 0.000000e+00 -1.000000e+00
    outer loop
      vertex   9.324698e+01 -4.943634e+01 3.367976e+00
      vertex   9.200000e+01 -4.900000e+01 3.367976e+00
      vertex   9.286777e+01 -4.919806e+01 3.367976e+00
    endloop
  endfacet
  facet normal 0.000000e+00 0.000000e+00 -1.000000e+00
    outer loop
      vertex   9.286777e+01 -4.919806e+01 3.367976e+00
      vertex   9.200000e+01 -4.900000e+01 3.367976e+00
      vertex   9.244504e+01 -4.905014e+01 3.367976e+00
    endloop
  endfacet
  facet normal 0.000000e+00 0.000000e+00 -1.000000e+00
    outer loop
      vertex   1.905014e+01 -5.055496e+01 3.367976e+00
      vertex   1.919806e+01 -5.013223e+01 3.367976e+00
      vertex   2.100000e+01 -4.900000e+01 3.367976e+00
    endloop
  endfacet
  facet normal 0.000000e+00 0.000000e+00 -1.000000e+00
    outer loop
      vertex   2.100000e+01 -4.900000e+01 3.367976e+00
      vertex   1.919806e+01 -5.013223e+01 3.367976e+00
      vertex   1.943634e+01 -4.975302e+01 3.367976e+00
    endloop
  endfacet
  facet normal 0.000000e+00 0.000000e+00 -1.000000e+00
    outer loop
      vertex   2.100000e+01 -4.900000e+01 3.367976e+00
      vertex   1.943634e+01 -4.975302e+01 3.367976e+00
      vertex   1.975302e+01 -4.943634e+01 3.367976e+00
    endloop
  endfacet
  facet normal 0.000000e+00 0.000000e+00 -1.000000e+00
    outer loop
      vertex   1.975302e+01 -4.943634e+01 3.367976e+00
      vertex   2.013223e+01 -4.919806e+01 3.367976e+00
      vertex   2.100000e+01 -4.900000e+01 3.367976e+00
    endloop
  endfacet
  facet normal 0.000000e+00 0.000000e+00 -1.000000e+00
    outer loop
      vertex   2.100000e+01 -4.900000e+01 3.367976e+00
      vertex   2.013223e+01 -4.919806e+01 3.367976e+00
      vertex   2.055496e+01 -4.905014e+01 3.367976e+00
    endloop
  endfacet
  facet normal 0.000000e+00 0.000000e+00 -1.000000e+00
    outer loop
      vertex   1.900000e+01 -5.100000e+01 3.367976e+00
      vertex   9.400000e+01 -5.100000e+01 3.367976e+00
      vertex   1.900000e+01 -8.400000e+01 3.367976e+00
    endloop
  endfacet
  facet normal 0.000000e+00 0.000000e+00 -1.000000e+00
    outer loop
      vertex   1.900000e+01 -8.400000e+01 3.367976e+00
      vertex   9.400000e+01 -5.100000e+01 3.367976e+00
      vertex   9.400000e+01 -8.400000e+01 3.367976e+00
    endloop
  endfacet
  facet normal 0.000000e+00 0.000000e+00 -1.000000e+00
    outer loop
      vertex   1.900000e+01 -8.400000e+01 3.367976e+00
      vertex   9.400000e+01 -8.400000e+01 3.367976e+00
      vertex   2.100000e+01 -8.600000e+01 3.367976e+00
    endloop
  endfacet
  facet normal 0.000000e+00 0.000000e+00 -1.000000e+00
    outer loop
      vertex   2.100000e+01 -8.600000e+01 3.367976e+00
      vertex   9.400000e+01 -8.400000e+01 3.367976e+00
      vertex   9.200000e+01 -8.600000e+01 3.367976e+00
    endloop
  endfacet
  facet normal 0.000000e+00 0.000000e+00 -1.000000e+00
    outer loop
      vertex   9.200000e+01 -8.600000e+01 3.367976e+00
      vertex   9.400000e+01 -8.400000e+01 3.367976e+00
      vertex   9.394986e+01 -8.444504e+01 3.367976e+00
    endloop
  endfacet
  facet normal 0.000000e+00 0.000000e+00 -1.000000e+00
    outer loop
      vertex   9.200000e+01 -8.600000e+01 3.367976e+00
      vertex   9.394986e+01 -8.444504e+01 3.367976e+00
      vertex   9.380194e+01 -8.486777e+01 3.367976e+00
    endloop
  endfacet
  facet normal 0.000000e+00 0.000000e+00 -1.000000e+00
    outer loop
      vertex   9.380194e+01 -8.486777e+01 3.367976e+00
      vertex   9.356366e+01 -8.524698e+01 3.367976e+00
      vertex   9.200000e+01 -8.600000e+01 3.367976e+00
    endloop
  endfacet
  facet normal 0.000000e+00 0.000000e+00 -1.000000e+00
    outer loop
      vertex   9.200000e+01 -8.600000e+01 3.367976e+00
      vertex   9.356366e+01 -8.524698e+01 3.367976e+00
      vertex   9.324698e+01 -8.556366e+01 3.367976e+00
    endloop
  endfacet
  facet normal 0.000000e+00 0.000000e+00 -1.000000e+00
    outer loop
      vertex   9.200000e+01 -8.600000e+01 3.367976e+00
      vertex   9.324698e+01 -8.556366e+01 3.367976e+00
      vertex   9.286777e+01 -8.580194e+01 3.367976e+00
    endloop
  endfacet
  facet normal 0.000000e+00 0.000000e+00 -1.000000e+00
    outer loop
      vertex   9.286777e+01 -8.580194e+01 3.367976e+00
      vertex   9.244504e+01 -8.594986e+01 3.367976e+00
      vertex   9.200000e+01 -8.600000e+01 3.367976e+00
    endloop
  endfacet
  facet normal 0.000000e+00 0.000000e+00 -1.000000e+00
    outer loop
      vertex   2.055496e+01 -8.594986e+01 3.367976e+00
      vertex   2.013223e+01 -8.580194e+01 3.367976e+00
      vertex   2.100000e+01 -8.600000e+01 3.367976e+00
    endloop
  endfacet
  facet normal 0.000000e+00 0.000000e+00 -1.000000e+00
    outer loop
      vertex   2.100000e+01 -8.600000e+01 3.367976e+00
      vertex   2.013223e+01 -8.580194e+01 3.367976e+00
      vertex   1.975302e+01 -8.556366e+01 3.367976e+00
    endloop
  endfacet
  facet normal 0.000000e+00 0.000000e+00 -1.000000e+00
    outer loop
      vertex   2.100000e+01 -8.600000e+01 3.367976e+00
      vertex   1.975302e+01 -8.556366e+01 3.367976e+00
      vertex   1.943634e+01 -8.524698e+01 3.367976e+00
    endloop
  endfacet
  facet normal 0.000000e+00 0.000000e+00 -1.000000e+00
    outer loop
      vertex   1.943634e+01 -8.524698e+01 3.367976e+00
      vertex   1.919806e+01 -8.486777e+01 3.367976e+00
      vertex   2.100000e+01 -8.600000e+01 3.367976e+00
    endloop
  endfacet
  facet normal 0.000000e+00 0.000000e+00 -1.000000e+00
    outer loop
      vertex   2.100000e+01 -8.600000e+01 3.367976e+00
      vertex   1.919806e+01 -8.486777e+01 3.367976e+00
      vertex   1.905014e+01 -8.444504e+01 3.367976e+00
    endloop
  endfacet
  facet normal 0.000000e+00 0.000000e+00 -1.000000e+00
    outer loop
      vertex   2.100000e+01 -8.600000e+01 3.367976e+00
      vertex   1.905014e+01 -8.444504e+01 3.367976e+00
      vertex   1.900000e+01 -8.400000e+01 3.367976e+00
    endloop
  endfacet
endsolid
