solid ASCII
  facet normal 1.000000e+00 0.000000e+00 0.000000e+00
    outer loop
      vertex   -1.209193e+02 2.958915e+01 9.613989e+01
      vertex   -1.209193e+02 1.041085e+01 9.613989e+01
      vertex   -1.209193e+02 2.958915e+01 9.413989e+01
    endloop
  endfacet
  facet normal 1.000000e+00 0.000000e+00 0.000000e+00
    outer loop
      vertex   -1.209193e+02 2.958915e+01 9.413989e+01
      vertex   -1.209193e+02 1.041085e+01 9.613989e+01
      vertex   -1.209193e+02 1.041085e+01 9.413989e+01
    endloop
  endfacet
  facet normal 8.137587e-01 5.812029e-01 -0.000000e+00
    outer loop
      vertex   -1.209193e+02 1.041085e+01 9.413989e+01
      vertex   -1.209193e+02 1.041085e+01 9.613989e+01
      vertex   -1.209183e+02 1.040945e+01 9.413989e+01
    endloop
  endfacet
  facet normal 8.137587e-01 5.812029e-01 -0.000000e+00
    outer loop
      vertex   -1.209183e+02 1.040945e+01 9.413989e+01
      vertex   -1.209193e+02 1.041085e+01 9.613989e+01
      vertex   -1.209183e+02 1.040945e+01 9.613989e+01
    endloop
  endfacet
  facet normal 8.136981e-01 5.812877e-01 -0.000000e+00
    outer loop
      vertex   -1.209183e+02 1.040945e+01 9.413989e+01
      vertex   -1.209183e+02 1.040945e+01 9.613989e+01
      vertex   -1.209173e+02 1.040805e+01 9.413989e+01
    endloop
  endfacet
  facet normal 8.136981e-01 5.812877e-01 -0.000000e+00
    outer loop
      vertex   -1.209173e+02 1.040805e+01 9.413989e+01
      vertex   -1.209183e+02 1.040945e+01 9.613989e+01
      vertex   -1.209173e+02 1.040805e+01 9.613989e+01
    endloop
  endfacet
  facet normal -0.000000e+00 1.000000e+00 0.000000e+00
    outer loop
      vertex   -1.209173e+02 1.040805e+01 9.613989e+01
      vertex   -1.139193e+02 1.040805e+01 9.613989e+01
      vertex   -1.209173e+02 1.040805e+01 9.413989e+01
    endloop
  endfacet
  facet normal 0.000000e+00 1.000000e+00 0.000000e+00
    outer loop
      vertex   -1.209173e+02 1.040805e+01 9.413989e+01
      vertex   -1.139193e+02 1.040805e+01 9.613989e+01
      vertex   -1.139193e+02 1.040805e+01 9.413989e+01
    endloop
  endfacet
  facet normal -1.000000e+00 0.000000e+00 0.000000e+00
    outer loop
      vertex   -1.139193e+02 1.040805e+01 9.613989e+01
      vertex   -1.139193e+02 3.040805e+01 9.613989e+01
      vertex   -1.139193e+02 1.040805e+01 9.413989e+01
    endloop
  endfacet
  facet normal -1.000000e+00 0.000000e+00 0.000000e+00
    outer loop
      vertex   -1.139193e+02 1.040805e+01 9.413989e+01
      vertex   -1.139193e+02 3.040805e+01 9.613989e+01
      vertex   -1.139193e+02 3.040805e+01 9.413989e+01
    endloop
  endfacet
  facet normal -0.000000e+00 -1.000000e+00 -0.000000e+00
    outer loop
      vertex   -1.139193e+02 3.040805e+01 9.613989e+01
      vertex   -1.202950e+02 3.040805e+01 9.613989e+01
      vertex   -1.139193e+02 3.040805e+01 9.413989e+01
    endloop
  endfacet
  facet normal 0.000000e+00 -1.000000e+00 0.000000e+00
    outer loop
      vertex   -1.139193e+02 3.040805e+01 9.413989e+01
      vertex   -1.202950e+02 3.040805e+01 9.613989e+01
      vertex   -1.202950e+02 3.040805e+01 9.413989e+01
    endloop
  endfacet
  facet normal 7.824727e-01 -6.226848e-01 0.000000e+00
    outer loop
      vertex   -1.202950e+02 3.040805e+01 9.413989e+01
      vertex   -1.202950e+02 3.040805e+01 9.613989e+01
      vertex   -1.205088e+02 3.013943e+01 9.413989e+01
    endloop
  endfacet
  facet normal 7.824727e-01 -6.226848e-01 0.000000e+00
    outer loop
      vertex   -1.205088e+02 3.013943e+01 9.413989e+01
      vertex   -1.202950e+02 3.040805e+01 9.613989e+01
      vertex   -1.205088e+02 3.013943e+01 9.613989e+01
    endloop
  endfacet
  facet normal 7.952581e-01 -6.062710e-01 0.000000e+00
    outer loop
      vertex   -1.205088e+02 3.013943e+01 9.413989e+01
      vertex   -1.205088e+02 3.013943e+01 9.613989e+01
      vertex   -1.207169e+02 2.986643e+01 9.413989e+01
    endloop
  endfacet
  facet normal 7.952581e-01 -6.062710e-01 0.000000e+00
    outer loop
      vertex   -1.207169e+02 2.986643e+01 9.413989e+01
      vertex   -1.205088e+02 3.013943e+01 9.613989e+01
      vertex   -1.207169e+02 2.986643e+01 9.613989e+01
    endloop
  endfacet
  facet normal 8.076992e-01 -5.895948e-01 0.000000e+00
    outer loop
      vertex   -1.207169e+02 2.986643e+01 9.413989e+01
      vertex   -1.207169e+02 2.986643e+01 9.613989e+01
      vertex   -1.209193e+02 2.958915e+01 9.413989e+01
    endloop
  endfacet
  facet normal 8.076992e-01 -5.895948e-01 0.000000e+00
    outer loop
      vertex   -1.209193e+02 2.958915e+01 9.413989e+01
      vertex   -1.207169e+02 2.986643e+01 9.613989e+01
      vertex   -1.209193e+02 2.958915e+01 9.613989e+01
    endloop
  endfacet
  facet normal -0.000000e+00 0.000000e+00 1.000000e+00
    outer loop
      vertex   -1.154534e+02 1.564923e+01 9.413989e+01
      vertex   -1.139193e+02 1.040805e+01 9.413989e+01
      vertex   -1.154193e+02 1.590805e+01 9.413989e+01
    endloop
  endfacet
  facet normal -0.000000e+00 0.000000e+00 1.000000e+00
    outer loop
      vertex   -1.154193e+02 1.590805e+01 9.413989e+01
      vertex   -1.139193e+02 1.040805e+01 9.413989e+01
      vertex   -1.139193e+02 3.040805e+01 9.413989e+01
    endloop
  endfacet
  facet normal 0.000000e+00 0.000000e+00 1.000000e+00
    outer loop
      vertex   -1.154193e+02 1.590805e+01 9.413989e+01
      vertex   -1.139193e+02 3.040805e+01 9.413989e+01
      vertex   -1.154193e+02 2.490805e+01 9.413989e+01
    endloop
  endfacet
  facet normal 0.000000e+00 -0.000000e+00 1.000000e+00
    outer loop
      vertex   -1.154193e+02 2.490805e+01 9.413989e+01
      vertex   -1.139193e+02 3.040805e+01 9.413989e+01
      vertex   -1.154534e+02 2.516687e+01 9.413989e+01
    endloop
  endfacet
  facet normal 0.000000e+00 -0.000000e+00 1.000000e+00
    outer loop
      vertex   -1.154534e+02 2.516687e+01 9.413989e+01
      vertex   -1.139193e+02 3.040805e+01 9.413989e+01
      vertex   -1.155533e+02 2.540805e+01 9.413989e+01
    endloop
  endfacet
  facet normal 0.000000e+00 -0.000000e+00 1.000000e+00
    outer loop
      vertex   -1.155533e+02 2.540805e+01 9.413989e+01
      vertex   -1.139193e+02 3.040805e+01 9.413989e+01
      vertex   -1.157122e+02 2.561516e+01 9.413989e+01
    endloop
  endfacet
  facet normal 0.000000e+00 -0.000000e+00 1.000000e+00
    outer loop
      vertex   -1.157122e+02 2.561516e+01 9.413989e+01
      vertex   -1.139193e+02 3.040805e+01 9.413989e+01
      vertex   -1.159193e+02 2.577408e+01 9.413989e+01
    endloop
  endfacet
  facet normal 0.000000e+00 -0.000000e+00 1.000000e+00
    outer loop
      vertex   -1.159193e+02 2.577408e+01 9.413989e+01
      vertex   -1.139193e+02 3.040805e+01 9.413989e+01
      vertex   -1.161605e+02 2.587398e+01 9.413989e+01
    endloop
  endfacet
  facet normal 0.000000e+00 -0.000000e+00 1.000000e+00
    outer loop
      vertex   -1.161605e+02 2.587398e+01 9.413989e+01
      vertex   -1.139193e+02 3.040805e+01 9.413989e+01
      vertex   -1.164193e+02 2.590805e+01 9.413989e+01
    endloop
  endfacet
  facet normal 0.000000e+00 -0.000000e+00 1.000000e+00
    outer loop
      vertex   -1.164193e+02 2.590805e+01 9.413989e+01
      vertex   -1.139193e+02 3.040805e+01 9.413989e+01
      vertex   -1.202950e+02 3.040805e+01 9.413989e+01
    endloop
  endfacet
  facet normal 0.000000e+00 0.000000e+00 1.000000e+00
    outer loop
      vertex   -1.164193e+02 2.590805e+01 9.413989e+01
      vertex   -1.202950e+02 3.040805e+01 9.413989e+01
      vertex   -1.184193e+02 2.590805e+01 9.413989e+01
    endloop
  endfacet
  facet normal 0.000000e+00 0.000000e+00 1.000000e+00
    outer loop
      vertex   -1.184193e+02 2.590805e+01 9.413989e+01
      vertex   -1.202950e+02 3.040805e+01 9.413989e+01
      vertex   -1.186781e+02 2.587398e+01 9.413989e+01
    endloop
  endfacet
  facet normal 0.000000e+00 0.000000e+00 1.000000e+00
    outer loop
      vertex   -1.186781e+02 2.587398e+01 9.413989e+01
      vertex   -1.202950e+02 3.040805e+01 9.413989e+01
      vertex   -1.189193e+02 2.577408e+01 9.413989e+01
    endloop
  endfacet
  facet normal 0.000000e+00 0.000000e+00 1.000000e+00
    outer loop
      vertex   -1.189193e+02 2.577408e+01 9.413989e+01
      vertex   -1.202950e+02 3.040805e+01 9.413989e+01
      vertex   -1.191264e+02 2.561516e+01 9.413989e+01
    endloop
  endfacet
  facet normal 0.000000e+00 0.000000e+00 1.000000e+00
    outer loop
      vertex   -1.191264e+02 2.561516e+01 9.413989e+01
      vertex   -1.202950e+02 3.040805e+01 9.413989e+01
      vertex   -1.192853e+02 2.540805e+01 9.413989e+01
    endloop
  endfacet
  facet normal 0.000000e+00 0.000000e+00 1.000000e+00
    outer loop
      vertex   -1.192853e+02 2.540805e+01 9.413989e+01
      vertex   -1.202950e+02 3.040805e+01 9.413989e+01
      vertex   -1.205088e+02 3.013943e+01 9.413989e+01
    endloop
  endfacet
  facet normal 0.000000e+00 0.000000e+00 1.000000e+00
    outer loop
      vertex   -1.192853e+02 2.540805e+01 9.413989e+01
      vertex   -1.205088e+02 3.013943e+01 9.413989e+01
      vertex   -1.193852e+02 2.516687e+01 9.413989e+01
    endloop
  endfacet
  facet normal 0.000000e+00 0.000000e+00 1.000000e+00
    outer loop
      vertex   -1.193852e+02 2.516687e+01 9.413989e+01
      vertex   -1.205088e+02 3.013943e+01 9.413989e+01
      vertex   -1.207169e+02 2.986643e+01 9.413989e+01
    endloop
  endfacet
  facet normal 0.000000e+00 0.000000e+00 1.000000e+00
    outer loop
      vertex   -1.193852e+02 2.516687e+01 9.413989e+01
      vertex   -1.207169e+02 2.986643e+01 9.413989e+01
      vertex   -1.209193e+02 2.958915e+01 9.413989e+01
    endloop
  endfacet
  facet normal 0.000000e+00 0.000000e+00 1.000000e+00
    outer loop
      vertex   -1.154534e+02 1.564923e+01 9.413989e+01
      vertex   -1.155533e+02 1.540805e+01 9.413989e+01
      vertex   -1.139193e+02 1.040805e+01 9.413989e+01
    endloop
  endfacet
  facet normal 0.000000e+00 0.000000e+00 1.000000e+00
    outer loop
      vertex   -1.139193e+02 1.040805e+01 9.413989e+01
      vertex   -1.155533e+02 1.540805e+01 9.413989e+01
      vertex   -1.157122e+02 1.520095e+01 9.413989e+01
    endloop
  endfacet
  facet normal 0.000000e+00 0.000000e+00 1.000000e+00
    outer loop
      vertex   -1.139193e+02 1.040805e+01 9.413989e+01
      vertex   -1.157122e+02 1.520095e+01 9.413989e+01
      vertex   -1.159193e+02 1.504203e+01 9.413989e+01
    endloop
  endfacet
  facet normal 0.000000e+00 0.000000e+00 1.000000e+00
    outer loop
      vertex   -1.159193e+02 1.504203e+01 9.413989e+01
      vertex   -1.161605e+02 1.494213e+01 9.413989e+01
      vertex   -1.139193e+02 1.040805e+01 9.413989e+01
    endloop
  endfacet
  facet normal 0.000000e+00 0.000000e+00 1.000000e+00
    outer loop
      vertex   -1.139193e+02 1.040805e+01 9.413989e+01
      vertex   -1.161605e+02 1.494213e+01 9.413989e+01
      vertex   -1.164193e+02 1.490805e+01 9.413989e+01
    endloop
  endfacet
  facet normal 0.000000e+00 0.000000e+00 1.000000e+00
    outer loop
      vertex   -1.139193e+02 1.040805e+01 9.413989e+01
      vertex   -1.164193e+02 1.490805e+01 9.413989e+01
      vertex   -1.209173e+02 1.040805e+01 9.413989e+01
    endloop
  endfacet
  facet normal 0.000000e+00 0.000000e+00 1.000000e+00
    outer loop
      vertex   -1.209173e+02 1.040805e+01 9.413989e+01
      vertex   -1.164193e+02 1.490805e+01 9.413989e+01
      vertex   -1.184193e+02 1.490805e+01 9.413989e+01
    endloop
  endfacet
  facet normal 0.000000e+00 0.000000e+00 1.000000e+00
    outer loop
      vertex   -1.209173e+02 1.040805e+01 9.413989e+01
      vertex   -1.184193e+02 1.490805e+01 9.413989e+01
      vertex   -1.186781e+02 1.494213e+01 9.413989e+01
    endloop
  endfacet
  facet normal 0.000000e+00 0.000000e+00 1.000000e+00
    outer loop
      vertex   -1.186781e+02 1.494213e+01 9.413989e+01
      vertex   -1.189193e+02 1.504203e+01 9.413989e+01
      vertex   -1.209173e+02 1.040805e+01 9.413989e+01
    endloop
  endfacet
  facet normal 0.000000e+00 0.000000e+00 1.000000e+00
    outer loop
      vertex   -1.209173e+02 1.040805e+01 9.413989e+01
      vertex   -1.189193e+02 1.504203e+01 9.413989e+01
      vertex   -1.191264e+02 1.520095e+01 9.413989e+01
    endloop
  endfacet
  facet normal 0.000000e+00 0.000000e+00 1.000000e+00
    outer loop
      vertex   -1.209173e+02 1.040805e+01 9.413989e+01
      vertex   -1.191264e+02 1.520095e+01 9.413989e+01
      vertex   -1.192853e+02 1.540805e+01 9.413989e+01
    endloop
  endfacet
  facet normal 0.000000e+00 0.000000e+00 1.000000e+00
    outer loop
      vertex   -1.192853e+02 1.540805e+01 9.413989e+01
      vertex   -1.193852e+02 1.564923e+01 9.413989e+01
      vertex   -1.209173e+02 1.040805e+01 9.413989e+01
    endloop
  endfacet
  facet normal 0.000000e+00 -0.000000e+00 1.000000e+00
    outer loop
      vertex   -1.209173e+02 1.040805e+01 9.413989e+01
      vertex   -1.193852e+02 1.564923e+01 9.413989e+01
      vertex   -1.209183e+02 1.040945e+01 9.413989e+01
    endloop
  endfacet
  facet normal 0.000000e+00 -0.000000e+00 1.000000e+00
    outer loop
      vertex   -1.209183e+02 1.040945e+01 9.413989e+01
      vertex   -1.193852e+02 1.564923e+01 9.413989e+01
      vertex   -1.209193e+02 1.041085e+01 9.413989e+01
    endloop
  endfacet
  facet normal 0.000000e+00 0.000000e+00 1.000000e+00
    outer loop
      vertex   -1.209193e+02 1.041085e+01 9.413989e+01
      vertex   -1.193852e+02 1.564923e+01 9.413989e+01
      vertex   -1.194193e+02 1.590805e+01 9.413989e+01
    endloop
  endfacet
  facet normal 0.000000e+00 0.000000e+00 1.000000e+00
    outer loop
      vertex   -1.209193e+02 1.041085e+01 9.413989e+01
      vertex   -1.194193e+02 1.590805e+01 9.413989e+01
      vertex   -1.209193e+02 2.958915e+01 9.413989e+01
    endloop
  endfacet
  facet normal 0.000000e+00 0.000000e+00 1.000000e+00
    outer loop
      vertex   -1.209193e+02 2.958915e+01 9.413989e+01
      vertex   -1.194193e+02 1.590805e+01 9.413989e+01
      vertex   -1.194193e+02 2.490805e+01 9.413989e+01
    endloop
  endfacet
  facet normal 0.000000e+00 0.000000e+00 1.000000e+00
    outer loop
      vertex   -1.209193e+02 2.958915e+01 9.413989e+01
      vertex   -1.194193e+02 2.490805e+01 9.413989e+01
      vertex   -1.193852e+02 2.516687e+01 9.413989e+01
    endloop
  endfacet
  facet normal 1.000000e+00 0.000000e+00 0.000000e+00
    outer loop
      vertex   -1.194193e+02 2.490805e+01 9.413989e+01
      vertex   -1.194193e+02 1.590805e+01 9.413989e+01
      vertex   -1.194193e+02 2.490805e+01 9.313989e+01
    endloop
  endfacet
  facet normal 1.000000e+00 0.000000e+00 0.000000e+00
    outer loop
      vertex   -1.194193e+02 2.490805e+01 9.313989e+01
      vertex   -1.194193e+02 1.590805e+01 9.413989e+01
      vertex   -1.194193e+02 1.590805e+01 9.313989e+01
    endloop
  endfacet
  facet normal 9.914449e-01 1.305262e-01 -0.000000e+00
    outer loop
      vertex   -1.194193e+02 1.590805e+01 9.313989e+01
      vertex   -1.194193e+02 1.590805e+01 9.413989e+01
      vertex   -1.193852e+02 1.564923e+01 9.313989e+01
    endloop
  endfacet
  facet normal 9.914449e-01 1.305262e-01 -0.000000e+00
    outer loop
      vertex   -1.193852e+02 1.564923e+01 9.313989e+01
      vertex   -1.194193e+02 1.590805e+01 9.413989e+01
      vertex   -1.193852e+02 1.564923e+01 9.413989e+01
    endloop
  endfacet
  facet normal 9.238795e-01 3.826834e-01 -0.000000e+00
    outer loop
      vertex   -1.193852e+02 1.564923e+01 9.313989e+01
      vertex   -1.193852e+02 1.564923e+01 9.413989e+01
      vertex   -1.192853e+02 1.540805e+01 9.313989e+01
    endloop
  endfacet
  facet normal 9.238795e-01 3.826834e-01 -0.000000e+00
    outer loop
      vertex   -1.192853e+02 1.540805e+01 9.313989e+01
      vertex   -1.193852e+02 1.564923e+01 9.413989e+01
      vertex   -1.192853e+02 1.540805e+01 9.413989e+01
    endloop
  endfacet
  facet normal 7.933533e-01 6.087614e-01 -0.000000e+00
    outer loop
      vertex   -1.192853e+02 1.540805e+01 9.313989e+01
      vertex   -1.192853e+02 1.540805e+01 9.413989e+01
      vertex   -1.191264e+02 1.520095e+01 9.313989e+01
    endloop
  endfacet
  facet normal 7.933533e-01 6.087614e-01 -0.000000e+00
    outer loop
      vertex   -1.191264e+02 1.520095e+01 9.313989e+01
      vertex   -1.192853e+02 1.540805e+01 9.413989e+01
      vertex   -1.191264e+02 1.520095e+01 9.413989e+01
    endloop
  endfacet
  facet normal 6.087614e-01 7.933533e-01 -0.000000e+00
    outer loop
      vertex   -1.191264e+02 1.520095e+01 9.313989e+01
      vertex   -1.191264e+02 1.520095e+01 9.413989e+01
      vertex   -1.189193e+02 1.504203e+01 9.313989e+01
    endloop
  endfacet
  facet normal 6.087614e-01 7.933533e-01 -0.000000e+00
    outer loop
      vertex   -1.189193e+02 1.504203e+01 9.313989e+01
      vertex   -1.191264e+02 1.520095e+01 9.413989e+01
      vertex   -1.189193e+02 1.504203e+01 9.413989e+01
    endloop
  endfacet
  facet normal 3.826834e-01 9.238795e-01 -0.000000e+00
    outer loop
      vertex   -1.189193e+02 1.504203e+01 9.313989e+01
      vertex   -1.189193e+02 1.504203e+01 9.413989e+01
      vertex   -1.186781e+02 1.494213e+01 9.313989e+01
    endloop
  endfacet
  facet normal 3.826834e-01 9.238795e-01 -0.000000e+00
    outer loop
      vertex   -1.186781e+02 1.494213e+01 9.313989e+01
      vertex   -1.189193e+02 1.504203e+01 9.413989e+01
      vertex   -1.186781e+02 1.494213e+01 9.413989e+01
    endloop
  endfacet
  facet normal 1.305262e-01 9.914449e-01 -0.000000e+00
    outer loop
      vertex   -1.186781e+02 1.494213e+01 9.313989e+01
      vertex   -1.186781e+02 1.494213e+01 9.413989e+01
      vertex   -1.184193e+02 1.490805e+01 9.313989e+01
    endloop
  endfacet
  facet normal 1.305262e-01 9.914449e-01 -0.000000e+00
    outer loop
      vertex   -1.184193e+02 1.490805e+01 9.313989e+01
      vertex   -1.186781e+02 1.494213e+01 9.413989e+01
      vertex   -1.184193e+02 1.490805e+01 9.413989e+01
    endloop
  endfacet
  facet normal -0.000000e+00 1.000000e+00 0.000000e+00
    outer loop
      vertex   -1.184193e+02 1.490805e+01 9.413989e+01
      vertex   -1.164193e+02 1.490805e+01 9.413989e+01
      vertex   -1.184193e+02 1.490805e+01 9.313989e+01
    endloop
  endfacet
  facet normal 0.000000e+00 1.000000e+00 0.000000e+00
    outer loop
      vertex   -1.184193e+02 1.490805e+01 9.313989e+01
      vertex   -1.164193e+02 1.490805e+01 9.413989e+01
      vertex   -1.164193e+02 1.490805e+01 9.313989e+01
    endloop
  endfacet
  facet normal -1.305262e-01 9.914449e-01 0.000000e+00
    outer loop
      vertex   -1.164193e+02 1.490805e+01 9.313989e+01
      vertex   -1.164193e+02 1.490805e+01 9.413989e+01
      vertex   -1.161605e+02 1.494213e+01 9.313989e+01
    endloop
  endfacet
  facet normal -1.305262e-01 9.914449e-01 0.000000e+00
    outer loop
      vertex   -1.161605e+02 1.494213e+01 9.313989e+01
      vertex   -1.164193e+02 1.490805e+01 9.413989e+01
      vertex   -1.161605e+02 1.494213e+01 9.413989e+01
    endloop
  endfacet
  facet normal -3.826834e-01 9.238795e-01 0.000000e+00
    outer loop
      vertex   -1.161605e+02 1.494213e+01 9.313989e+01
      vertex   -1.161605e+02 1.494213e+01 9.413989e+01
      vertex   -1.159193e+02 1.504203e+01 9.313989e+01
    endloop
  endfacet
  facet normal -3.826834e-01 9.238795e-01 0.000000e+00
    outer loop
      vertex   -1.159193e+02 1.504203e+01 9.313989e+01
      vertex   -1.161605e+02 1.494213e+01 9.413989e+01
      vertex   -1.159193e+02 1.504203e+01 9.413989e+01
    endloop
  endfacet
  facet normal -6.087614e-01 7.933533e-01 0.000000e+00
    outer loop
      vertex   -1.159193e+02 1.504203e+01 9.313989e+01
      vertex   -1.159193e+02 1.504203e+01 9.413989e+01
      vertex   -1.157122e+02 1.520095e+01 9.313989e+01
    endloop
  endfacet
  facet normal -6.087614e-01 7.933533e-01 0.000000e+00
    outer loop
      vertex   -1.157122e+02 1.520095e+01 9.313989e+01
      vertex   -1.159193e+02 1.504203e+01 9.413989e+01
      vertex   -1.157122e+02 1.520095e+01 9.413989e+01
    endloop
  endfacet
  facet normal -7.933533e-01 6.087614e-01 0.000000e+00
    outer loop
      vertex   -1.157122e+02 1.520095e+01 9.313989e+01
      vertex   -1.157122e+02 1.520095e+01 9.413989e+01
      vertex   -1.155533e+02 1.540805e+01 9.313989e+01
    endloop
  endfacet
  facet normal -7.933533e-01 6.087614e-01 0.000000e+00
    outer loop
      vertex   -1.155533e+02 1.540805e+01 9.313989e+01
      vertex   -1.157122e+02 1.520095e+01 9.413989e+01
      vertex   -1.155533e+02 1.540805e+01 9.413989e+01
    endloop
  endfacet
  facet normal -9.238795e-01 3.826834e-01 0.000000e+00
    outer loop
      vertex   -1.155533e+02 1.540805e+01 9.313989e+01
      vertex   -1.155533e+02 1.540805e+01 9.413989e+01
      vertex   -1.154534e+02 1.564923e+01 9.313989e+01
    endloop
  endfacet
  facet normal -9.238795e-01 3.826834e-01 0.000000e+00
    outer loop
      vertex   -1.154534e+02 1.564923e+01 9.313989e+01
      vertex   -1.155533e+02 1.540805e+01 9.413989e+01
      vertex   -1.154534e+02 1.564923e+01 9.413989e+01
    endloop
  endfacet
  facet normal -9.914449e-01 1.305262e-01 0.000000e+00
    outer loop
      vertex   -1.154534e+02 1.564923e+01 9.313989e+01
      vertex   -1.154534e+02 1.564923e+01 9.413989e+01
      vertex   -1.154193e+02 1.590805e+01 9.313989e+01
    endloop
  endfacet
  facet normal -9.914449e-01 1.305262e-01 0.000000e+00
    outer loop
      vertex   -1.154193e+02 1.590805e+01 9.313989e+01
      vertex   -1.154534e+02 1.564923e+01 9.413989e+01
      vertex   -1.154193e+02 1.590805e+01 9.413989e+01
    endloop
  endfacet
  facet normal 0.000000e+00 -0.000000e+00 1.000000e+00
    outer loop
      vertex   -1.209193e+02 1.041085e+01 9.613989e+01
      vertex   -1.209193e+02 2.958915e+01 9.613989e+01
      vertex   -1.215163e+02 1.130719e+01 9.613989e+01
    endloop
  endfacet
  facet normal 0.000000e+00 0.000000e+00 1.000000e+00
    outer loop
      vertex   -1.215163e+02 1.130719e+01 9.613989e+01
      vertex   -1.209193e+02 2.958915e+01 9.613989e+01
      vertex   -1.215163e+02 2.869281e+01 9.613989e+01
    endloop
  endfacet
  facet normal 0.000000e+00 -0.000000e+00 1.000000e+00
    outer loop
      vertex   -1.215163e+02 1.130719e+01 9.613989e+01
      vertex   -1.215163e+02 2.869281e+01 9.613989e+01
      vertex   -1.220534e+02 2.775943e+01 9.613989e+01
    endloop
  endfacet
  facet normal 0.000000e+00 0.000000e+00 1.000000e+00
    outer loop
      vertex   -1.215163e+02 1.130719e+01 9.613989e+01
      vertex   -1.220534e+02 2.775943e+01 9.613989e+01
      vertex   -1.220534e+02 1.224057e+01 9.613989e+01
    endloop
  endfacet
  facet normal 0.000000e+00 -0.000000e+00 1.000000e+00
    outer loop
      vertex   -1.220534e+02 1.224057e+01 9.613989e+01
      vertex   -1.220534e+02 2.775943e+01 9.613989e+01
      vertex   -1.225286e+02 2.679301e+01 9.613989e+01
    endloop
  endfacet
  facet normal 0.000000e+00 0.000000e+00 1.000000e+00
    outer loop
      vertex   -1.220534e+02 1.224057e+01 9.613989e+01
      vertex   -1.225286e+02 2.679301e+01 9.613989e+01
      vertex   -1.225286e+02 1.320699e+01 9.613989e+01
    endloop
  endfacet
  facet normal 0.000000e+00 -0.000000e+00 1.000000e+00
    outer loop
      vertex   -1.225286e+02 1.320699e+01 9.613989e+01
      vertex   -1.225286e+02 2.679301e+01 9.613989e+01
      vertex   -1.229397e+02 2.579764e+01 9.613989e+01
    endloop
  endfacet
  facet normal 0.000000e+00 0.000000e+00 1.000000e+00
    outer loop
      vertex   -1.225286e+02 1.320699e+01 9.613989e+01
      vertex   -1.229397e+02 2.579764e+01 9.613989e+01
      vertex   -1.229397e+02 1.420236e+01 9.613989e+01
    endloop
  endfacet
  facet normal 0.000000e+00 -0.000000e+00 1.000000e+00
    outer loop
      vertex   -1.229397e+02 1.420236e+01 9.613989e+01
      vertex   -1.229397e+02 2.579764e+01 9.613989e+01
      vertex   -1.232850e+02 2.477758e+01 9.613989e+01
    endloop
  endfacet
  facet normal 0.000000e+00 0.000000e+00 1.000000e+00
    outer loop
      vertex   -1.229397e+02 1.420236e+01 9.613989e+01
      vertex   -1.232850e+02 2.477758e+01 9.613989e+01
      vertex   -1.232850e+02 1.522242e+01 9.613989e+01
    endloop
  endfacet
  facet normal 0.000000e+00 -0.000000e+00 1.000000e+00
    outer loop
      vertex   -1.232850e+02 1.522242e+01 9.613989e+01
      vertex   -1.232850e+02 2.477758e+01 9.613989e+01
      vertex   -1.235630e+02 2.373717e+01 9.613989e+01
    endloop
  endfacet
  facet normal 0.000000e+00 0.000000e+00 1.000000e+00
    outer loop
      vertex   -1.232850e+02 1.522242e+01 9.613989e+01
      vertex   -1.235630e+02 2.373717e+01 9.613989e+01
      vertex   -1.235630e+02 1.626283e+01 9.613989e+01
    endloop
  endfacet
  facet normal 0.000000e+00 -0.000000e+00 1.000000e+00
    outer loop
      vertex   -1.235630e+02 1.626283e+01 9.613989e+01
      vertex   -1.235630e+02 2.373717e+01 9.613989e+01
      vertex   -1.237726e+02 2.268084e+01 9.613989e+01
    endloop
  endfacet
  facet normal 0.000000e+00 0.000000e+00 1.000000e+00
    outer loop
      vertex   -1.235630e+02 1.626283e+01 9.613989e+01
      vertex   -1.237726e+02 2.268084e+01 9.613989e+01
      vertex   -1.237726e+02 1.731916e+01 9.613989e+01
    endloop
  endfacet
  facet normal 0.000000e+00 -0.000000e+00 1.000000e+00
    outer loop
      vertex   -1.237726e+02 1.731916e+01 9.613989e+01
      vertex   -1.237726e+02 2.268084e+01 9.613989e+01
      vertex   -1.239128e+02 2.161308e+01 9.613989e+01
    endloop
  endfacet
  facet normal 0.000000e+00 0.000000e+00 1.000000e+00
    outer loop
      vertex   -1.237726e+02 1.731916e+01 9.613989e+01
      vertex   -1.239128e+02 2.161308e+01 9.613989e+01
      vertex   -1.239128e+02 1.838692e+01 9.613989e+01
    endloop
  endfacet
  facet normal 0.000000e+00 -0.000000e+00 1.000000e+00
    outer loop
      vertex   -1.239128e+02 1.838692e+01 9.613989e+01
      vertex   -1.239128e+02 2.161308e+01 9.613989e+01
      vertex   -1.239830e+02 2.053846e+01 9.613989e+01
    endloop
  endfacet
  facet normal 0.000000e+00 0.000000e+00 1.000000e+00
    outer loop
      vertex   -1.239128e+02 1.838692e+01 9.613989e+01
      vertex   -1.239830e+02 2.053846e+01 9.613989e+01
      vertex   -1.239830e+02 1.946154e+01 9.613989e+01
    endloop
  endfacet
  facet normal 0.000000e+00 0.000000e+00 1.000000e+00
    outer loop
      vertex   -1.202950e+02 3.040805e+01 9.613989e+01
      vertex   -1.139193e+02 3.040805e+01 9.613989e+01
      vertex   -1.195860e+02 3.122410e+01 9.613989e+01
    endloop
  endfacet
  facet normal -0.000000e+00 0.000000e+00 1.000000e+00
    outer loop
      vertex   -1.195860e+02 3.122410e+01 9.613989e+01
      vertex   -1.139193e+02 3.040805e+01 9.613989e+01
      vertex   -1.188251e+02 3.199197e+01 9.613989e+01
    endloop
  endfacet
  facet normal -0.000000e+00 0.000000e+00 1.000000e+00
    outer loop
      vertex   -1.188251e+02 3.199197e+01 9.613989e+01
      vertex   -1.139193e+02 3.040805e+01 9.613989e+01
      vertex   -1.180155e+02 3.270837e+01 9.613989e+01
    endloop
  endfacet
  facet normal -0.000000e+00 0.000000e+00 1.000000e+00
    outer loop
      vertex   -1.180155e+02 3.270837e+01 9.613989e+01
      vertex   -1.139193e+02 3.040805e+01 9.613989e+01
      vertex   -1.171607e+02 3.337021e+01 9.613989e+01
    endloop
  endfacet
  facet normal -0.000000e+00 0.000000e+00 1.000000e+00
    outer loop
      vertex   -1.171607e+02 3.337021e+01 9.613989e+01
      vertex   -1.139193e+02 3.040805e+01 9.613989e+01
      vertex   -1.162644e+02 3.397466e+01 9.613989e+01
    endloop
  endfacet
  facet normal -0.000000e+00 0.000000e+00 1.000000e+00
    outer loop
      vertex   -1.162644e+02 3.397466e+01 9.613989e+01
      vertex   -1.139193e+02 3.040805e+01 9.613989e+01
      vertex   -1.153305e+02 3.451912e+01 9.613989e+01
    endloop
  endfacet
  facet normal -0.000000e+00 0.000000e+00 1.000000e+00
    outer loop
      vertex   -1.153305e+02 3.451912e+01 9.613989e+01
      vertex   -1.139193e+02 3.040805e+01 9.613989e+01
      vertex   -1.143629e+02 3.500126e+01 9.613989e+01
    endloop
  endfacet
  facet normal -0.000000e+00 0.000000e+00 1.000000e+00
    outer loop
      vertex   -1.143629e+02 3.500126e+01 9.613989e+01
      vertex   -1.139193e+02 3.040805e+01 9.613989e+01
      vertex   -1.133659e+02 3.541900e+01 9.613989e+01
    endloop
  endfacet
  facet normal -0.000000e+00 0.000000e+00 1.000000e+00
    outer loop
      vertex   -1.133659e+02 3.541900e+01 9.613989e+01
      vertex   -1.139193e+02 3.040805e+01 9.613989e+01
      vertex   -1.123436e+02 3.577055e+01 9.613989e+01
    endloop
  endfacet
  facet normal -0.000000e+00 0.000000e+00 1.000000e+00
    outer loop
      vertex   -1.123436e+02 3.577055e+01 9.613989e+01
      vertex   -1.139193e+02 3.040805e+01 9.613989e+01
      vertex   -1.113005e+02 3.605441e+01 9.613989e+01
    endloop
  endfacet
  facet normal -0.000000e+00 0.000000e+00 1.000000e+00
    outer loop
      vertex   -1.113005e+02 3.605441e+01 9.613989e+01
      vertex   -1.139193e+02 3.040805e+01 9.613989e+01
      vertex   -1.102410e+02 3.626936e+01 9.613989e+01
    endloop
  endfacet
  facet normal -0.000000e+00 0.000000e+00 1.000000e+00
    outer loop
      vertex   -1.102410e+02 3.626936e+01 9.613989e+01
      vertex   -1.139193e+02 3.040805e+01 9.613989e+01
      vertex   -1.091697e+02 3.641446e+01 9.613989e+01
    endloop
  endfacet
  facet normal -0.000000e+00 0.000000e+00 1.000000e+00
    outer loop
      vertex   -1.091697e+02 3.641446e+01 9.613989e+01
      vertex   -1.139193e+02 3.040805e+01 9.613989e+01
      vertex   -1.080913e+02 3.648911e+01 9.613989e+01
    endloop
  endfacet
  facet normal -0.000000e+00 0.000000e+00 1.000000e+00
    outer loop
      vertex   -1.080913e+02 3.648911e+01 9.613989e+01
      vertex   -1.139193e+02 3.040805e+01 9.613989e+01
      vertex   -1.070102e+02 3.649297e+01 9.613989e+01
    endloop
  endfacet
  facet normal 0.000000e+00 0.000000e+00 1.000000e+00
    outer loop
      vertex   -1.070102e+02 3.649297e+01 9.613989e+01
      vertex   -1.139193e+02 3.040805e+01 9.613989e+01
      vertex   -1.059313e+02 3.642604e+01 9.613989e+01
    endloop
  endfacet
  facet normal 0.000000e+00 0.000000e+00 1.000000e+00
    outer loop
      vertex   -1.059313e+02 3.642604e+01 9.613989e+01
      vertex   -1.139193e+02 3.040805e+01 9.613989e+01
      vertex   -1.000574e+02 2.279463e+01 9.613989e+01
    endloop
  endfacet
  facet normal 0.000000e+00 0.000000e+00 1.000000e+00
    outer loop
      vertex   -1.059313e+02 3.642604e+01 9.613989e+01
      vertex   -1.000574e+02 2.279463e+01 9.613989e+01
      vertex   -9.979493e+01 2.321464e+01 9.613989e+01
    endloop
  endfacet
  facet normal 0.000000e+00 0.000000e+00 1.000000e+00
    outer loop
      vertex   -1.139193e+02 1.040805e+01 9.613989e+01
      vertex   -1.004643e+02 2.088037e+01 9.613989e+01
      vertex   -1.139193e+02 3.040805e+01 9.613989e+01
    endloop
  endfacet
  facet normal 0.000000e+00 0.000000e+00 1.000000e+00
    outer loop
      vertex   -1.139193e+02 3.040805e+01 9.613989e+01
      vertex   -1.004643e+02 2.088037e+01 9.613989e+01
      vertex   -1.004643e+02 2.137564e+01 9.613989e+01
    endloop
  endfacet
  facet normal 0.000000e+00 0.000000e+00 1.000000e+00
    outer loop
      vertex   -1.139193e+02 3.040805e+01 9.613989e+01
      vertex   -1.004643e+02 2.137564e+01 9.613989e+01
      vertex   -1.003953e+02 2.186609e+01 9.613989e+01
    endloop
  endfacet
  facet normal -0.000000e+00 0.000000e+00 1.000000e+00
    outer loop
      vertex   -1.209173e+02 1.040805e+01 9.613989e+01
      vertex   -1.202604e+02 9.549501e+00 9.613989e+01
      vertex   -1.139193e+02 1.040805e+01 9.613989e+01
    endloop
  endfacet
  facet normal 0.000000e+00 0.000000e+00 1.000000e+00
    outer loop
      vertex   -1.139193e+02 1.040805e+01 9.613989e+01
      vertex   -1.202604e+02 9.549501e+00 9.613989e+01
      vertex   -1.195487e+02 8.735808e+00 9.613989e+01
    endloop
  endfacet
  facet normal 0.000000e+00 0.000000e+00 1.000000e+00
    outer loop
      vertex   -1.139193e+02 1.040805e+01 9.613989e+01
      vertex   -1.195487e+02 8.735808e+00 9.613989e+01
      vertex   -1.187852e+02 7.970468e+00 9.613989e+01
    endloop
  endfacet
  facet normal -0.000000e+00 0.000000e+00 1.000000e+00
    outer loop
      vertex   -1.187852e+02 7.970468e+00 9.613989e+01
      vertex   -1.179732e+02 7.256766e+00 9.613989e+01
      vertex   -1.139193e+02 1.040805e+01 9.613989e+01
    endloop
  endfacet
  facet normal 0.000000e+00 0.000000e+00 1.000000e+00
    outer loop
      vertex   -1.139193e+02 1.040805e+01 9.613989e+01
      vertex   -1.179732e+02 7.256766e+00 9.613989e+01
      vertex   -1.171163e+02 6.597765e+00 9.613989e+01
    endloop
  endfacet
  facet normal 0.000000e+00 0.000000e+00 1.000000e+00
    outer loop
      vertex   -1.139193e+02 1.040805e+01 9.613989e+01
      vertex   -1.171163e+02 6.597765e+00 9.613989e+01
      vertex   -1.162180e+02 5.996295e+00 9.613989e+01
    endloop
  endfacet
  facet normal -0.000000e+00 0.000000e+00 1.000000e+00
    outer loop
      vertex   -1.162180e+02 5.996295e+00 9.613989e+01
      vertex   -1.152823e+02 5.454937e+00 9.613989e+01
      vertex   -1.139193e+02 1.040805e+01 9.613989e+01
    endloop
  endfacet
  facet normal 0.000000e+00 0.000000e+00 1.000000e+00
    outer loop
      vertex   -1.139193e+02 1.040805e+01 9.613989e+01
      vertex   -1.152823e+02 5.454937e+00 9.613989e+01
      vertex   -1.143131e+02 4.976015e+00 9.613989e+01
    endloop
  endfacet
  facet normal 0.000000e+00 0.000000e+00 1.000000e+00
    outer loop
      vertex   -1.139193e+02 1.040805e+01 9.613989e+01
      vertex   -1.143131e+02 4.976015e+00 9.613989e+01
      vertex   -1.133146e+02 4.561585e+00 9.613989e+01
    endloop
  endfacet
  facet normal -0.000000e+00 -0.000000e+00 1.000000e+00
    outer loop
      vertex   -1.133146e+02 4.561585e+00 9.613989e+01
      vertex   -1.122912e+02 4.213426e+00 9.613989e+01
      vertex   -1.139193e+02 1.040805e+01 9.613989e+01
    endloop
  endfacet
  facet normal 0.000000e+00 0.000000e+00 1.000000e+00
    outer loop
      vertex   -1.139193e+02 1.040805e+01 9.613989e+01
      vertex   -1.122912e+02 4.213426e+00 9.613989e+01
      vertex   -1.112471e+02 3.933032e+00 9.613989e+01
    endloop
  endfacet
  facet normal 0.000000e+00 0.000000e+00 1.000000e+00
    outer loop
      vertex   -1.139193e+02 1.040805e+01 9.613989e+01
      vertex   -1.112471e+02 3.933032e+00 9.613989e+01
      vertex   -1.101870e+02 3.721607e+00 9.613989e+01
    endloop
  endfacet
  facet normal -0.000000e+00 -0.000000e+00 1.000000e+00
    outer loop
      vertex   -1.101870e+02 3.721607e+00 9.613989e+01
      vertex   -1.091152e+02 3.580058e+00 9.613989e+01
      vertex   -1.139193e+02 1.040805e+01 9.613989e+01
    endloop
  endfacet
  facet normal 0.000000e+00 0.000000e+00 1.000000e+00
    outer loop
      vertex   -1.139193e+02 1.040805e+01 9.613989e+01
      vertex   -1.091152e+02 3.580058e+00 9.613989e+01
      vertex   -1.080365e+02 3.508994e+00 9.613989e+01
    endloop
  endfacet
  facet normal 0.000000e+00 0.000000e+00 1.000000e+00
    outer loop
      vertex   -1.139193e+02 1.040805e+01 9.613989e+01
      vertex   -1.080365e+02 3.508994e+00 9.613989e+01
      vertex   -1.069555e+02 3.508719e+00 9.613989e+01
    endloop
  endfacet
  facet normal 0.000000e+00 -0.000000e+00 1.000000e+00
    outer loop
      vertex   -1.069555e+02 3.508719e+00 9.613989e+01
      vertex   -1.058767e+02 3.579234e+00 9.613989e+01
      vertex   -1.139193e+02 1.040805e+01 9.613989e+01
    endloop
  endfacet
  facet normal 0.000000e+00 0.000000e+00 1.000000e+00
    outer loop
      vertex   -1.139193e+02 1.040805e+01 9.613989e+01
      vertex   -1.058767e+02 3.579234e+00 9.613989e+01
      vertex   -1.048049e+02 3.720237e+00 9.613989e+01
    endloop
  endfacet
  facet normal -0.000000e+00 0.000000e+00 1.000000e+00
    outer loop
      vertex   -1.139193e+02 1.040805e+01 9.613989e+01
      vertex   -1.048049e+02 3.720237e+00 9.613989e+01
      vertex   -9.979493e+01 1.904136e+01 9.613989e+01
    endloop
  endfacet
  facet normal 0.000000e+00 0.000000e+00 1.000000e+00
    outer loop
      vertex   -9.979493e+01 1.904136e+01 9.613989e+01
      vertex   -1.048049e+02 3.720237e+00 9.613989e+01
      vertex   -1.037446e+02 3.931122e+00 9.613989e+01
    endloop
  endfacet
  facet normal 0.000000e+00 0.000000e+00 1.000000e+00
    outer loop
      vertex   -9.979493e+01 1.904136e+01 9.613989e+01
      vertex   -1.037446e+02 3.931122e+00 9.613989e+01
      vertex   -9.947658e+01 1.866196e+01 9.613989e+01
    endloop
  endfacet
  facet normal 0.000000e+00 0.000000e+00 1.000000e+00
    outer loop
      vertex   -9.947658e+01 1.866196e+01 9.613989e+01
      vertex   -1.037446e+02 3.931122e+00 9.613989e+01
      vertex   -1.027005e+02 4.210985e+00 9.613989e+01
    endloop
  endfacet
  facet normal 0.000000e+00 0.000000e+00 1.000000e+00
    outer loop
      vertex   -9.947658e+01 1.866196e+01 9.613989e+01
      vertex   -1.027005e+02 4.210985e+00 9.613989e+01
      vertex   -1.016768e+02 4.558623e+00 9.613989e+01
    endloop
  endfacet
  facet normal 0.000000e+00 0.000000e+00 1.000000e+00
    outer loop
      vertex   -9.947658e+01 1.866196e+01 9.613989e+01
      vertex   -1.016768e+02 4.558623e+00 9.613989e+01
      vertex   -9.910852e+01 1.833056e+01 9.613989e+01
    endloop
  endfacet
  facet normal 0.000000e+00 0.000000e+00 1.000000e+00
    outer loop
      vertex   -9.910852e+01 1.833056e+01 9.613989e+01
      vertex   -1.016768e+02 4.558623e+00 9.613989e+01
      vertex   -1.006782e+02 4.972545e+00 9.613989e+01
    endloop
  endfacet
  facet normal 0.000000e+00 0.000000e+00 1.000000e+00
    outer loop
      vertex   -9.910852e+01 1.833056e+01 9.613989e+01
      vertex   -1.006782e+02 4.972545e+00 9.613989e+01
      vertex   -9.970876e+01 5.450974e+00 9.613989e+01
    endloop
  endfacet
  facet normal 0.000000e+00 0.000000e+00 1.000000e+00
    outer loop
      vertex   -9.910852e+01 1.833056e+01 9.613989e+01
      vertex   -9.970876e+01 5.450974e+00 9.613989e+01
      vertex   -9.869792e+01 1.805361e+01 9.613989e+01
    endloop
  endfacet
  facet normal 0.000000e+00 0.000000e+00 1.000000e+00
    outer loop
      vertex   -9.869792e+01 1.805361e+01 9.613989e+01
      vertex   -9.970876e+01 5.450974e+00 9.613989e+01
      vertex   -9.877275e+01 5.991855e+00 9.613989e+01
    endloop
  endfacet
  facet normal 0.000000e+00 0.000000e+00 1.000000e+00
    outer loop
      vertex   -9.869792e+01 1.805361e+01 9.613989e+01
      vertex   -9.877275e+01 5.991855e+00 9.613989e+01
      vertex   -9.787417e+01 6.592868e+00 9.613989e+01
    endloop
  endfacet
  facet normal 0.000000e+00 0.000000e+00 1.000000e+00
    outer loop
      vertex   -9.869792e+01 1.805361e+01 9.613989e+01
      vertex   -9.787417e+01 6.592868e+00 9.613989e+01
      vertex   -9.825278e+01 1.783650e+01 9.613989e+01
    endloop
  endfacet
  facet normal 0.000000e+00 0.000000e+00 1.000000e+00
    outer loop
      vertex   -9.825278e+01 1.783650e+01 9.613989e+01
      vertex   -9.787417e+01 6.592868e+00 9.613989e+01
      vertex   -9.701688e+01 7.251433e+00 9.613989e+01
    endloop
  endfacet
  facet normal 0.000000e+00 0.000000e+00 1.000000e+00
    outer loop
      vertex   -9.825278e+01 1.783650e+01 9.613989e+01
      vertex   -9.701688e+01 7.251433e+00 9.613989e+01
      vertex   -9.620455e+01 7.964721e+00 9.613989e+01
    endloop
  endfacet
  facet normal 0.000000e+00 0.000000e+00 1.000000e+00
    outer loop
      vertex   -9.825278e+01 1.783650e+01 9.613989e+01
      vertex   -9.620455e+01 7.964721e+00 9.613989e+01
      vertex   -9.778174e+01 1.768345e+01 9.613989e+01
    endloop
  endfacet
  facet normal 0.000000e+00 0.000000e+00 1.000000e+00
    outer loop
      vertex   -9.778174e+01 1.768345e+01 9.613989e+01
      vertex   -9.620455e+01 7.964721e+00 9.613989e+01
      vertex   -9.544067e+01 8.729673e+00 9.613989e+01
    endloop
  endfacet
  facet normal 0.000000e+00 0.000000e+00 1.000000e+00
    outer loop
      vertex   -9.778174e+01 1.768345e+01 9.613989e+01
      vertex   -9.544067e+01 8.729673e+00 9.613989e+01
      vertex   -9.472853e+01 9.543003e+00 9.613989e+01
    endloop
  endfacet
  facet normal 0.000000e+00 0.000000e+00 1.000000e+00
    outer loop
      vertex   -9.778174e+01 1.768345e+01 9.613989e+01
      vertex   -9.472853e+01 9.543003e+00 9.613989e+01
      vertex   -9.729400e+01 1.759745e+01 9.613989e+01
    endloop
  endfacet
  facet normal 0.000000e+00 0.000000e+00 1.000000e+00
    outer loop
      vertex   -9.729400e+01 1.759745e+01 9.613989e+01
      vertex   -9.472853e+01 9.543003e+00 9.613989e+01
      vertex   -9.407117e+01 1.040122e+01 9.613989e+01
    endloop
  endfacet
  facet normal 0.000000e+00 0.000000e+00 1.000000e+00
    outer loop
      vertex   -9.729400e+01 1.759745e+01 9.613989e+01
      vertex   -9.407117e+01 1.040122e+01 9.613989e+01
      vertex   -9.679903e+01 1.758016e+01 9.613989e+01
    endloop
  endfacet
  facet normal 0.000000e+00 0.000000e+00 1.000000e+00
    outer loop
      vertex   -9.679903e+01 1.758016e+01 9.613989e+01
      vertex   -9.407117e+01 1.040122e+01 9.613989e+01
      vertex   -9.347142e+01 1.130064e+01 9.613989e+01
    endloop
  endfacet
  facet normal -0.000000e+00 0.000000e+00 1.000000e+00
    outer loop
      vertex   -9.679903e+01 1.758016e+01 9.613989e+01
      vertex   -9.347142e+01 1.130064e+01 9.613989e+01
      vertex   -9.630647e+01 1.763193e+01 9.613989e+01
    endloop
  endfacet
  facet normal 0.000000e+00 0.000000e+00 1.000000e+00
    outer loop
      vertex   -9.630647e+01 1.763193e+01 9.613989e+01
      vertex   -9.347142e+01 1.130064e+01 9.613989e+01
      vertex   -9.293185e+01 1.223741e+01 9.613989e+01
    endloop
  endfacet
  facet normal 0.000000e+00 0.000000e+00 1.000000e+00
    outer loop
      vertex   -9.630647e+01 1.763193e+01 9.613989e+01
      vertex   -9.293185e+01 1.223741e+01 9.613989e+01
      vertex   -9.245479e+01 1.320749e+01 9.613989e+01
    endloop
  endfacet
  facet normal -0.000000e+00 0.000000e+00 1.000000e+00
    outer loop
      vertex   -9.630647e+01 1.763193e+01 9.613989e+01
      vertex   -9.245479e+01 1.320749e+01 9.613989e+01
      vertex   -9.582591e+01 1.775175e+01 9.613989e+01
    endloop
  endfacet
  facet normal 0.000000e+00 0.000000e+00 1.000000e+00
    outer loop
      vertex   -9.582591e+01 1.775175e+01 9.613989e+01
      vertex   -9.245479e+01 1.320749e+01 9.613989e+01
      vertex   -9.204227e+01 1.420674e+01 9.613989e+01
    endloop
  endfacet
  facet normal -0.000000e+00 0.000000e+00 1.000000e+00
    outer loop
      vertex   -9.582591e+01 1.775175e+01 9.613989e+01
      vertex   -9.204227e+01 1.420674e+01 9.613989e+01
      vertex   -9.536670e+01 1.793728e+01 9.613989e+01
    endloop
  endfacet
  facet normal 0.000000e+00 0.000000e+00 1.000000e+00
    outer loop
      vertex   -9.536670e+01 1.793728e+01 9.613989e+01
      vertex   -9.204227e+01 1.420674e+01 9.613989e+01
      vertex   -9.169607e+01 1.523085e+01 9.613989e+01
    endloop
  endfacet
  facet normal -0.000000e+00 0.000000e+00 1.000000e+00
    outer loop
      vertex   -9.536670e+01 1.793728e+01 9.613989e+01
      vertex   -9.169607e+01 1.523085e+01 9.613989e+01
      vertex   -9.493779e+01 1.818492e+01 9.613989e+01
    endloop
  endfacet
  facet normal 0.000000e+00 0.000000e+00 1.000000e+00
    outer loop
      vertex   -9.493779e+01 1.818492e+01 9.613989e+01
      vertex   -9.169607e+01 1.523085e+01 9.613989e+01
      vertex   -9.141768e+01 1.627543e+01 9.613989e+01
    endloop
  endfacet
  facet normal -0.000000e+00 0.000000e+00 1.000000e+00
    outer loop
      vertex   -9.493779e+01 1.818492e+01 9.613989e+01
      vertex   -9.141768e+01 1.627543e+01 9.613989e+01
      vertex   -9.454751e+01 1.848984e+01 9.613989e+01
    endloop
  endfacet
  facet normal -0.000000e+00 0.000000e+00 1.000000e+00
    outer loop
      vertex   -9.454751e+01 1.848984e+01 9.613989e+01
      vertex   -9.141768e+01 1.627543e+01 9.613989e+01
      vertex   -9.420346e+01 1.884611e+01 9.613989e+01
    endloop
  endfacet
  facet normal 0.000000e+00 0.000000e+00 1.000000e+00
    outer loop
      vertex   -9.420346e+01 1.884611e+01 9.613989e+01
      vertex   -9.141768e+01 1.627543e+01 9.613989e+01
      vertex   -9.120828e+01 1.733600e+01 9.613989e+01
    endloop
  endfacet
  facet normal -0.000000e+00 0.000000e+00 1.000000e+00
    outer loop
      vertex   -9.420346e+01 1.884611e+01 9.613989e+01
      vertex   -9.120828e+01 1.733600e+01 9.613989e+01
      vertex   -9.391235e+01 1.924679e+01 9.613989e+01
    endloop
  endfacet
  facet normal 0.000000e+00 0.000000e+00 1.000000e+00
    outer loop
      vertex   -9.391235e+01 1.924679e+01 9.613989e+01
      vertex   -9.120828e+01 1.733600e+01 9.613989e+01
      vertex   -9.106878e+01 1.840801e+01 9.613989e+01
    endloop
  endfacet
  facet normal -0.000000e+00 0.000000e+00 1.000000e+00
    outer loop
      vertex   -9.391235e+01 1.924679e+01 9.613989e+01
      vertex   -9.106878e+01 1.840801e+01 9.613989e+01
      vertex   -9.367984e+01 1.968409e+01 9.613989e+01
    endloop
  endfacet
  facet normal 0.000000e+00 0.000000e+00 1.000000e+00
    outer loop
      vertex   -9.367984e+01 1.968409e+01 9.613989e+01
      vertex   -9.106878e+01 1.840801e+01 9.613989e+01
      vertex   -9.099979e+01 1.948685e+01 9.613989e+01
    endloop
  endfacet
  facet normal -0.000000e+00 0.000000e+00 1.000000e+00
    outer loop
      vertex   -9.367984e+01 1.968409e+01 9.613989e+01
      vertex   -9.099979e+01 1.948685e+01 9.613989e+01
      vertex   -9.351044e+01 2.014949e+01 9.613989e+01
    endloop
  endfacet
  facet normal -0.000000e+00 0.000000e+00 1.000000e+00
    outer loop
      vertex   -9.351044e+01 2.014949e+01 9.613989e+01
      vertex   -9.099979e+01 1.948685e+01 9.613989e+01
      vertex   -9.100158e+01 2.056790e+01 9.613989e+01
    endloop
  endfacet
  facet normal 0.000000e+00 0.000000e+00 1.000000e+00
    outer loop
      vertex   -9.351044e+01 2.014949e+01 9.613989e+01
      vertex   -9.100158e+01 2.056790e+01 9.613989e+01
      vertex   -9.340747e+01 2.063394e+01 9.613989e+01
    endloop
  endfacet
  facet normal -0.000000e+00 0.000000e+00 1.000000e+00
    outer loop
      vertex   -9.340747e+01 2.063394e+01 9.613989e+01
      vertex   -9.100158e+01 2.056790e+01 9.613989e+01
      vertex   -9.337292e+01 2.112800e+01 9.613989e+01
    endloop
  endfacet
  facet normal -0.000000e+00 0.000000e+00 1.000000e+00
    outer loop
      vertex   -9.337292e+01 2.112800e+01 9.613989e+01
      vertex   -9.100158e+01 2.056790e+01 9.613989e+01
      vertex   -9.107416e+01 2.164650e+01 9.613989e+01
    endloop
  endfacet
  facet normal 0.000000e+00 -0.000000e+00 1.000000e+00
    outer loop
      vertex   -9.337292e+01 2.112800e+01 9.613989e+01
      vertex   -9.107416e+01 2.164650e+01 9.613989e+01
      vertex   -9.340747e+01 2.162207e+01 9.613989e+01
    endloop
  endfacet
  facet normal 0.000000e+00 0.000000e+00 1.000000e+00
    outer loop
      vertex   -9.340747e+01 2.162207e+01 9.613989e+01
      vertex   -9.107416e+01 2.164650e+01 9.613989e+01
      vertex   -9.121721e+01 2.271804e+01 9.613989e+01
    endloop
  endfacet
  facet normal 0.000000e+00 -0.000000e+00 1.000000e+00
    outer loop
      vertex   -9.340747e+01 2.162207e+01 9.613989e+01
      vertex   -9.121721e+01 2.271804e+01 9.613989e+01
      vertex   -9.351044e+01 2.210651e+01 9.613989e+01
    endloop
  endfacet
  facet normal 0.000000e+00 -0.000000e+00 1.000000e+00
    outer loop
      vertex   -9.351044e+01 2.210651e+01 9.613989e+01
      vertex   -9.121721e+01 2.271804e+01 9.613989e+01
      vertex   -9.367984e+01 2.257192e+01 9.613989e+01
    endloop
  endfacet
  facet normal 0.000000e+00 0.000000e+00 1.000000e+00
    outer loop
      vertex   -9.367984e+01 2.257192e+01 9.613989e+01
      vertex   -9.121721e+01 2.271804e+01 9.613989e+01
      vertex   -9.143013e+01 2.377791e+01 9.613989e+01
    endloop
  endfacet
  facet normal 0.000000e+00 -0.000000e+00 1.000000e+00
    outer loop
      vertex   -9.367984e+01 2.257192e+01 9.613989e+01
      vertex   -9.143013e+01 2.377791e+01 9.613989e+01
      vertex   -9.391235e+01 2.300922e+01 9.613989e+01
    endloop
  endfacet
  facet normal 0.000000e+00 0.000000e+00 1.000000e+00
    outer loop
      vertex   -9.391235e+01 2.300922e+01 9.613989e+01
      vertex   -9.143013e+01 2.377791e+01 9.613989e+01
      vertex   -9.171199e+01 2.482156e+01 9.613989e+01
    endloop
  endfacet
  facet normal 0.000000e+00 -0.000000e+00 1.000000e+00
    outer loop
      vertex   -9.391235e+01 2.300922e+01 9.613989e+01
      vertex   -9.171199e+01 2.482156e+01 9.613989e+01
      vertex   -9.420346e+01 2.340990e+01 9.613989e+01
    endloop
  endfacet
  facet normal 0.000000e+00 0.000000e+00 1.000000e+00
    outer loop
      vertex   -9.420346e+01 2.340990e+01 9.613989e+01
      vertex   -9.171199e+01 2.482156e+01 9.613989e+01
      vertex   -9.206159e+01 2.584452e+01 9.613989e+01
    endloop
  endfacet
  facet normal 0.000000e+00 -0.000000e+00 1.000000e+00
    outer loop
      vertex   -9.420346e+01 2.340990e+01 9.613989e+01
      vertex   -9.206159e+01 2.584452e+01 9.613989e+01
      vertex   -9.454751e+01 2.376617e+01 9.613989e+01
    endloop
  endfacet
  facet normal 0.000000e+00 -0.000000e+00 1.000000e+00
    outer loop
      vertex   -9.454751e+01 2.376617e+01 9.613989e+01
      vertex   -9.206159e+01 2.584452e+01 9.613989e+01
      vertex   -9.493779e+01 2.407109e+01 9.613989e+01
    endloop
  endfacet
  facet normal 0.000000e+00 0.000000e+00 1.000000e+00
    outer loop
      vertex   -9.493779e+01 2.407109e+01 9.613989e+01
      vertex   -9.206159e+01 2.584452e+01 9.613989e+01
      vertex   -9.247742e+01 2.684239e+01 9.613989e+01
    endloop
  endfacet
  facet normal 0.000000e+00 -0.000000e+00 1.000000e+00
    outer loop
      vertex   -9.493779e+01 2.407109e+01 9.613989e+01
      vertex   -9.247742e+01 2.684239e+01 9.613989e+01
      vertex   -9.536670e+01 2.431872e+01 9.613989e+01
    endloop
  endfacet
  facet normal 0.000000e+00 0.000000e+00 1.000000e+00
    outer loop
      vertex   -9.536670e+01 2.431872e+01 9.613989e+01
      vertex   -9.247742e+01 2.684239e+01 9.613989e+01
      vertex   -9.295770e+01 2.781089e+01 9.613989e+01
    endloop
  endfacet
  facet normal 0.000000e+00 -0.000000e+00 1.000000e+00
    outer loop
      vertex   -9.536670e+01 2.431872e+01 9.613989e+01
      vertex   -9.295770e+01 2.781089e+01 9.613989e+01
      vertex   -9.582591e+01 2.450425e+01 9.613989e+01
    endloop
  endfacet
  facet normal 0.000000e+00 0.000000e+00 1.000000e+00
    outer loop
      vertex   -9.582591e+01 2.450425e+01 9.613989e+01
      vertex   -9.295770e+01 2.781089e+01 9.613989e+01
      vertex   -9.350038e+01 2.874585e+01 9.613989e+01
    endloop
  endfacet
  facet normal 0.000000e+00 -0.000000e+00 1.000000e+00
    outer loop
      vertex   -9.582591e+01 2.450425e+01 9.613989e+01
      vertex   -9.350038e+01 2.874585e+01 9.613989e+01
      vertex   -9.630647e+01 2.462407e+01 9.613989e+01
    endloop
  endfacet
  facet normal 0.000000e+00 0.000000e+00 1.000000e+00
    outer loop
      vertex   -9.630647e+01 2.462407e+01 9.613989e+01
      vertex   -9.350038e+01 2.874585e+01 9.613989e+01
      vertex   -9.410311e+01 2.964328e+01 9.613989e+01
    endloop
  endfacet
  facet normal 0.000000e+00 -0.000000e+00 1.000000e+00
    outer loop
      vertex   -9.630647e+01 2.462407e+01 9.613989e+01
      vertex   -9.410311e+01 2.964328e+01 9.613989e+01
      vertex   -9.679903e+01 2.467584e+01 9.613989e+01
    endloop
  endfacet
  facet normal 0.000000e+00 0.000000e+00 1.000000e+00
    outer loop
      vertex   -9.679903e+01 2.467584e+01 9.613989e+01
      vertex   -9.410311e+01 2.964328e+01 9.613989e+01
      vertex   -9.476331e+01 3.049931e+01 9.613989e+01
    endloop
  endfacet
  facet normal 0.000000e+00 -0.000000e+00 1.000000e+00
    outer loop
      vertex   -9.679903e+01 2.467584e+01 9.613989e+01
      vertex   -9.476331e+01 3.049931e+01 9.613989e+01
      vertex   -9.729400e+01 2.465855e+01 9.613989e+01
    endloop
  endfacet
  facet normal 0.000000e+00 0.000000e+00 1.000000e+00
    outer loop
      vertex   -9.729400e+01 2.465855e+01 9.613989e+01
      vertex   -9.476331e+01 3.049931e+01 9.613989e+01
      vertex   -9.547816e+01 3.131027e+01 9.613989e+01
    endloop
  endfacet
  facet normal 0.000000e+00 -0.000000e+00 1.000000e+00
    outer loop
      vertex   -9.729400e+01 2.465855e+01 9.613989e+01
      vertex   -9.547816e+01 3.131027e+01 9.613989e+01
      vertex   -9.778174e+01 2.457255e+01 9.613989e+01
    endloop
  endfacet
  facet normal 0.000000e+00 0.000000e+00 1.000000e+00
    outer loop
      vertex   -9.778174e+01 2.457255e+01 9.613989e+01
      vertex   -9.547816e+01 3.131027e+01 9.613989e+01
      vertex   -9.624457e+01 3.207268e+01 9.613989e+01
    endloop
  endfacet
  facet normal 0.000000e+00 -0.000000e+00 1.000000e+00
    outer loop
      vertex   -9.778174e+01 2.457255e+01 9.613989e+01
      vertex   -9.624457e+01 3.207268e+01 9.613989e+01
      vertex   -9.825278e+01 2.441950e+01 9.613989e+01
    endloop
  endfacet
  facet normal 0.000000e+00 0.000000e+00 1.000000e+00
    outer loop
      vertex   -9.825278e+01 2.441950e+01 9.613989e+01
      vertex   -9.624457e+01 3.207268e+01 9.613989e+01
      vertex   -9.705926e+01 3.278327e+01 9.613989e+01
    endloop
  endfacet
  facet normal 0.000000e+00 0.000000e+00 1.000000e+00
    outer loop
      vertex   -9.825278e+01 2.441950e+01 9.613989e+01
      vertex   -9.705926e+01 3.278327e+01 9.613989e+01
      vertex   -9.791873e+01 3.343899e+01 9.613989e+01
    endloop
  endfacet
  facet normal 0.000000e+00 -0.000000e+00 1.000000e+00
    outer loop
      vertex   -9.825278e+01 2.441950e+01 9.613989e+01
      vertex   -9.791873e+01 3.343899e+01 9.613989e+01
      vertex   -9.869792e+01 2.420239e+01 9.613989e+01
    endloop
  endfacet
  facet normal 0.000000e+00 -0.000000e+00 1.000000e+00
    outer loop
      vertex   -9.869792e+01 2.420239e+01 9.613989e+01
      vertex   -9.791873e+01 3.343899e+01 9.613989e+01
      vertex   -9.881930e+01 3.403701e+01 9.613989e+01
    endloop
  endfacet
  facet normal 0.000000e+00 0.000000e+00 1.000000e+00
    outer loop
      vertex   -9.869792e+01 2.420239e+01 9.613989e+01
      vertex   -9.881930e+01 3.403701e+01 9.613989e+01
      vertex   -9.910852e+01 2.392544e+01 9.613989e+01
    endloop
  endfacet
  facet normal 0.000000e+00 -0.000000e+00 1.000000e+00
    outer loop
      vertex   -9.910852e+01 2.392544e+01 9.613989e+01
      vertex   -9.881930e+01 3.403701e+01 9.613989e+01
      vertex   -9.975710e+01 3.457478e+01 9.613989e+01
    endloop
  endfacet
  facet normal 0.000000e+00 0.000000e+00 1.000000e+00
    outer loop
      vertex   -9.910852e+01 2.392544e+01 9.613989e+01
      vertex   -9.975710e+01 3.457478e+01 9.613989e+01
      vertex   -1.007281e+02 3.504999e+01 9.613989e+01
    endloop
  endfacet
  facet normal 0.000000e+00 0.000000e+00 1.000000e+00
    outer loop
      vertex   -9.910852e+01 2.392544e+01 9.613989e+01
      vertex   -1.007281e+02 3.504999e+01 9.613989e+01
      vertex   -9.947658e+01 2.359404e+01 9.613989e+01
    endloop
  endfacet
  facet normal 0.000000e+00 0.000000e+00 1.000000e+00
    outer loop
      vertex   -9.947658e+01 2.359404e+01 9.613989e+01
      vertex   -1.007281e+02 3.504999e+01 9.613989e+01
      vertex   -1.017281e+02 3.546060e+01 9.613989e+01
    endloop
  endfacet
  facet normal 0.000000e+00 0.000000e+00 1.000000e+00
    outer loop
      vertex   -9.947658e+01 2.359404e+01 9.613989e+01
      vertex   -1.017281e+02 3.546060e+01 9.613989e+01
      vertex   -1.027529e+02 3.580483e+01 9.613989e+01
    endloop
  endfacet
  facet normal 0.000000e+00 0.000000e+00 1.000000e+00
    outer loop
      vertex   -1.027529e+02 3.580483e+01 9.613989e+01
      vertex   -1.037980e+02 3.608123e+01 9.613989e+01
      vertex   -9.947658e+01 2.359404e+01 9.613989e+01
    endloop
  endfacet
  facet normal 0.000000e+00 0.000000e+00 1.000000e+00
    outer loop
      vertex   -9.947658e+01 2.359404e+01 9.613989e+01
      vertex   -1.037980e+02 3.608123e+01 9.613989e+01
      vertex   -9.979493e+01 2.321464e+01 9.613989e+01
    endloop
  endfacet
  facet normal 0.000000e+00 0.000000e+00 1.000000e+00
    outer loop
      vertex   -9.979493e+01 2.321464e+01 9.613989e+01
      vertex   -1.037980e+02 3.608123e+01 9.613989e+01
      vertex   -1.048590e+02 3.628859e+01 9.613989e+01
    endloop
  endfacet
  facet normal 0.000000e+00 0.000000e+00 1.000000e+00
    outer loop
      vertex   -9.979493e+01 2.321464e+01 9.613989e+01
      vertex   -1.048590e+02 3.628859e+01 9.613989e+01
      vertex   -1.059313e+02 3.642604e+01 9.613989e+01
    endloop
  endfacet
  facet normal 0.000000e+00 0.000000e+00 1.000000e+00
    outer loop
      vertex   -9.979493e+01 1.904136e+01 9.613989e+01
      vertex   -1.000574e+02 1.946138e+01 9.613989e+01
      vertex   -1.139193e+02 1.040805e+01 9.613989e+01
    endloop
  endfacet
  facet normal 0.000000e+00 0.000000e+00 1.000000e+00
    outer loop
      vertex   -1.139193e+02 1.040805e+01 9.613989e+01
      vertex   -1.000574e+02 1.946138e+01 9.613989e+01
      vertex   -1.002588e+02 1.991383e+01 9.613989e+01
    endloop
  endfacet
  facet normal 0.000000e+00 0.000000e+00 1.000000e+00
    outer loop
      vertex   -1.139193e+02 1.040805e+01 9.613989e+01
      vertex   -1.002588e+02 1.991383e+01 9.613989e+01
      vertex   -1.003953e+02 2.038992e+01 9.613989e+01
    endloop
  endfacet
  facet normal 0.000000e+00 0.000000e+00 1.000000e+00
    outer loop
      vertex   -1.003953e+02 2.038992e+01 9.613989e+01
      vertex   -1.004643e+02 2.088037e+01 9.613989e+01
      vertex   -1.139193e+02 1.040805e+01 9.613989e+01
    endloop
  endfacet
  facet normal 0.000000e+00 -0.000000e+00 1.000000e+00
    outer loop
      vertex   -1.003953e+02 2.186609e+01 9.613989e+01
      vertex   -1.002588e+02 2.234217e+01 9.613989e+01
      vertex   -1.139193e+02 3.040805e+01 9.613989e+01
    endloop
  endfacet
  facet normal 0.000000e+00 0.000000e+00 1.000000e+00
    outer loop
      vertex   -1.139193e+02 3.040805e+01 9.613989e+01
      vertex   -1.002588e+02 2.234217e+01 9.613989e+01
      vertex   -1.000574e+02 2.279463e+01 9.613989e+01
    endloop
  endfacet
  facet normal -1.000000e+00 0.000000e+00 0.000000e+00
    outer loop
      vertex   -1.154193e+02 1.590805e+01 9.413989e+01
      vertex   -1.154193e+02 2.490805e+01 9.413989e+01
      vertex   -1.154193e+02 1.590805e+01 9.313989e+01
    endloop
  endfacet
  facet normal -1.000000e+00 0.000000e+00 0.000000e+00
    outer loop
      vertex   -1.154193e+02 1.590805e+01 9.313989e+01
      vertex   -1.154193e+02 2.490805e+01 9.413989e+01
      vertex   -1.154193e+02 2.490805e+01 9.313989e+01
    endloop
  endfacet
  facet normal -9.914449e-01 -1.305262e-01 0.000000e+00
    outer loop
      vertex   -1.154193e+02 2.490805e+01 9.313989e+01
      vertex   -1.154193e+02 2.490805e+01 9.413989e+01
      vertex   -1.154534e+02 2.516687e+01 9.313989e+01
    endloop
  endfacet
  facet normal -9.914449e-01 -1.305262e-01 0.000000e+00
    outer loop
      vertex   -1.154534e+02 2.516687e+01 9.313989e+01
      vertex   -1.154193e+02 2.490805e+01 9.413989e+01
      vertex   -1.154534e+02 2.516687e+01 9.413989e+01
    endloop
  endfacet
  facet normal -9.238795e-01 -3.826834e-01 0.000000e+00
    outer loop
      vertex   -1.154534e+02 2.516687e+01 9.313989e+01
      vertex   -1.154534e+02 2.516687e+01 9.413989e+01
      vertex   -1.155533e+02 2.540805e+01 9.313989e+01
    endloop
  endfacet
  facet normal -9.238795e-01 -3.826834e-01 0.000000e+00
    outer loop
      vertex   -1.155533e+02 2.540805e+01 9.313989e+01
      vertex   -1.154534e+02 2.516687e+01 9.413989e+01
      vertex   -1.155533e+02 2.540805e+01 9.413989e+01
    endloop
  endfacet
  facet normal -7.933533e-01 -6.087614e-01 0.000000e+00
    outer loop
      vertex   -1.155533e+02 2.540805e+01 9.313989e+01
      vertex   -1.155533e+02 2.540805e+01 9.413989e+01
      vertex   -1.157122e+02 2.561516e+01 9.313989e+01
    endloop
  endfacet
  facet normal -7.933533e-01 -6.087614e-01 0.000000e+00
    outer loop
      vertex   -1.157122e+02 2.561516e+01 9.313989e+01
      vertex   -1.155533e+02 2.540805e+01 9.413989e+01
      vertex   -1.157122e+02 2.561516e+01 9.413989e+01
    endloop
  endfacet
  facet normal -6.087614e-01 -7.933533e-01 0.000000e+00
    outer loop
      vertex   -1.157122e+02 2.561516e+01 9.313989e+01
      vertex   -1.157122e+02 2.561516e+01 9.413989e+01
      vertex   -1.159193e+02 2.577408e+01 9.313989e+01
    endloop
  endfacet
  facet normal -6.087614e-01 -7.933533e-01 0.000000e+00
    outer loop
      vertex   -1.159193e+02 2.577408e+01 9.313989e+01
      vertex   -1.157122e+02 2.561516e+01 9.413989e+01
      vertex   -1.159193e+02 2.577408e+01 9.413989e+01
    endloop
  endfacet
  facet normal -3.826834e-01 -9.238795e-01 0.000000e+00
    outer loop
      vertex   -1.159193e+02 2.577408e+01 9.313989e+01
      vertex   -1.159193e+02 2.577408e+01 9.413989e+01
      vertex   -1.161605e+02 2.587398e+01 9.313989e+01
    endloop
  endfacet
  facet normal -3.826834e-01 -9.238795e-01 0.000000e+00
    outer loop
      vertex   -1.161605e+02 2.587398e+01 9.313989e+01
      vertex   -1.159193e+02 2.577408e+01 9.413989e+01
      vertex   -1.161605e+02 2.587398e+01 9.413989e+01
    endloop
  endfacet
  facet normal -1.305262e-01 -9.914449e-01 0.000000e+00
    outer loop
      vertex   -1.161605e+02 2.587398e+01 9.313989e+01
      vertex   -1.161605e+02 2.587398e+01 9.413989e+01
      vertex   -1.164193e+02 2.590805e+01 9.313989e+01
    endloop
  endfacet
  facet normal -1.305262e-01 -9.914449e-01 0.000000e+00
    outer loop
      vertex   -1.164193e+02 2.590805e+01 9.313989e+01
      vertex   -1.161605e+02 2.587398e+01 9.413989e+01
      vertex   -1.164193e+02 2.590805e+01 9.413989e+01
    endloop
  endfacet
  facet normal -0.000000e+00 -1.000000e+00 -0.000000e+00
    outer loop
      vertex   -1.164193e+02 2.590805e+01 9.413989e+01
      vertex   -1.184193e+02 2.590805e+01 9.413989e+01
      vertex   -1.164193e+02 2.590805e+01 9.313989e+01
    endloop
  endfacet
  facet normal 0.000000e+00 -1.000000e+00 0.000000e+00
    outer loop
      vertex   -1.164193e+02 2.590805e+01 9.313989e+01
      vertex   -1.184193e+02 2.590805e+01 9.413989e+01
      vertex   -1.184193e+02 2.590805e+01 9.313989e+01
    endloop
  endfacet
  facet normal 1.305262e-01 -9.914449e-01 0.000000e+00
    outer loop
      vertex   -1.184193e+02 2.590805e+01 9.313989e+01
      vertex   -1.184193e+02 2.590805e+01 9.413989e+01
      vertex   -1.186781e+02 2.587398e+01 9.313989e+01
    endloop
  endfacet
  facet normal 1.305262e-01 -9.914449e-01 0.000000e+00
    outer loop
      vertex   -1.186781e+02 2.587398e+01 9.313989e+01
      vertex   -1.184193e+02 2.590805e+01 9.413989e+01
      vertex   -1.186781e+02 2.587398e+01 9.413989e+01
    endloop
  endfacet
  facet normal 3.826834e-01 -9.238795e-01 0.000000e+00
    outer loop
      vertex   -1.186781e+02 2.587398e+01 9.313989e+01
      vertex   -1.186781e+02 2.587398e+01 9.413989e+01
      vertex   -1.189193e+02 2.577408e+01 9.313989e+01
    endloop
  endfacet
  facet normal 3.826834e-01 -9.238795e-01 0.000000e+00
    outer loop
      vertex   -1.189193e+02 2.577408e+01 9.313989e+01
      vertex   -1.186781e+02 2.587398e+01 9.413989e+01
      vertex   -1.189193e+02 2.577408e+01 9.413989e+01
    endloop
  endfacet
  facet normal 6.087614e-01 -7.933533e-01 0.000000e+00
    outer loop
      vertex   -1.189193e+02 2.577408e+01 9.313989e+01
      vertex   -1.189193e+02 2.577408e+01 9.413989e+01
      vertex   -1.191264e+02 2.561516e+01 9.313989e+01
    endloop
  endfacet
  facet normal 6.087614e-01 -7.933533e-01 0.000000e+00
    outer loop
      vertex   -1.191264e+02 2.561516e+01 9.313989e+01
      vertex   -1.189193e+02 2.577408e+01 9.413989e+01
      vertex   -1.191264e+02 2.561516e+01 9.413989e+01
    endloop
  endfacet
  facet normal 7.933533e-01 -6.087614e-01 0.000000e+00
    outer loop
      vertex   -1.191264e+02 2.561516e+01 9.313989e+01
      vertex   -1.191264e+02 2.561516e+01 9.413989e+01
      vertex   -1.192853e+02 2.540805e+01 9.313989e+01
    endloop
  endfacet
  facet normal 7.933533e-01 -6.087614e-01 0.000000e+00
    outer loop
      vertex   -1.192853e+02 2.540805e+01 9.313989e+01
      vertex   -1.191264e+02 2.561516e+01 9.413989e+01
      vertex   -1.192853e+02 2.540805e+01 9.413989e+01
    endloop
  endfacet
  facet normal 9.238795e-01 -3.826834e-01 0.000000e+00
    outer loop
      vertex   -1.192853e+02 2.540805e+01 9.313989e+01
      vertex   -1.192853e+02 2.540805e+01 9.413989e+01
      vertex   -1.193852e+02 2.516687e+01 9.313989e+01
    endloop
  endfacet
  facet normal 9.238795e-01 -3.826834e-01 0.000000e+00
    outer loop
      vertex   -1.193852e+02 2.516687e+01 9.313989e+01
      vertex   -1.192853e+02 2.540805e+01 9.413989e+01
      vertex   -1.193852e+02 2.516687e+01 9.413989e+01
    endloop
  endfacet
  facet normal 9.914449e-01 -1.305262e-01 0.000000e+00
    outer loop
      vertex   -1.193852e+02 2.516687e+01 9.313989e+01
      vertex   -1.193852e+02 2.516687e+01 9.413989e+01
      vertex   -1.194193e+02 2.490805e+01 9.313989e+01
    endloop
  endfacet
  facet normal 9.914449e-01 -1.305262e-01 0.000000e+00
    outer loop
      vertex   -1.194193e+02 2.490805e+01 9.313989e+01
      vertex   -1.193852e+02 2.516687e+01 9.413989e+01
      vertex   -1.194193e+02 2.490805e+01 9.413989e+01
    endloop
  endfacet
  facet normal -9.975641e-01 6.975647e-02 0.000000e+00
    outer loop
      vertex   -9.340747e+01 2.063394e+01 9.313989e+01
      vertex   -9.340747e+01 2.063394e+01 9.613989e+01
      vertex   -9.337292e+01 2.112800e+01 9.313989e+01
    endloop
  endfacet
  facet normal -9.975641e-01 6.975647e-02 0.000000e+00
    outer loop
      vertex   -9.337292e+01 2.112800e+01 9.313989e+01
      vertex   -9.340747e+01 2.063394e+01 9.613989e+01
      vertex   -9.337292e+01 2.112800e+01 9.613989e+01
    endloop
  endfacet
  facet normal -9.975641e-01 -6.975647e-02 0.000000e+00
    outer loop
      vertex   -9.337292e+01 2.112800e+01 9.313989e+01
      vertex   -9.337292e+01 2.112800e+01 9.613989e+01
      vertex   -9.340747e+01 2.162207e+01 9.313989e+01
    endloop
  endfacet
  facet normal -9.975641e-01 -6.975647e-02 0.000000e+00
    outer loop
      vertex   -9.340747e+01 2.162207e+01 9.313989e+01
      vertex   -9.337292e+01 2.112800e+01 9.613989e+01
      vertex   -9.340747e+01 2.162207e+01 9.613989e+01
    endloop
  endfacet
  facet normal -9.781476e-01 -2.079117e-01 0.000000e+00
    outer loop
      vertex   -9.340747e+01 2.162207e+01 9.313989e+01
      vertex   -9.340747e+01 2.162207e+01 9.613989e+01
      vertex   -9.351044e+01 2.210651e+01 9.313989e+01
    endloop
  endfacet
  facet normal -9.781476e-01 -2.079117e-01 -4.924338e-16
    outer loop
      vertex   -9.351044e+01 2.210651e+01 9.313989e+01
      vertex   -9.340747e+01 2.162207e+01 9.613989e+01
      vertex   -9.351044e+01 2.210651e+01 9.613989e+01
    endloop
  endfacet
  facet normal -9.396926e-01 -3.420201e-01 -8.100664e-16
    outer loop
      vertex   -9.351044e+01 2.210651e+01 9.313989e+01
      vertex   -9.351044e+01 2.210651e+01 9.613989e+01
      vertex   -9.367984e+01 2.257192e+01 9.313989e+01
    endloop
  endfacet
  facet normal -9.396926e-01 -3.420201e-01 0.000000e+00
    outer loop
      vertex   -9.367984e+01 2.257192e+01 9.313989e+01
      vertex   -9.351044e+01 2.210651e+01 9.613989e+01
      vertex   -9.367984e+01 2.257192e+01 9.613989e+01
    endloop
  endfacet
  facet normal -8.829476e-01 -4.694716e-01 0.000000e+00
    outer loop
      vertex   -9.367984e+01 2.257192e+01 9.313989e+01
      vertex   -9.367984e+01 2.257192e+01 9.613989e+01
      vertex   -9.391235e+01 2.300922e+01 9.313989e+01
    endloop
  endfacet
  facet normal -8.829476e-01 -4.694716e-01 0.000000e+00
    outer loop
      vertex   -9.391235e+01 2.300922e+01 9.313989e+01
      vertex   -9.367984e+01 2.257192e+01 9.613989e+01
      vertex   -9.391235e+01 2.300922e+01 9.613989e+01
    endloop
  endfacet
  facet normal -8.090170e-01 -5.877853e-01 0.000000e+00
    outer loop
      vertex   -9.391235e+01 2.300922e+01 9.313989e+01
      vertex   -9.391235e+01 2.300922e+01 9.613989e+01
      vertex   -9.420346e+01 2.340990e+01 9.313989e+01
    endloop
  endfacet
  facet normal -8.090170e-01 -5.877853e-01 0.000000e+00
    outer loop
      vertex   -9.420346e+01 2.340990e+01 9.313989e+01
      vertex   -9.391235e+01 2.300922e+01 9.613989e+01
      vertex   -9.420346e+01 2.340990e+01 9.613989e+01
    endloop
  endfacet
  facet normal -7.193398e-01 -6.946584e-01 0.000000e+00
    outer loop
      vertex   -9.420346e+01 2.340990e+01 9.313989e+01
      vertex   -9.420346e+01 2.340990e+01 9.613989e+01
      vertex   -9.454751e+01 2.376617e+01 9.313989e+01
    endloop
  endfacet
  facet normal -7.193398e-01 -6.946584e-01 0.000000e+00
    outer loop
      vertex   -9.454751e+01 2.376617e+01 9.313989e+01
      vertex   -9.420346e+01 2.340990e+01 9.613989e+01
      vertex   -9.454751e+01 2.376617e+01 9.613989e+01
    endloop
  endfacet
  facet normal -6.156615e-01 -7.880108e-01 0.000000e+00
    outer loop
      vertex   -9.454751e+01 2.376617e+01 9.313989e+01
      vertex   -9.454751e+01 2.376617e+01 9.613989e+01
      vertex   -9.493779e+01 2.407109e+01 9.313989e+01
    endloop
  endfacet
  facet normal -6.156615e-01 -7.880108e-01 0.000000e+00
    outer loop
      vertex   -9.493779e+01 2.407109e+01 9.313989e+01
      vertex   -9.454751e+01 2.376617e+01 9.613989e+01
      vertex   -9.493779e+01 2.407109e+01 9.613989e+01
    endloop
  endfacet
  facet normal -5.000000e-01 -8.660254e-01 0.000000e+00
    outer loop
      vertex   -9.493779e+01 2.407109e+01 9.313989e+01
      vertex   -9.493779e+01 2.407109e+01 9.613989e+01
      vertex   -9.536670e+01 2.431872e+01 9.313989e+01
    endloop
  endfacet
  facet normal -5.000000e-01 -8.660254e-01 0.000000e+00
    outer loop
      vertex   -9.536670e+01 2.431872e+01 9.313989e+01
      vertex   -9.493779e+01 2.407109e+01 9.613989e+01
      vertex   -9.536670e+01 2.431872e+01 9.613989e+01
    endloop
  endfacet
  facet normal -3.746066e-01 -9.271839e-01 0.000000e+00
    outer loop
      vertex   -9.536670e+01 2.431872e+01 9.313989e+01
      vertex   -9.536670e+01 2.431872e+01 9.613989e+01
      vertex   -9.582591e+01 2.450425e+01 9.313989e+01
    endloop
  endfacet
  facet normal -3.746066e-01 -9.271839e-01 0.000000e+00
    outer loop
      vertex   -9.582591e+01 2.450425e+01 9.313989e+01
      vertex   -9.536670e+01 2.431872e+01 9.613989e+01
      vertex   -9.582591e+01 2.450425e+01 9.613989e+01
    endloop
  endfacet
  facet normal -2.419219e-01 -9.702957e-01 0.000000e+00
    outer loop
      vertex   -9.582591e+01 2.450425e+01 9.313989e+01
      vertex   -9.582591e+01 2.450425e+01 9.613989e+01
      vertex   -9.630647e+01 2.462407e+01 9.313989e+01
    endloop
  endfacet
  facet normal -2.419219e-01 -9.702957e-01 0.000000e+00
    outer loop
      vertex   -9.630647e+01 2.462407e+01 9.313989e+01
      vertex   -9.582591e+01 2.450425e+01 9.613989e+01
      vertex   -9.630647e+01 2.462407e+01 9.613989e+01
    endloop
  endfacet
  facet normal -1.045285e-01 -9.945219e-01 0.000000e+00
    outer loop
      vertex   -9.630647e+01 2.462407e+01 9.313989e+01
      vertex   -9.630647e+01 2.462407e+01 9.613989e+01
      vertex   -9.679903e+01 2.467584e+01 9.313989e+01
    endloop
  endfacet
  facet normal -1.045285e-01 -9.945219e-01 0.000000e+00
    outer loop
      vertex   -9.679903e+01 2.467584e+01 9.313989e+01
      vertex   -9.630647e+01 2.462407e+01 9.613989e+01
      vertex   -9.679903e+01 2.467584e+01 9.613989e+01
    endloop
  endfacet
  facet normal 3.489950e-02 -9.993908e-01 0.000000e+00
    outer loop
      vertex   -9.679903e+01 2.467584e+01 9.313989e+01
      vertex   -9.679903e+01 2.467584e+01 9.613989e+01
      vertex   -9.729400e+01 2.465855e+01 9.313989e+01
    endloop
  endfacet
  facet normal 3.489950e-02 -9.993908e-01 0.000000e+00
    outer loop
      vertex   -9.729400e+01 2.465855e+01 9.313989e+01
      vertex   -9.679903e+01 2.467584e+01 9.613989e+01
      vertex   -9.729400e+01 2.465855e+01 9.613989e+01
    endloop
  endfacet
  facet normal 1.736482e-01 -9.848078e-01 0.000000e+00
    outer loop
      vertex   -9.729400e+01 2.465855e+01 9.313989e+01
      vertex   -9.729400e+01 2.465855e+01 9.613989e+01
      vertex   -9.778174e+01 2.457255e+01 9.313989e+01
    endloop
  endfacet
  facet normal 1.736482e-01 -9.848078e-01 0.000000e+00
    outer loop
      vertex   -9.778174e+01 2.457255e+01 9.313989e+01
      vertex   -9.729400e+01 2.465855e+01 9.613989e+01
      vertex   -9.778174e+01 2.457255e+01 9.613989e+01
    endloop
  endfacet
  facet normal 3.090170e-01 -9.510565e-01 0.000000e+00
    outer loop
      vertex   -9.778174e+01 2.457255e+01 9.313989e+01
      vertex   -9.778174e+01 2.457255e+01 9.613989e+01
      vertex   -9.825278e+01 2.441950e+01 9.313989e+01
    endloop
  endfacet
  facet normal 3.090170e-01 -9.510565e-01 0.000000e+00
    outer loop
      vertex   -9.825278e+01 2.441950e+01 9.313989e+01
      vertex   -9.778174e+01 2.457255e+01 9.613989e+01
      vertex   -9.825278e+01 2.441950e+01 9.613989e+01
    endloop
  endfacet
  facet normal 4.383711e-01 -8.987940e-01 0.000000e+00
    outer loop
      vertex   -9.825278e+01 2.441950e+01 9.313989e+01
      vertex   -9.825278e+01 2.441950e+01 9.613989e+01
      vertex   -9.869792e+01 2.420239e+01 9.313989e+01
    endloop
  endfacet
  facet normal 4.383711e-01 -8.987940e-01 0.000000e+00
    outer loop
      vertex   -9.869792e+01 2.420239e+01 9.313989e+01
      vertex   -9.825278e+01 2.441950e+01 9.613989e+01
      vertex   -9.869792e+01 2.420239e+01 9.613989e+01
    endloop
  endfacet
  facet normal 5.591929e-01 -8.290376e-01 0.000000e+00
    outer loop
      vertex   -9.869792e+01 2.420239e+01 9.313989e+01
      vertex   -9.869792e+01 2.420239e+01 9.613989e+01
      vertex   -9.910852e+01 2.392544e+01 9.313989e+01
    endloop
  endfacet
  facet normal 5.591929e-01 -8.290376e-01 0.000000e+00
    outer loop
      vertex   -9.910852e+01 2.392544e+01 9.313989e+01
      vertex   -9.869792e+01 2.420239e+01 9.613989e+01
      vertex   -9.910852e+01 2.392544e+01 9.613989e+01
    endloop
  endfacet
  facet normal 6.691306e-01 -7.431448e-01 0.000000e+00
    outer loop
      vertex   -9.910852e+01 2.392544e+01 9.313989e+01
      vertex   -9.910852e+01 2.392544e+01 9.613989e+01
      vertex   -9.947658e+01 2.359404e+01 9.313989e+01
    endloop
  endfacet
  facet normal 6.691306e-01 -7.431448e-01 0.000000e+00
    outer loop
      vertex   -9.947658e+01 2.359404e+01 9.313989e+01
      vertex   -9.910852e+01 2.392544e+01 9.613989e+01
      vertex   -9.947658e+01 2.359404e+01 9.613989e+01
    endloop
  endfacet
  facet normal 7.660444e-01 -6.427876e-01 0.000000e+00
    outer loop
      vertex   -9.947658e+01 2.359404e+01 9.313989e+01
      vertex   -9.947658e+01 2.359404e+01 9.613989e+01
      vertex   -9.979493e+01 2.321464e+01 9.313989e+01
    endloop
  endfacet
  facet normal 7.660444e-01 -6.427876e-01 0.000000e+00
    outer loop
      vertex   -9.979493e+01 2.321464e+01 9.313989e+01
      vertex   -9.947658e+01 2.359404e+01 9.613989e+01
      vertex   -9.979493e+01 2.321464e+01 9.613989e+01
    endloop
  endfacet
  facet normal 8.480481e-01 -5.299193e-01 0.000000e+00
    outer loop
      vertex   -9.979493e+01 2.321464e+01 9.313989e+01
      vertex   -9.979493e+01 2.321464e+01 9.613989e+01
      vertex   -1.000574e+02 2.279463e+01 9.313989e+01
    endloop
  endfacet
  facet normal 8.480481e-01 -5.299193e-01 0.000000e+00
    outer loop
      vertex   -1.000574e+02 2.279463e+01 9.313989e+01
      vertex   -9.979493e+01 2.321464e+01 9.613989e+01
      vertex   -1.000574e+02 2.279463e+01 9.613989e+01
    endloop
  endfacet
  facet normal 9.135455e-01 -4.067366e-01 0.000000e+00
    outer loop
      vertex   -1.000574e+02 2.279463e+01 9.313989e+01
      vertex   -1.000574e+02 2.279463e+01 9.613989e+01
      vertex   -1.002588e+02 2.234217e+01 9.313989e+01
    endloop
  endfacet
  facet normal 9.135455e-01 -4.067366e-01 0.000000e+00
    outer loop
      vertex   -1.002588e+02 2.234217e+01 9.313989e+01
      vertex   -1.000574e+02 2.279463e+01 9.613989e+01
      vertex   -1.002588e+02 2.234217e+01 9.613989e+01
    endloop
  endfacet
  facet normal 9.612617e-01 -2.756374e-01 0.000000e+00
    outer loop
      vertex   -1.002588e+02 2.234217e+01 9.313989e+01
      vertex   -1.002588e+02 2.234217e+01 9.613989e+01
      vertex   -1.003953e+02 2.186609e+01 9.313989e+01
    endloop
  endfacet
  facet normal 9.612617e-01 -2.756374e-01 6.528404e-16
    outer loop
      vertex   -1.003953e+02 2.186609e+01 9.313989e+01
      vertex   -1.002588e+02 2.234217e+01 9.613989e+01
      vertex   -1.003953e+02 2.186609e+01 9.613989e+01
    endloop
  endfacet
  facet normal 9.902681e-01 -1.391731e-01 3.296281e-16
    outer loop
      vertex   -1.003953e+02 2.186609e+01 9.313989e+01
      vertex   -1.003953e+02 2.186609e+01 9.613989e+01
      vertex   -1.004643e+02 2.137564e+01 9.313989e+01
    endloop
  endfacet
  facet normal 9.902681e-01 -1.391731e-01 0.000000e+00
    outer loop
      vertex   -1.004643e+02 2.137564e+01 9.313989e+01
      vertex   -1.003953e+02 2.186609e+01 9.613989e+01
      vertex   -1.004643e+02 2.137564e+01 9.613989e+01
    endloop
  endfacet
  facet normal 1.000000e+00 0.000000e+00 -0.000000e+00
    outer loop
      vertex   -1.004643e+02 2.137564e+01 9.313989e+01
      vertex   -1.004643e+02 2.137564e+01 9.613989e+01
      vertex   -1.004643e+02 2.088037e+01 9.313989e+01
    endloop
  endfacet
  facet normal 1.000000e+00 0.000000e+00 0.000000e+00
    outer loop
      vertex   -1.004643e+02 2.088037e+01 9.313989e+01
      vertex   -1.004643e+02 2.137564e+01 9.613989e+01
      vertex   -1.004643e+02 2.088037e+01 9.613989e+01
    endloop
  endfacet
  facet normal 9.902681e-01 1.391731e-01 -0.000000e+00
    outer loop
      vertex   -1.004643e+02 2.088037e+01 9.313989e+01
      vertex   -1.004643e+02 2.088037e+01 9.613989e+01
      vertex   -1.003953e+02 2.038992e+01 9.313989e+01
    endloop
  endfacet
  facet normal 9.902681e-01 1.391731e-01 -3.296281e-16
    outer loop
      vertex   -1.003953e+02 2.038992e+01 9.313989e+01
      vertex   -1.004643e+02 2.088037e+01 9.613989e+01
      vertex   -1.003953e+02 2.038992e+01 9.613989e+01
    endloop
  endfacet
  facet normal 9.612617e-01 2.756374e-01 -6.528404e-16
    outer loop
      vertex   -1.003953e+02 2.038992e+01 9.313989e+01
      vertex   -1.003953e+02 2.038992e+01 9.613989e+01
      vertex   -1.002588e+02 1.991383e+01 9.313989e+01
    endloop
  endfacet
  facet normal 9.612617e-01 2.756374e-01 -0.000000e+00
    outer loop
      vertex   -1.002588e+02 1.991383e+01 9.313989e+01
      vertex   -1.003953e+02 2.038992e+01 9.613989e+01
      vertex   -1.002588e+02 1.991383e+01 9.613989e+01
    endloop
  endfacet
  facet normal 9.135455e-01 4.067366e-01 -0.000000e+00
    outer loop
      vertex   -1.002588e+02 1.991383e+01 9.313989e+01
      vertex   -1.002588e+02 1.991383e+01 9.613989e+01
      vertex   -1.000574e+02 1.946138e+01 9.313989e+01
    endloop
  endfacet
  facet normal 9.135455e-01 4.067366e-01 -0.000000e+00
    outer loop
      vertex   -1.000574e+02 1.946138e+01 9.313989e+01
      vertex   -1.002588e+02 1.991383e+01 9.613989e+01
      vertex   -1.000574e+02 1.946138e+01 9.613989e+01
    endloop
  endfacet
  facet normal 8.480481e-01 5.299193e-01 -0.000000e+00
    outer loop
      vertex   -1.000574e+02 1.946138e+01 9.313989e+01
      vertex   -1.000574e+02 1.946138e+01 9.613989e+01
      vertex   -9.979493e+01 1.904136e+01 9.313989e+01
    endloop
  endfacet
  facet normal 8.480481e-01 5.299193e-01 -0.000000e+00
    outer loop
      vertex   -9.979493e+01 1.904136e+01 9.313989e+01
      vertex   -1.000574e+02 1.946138e+01 9.613989e+01
      vertex   -9.979493e+01 1.904136e+01 9.613989e+01
    endloop
  endfacet
  facet normal 7.660444e-01 6.427876e-01 -0.000000e+00
    outer loop
      vertex   -9.979493e+01 1.904136e+01 9.313989e+01
      vertex   -9.979493e+01 1.904136e+01 9.613989e+01
      vertex   -9.947658e+01 1.866196e+01 9.313989e+01
    endloop
  endfacet
  facet normal 7.660444e-01 6.427876e-01 -7.612134e-16
    outer loop
      vertex   -9.947658e+01 1.866196e+01 9.313989e+01
      vertex   -9.979493e+01 1.904136e+01 9.613989e+01
      vertex   -9.947658e+01 1.866196e+01 9.613989e+01
    endloop
  endfacet
  facet normal 6.691306e-01 7.431448e-01 -8.800603e-16
    outer loop
      vertex   -9.947658e+01 1.866196e+01 9.313989e+01
      vertex   -9.947658e+01 1.866196e+01 9.613989e+01
      vertex   -9.910852e+01 1.833056e+01 9.313989e+01
    endloop
  endfacet
  facet normal 6.691306e-01 7.431448e-01 -0.000000e+00
    outer loop
      vertex   -9.910852e+01 1.833056e+01 9.313989e+01
      vertex   -9.947658e+01 1.866196e+01 9.613989e+01
      vertex   -9.910852e+01 1.833056e+01 9.613989e+01
    endloop
  endfacet
  facet normal 5.591929e-01 8.290376e-01 -0.000000e+00
    outer loop
      vertex   -9.910852e+01 1.833056e+01 9.313989e+01
      vertex   -9.910852e+01 1.833056e+01 9.613989e+01
      vertex   -9.869792e+01 1.805361e+01 9.313989e+01
    endloop
  endfacet
  facet normal 5.591929e-01 8.290376e-01 -0.000000e+00
    outer loop
      vertex   -9.869792e+01 1.805361e+01 9.313989e+01
      vertex   -9.910852e+01 1.833056e+01 9.613989e+01
      vertex   -9.869792e+01 1.805361e+01 9.613989e+01
    endloop
  endfacet
  facet normal 4.383711e-01 8.987940e-01 -0.000000e+00
    outer loop
      vertex   -9.869792e+01 1.805361e+01 9.313989e+01
      vertex   -9.869792e+01 1.805361e+01 9.613989e+01
      vertex   -9.825278e+01 1.783650e+01 9.313989e+01
    endloop
  endfacet
  facet normal 4.383711e-01 8.987940e-01 -0.000000e+00
    outer loop
      vertex   -9.825278e+01 1.783650e+01 9.313989e+01
      vertex   -9.869792e+01 1.805361e+01 9.613989e+01
      vertex   -9.825278e+01 1.783650e+01 9.613989e+01
    endloop
  endfacet
  facet normal 3.090170e-01 9.510565e-01 -0.000000e+00
    outer loop
      vertex   -9.825278e+01 1.783650e+01 9.313989e+01
      vertex   -9.825278e+01 1.783650e+01 9.613989e+01
      vertex   -9.778174e+01 1.768345e+01 9.313989e+01
    endloop
  endfacet
  facet normal 3.090170e-01 9.510565e-01 -0.000000e+00
    outer loop
      vertex   -9.778174e+01 1.768345e+01 9.313989e+01
      vertex   -9.825278e+01 1.783650e+01 9.613989e+01
      vertex   -9.778174e+01 1.768345e+01 9.613989e+01
    endloop
  endfacet
  facet normal 1.736482e-01 9.848078e-01 -0.000000e+00
    outer loop
      vertex   -9.778174e+01 1.768345e+01 9.313989e+01
      vertex   -9.778174e+01 1.768345e+01 9.613989e+01
      vertex   -9.729400e+01 1.759745e+01 9.313989e+01
    endloop
  endfacet
  facet normal 1.736482e-01 9.848078e-01 -0.000000e+00
    outer loop
      vertex   -9.729400e+01 1.759745e+01 9.313989e+01
      vertex   -9.778174e+01 1.768345e+01 9.613989e+01
      vertex   -9.729400e+01 1.759745e+01 9.613989e+01
    endloop
  endfacet
  facet normal 3.489950e-02 9.993908e-01 -0.000000e+00
    outer loop
      vertex   -9.729400e+01 1.759745e+01 9.313989e+01
      vertex   -9.729400e+01 1.759745e+01 9.613989e+01
      vertex   -9.679903e+01 1.758016e+01 9.313989e+01
    endloop
  endfacet
  facet normal 3.489950e-02 9.993908e-01 -0.000000e+00
    outer loop
      vertex   -9.679903e+01 1.758016e+01 9.313989e+01
      vertex   -9.729400e+01 1.759745e+01 9.613989e+01
      vertex   -9.679903e+01 1.758016e+01 9.613989e+01
    endloop
  endfacet
  facet normal -1.045285e-01 9.945219e-01 0.000000e+00
    outer loop
      vertex   -9.679903e+01 1.758016e+01 9.313989e+01
      vertex   -9.679903e+01 1.758016e+01 9.613989e+01
      vertex   -9.630647e+01 1.763193e+01 9.313989e+01
    endloop
  endfacet
  facet normal -1.045285e-01 9.945219e-01 0.000000e+00
    outer loop
      vertex   -9.630647e+01 1.763193e+01 9.313989e+01
      vertex   -9.679903e+01 1.758016e+01 9.613989e+01
      vertex   -9.630647e+01 1.763193e+01 9.613989e+01
    endloop
  endfacet
  facet normal -2.419219e-01 9.702957e-01 0.000000e+00
    outer loop
      vertex   -9.630647e+01 1.763193e+01 9.313989e+01
      vertex   -9.630647e+01 1.763193e+01 9.613989e+01
      vertex   -9.582591e+01 1.775175e+01 9.313989e+01
    endloop
  endfacet
  facet normal -2.419219e-01 9.702957e-01 0.000000e+00
    outer loop
      vertex   -9.582591e+01 1.775175e+01 9.313989e+01
      vertex   -9.630647e+01 1.763193e+01 9.613989e+01
      vertex   -9.582591e+01 1.775175e+01 9.613989e+01
    endloop
  endfacet
  facet normal -3.746066e-01 9.271839e-01 0.000000e+00
    outer loop
      vertex   -9.582591e+01 1.775175e+01 9.313989e+01
      vertex   -9.582591e+01 1.775175e+01 9.613989e+01
      vertex   -9.536670e+01 1.793728e+01 9.313989e+01
    endloop
  endfacet
  facet normal -3.746066e-01 9.271839e-01 0.000000e+00
    outer loop
      vertex   -9.536670e+01 1.793728e+01 9.313989e+01
      vertex   -9.582591e+01 1.775175e+01 9.613989e+01
      vertex   -9.536670e+01 1.793728e+01 9.613989e+01
    endloop
  endfacet
  facet normal -5.000000e-01 8.660254e-01 0.000000e+00
    outer loop
      vertex   -9.536670e+01 1.793728e+01 9.313989e+01
      vertex   -9.536670e+01 1.793728e+01 9.613989e+01
      vertex   -9.493779e+01 1.818492e+01 9.313989e+01
    endloop
  endfacet
  facet normal -5.000000e-01 8.660254e-01 0.000000e+00
    outer loop
      vertex   -9.493779e+01 1.818492e+01 9.313989e+01
      vertex   -9.536670e+01 1.793728e+01 9.613989e+01
      vertex   -9.493779e+01 1.818492e+01 9.613989e+01
    endloop
  endfacet
  facet normal -6.156615e-01 7.880108e-01 0.000000e+00
    outer loop
      vertex   -9.493779e+01 1.818492e+01 9.313989e+01
      vertex   -9.493779e+01 1.818492e+01 9.613989e+01
      vertex   -9.454751e+01 1.848984e+01 9.313989e+01
    endloop
  endfacet
  facet normal -6.156615e-01 7.880108e-01 0.000000e+00
    outer loop
      vertex   -9.454751e+01 1.848984e+01 9.313989e+01
      vertex   -9.493779e+01 1.818492e+01 9.613989e+01
      vertex   -9.454751e+01 1.848984e+01 9.613989e+01
    endloop
  endfacet
  facet normal -7.193398e-01 6.946584e-01 0.000000e+00
    outer loop
      vertex   -9.454751e+01 1.848984e+01 9.313989e+01
      vertex   -9.454751e+01 1.848984e+01 9.613989e+01
      vertex   -9.420346e+01 1.884611e+01 9.313989e+01
    endloop
  endfacet
  facet normal -7.193398e-01 6.946584e-01 0.000000e+00
    outer loop
      vertex   -9.420346e+01 1.884611e+01 9.313989e+01
      vertex   -9.454751e+01 1.848984e+01 9.613989e+01
      vertex   -9.420346e+01 1.884611e+01 9.613989e+01
    endloop
  endfacet
  facet normal -8.090170e-01 5.877853e-01 0.000000e+00
    outer loop
      vertex   -9.420346e+01 1.884611e+01 9.313989e+01
      vertex   -9.420346e+01 1.884611e+01 9.613989e+01
      vertex   -9.391235e+01 1.924679e+01 9.313989e+01
    endloop
  endfacet
  facet normal -8.090170e-01 5.877853e-01 0.000000e+00
    outer loop
      vertex   -9.391235e+01 1.924679e+01 9.313989e+01
      vertex   -9.420346e+01 1.884611e+01 9.613989e+01
      vertex   -9.391235e+01 1.924679e+01 9.613989e+01
    endloop
  endfacet
  facet normal -8.829476e-01 4.694716e-01 0.000000e+00
    outer loop
      vertex   -9.391235e+01 1.924679e+01 9.313989e+01
      vertex   -9.391235e+01 1.924679e+01 9.613989e+01
      vertex   -9.367984e+01 1.968409e+01 9.313989e+01
    endloop
  endfacet
  facet normal -8.829476e-01 4.694716e-01 0.000000e+00
    outer loop
      vertex   -9.367984e+01 1.968409e+01 9.313989e+01
      vertex   -9.391235e+01 1.924679e+01 9.613989e+01
      vertex   -9.367984e+01 1.968409e+01 9.613989e+01
    endloop
  endfacet
  facet normal -9.396926e-01 3.420201e-01 0.000000e+00
    outer loop
      vertex   -9.367984e+01 1.968409e+01 9.313989e+01
      vertex   -9.367984e+01 1.968409e+01 9.613989e+01
      vertex   -9.351044e+01 2.014949e+01 9.313989e+01
    endloop
  endfacet
  facet normal -9.396926e-01 3.420201e-01 8.100664e-16
    outer loop
      vertex   -9.351044e+01 2.014949e+01 9.313989e+01
      vertex   -9.367984e+01 1.968409e+01 9.613989e+01
      vertex   -9.351044e+01 2.014949e+01 9.613989e+01
    endloop
  endfacet
  facet normal -9.781476e-01 2.079117e-01 4.924338e-16
    outer loop
      vertex   -9.351044e+01 2.014949e+01 9.313989e+01
      vertex   -9.351044e+01 2.014949e+01 9.613989e+01
      vertex   -9.340747e+01 2.063394e+01 9.313989e+01
    endloop
  endfacet
  facet normal -9.781476e-01 2.079117e-01 0.000000e+00
    outer loop
      vertex   -9.340747e+01 2.063394e+01 9.313989e+01
      vertex   -9.351044e+01 2.014949e+01 9.613989e+01
      vertex   -9.340747e+01 2.063394e+01 9.613989e+01
    endloop
  endfacet
  facet normal 9.969994e-01 3.012614e-02 7.130680e-02
    outer loop
      vertex   -8.802738e+01 2.117738e+01 9.313989e+01
      vertex   -8.805786e+01 2.117554e+01 9.356683e+01
      vertex   -8.799180e+01 2.000000e+01 9.313989e+01
    endloop
  endfacet
  facet normal 9.969994e-01 3.012614e-02 7.130680e-02
    outer loop
      vertex   -8.799180e+01 2.000000e+01 9.313989e+01
      vertex   -8.805786e+01 2.117554e+01 9.356683e+01
      vertex   -8.802234e+01 2.000000e+01 9.356683e+01
    endloop
  endfacet
  facet normal 9.969994e-01 -3.012614e-02 7.130680e-02
    outer loop
      vertex   -8.799180e+01 2.000000e+01 9.313989e+01
      vertex   -8.802234e+01 2.000000e+01 9.356683e+01
      vertex   -8.802738e+01 1.882262e+01 9.313989e+01
    endloop
  endfacet
  facet normal 9.969994e-01 -3.012614e-02 7.130680e-02
    outer loop
      vertex   -8.802738e+01 1.882262e+01 9.313989e+01
      vertex   -8.802234e+01 2.000000e+01 9.356683e+01
      vertex   -8.805786e+01 1.882446e+01 9.356683e+01
    endloop
  endfacet
  facet normal 9.933614e-01 -9.026850e-02 7.130680e-02
    outer loop
      vertex   -8.802738e+01 1.882262e+01 9.313989e+01
      vertex   -8.805786e+01 1.882446e+01 9.356683e+01
      vertex   -8.813398e+01 1.764953e+01 9.313989e+01
    endloop
  endfacet
  facet normal 9.933614e-01 -9.026850e-02 7.130680e-02
    outer loop
      vertex   -8.813398e+01 1.764953e+01 9.313989e+01
      vertex   -8.805786e+01 1.882446e+01 9.356683e+01
      vertex   -8.816429e+01 1.765322e+01 9.356683e+01
    endloop
  endfacet
  facet normal 9.860988e-01 -1.500815e-01 7.130680e-02
    outer loop
      vertex   -8.813398e+01 1.764953e+01 9.313989e+01
      vertex   -8.816429e+01 1.765322e+01 9.356683e+01
      vertex   -8.831122e+01 1.648503e+01 9.313989e+01
    endloop
  endfacet
  facet normal 9.860988e-01 -1.500815e-01 7.130680e-02
    outer loop
      vertex   -8.831122e+01 1.648503e+01 9.313989e+01
      vertex   -8.816429e+01 1.765322e+01 9.356683e+01
      vertex   -8.834125e+01 1.649053e+01 9.356683e+01
    endloop
  endfacet
  facet normal 9.752380e-01 -2.093468e-01 7.130680e-02
    outer loop
      vertex   -8.831122e+01 1.648503e+01 9.313989e+01
      vertex   -8.834125e+01 1.649053e+01 9.356683e+01
      vertex   -8.855844e+01 1.533334e+01 9.313989e+01
    endloop
  endfacet
  facet normal 9.752380e-01 -2.093468e-01 7.130680e-02
    outer loop
      vertex   -8.855844e+01 1.533334e+01 9.313989e+01
      vertex   -8.834125e+01 1.649053e+01 9.356683e+01
      vertex   -8.858809e+01 1.534065e+01 9.356683e+01
    endloop
  endfacet
  facet normal 9.608187e-01 -2.678483e-01 7.130680e-02
    outer loop
      vertex   -8.855844e+01 1.533334e+01 9.313989e+01
      vertex   -8.858809e+01 1.534065e+01 9.356683e+01
      vertex   -8.887475e+01 1.419869e+01 9.313989e+01
    endloop
  endfacet
  facet normal 9.608187e-01 -2.678483e-01 7.130680e-02
    outer loop
      vertex   -8.887475e+01 1.419869e+01 9.313989e+01
      vertex   -8.858809e+01 1.534065e+01 9.356683e+01
      vertex   -8.890390e+01 1.420777e+01 9.356683e+01
    endloop
  endfacet
  facet normal 9.428935e-01 -3.253724e-01 7.130680e-02
    outer loop
      vertex   -8.887475e+01 1.419869e+01 9.313989e+01
      vertex   -8.890390e+01 1.420777e+01 9.356683e+01
      vertex   -8.925899e+01 1.308520e+01 9.313989e+01
    endloop
  endfacet
  facet normal 9.428935e-01 -3.253724e-01 7.130680e-02
    outer loop
      vertex   -8.925899e+01 1.308520e+01 9.313989e+01
      vertex   -8.890390e+01 1.420777e+01 9.356683e+01
      vertex   -8.928754e+01 1.309603e+01 9.356683e+01
    endloop
  endfacet
  facet normal 9.215277e-01 -3.817093e-01 7.130680e-02
    outer loop
      vertex   -8.925899e+01 1.308520e+01 9.313989e+01
      vertex   -8.928754e+01 1.309603e+01 9.356683e+01
      vertex   -8.970976e+01 1.199695e+01 9.313989e+01
    endloop
  endfacet
  facet normal 9.215277e-01 -3.817093e-01 7.130680e-02
    outer loop
      vertex   -8.970976e+01 1.199695e+01 9.313989e+01
      vertex   -8.928754e+01 1.309603e+01 9.356683e+01
      vertex   -8.973760e+01 1.200948e+01 9.356683e+01
    endloop
  endfacet
  facet normal 8.967994e-01 -4.366533e-01 7.130680e-02
    outer loop
      vertex   -8.970976e+01 1.199695e+01 9.313989e+01
      vertex   -8.973760e+01 1.200948e+01 9.356683e+01
      vertex   -9.022541e+01 1.093790e+01 9.313989e+01
    endloop
  endfacet
  facet normal 8.967994e-01 -4.366533e-01 7.130680e-02
    outer loop
      vertex   -9.022541e+01 1.093790e+01 9.313989e+01
      vertex   -8.973760e+01 1.200948e+01 9.356683e+01
      vertex   -9.025245e+01 1.095209e+01 9.356683e+01
    endloop
  endfacet
  facet normal 8.687988e-01 -4.900041e-01 7.130680e-02
    outer loop
      vertex   -9.022541e+01 1.093790e+01 9.313989e+01
      vertex   -9.025245e+01 1.095209e+01 9.356683e+01
      vertex   -9.080407e+01 9.911913e+00 9.313989e+01
    endloop
  endfacet
  facet normal 8.687988e-01 -4.900041e-01 7.130680e-02
    outer loop
      vertex   -9.080407e+01 9.911913e+00 9.313989e+01
      vertex   -9.025245e+01 1.095209e+01 9.356683e+01
      vertex   -9.083020e+01 9.927710e+00 9.356683e+01
    endloop
  endfacet
  facet normal 8.376280e-01 -5.415669e-01 7.130680e-02
    outer loop
      vertex   -9.080407e+01 9.911913e+00 9.313989e+01
      vertex   -9.083020e+01 9.927710e+00 9.356683e+01
      vertex   -9.144362e+01 8.922737e+00 9.313989e+01
    endloop
  endfacet
  facet normal 8.376280e-01 -5.415669e-01 7.130680e-02
    outer loop
      vertex   -9.144362e+01 8.922737e+00 9.313989e+01
      vertex   -9.083020e+01 9.927710e+00 9.356683e+01
      vertex   -9.146875e+01 8.940084e+00 9.356683e+01
    endloop
  endfacet
  facet normal 8.034008e-01 -5.911535e-01 7.130680e-02
    outer loop
      vertex   -9.144362e+01 8.922737e+00 9.313989e+01
      vertex   -9.146875e+01 8.940084e+00 9.356683e+01
      vertex   -9.214173e+01 7.973982e+00 9.313989e+01
    endloop
  endfacet
  facet normal 8.034008e-01 -5.911535e-01 7.130680e-02
    outer loop
      vertex   -9.214173e+01 7.973982e+00 9.313989e+01
      vertex   -9.146875e+01 8.940084e+00 9.356683e+01
      vertex   -9.216576e+01 7.992814e+00 9.356683e+01
    endloop
  endfacet
  facet normal 7.662421e-01 -6.385831e-01 7.130680e-02
    outer loop
      vertex   -9.214173e+01 7.973982e+00 9.313989e+01
      vertex   -9.216576e+01 7.992814e+00 9.356683e+01
      vertex   -9.289584e+01 7.069108e+00 9.313989e+01
    endloop
  endfacet
  facet normal 7.662421e-01 -6.385831e-01 7.130680e-02
    outer loop
      vertex   -9.289584e+01 7.069108e+00 9.313989e+01
      vertex   -9.216576e+01 7.992814e+00 9.356683e+01
      vertex   -9.291870e+01 7.089357e+00 9.356683e+01
    endloop
  endfacet
  facet normal 7.262874e-01 -6.836826e-01 7.130680e-02
    outer loop
      vertex   -9.289584e+01 7.069108e+00 9.313989e+01
      vertex   -9.291870e+01 7.089357e+00 9.356683e+01
      vertex   -9.370322e+01 6.211418e+00 9.313989e+01
    endloop
  endfacet
  facet normal 7.262874e-01 -6.836826e-01 7.130680e-02
    outer loop
      vertex   -9.370322e+01 6.211418e+00 9.313989e+01
      vertex   -9.291870e+01 7.089357e+00 9.356683e+01
      vertex   -9.372481e+01 6.233010e+00 9.356683e+01
    endloop
  endfacet
  facet normal 6.836826e-01 -7.262874e-01 7.130680e-02
    outer loop
      vertex   -9.370322e+01 6.211418e+00 9.313989e+01
      vertex   -9.372481e+01 6.233010e+00 9.356683e+01
      vertex   -9.456091e+01 5.404040e+00 9.313989e+01
    endloop
  endfacet
  facet normal 6.836826e-01 -7.262874e-01 7.130680e-02
    outer loop
      vertex   -9.456091e+01 5.404040e+00 9.313989e+01
      vertex   -9.372481e+01 6.233010e+00 9.356683e+01
      vertex   -9.458116e+01 5.426897e+00 9.356683e+01
    endloop
  endfacet
  facet normal 6.385831e-01 -7.662421e-01 7.130680e-02
    outer loop
      vertex   -9.456091e+01 5.404040e+00 9.313989e+01
      vertex   -9.458116e+01 5.426897e+00 9.356683e+01
      vertex   -9.546579e+01 4.649922e+00 9.313989e+01
    endloop
  endfacet
  facet normal 6.385831e-01 -7.662421e-01 7.130680e-02
    outer loop
      vertex   -9.546579e+01 4.649922e+00 9.313989e+01
      vertex   -9.458116e+01 5.426897e+00 9.356683e+01
      vertex   -9.548462e+01 4.673959e+00 9.356683e+01
    endloop
  endfacet
  facet normal 5.911535e-01 -8.034008e-01 7.130680e-02
    outer loop
      vertex   -9.546579e+01 4.649922e+00 9.313989e+01
      vertex   -9.548462e+01 4.673959e+00 9.356683e+01
      vertex   -9.641454e+01 3.951815e+00 9.313989e+01
    endloop
  endfacet
  facet normal 5.911535e-01 -8.034008e-01 7.130680e-02
    outer loop
      vertex   -9.641454e+01 3.951815e+00 9.313989e+01
      vertex   -9.548462e+01 4.673959e+00 9.356683e+01
      vertex   -9.643189e+01 3.976945e+00 9.356683e+01
    endloop
  endfacet
  facet normal 5.415669e-01 -8.376280e-01 7.130680e-02
    outer loop
      vertex   -9.641454e+01 3.951815e+00 9.313989e+01
      vertex   -9.643189e+01 3.976945e+00 9.356683e+01
      vertex   -9.740372e+01 3.312265e+00 9.313989e+01
    endloop
  endfacet
  facet normal 5.415669e-01 -8.376280e-01 7.130680e-02
    outer loop
      vertex   -9.740372e+01 3.312265e+00 9.313989e+01
      vertex   -9.643189e+01 3.976945e+00 9.356683e+01
      vertex   -9.741951e+01 3.338397e+00 9.356683e+01
    endloop
  endfacet
  facet normal 4.900041e-01 -8.687988e-01 7.130680e-02
    outer loop
      vertex   -9.740372e+01 3.312265e+00 9.313989e+01
      vertex   -9.741951e+01 3.338397e+00 9.356683e+01
      vertex   -9.842970e+01 2.733607e+00 9.313989e+01
    endloop
  endfacet
  facet normal 4.900041e-01 -8.687988e-01 7.130680e-02
    outer loop
      vertex   -9.842970e+01 2.733607e+00 9.313989e+01
      vertex   -9.741951e+01 3.338397e+00 9.356683e+01
      vertex   -9.844389e+01 2.760645e+00 9.356683e+01
    endloop
  endfacet
  facet normal 4.366533e-01 -8.967994e-01 7.130680e-02
    outer loop
      vertex   -9.842970e+01 2.733607e+00 9.313989e+01
      vertex   -9.844389e+01 2.760645e+00 9.356683e+01
      vertex   -9.948875e+01 2.217953e+00 9.313989e+01
    endloop
  endfacet
  facet normal 4.366533e-01 -8.967994e-01 7.130680e-02
    outer loop
      vertex   -9.948875e+01 2.217953e+00 9.313989e+01
      vertex   -9.844389e+01 2.760645e+00 9.356683e+01
      vertex   -9.950129e+01 2.245798e+00 9.356683e+01
    endloop
  endfacet
  facet normal 3.817093e-01 -9.215277e-01 7.130680e-02
    outer loop
      vertex   -9.948875e+01 2.217953e+00 9.313989e+01
      vertex   -9.950129e+01 2.245798e+00 9.356683e+01
      vertex   -1.005770e+02 1.767183e+00 9.313989e+01
    endloop
  endfacet
  facet normal 3.817093e-01 -9.215277e-01 7.130680e-02
    outer loop
      vertex   -1.005770e+02 1.767183e+00 9.313989e+01
      vertex   -9.950129e+01 2.245798e+00 9.356683e+01
      vertex   -1.005878e+02 1.795735e+00 9.356683e+01
    endloop
  endfacet
  facet normal 3.253724e-01 -9.428935e-01 7.130680e-02
    outer loop
      vertex   -1.005770e+02 1.767183e+00 9.313989e+01
      vertex   -1.005878e+02 1.795735e+00 9.356683e+01
      vertex   -1.016905e+02 1.382943e+00 9.313989e+01
    endloop
  endfacet
  facet normal 3.253724e-01 -9.428935e-01 7.130680e-02
    outer loop
      vertex   -1.016905e+02 1.382943e+00 9.313989e+01
      vertex   -1.005878e+02 1.795735e+00 9.356683e+01
      vertex   -1.016996e+02 1.412096e+00 9.356683e+01
    endloop
  endfacet
  facet normal 2.678483e-01 -9.608187e-01 7.130680e-02
    outer loop
      vertex   -1.016905e+02 1.382943e+00 9.313989e+01
      vertex   -1.016996e+02 1.412096e+00 9.356683e+01
      vertex   -1.028251e+02 1.066635e+00 9.313989e+01
    endloop
  endfacet
  facet normal 2.678483e-01 -9.608187e-01 7.130680e-02
    outer loop
      vertex   -1.028251e+02 1.066635e+00 9.313989e+01
      vertex   -1.016996e+02 1.412096e+00 9.356683e+01
      vertex   -1.028325e+02 1.096283e+00 9.356683e+01
    endloop
  endfacet
  facet normal 2.093468e-01 -9.752380e-01 7.130680e-02
    outer loop
      vertex   -1.028251e+02 1.066635e+00 9.313989e+01
      vertex   -1.028325e+02 1.096283e+00 9.356683e+01
      vertex   -1.039768e+02 8.194118e-01 9.313989e+01
    endloop
  endfacet
  facet normal 2.093468e-01 -9.752380e-01 7.130680e-02
    outer loop
      vertex   -1.039768e+02 8.194118e-01 9.313989e+01
      vertex   -1.028325e+02 1.096283e+00 9.356683e+01
      vertex   -1.039823e+02 8.494473e-01 9.356683e+01
    endloop
  endfacet
  facet normal 1.500815e-01 -9.860988e-01 7.130680e-02
    outer loop
      vertex   -1.039768e+02 8.194118e-01 9.313989e+01
      vertex   -1.039823e+02 8.494473e-01 9.356683e+01
      vertex   -1.051413e+02 6.421770e-01 9.313989e+01
    endloop
  endfacet
  facet normal 1.500815e-01 -9.860988e-01 7.130680e-02
    outer loop
      vertex   -1.051413e+02 6.421770e-01 9.313989e+01
      vertex   -1.039823e+02 8.494473e-01 9.356683e+01
      vertex   -1.051450e+02 6.724900e-01 9.356683e+01
    endloop
  endfacet
  facet normal 9.026850e-02 -9.933614e-01 7.130680e-02
    outer loop
      vertex   -1.051413e+02 6.421770e-01 9.313989e+01
      vertex   -1.051450e+02 6.724900e-01 9.356683e+01
      vertex   -1.063144e+02 5.355767e-01 9.313989e+01
    endloop
  endfacet
  facet normal 9.026850e-02 -9.933614e-01 7.130680e-02
    outer loop
      vertex   -1.063144e+02 5.355767e-01 9.313989e+01
      vertex   -1.051450e+02 6.724900e-01 9.356683e+01
      vertex   -1.063163e+02 5.660567e-01 9.356683e+01
    endloop
  endfacet
  facet normal 3.012614e-02 -9.969994e-01 7.130680e-02
    outer loop
      vertex   -1.063144e+02 5.355767e-01 9.313989e+01
      vertex   -1.063163e+02 5.660567e-01 9.356683e+01
      vertex   -1.074918e+02 5.000000e-01 9.313989e+01
    endloop
  endfacet
  facet normal 3.012614e-02 -9.969994e-01 7.130680e-02
    outer loop
      vertex   -1.074918e+02 5.000000e-01 9.313989e+01
      vertex   -1.063163e+02 5.660567e-01 9.356683e+01
      vertex   -1.074918e+02 5.305357e-01 9.356683e+01
    endloop
  endfacet
  facet normal -3.012614e-02 -9.969994e-01 7.130680e-02
    outer loop
      vertex   -1.074918e+02 5.000000e-01 9.313989e+01
      vertex   -1.074918e+02 5.305357e-01 9.356683e+01
      vertex   -1.086692e+02 5.355767e-01 9.313989e+01
    endloop
  endfacet
  facet normal -3.012614e-02 -9.969994e-01 7.130680e-02
    outer loop
      vertex   -1.086692e+02 5.355767e-01 9.313989e+01
      vertex   -1.074918e+02 5.305357e-01 9.356683e+01
      vertex   -1.086673e+02 5.660567e-01 9.356683e+01
    endloop
  endfacet
  facet normal -9.026850e-02 -9.933614e-01 7.130680e-02
    outer loop
      vertex   -1.086692e+02 5.355767e-01 9.313989e+01
      vertex   -1.086673e+02 5.660567e-01 9.356683e+01
      vertex   -1.098423e+02 6.421770e-01 9.313989e+01
    endloop
  endfacet
  facet normal -9.026850e-02 -9.933614e-01 7.130680e-02
    outer loop
      vertex   -1.098423e+02 6.421770e-01 9.313989e+01
      vertex   -1.086673e+02 5.660567e-01 9.356683e+01
      vertex   -1.098386e+02 6.724900e-01 9.356683e+01
    endloop
  endfacet
  facet normal -1.500815e-01 -9.860988e-01 7.130680e-02
    outer loop
      vertex   -1.098423e+02 6.421770e-01 9.313989e+01
      vertex   -1.098386e+02 6.724900e-01 9.356683e+01
      vertex   -1.110068e+02 8.194118e-01 9.313989e+01
    endloop
  endfacet
  facet normal -1.500815e-01 -9.860988e-01 7.130680e-02
    outer loop
      vertex   -1.110068e+02 8.194118e-01 9.313989e+01
      vertex   -1.098386e+02 6.724900e-01 9.356683e+01
      vertex   -1.110013e+02 8.494473e-01 9.356683e+01
    endloop
  endfacet
  facet normal -2.093468e-01 -9.752380e-01 7.130680e-02
    outer loop
      vertex   -1.110068e+02 8.194118e-01 9.313989e+01
      vertex   -1.110013e+02 8.494473e-01 9.356683e+01
      vertex   -1.121585e+02 1.066635e+00 9.313989e+01
    endloop
  endfacet
  facet normal -2.093468e-01 -9.752380e-01 7.130680e-02
    outer loop
      vertex   -1.121585e+02 1.066635e+00 9.313989e+01
      vertex   -1.110013e+02 8.494473e-01 9.356683e+01
      vertex   -1.121512e+02 1.096283e+00 9.356683e+01
    endloop
  endfacet
  facet normal -2.678483e-01 -9.608187e-01 7.130680e-02
    outer loop
      vertex   -1.121585e+02 1.066635e+00 9.313989e+01
      vertex   -1.121512e+02 1.096283e+00 9.356683e+01
      vertex   -1.132931e+02 1.382943e+00 9.313989e+01
    endloop
  endfacet
  facet normal -2.678483e-01 -9.608187e-01 7.130680e-02
    outer loop
      vertex   -1.132931e+02 1.382943e+00 9.313989e+01
      vertex   -1.121512e+02 1.096283e+00 9.356683e+01
      vertex   -1.132840e+02 1.412096e+00 9.356683e+01
    endloop
  endfacet
  facet normal -3.253724e-01 -9.428935e-01 7.130680e-02
    outer loop
      vertex   -1.132931e+02 1.382943e+00 9.313989e+01
      vertex   -1.132840e+02 1.412096e+00 9.356683e+01
      vertex   -1.144066e+02 1.767183e+00 9.313989e+01
    endloop
  endfacet
  facet normal -3.253724e-01 -9.428935e-01 7.130680e-02
    outer loop
      vertex   -1.144066e+02 1.767183e+00 9.313989e+01
      vertex   -1.132840e+02 1.412096e+00 9.356683e+01
      vertex   -1.143958e+02 1.795735e+00 9.356683e+01
    endloop
  endfacet
  facet normal -3.817093e-01 -9.215277e-01 7.130680e-02
    outer loop
      vertex   -1.144066e+02 1.767183e+00 9.313989e+01
      vertex   -1.143958e+02 1.795735e+00 9.356683e+01
      vertex   -1.154949e+02 2.217953e+00 9.313989e+01
    endloop
  endfacet
  facet normal -3.817093e-01 -9.215277e-01 7.130680e-02
    outer loop
      vertex   -1.154949e+02 2.217953e+00 9.313989e+01
      vertex   -1.143958e+02 1.795735e+00 9.356683e+01
      vertex   -1.154823e+02 2.245798e+00 9.356683e+01
    endloop
  endfacet
  facet normal -4.366533e-01 -8.967994e-01 7.130680e-02
    outer loop
      vertex   -1.154949e+02 2.217953e+00 9.313989e+01
      vertex   -1.154823e+02 2.245798e+00 9.356683e+01
      vertex   -1.165539e+02 2.733607e+00 9.313989e+01
    endloop
  endfacet
  facet normal -4.366533e-01 -8.967994e-01 7.130680e-02
    outer loop
      vertex   -1.165539e+02 2.733607e+00 9.313989e+01
      vertex   -1.154823e+02 2.245798e+00 9.356683e+01
      vertex   -1.165397e+02 2.760645e+00 9.356683e+01
    endloop
  endfacet
  facet normal -4.900041e-01 -8.687988e-01 7.130680e-02
    outer loop
      vertex   -1.165539e+02 2.733607e+00 9.313989e+01
      vertex   -1.165397e+02 2.760645e+00 9.356683e+01
      vertex   -1.175799e+02 3.312265e+00 9.313989e+01
    endloop
  endfacet
  facet normal -4.900041e-01 -8.687988e-01 7.130680e-02
    outer loop
      vertex   -1.175799e+02 3.312265e+00 9.313989e+01
      vertex   -1.165397e+02 2.760645e+00 9.356683e+01
      vertex   -1.175641e+02 3.338397e+00 9.356683e+01
    endloop
  endfacet
  facet normal -5.415669e-01 -8.376280e-01 7.130680e-02
    outer loop
      vertex   -1.175799e+02 3.312265e+00 9.313989e+01
      vertex   -1.175641e+02 3.338397e+00 9.356683e+01
      vertex   -1.185691e+02 3.951815e+00 9.313989e+01
    endloop
  endfacet
  facet normal -5.415669e-01 -8.376280e-01 7.130680e-02
    outer loop
      vertex   -1.185691e+02 3.951815e+00 9.313989e+01
      vertex   -1.175641e+02 3.338397e+00 9.356683e+01
      vertex   -1.185517e+02 3.976945e+00 9.356683e+01
    endloop
  endfacet
  facet normal -5.911535e-01 -8.034008e-01 7.130680e-02
    outer loop
      vertex   -1.185691e+02 3.951815e+00 9.313989e+01
      vertex   -1.185517e+02 3.976945e+00 9.356683e+01
      vertex   -1.195178e+02 4.649922e+00 9.313989e+01
    endloop
  endfacet
  facet normal -5.911535e-01 -8.034008e-01 7.130680e-02
    outer loop
      vertex   -1.195178e+02 4.649922e+00 9.313989e+01
      vertex   -1.185517e+02 3.976945e+00 9.356683e+01
      vertex   -1.194990e+02 4.673959e+00 9.356683e+01
    endloop
  endfacet
  facet normal -6.385831e-01 -7.662421e-01 7.130680e-02
    outer loop
      vertex   -1.195178e+02 4.649922e+00 9.313989e+01
      vertex   -1.194990e+02 4.673959e+00 9.356683e+01
      vertex   -1.204227e+02 5.404040e+00 9.313989e+01
    endloop
  endfacet
  facet normal -6.385831e-01 -7.662421e-01 7.130680e-02
    outer loop
      vertex   -1.204227e+02 5.404040e+00 9.313989e+01
      vertex   -1.194990e+02 4.673959e+00 9.356683e+01
      vertex   -1.204024e+02 5.426897e+00 9.356683e+01
    endloop
  endfacet
  facet normal -6.836826e-01 -7.262874e-01 7.130680e-02
    outer loop
      vertex   -1.204227e+02 5.404040e+00 9.313989e+01
      vertex   -1.204024e+02 5.426897e+00 9.356683e+01
      vertex   -1.212804e+02 6.211418e+00 9.313989e+01
    endloop
  endfacet
  facet normal -6.836826e-01 -7.262874e-01 7.130680e-02
    outer loop
      vertex   -1.212804e+02 6.211418e+00 9.313989e+01
      vertex   -1.204024e+02 5.426897e+00 9.356683e+01
      vertex   -1.212588e+02 6.233010e+00 9.356683e+01
    endloop
  endfacet
  facet normal -7.262874e-01 -6.836826e-01 7.130680e-02
    outer loop
      vertex   -1.212804e+02 6.211418e+00 9.313989e+01
      vertex   -1.212588e+02 6.233010e+00 9.356683e+01
      vertex   -1.220878e+02 7.069108e+00 9.313989e+01
    endloop
  endfacet
  facet normal -7.262874e-01 -6.836826e-01 7.130680e-02
    outer loop
      vertex   -1.220878e+02 7.069108e+00 9.313989e+01
      vertex   -1.212588e+02 6.233010e+00 9.356683e+01
      vertex   -1.220649e+02 7.089357e+00 9.356683e+01
    endloop
  endfacet
  facet normal -7.662421e-01 -6.385831e-01 7.130680e-02
    outer loop
      vertex   -1.220878e+02 7.069108e+00 9.313989e+01
      vertex   -1.220649e+02 7.089357e+00 9.356683e+01
      vertex   -1.228419e+02 7.973982e+00 9.313989e+01
    endloop
  endfacet
  facet normal -7.662421e-01 -6.385831e-01 7.130680e-02
    outer loop
      vertex   -1.228419e+02 7.973982e+00 9.313989e+01
      vertex   -1.220649e+02 7.089357e+00 9.356683e+01
      vertex   -1.228178e+02 7.992814e+00 9.356683e+01
    endloop
  endfacet
  facet normal -8.034008e-01 -5.911535e-01 7.130680e-02
    outer loop
      vertex   -1.228419e+02 7.973982e+00 9.313989e+01
      vertex   -1.228178e+02 7.992814e+00 9.356683e+01
      vertex   -1.235400e+02 8.922737e+00 9.313989e+01
    endloop
  endfacet
  facet normal -8.034008e-01 -5.911535e-01 7.130680e-02
    outer loop
      vertex   -1.235400e+02 8.922737e+00 9.313989e+01
      vertex   -1.228178e+02 7.992814e+00 9.356683e+01
      vertex   -1.235149e+02 8.940084e+00 9.356683e+01
    endloop
  endfacet
  facet normal -8.376280e-01 -5.415669e-01 7.130680e-02
    outer loop
      vertex   -1.235400e+02 8.922737e+00 9.313989e+01
      vertex   -1.235149e+02 8.940084e+00 9.356683e+01
      vertex   -1.241795e+02 9.911913e+00 9.313989e+01
    endloop
  endfacet
  facet normal -8.376280e-01 -5.415669e-01 7.130680e-02
    outer loop
      vertex   -1.241795e+02 9.911913e+00 9.313989e+01
      vertex   -1.235149e+02 8.940084e+00 9.356683e+01
      vertex   -1.241534e+02 9.927710e+00 9.356683e+01
    endloop
  endfacet
  facet normal -8.687988e-01 -4.900041e-01 7.130680e-02
    outer loop
      vertex   -1.241795e+02 9.911913e+00 9.313989e+01
      vertex   -1.241534e+02 9.927710e+00 9.356683e+01
      vertex   -1.247582e+02 1.093790e+01 9.313989e+01
    endloop
  endfacet
  facet normal -8.687988e-01 -4.900041e-01 7.130680e-02
    outer loop
      vertex   -1.247582e+02 1.093790e+01 9.313989e+01
      vertex   -1.241534e+02 9.927710e+00 9.356683e+01
      vertex   -1.247312e+02 1.095209e+01 9.356683e+01
    endloop
  endfacet
  facet normal -8.967994e-01 -4.366533e-01 7.130680e-02
    outer loop
      vertex   -1.247582e+02 1.093790e+01 9.313989e+01
      vertex   -1.247312e+02 1.095209e+01 9.356683e+01
      vertex   -1.252739e+02 1.199695e+01 9.313989e+01
    endloop
  endfacet
  facet normal -8.967994e-01 -4.366533e-01 7.130680e-02
    outer loop
      vertex   -1.252739e+02 1.199695e+01 9.313989e+01
      vertex   -1.247312e+02 1.095209e+01 9.356683e+01
      vertex   -1.252460e+02 1.200948e+01 9.356683e+01
    endloop
  endfacet
  facet normal -9.215277e-01 -3.817093e-01 7.130680e-02
    outer loop
      vertex   -1.252739e+02 1.199695e+01 9.313989e+01
      vertex   -1.252460e+02 1.200948e+01 9.356683e+01
      vertex   -1.257246e+02 1.308520e+01 9.313989e+01
    endloop
  endfacet
  facet normal -9.215277e-01 -3.817093e-01 7.130680e-02
    outer loop
      vertex   -1.257246e+02 1.308520e+01 9.313989e+01
      vertex   -1.252460e+02 1.200948e+01 9.356683e+01
      vertex   -1.256961e+02 1.309603e+01 9.356683e+01
    endloop
  endfacet
  facet normal -9.428935e-01 -3.253724e-01 7.130680e-02
    outer loop
      vertex   -1.257246e+02 1.308520e+01 9.313989e+01
      vertex   -1.256961e+02 1.309603e+01 9.356683e+01
      vertex   -1.261089e+02 1.419869e+01 9.313989e+01
    endloop
  endfacet
  facet normal -9.428935e-01 -3.253724e-01 7.130680e-02
    outer loop
      vertex   -1.261089e+02 1.419869e+01 9.313989e+01
      vertex   -1.256961e+02 1.309603e+01 9.356683e+01
      vertex   -1.260797e+02 1.420777e+01 9.356683e+01
    endloop
  endfacet
  facet normal -9.608187e-01 -2.678483e-01 7.130680e-02
    outer loop
      vertex   -1.261089e+02 1.419869e+01 9.313989e+01
      vertex   -1.260797e+02 1.420777e+01 9.356683e+01
      vertex   -1.264252e+02 1.533334e+01 9.313989e+01
    endloop
  endfacet
  facet normal -9.608187e-01 -2.678483e-01 7.130680e-02
    outer loop
      vertex   -1.264252e+02 1.533334e+01 9.313989e+01
      vertex   -1.260797e+02 1.420777e+01 9.356683e+01
      vertex   -1.263955e+02 1.534065e+01 9.356683e+01
    endloop
  endfacet
  facet normal -9.752380e-01 -2.093468e-01 7.130680e-02
    outer loop
      vertex   -1.264252e+02 1.533334e+01 9.313989e+01
      vertex   -1.263955e+02 1.534065e+01 9.356683e+01
      vertex   -1.266724e+02 1.648503e+01 9.313989e+01
    endloop
  endfacet
  facet normal -9.752380e-01 -2.093468e-01 7.130680e-02
    outer loop
      vertex   -1.266724e+02 1.648503e+01 9.313989e+01
      vertex   -1.263955e+02 1.534065e+01 9.356683e+01
      vertex   -1.266424e+02 1.649053e+01 9.356683e+01
    endloop
  endfacet
  facet normal -9.860988e-01 -1.500815e-01 7.130680e-02
    outer loop
      vertex   -1.266724e+02 1.648503e+01 9.313989e+01
      vertex   -1.266424e+02 1.649053e+01 9.356683e+01
      vertex   -1.268496e+02 1.764953e+01 9.313989e+01
    endloop
  endfacet
  facet normal -9.860988e-01 -1.500815e-01 7.130680e-02
    outer loop
      vertex   -1.268496e+02 1.764953e+01 9.313989e+01
      vertex   -1.266424e+02 1.649053e+01 9.356683e+01
      vertex   -1.268193e+02 1.765322e+01 9.356683e+01
    endloop
  endfacet
  facet normal -9.933614e-01 -9.026850e-02 7.130680e-02
    outer loop
      vertex   -1.268496e+02 1.764953e+01 9.313989e+01
      vertex   -1.268193e+02 1.765322e+01 9.356683e+01
      vertex   -1.269562e+02 1.882262e+01 9.313989e+01
    endloop
  endfacet
  facet normal -9.933614e-01 -9.026850e-02 7.130680e-02
    outer loop
      vertex   -1.269562e+02 1.882262e+01 9.313989e+01
      vertex   -1.268193e+02 1.765322e+01 9.356683e+01
      vertex   -1.269257e+02 1.882446e+01 9.356683e+01
    endloop
  endfacet
  facet normal -9.969994e-01 -3.012614e-02 7.130680e-02
    outer loop
      vertex   -1.269562e+02 1.882262e+01 9.313989e+01
      vertex   -1.269257e+02 1.882446e+01 9.356683e+01
      vertex   -1.269918e+02 2.000000e+01 9.313989e+01
    endloop
  endfacet
  facet normal -9.969994e-01 -3.012614e-02 7.130680e-02
    outer loop
      vertex   -1.269918e+02 2.000000e+01 9.313989e+01
      vertex   -1.269257e+02 1.882446e+01 9.356683e+01
      vertex   -1.269613e+02 2.000000e+01 9.356683e+01
    endloop
  endfacet
  facet normal -9.969994e-01 3.012614e-02 7.130680e-02
    outer loop
      vertex   -1.269918e+02 2.000000e+01 9.313989e+01
      vertex   -1.269613e+02 2.000000e+01 9.356683e+01
      vertex   -1.269562e+02 2.117738e+01 9.313989e+01
    endloop
  endfacet
  facet normal -9.969994e-01 3.012614e-02 7.130680e-02
    outer loop
      vertex   -1.269562e+02 2.117738e+01 9.313989e+01
      vertex   -1.269613e+02 2.000000e+01 9.356683e+01
      vertex   -1.269257e+02 2.117554e+01 9.356683e+01
    endloop
  endfacet
  facet normal -9.933614e-01 9.026850e-02 7.130680e-02
    outer loop
      vertex   -1.269562e+02 2.117738e+01 9.313989e+01
      vertex   -1.269257e+02 2.117554e+01 9.356683e+01
      vertex   -1.268496e+02 2.235047e+01 9.313989e+01
    endloop
  endfacet
  facet normal -9.933614e-01 9.026850e-02 7.130680e-02
    outer loop
      vertex   -1.268496e+02 2.235047e+01 9.313989e+01
      vertex   -1.269257e+02 2.117554e+01 9.356683e+01
      vertex   -1.268193e+02 2.234678e+01 9.356683e+01
    endloop
  endfacet
  facet normal -9.860988e-01 1.500815e-01 7.130680e-02
    outer loop
      vertex   -1.268496e+02 2.235047e+01 9.313989e+01
      vertex   -1.268193e+02 2.234678e+01 9.356683e+01
      vertex   -1.266724e+02 2.351497e+01 9.313989e+01
    endloop
  endfacet
  facet normal -9.860988e-01 1.500815e-01 7.130680e-02
    outer loop
      vertex   -1.266724e+02 2.351497e+01 9.313989e+01
      vertex   -1.268193e+02 2.234678e+01 9.356683e+01
      vertex   -1.266424e+02 2.350947e+01 9.356683e+01
    endloop
  endfacet
  facet normal -9.752380e-01 2.093468e-01 7.130680e-02
    outer loop
      vertex   -1.266724e+02 2.351497e+01 9.313989e+01
      vertex   -1.266424e+02 2.350947e+01 9.356683e+01
      vertex   -1.264252e+02 2.466666e+01 9.313989e+01
    endloop
  endfacet
  facet normal -9.752380e-01 2.093468e-01 7.130680e-02
    outer loop
      vertex   -1.264252e+02 2.466666e+01 9.313989e+01
      vertex   -1.266424e+02 2.350947e+01 9.356683e+01
      vertex   -1.263955e+02 2.465935e+01 9.356683e+01
    endloop
  endfacet
  facet normal -9.608187e-01 2.678483e-01 7.130680e-02
    outer loop
      vertex   -1.264252e+02 2.466666e+01 9.313989e+01
      vertex   -1.263955e+02 2.465935e+01 9.356683e+01
      vertex   -1.261089e+02 2.580131e+01 9.313989e+01
    endloop
  endfacet
  facet normal -9.608187e-01 2.678483e-01 7.130680e-02
    outer loop
      vertex   -1.261089e+02 2.580131e+01 9.313989e+01
      vertex   -1.263955e+02 2.465935e+01 9.356683e+01
      vertex   -1.260797e+02 2.579223e+01 9.356683e+01
    endloop
  endfacet
  facet normal -9.428935e-01 3.253724e-01 7.130680e-02
    outer loop
      vertex   -1.261089e+02 2.580131e+01 9.313989e+01
      vertex   -1.260797e+02 2.579223e+01 9.356683e+01
      vertex   -1.257246e+02 2.691480e+01 9.313989e+01
    endloop
  endfacet
  facet normal -9.428935e-01 3.253724e-01 7.130680e-02
    outer loop
      vertex   -1.257246e+02 2.691480e+01 9.313989e+01
      vertex   -1.260797e+02 2.579223e+01 9.356683e+01
      vertex   -1.256961e+02 2.690397e+01 9.356683e+01
    endloop
  endfacet
  facet normal -9.215277e-01 3.817093e-01 7.130680e-02
    outer loop
      vertex   -1.257246e+02 2.691480e+01 9.313989e+01
      vertex   -1.256961e+02 2.690397e+01 9.356683e+01
      vertex   -1.252739e+02 2.800305e+01 9.313989e+01
    endloop
  endfacet
  facet normal -9.215277e-01 3.817093e-01 7.130680e-02
    outer loop
      vertex   -1.252739e+02 2.800305e+01 9.313989e+01
      vertex   -1.256961e+02 2.690397e+01 9.356683e+01
      vertex   -1.252460e+02 2.799052e+01 9.356683e+01
    endloop
  endfacet
  facet normal -8.967994e-01 4.366533e-01 7.130680e-02
    outer loop
      vertex   -1.252739e+02 2.800305e+01 9.313989e+01
      vertex   -1.252460e+02 2.799052e+01 9.356683e+01
      vertex   -1.247582e+02 2.906210e+01 9.313989e+01
    endloop
  endfacet
  facet normal -8.967994e-01 4.366533e-01 7.130680e-02
    outer loop
      vertex   -1.247582e+02 2.906210e+01 9.313989e+01
      vertex   -1.252460e+02 2.799052e+01 9.356683e+01
      vertex   -1.247312e+02 2.904791e+01 9.356683e+01
    endloop
  endfacet
  facet normal -8.687988e-01 4.900041e-01 7.130680e-02
    outer loop
      vertex   -1.247582e+02 2.906210e+01 9.313989e+01
      vertex   -1.247312e+02 2.904791e+01 9.356683e+01
      vertex   -1.241795e+02 3.008809e+01 9.313989e+01
    endloop
  endfacet
  facet normal -8.687988e-01 4.900041e-01 7.130680e-02
    outer loop
      vertex   -1.241795e+02 3.008809e+01 9.313989e+01
      vertex   -1.247312e+02 2.904791e+01 9.356683e+01
      vertex   -1.241534e+02 3.007229e+01 9.356683e+01
    endloop
  endfacet
  facet normal -8.376280e-01 5.415669e-01 7.130680e-02
    outer loop
      vertex   -1.241795e+02 3.008809e+01 9.313989e+01
      vertex   -1.241534e+02 3.007229e+01 9.356683e+01
      vertex   -1.235400e+02 3.107726e+01 9.313989e+01
    endloop
  endfacet
  facet normal -8.376280e-01 5.415669e-01 7.130680e-02
    outer loop
      vertex   -1.235400e+02 3.107726e+01 9.313989e+01
      vertex   -1.241534e+02 3.007229e+01 9.356683e+01
      vertex   -1.235149e+02 3.105992e+01 9.356683e+01
    endloop
  endfacet
  facet normal -8.034008e-01 5.911535e-01 7.130680e-02
    outer loop
      vertex   -1.235400e+02 3.107726e+01 9.313989e+01
      vertex   -1.235149e+02 3.105992e+01 9.356683e+01
      vertex   -1.228419e+02 3.202602e+01 9.313989e+01
    endloop
  endfacet
  facet normal -8.034008e-01 5.911535e-01 7.130680e-02
    outer loop
      vertex   -1.228419e+02 3.202602e+01 9.313989e+01
      vertex   -1.235149e+02 3.105992e+01 9.356683e+01
      vertex   -1.228178e+02 3.200719e+01 9.356683e+01
    endloop
  endfacet
  facet normal -7.662421e-01 6.385831e-01 7.130680e-02
    outer loop
      vertex   -1.228419e+02 3.202602e+01 9.313989e+01
      vertex   -1.228178e+02 3.200719e+01 9.356683e+01
      vertex   -1.220878e+02 3.293089e+01 9.313989e+01
    endloop
  endfacet
  facet normal -7.662421e-01 6.385831e-01 7.130680e-02
    outer loop
      vertex   -1.220878e+02 3.293089e+01 9.313989e+01
      vertex   -1.228178e+02 3.200719e+01 9.356683e+01
      vertex   -1.220649e+02 3.291064e+01 9.356683e+01
    endloop
  endfacet
  facet normal -7.262874e-01 6.836826e-01 7.130680e-02
    outer loop
      vertex   -1.220878e+02 3.293089e+01 9.313989e+01
      vertex   -1.220649e+02 3.291064e+01 9.356683e+01
      vertex   -1.212804e+02 3.378858e+01 9.313989e+01
    endloop
  endfacet
  facet normal -7.262874e-01 6.836826e-01 7.130680e-02
    outer loop
      vertex   -1.212804e+02 3.378858e+01 9.313989e+01
      vertex   -1.220649e+02 3.291064e+01 9.356683e+01
      vertex   -1.212588e+02 3.376699e+01 9.356683e+01
    endloop
  endfacet
  facet normal -6.836826e-01 7.262874e-01 7.130680e-02
    outer loop
      vertex   -1.212804e+02 3.378858e+01 9.313989e+01
      vertex   -1.212588e+02 3.376699e+01 9.356683e+01
      vertex   -1.204227e+02 3.459596e+01 9.313989e+01
    endloop
  endfacet
  facet normal -6.836826e-01 7.262874e-01 7.130680e-02
    outer loop
      vertex   -1.204227e+02 3.459596e+01 9.313989e+01
      vertex   -1.212588e+02 3.376699e+01 9.356683e+01
      vertex   -1.204024e+02 3.457310e+01 9.356683e+01
    endloop
  endfacet
  facet normal -6.385831e-01 7.662421e-01 7.130680e-02
    outer loop
      vertex   -1.204227e+02 3.459596e+01 9.313989e+01
      vertex   -1.204024e+02 3.457310e+01 9.356683e+01
      vertex   -1.195178e+02 3.535008e+01 9.313989e+01
    endloop
  endfacet
  facet normal -6.385831e-01 7.662421e-01 7.130680e-02
    outer loop
      vertex   -1.195178e+02 3.535008e+01 9.313989e+01
      vertex   -1.204024e+02 3.457310e+01 9.356683e+01
      vertex   -1.194990e+02 3.532604e+01 9.356683e+01
    endloop
  endfacet
  facet normal -5.911535e-01 8.034008e-01 7.130680e-02
    outer loop
      vertex   -1.195178e+02 3.535008e+01 9.313989e+01
      vertex   -1.194990e+02 3.532604e+01 9.356683e+01
      vertex   -1.185691e+02 3.604819e+01 9.313989e+01
    endloop
  endfacet
  facet normal -5.911535e-01 8.034008e-01 7.130680e-02
    outer loop
      vertex   -1.185691e+02 3.604819e+01 9.313989e+01
      vertex   -1.194990e+02 3.532604e+01 9.356683e+01
      vertex   -1.185517e+02 3.602306e+01 9.356683e+01
    endloop
  endfacet
  facet normal -5.415669e-01 8.376280e-01 7.130680e-02
    outer loop
      vertex   -1.185691e+02 3.604819e+01 9.313989e+01
      vertex   -1.185517e+02 3.602306e+01 9.356683e+01
      vertex   -1.175799e+02 3.668773e+01 9.313989e+01
    endloop
  endfacet
  facet normal -5.415669e-01 8.376280e-01 7.130680e-02
    outer loop
      vertex   -1.175799e+02 3.668773e+01 9.313989e+01
      vertex   -1.185517e+02 3.602306e+01 9.356683e+01
      vertex   -1.175641e+02 3.666160e+01 9.356683e+01
    endloop
  endfacet
  facet normal -4.900041e-01 8.687988e-01 7.130680e-02
    outer loop
      vertex   -1.175799e+02 3.668773e+01 9.313989e+01
      vertex   -1.175641e+02 3.666160e+01 9.356683e+01
      vertex   -1.165539e+02 3.726639e+01 9.313989e+01
    endloop
  endfacet
  facet normal -4.900041e-01 8.687988e-01 7.130680e-02
    outer loop
      vertex   -1.165539e+02 3.726639e+01 9.313989e+01
      vertex   -1.175641e+02 3.666160e+01 9.356683e+01
      vertex   -1.165397e+02 3.723935e+01 9.356683e+01
    endloop
  endfacet
  facet normal -4.366533e-01 8.967994e-01 7.130680e-02
    outer loop
      vertex   -1.165539e+02 3.726639e+01 9.313989e+01
      vertex   -1.165397e+02 3.723935e+01 9.356683e+01
      vertex   -1.154949e+02 3.778205e+01 9.313989e+01
    endloop
  endfacet
  facet normal -4.366533e-01 8.967994e-01 7.130680e-02
    outer loop
      vertex   -1.154949e+02 3.778205e+01 9.313989e+01
      vertex   -1.165397e+02 3.723935e+01 9.356683e+01
      vertex   -1.154823e+02 3.775420e+01 9.356683e+01
    endloop
  endfacet
  facet normal -3.817093e-01 9.215277e-01 7.130680e-02
    outer loop
      vertex   -1.154949e+02 3.778205e+01 9.313989e+01
      vertex   -1.154823e+02 3.775420e+01 9.356683e+01
      vertex   -1.144066e+02 3.823282e+01 9.313989e+01
    endloop
  endfacet
  facet normal -3.817093e-01 9.215277e-01 7.130680e-02
    outer loop
      vertex   -1.144066e+02 3.823282e+01 9.313989e+01
      vertex   -1.154823e+02 3.775420e+01 9.356683e+01
      vertex   -1.143958e+02 3.820427e+01 9.356683e+01
    endloop
  endfacet
  facet normal -3.253724e-01 9.428935e-01 7.130680e-02
    outer loop
      vertex   -1.144066e+02 3.823282e+01 9.313989e+01
      vertex   -1.143958e+02 3.820427e+01 9.356683e+01
      vertex   -1.132931e+02 3.861706e+01 9.313989e+01
    endloop
  endfacet
  facet normal -3.253724e-01 9.428935e-01 7.130680e-02
    outer loop
      vertex   -1.132931e+02 3.861706e+01 9.313989e+01
      vertex   -1.143958e+02 3.820427e+01 9.356683e+01
      vertex   -1.132840e+02 3.858790e+01 9.356683e+01
    endloop
  endfacet
  facet normal -2.678483e-01 9.608187e-01 7.130680e-02
    outer loop
      vertex   -1.132931e+02 3.861706e+01 9.313989e+01
      vertex   -1.132840e+02 3.858790e+01 9.356683e+01
      vertex   -1.121585e+02 3.893337e+01 9.313989e+01
    endloop
  endfacet
  facet normal -2.678483e-01 9.608187e-01 7.130680e-02
    outer loop
      vertex   -1.121585e+02 3.893337e+01 9.313989e+01
      vertex   -1.132840e+02 3.858790e+01 9.356683e+01
      vertex   -1.121512e+02 3.890372e+01 9.356683e+01
    endloop
  endfacet
  facet normal -2.093468e-01 9.752380e-01 7.130680e-02
    outer loop
      vertex   -1.121585e+02 3.893337e+01 9.313989e+01
      vertex   -1.121512e+02 3.890372e+01 9.356683e+01
      vertex   -1.110068e+02 3.918059e+01 9.313989e+01
    endloop
  endfacet
  facet normal -2.093468e-01 9.752380e-01 7.130680e-02
    outer loop
      vertex   -1.110068e+02 3.918059e+01 9.313989e+01
      vertex   -1.121512e+02 3.890372e+01 9.356683e+01
      vertex   -1.110013e+02 3.915055e+01 9.356683e+01
    endloop
  endfacet
  facet normal -1.500815e-01 9.860988e-01 7.130680e-02
    outer loop
      vertex   -1.110068e+02 3.918059e+01 9.313989e+01
      vertex   -1.110013e+02 3.915055e+01 9.356683e+01
      vertex   -1.098423e+02 3.935782e+01 9.313989e+01
    endloop
  endfacet
  facet normal -1.500815e-01 9.860988e-01 7.130680e-02
    outer loop
      vertex   -1.098423e+02 3.935782e+01 9.313989e+01
      vertex   -1.110013e+02 3.915055e+01 9.356683e+01
      vertex   -1.098386e+02 3.932751e+01 9.356683e+01
    endloop
  endfacet
  facet normal -9.026850e-02 9.933614e-01 7.130680e-02
    outer loop
      vertex   -1.098423e+02 3.935782e+01 9.313989e+01
      vertex   -1.098386e+02 3.932751e+01 9.356683e+01
      vertex   -1.086692e+02 3.946442e+01 9.313989e+01
    endloop
  endfacet
  facet normal -9.026850e-02 9.933614e-01 7.130680e-02
    outer loop
      vertex   -1.086692e+02 3.946442e+01 9.313989e+01
      vertex   -1.098386e+02 3.932751e+01 9.356683e+01
      vertex   -1.086673e+02 3.943394e+01 9.356683e+01
    endloop
  endfacet
  facet normal -3.012614e-02 9.969994e-01 7.130680e-02
    outer loop
      vertex   -1.086692e+02 3.946442e+01 9.313989e+01
      vertex   -1.086673e+02 3.943394e+01 9.356683e+01
      vertex   -1.074918e+02 3.950000e+01 9.313989e+01
    endloop
  endfacet
  facet normal -3.012614e-02 9.969994e-01 7.130680e-02
    outer loop
      vertex   -1.074918e+02 3.950000e+01 9.313989e+01
      vertex   -1.086673e+02 3.943394e+01 9.356683e+01
      vertex   -1.074918e+02 3.946946e+01 9.356683e+01
    endloop
  endfacet
  facet normal 3.012614e-02 9.969994e-01 7.130680e-02
    outer loop
      vertex   -1.074918e+02 3.950000e+01 9.313989e+01
      vertex   -1.074918e+02 3.946946e+01 9.356683e+01
      vertex   -1.063144e+02 3.946442e+01 9.313989e+01
    endloop
  endfacet
  facet normal 3.012614e-02 9.969994e-01 7.130680e-02
    outer loop
      vertex   -1.063144e+02 3.946442e+01 9.313989e+01
      vertex   -1.074918e+02 3.946946e+01 9.356683e+01
      vertex   -1.063163e+02 3.943394e+01 9.356683e+01
    endloop
  endfacet
  facet normal 9.026850e-02 9.933614e-01 7.130680e-02
    outer loop
      vertex   -1.063144e+02 3.946442e+01 9.313989e+01
      vertex   -1.063163e+02 3.943394e+01 9.356683e+01
      vertex   -1.051413e+02 3.935782e+01 9.313989e+01
    endloop
  endfacet
  facet normal 9.026850e-02 9.933614e-01 7.130680e-02
    outer loop
      vertex   -1.051413e+02 3.935782e+01 9.313989e+01
      vertex   -1.063163e+02 3.943394e+01 9.356683e+01
      vertex   -1.051450e+02 3.932751e+01 9.356683e+01
    endloop
  endfacet
  facet normal 1.500815e-01 9.860988e-01 7.130680e-02
    outer loop
      vertex   -1.051413e+02 3.935782e+01 9.313989e+01
      vertex   -1.051450e+02 3.932751e+01 9.356683e+01
      vertex   -1.039768e+02 3.918059e+01 9.313989e+01
    endloop
  endfacet
  facet normal 1.500815e-01 9.860988e-01 7.130680e-02
    outer loop
      vertex   -1.039768e+02 3.918059e+01 9.313989e+01
      vertex   -1.051450e+02 3.932751e+01 9.356683e+01
      vertex   -1.039823e+02 3.915055e+01 9.356683e+01
    endloop
  endfacet
  facet normal 2.093468e-01 9.752380e-01 7.130680e-02
    outer loop
      vertex   -1.039768e+02 3.918059e+01 9.313989e+01
      vertex   -1.039823e+02 3.915055e+01 9.356683e+01
      vertex   -1.028251e+02 3.893337e+01 9.313989e+01
    endloop
  endfacet
  facet normal 2.093468e-01 9.752380e-01 7.130680e-02
    outer loop
      vertex   -1.028251e+02 3.893337e+01 9.313989e+01
      vertex   -1.039823e+02 3.915055e+01 9.356683e+01
      vertex   -1.028325e+02 3.890372e+01 9.356683e+01
    endloop
  endfacet
  facet normal 2.678483e-01 9.608187e-01 7.130680e-02
    outer loop
      vertex   -1.028251e+02 3.893337e+01 9.313989e+01
      vertex   -1.028325e+02 3.890372e+01 9.356683e+01
      vertex   -1.016905e+02 3.861706e+01 9.313989e+01
    endloop
  endfacet
  facet normal 2.678483e-01 9.608187e-01 7.130680e-02
    outer loop
      vertex   -1.016905e+02 3.861706e+01 9.313989e+01
      vertex   -1.028325e+02 3.890372e+01 9.356683e+01
      vertex   -1.016996e+02 3.858790e+01 9.356683e+01
    endloop
  endfacet
  facet normal 3.253724e-01 9.428935e-01 7.130680e-02
    outer loop
      vertex   -1.016905e+02 3.861706e+01 9.313989e+01
      vertex   -1.016996e+02 3.858790e+01 9.356683e+01
      vertex   -1.005770e+02 3.823282e+01 9.313989e+01
    endloop
  endfacet
  facet normal 3.253724e-01 9.428935e-01 7.130680e-02
    outer loop
      vertex   -1.005770e+02 3.823282e+01 9.313989e+01
      vertex   -1.016996e+02 3.858790e+01 9.356683e+01
      vertex   -1.005878e+02 3.820427e+01 9.356683e+01
    endloop
  endfacet
  facet normal 3.816867e-01 9.215371e-01 7.130686e-02
    outer loop
      vertex   -1.005770e+02 3.823282e+01 9.313989e+01
      vertex   -1.005878e+02 3.820427e+01 9.356683e+01
      vertex   -9.950216e+01 3.775459e+01 9.356683e+01
    endloop
  endfacet
  facet normal 3.739288e-01 9.028065e-01 2.124090e-01
    outer loop
      vertex   -9.950216e+01 3.775459e+01 9.356683e+01
      vertex   -1.005878e+02 3.820427e+01 9.356683e+01
      vertex   -9.954036e+01 3.767201e+01 9.398508e+01
    endloop
  endfacet
  facet normal 4.277231e-01 8.785677e-01 2.125367e-01
    outer loop
      vertex   -9.950216e+01 3.775459e+01 9.356683e+01
      vertex   -9.954036e+01 3.767201e+01 9.398508e+01
      vertex   -9.848618e+01 3.715879e+01 9.398508e+01
    endloop
  endfacet
  facet normal 4.101480e-01 8.424675e-01 3.493238e-01
    outer loop
      vertex   -9.848618e+01 3.715879e+01 9.398508e+01
      vertex   -9.954036e+01 3.767201e+01 9.398508e+01
      vertex   -9.855569e+01 3.702634e+01 9.438613e+01
    endloop
  endfacet
  facet normal 4.603065e-01 8.161437e-01 3.493242e-01
    outer loop
      vertex   -9.848618e+01 3.715879e+01 9.398508e+01
      vertex   -9.855569e+01 3.702634e+01 9.438613e+01
      vertex   -9.746658e+01 3.658374e+01 9.398508e+01
    endloop
  endfacet
  facet normal 4.603065e-01 8.161437e-01 3.493242e-01
    outer loop
      vertex   -9.746658e+01 3.658374e+01 9.398508e+01
      vertex   -9.855569e+01 3.702634e+01 9.438613e+01
      vertex   -9.754397e+01 3.645573e+01 9.438613e+01
    endloop
  endfacet
  facet normal 5.087442e-01 7.868621e-01 3.493242e-01
    outer loop
      vertex   -9.746658e+01 3.658374e+01 9.398508e+01
      vertex   -9.754397e+01 3.645573e+01 9.438613e+01
      vertex   -9.648357e+01 3.594818e+01 9.398508e+01
    endloop
  endfacet
  facet normal 5.087442e-01 7.868621e-01 3.493242e-01
    outer loop
      vertex   -9.648357e+01 3.594818e+01 9.398508e+01
      vertex   -9.754397e+01 3.645573e+01 9.438613e+01
      vertex   -9.656855e+01 3.582507e+01 9.438613e+01
    endloop
  endfacet
  facet normal 5.553256e-01 7.547093e-01 3.493242e-01
    outer loop
      vertex   -9.648357e+01 3.594818e+01 9.398508e+01
      vertex   -9.656855e+01 3.582507e+01 9.438613e+01
      vertex   -9.554073e+01 3.525442e+01 9.398508e+01
    endloop
  endfacet
  facet normal 5.553256e-01 7.547093e-01 3.493242e-01
    outer loop
      vertex   -9.554073e+01 3.525442e+01 9.398508e+01
      vertex   -9.656855e+01 3.582507e+01 9.438613e+01
      vertex   -9.563298e+01 3.513667e+01 9.438613e+01
    endloop
  endfacet
  facet normal 5.998807e-01 7.198026e-01 3.493242e-01
    outer loop
      vertex   -9.554073e+01 3.525442e+01 9.398508e+01
      vertex   -9.563298e+01 3.513667e+01 9.438613e+01
      vertex   -9.464150e+01 3.450500e+01 9.398508e+01
    endloop
  endfacet
  facet normal 5.998807e-01 7.198026e-01 3.493242e-01
    outer loop
      vertex   -9.464150e+01 3.450500e+01 9.398508e+01
      vertex   -9.563298e+01 3.513667e+01 9.438613e+01
      vertex   -9.474069e+01 3.439304e+01 9.438613e+01
    endloop
  endfacet
  facet normal 6.422468e-01 6.822695e-01 3.493242e-01
    outer loop
      vertex   -9.464150e+01 3.450500e+01 9.398508e+01
      vertex   -9.474069e+01 3.439304e+01 9.438613e+01
      vertex   -9.378915e+01 3.370265e+01 9.398508e+01
    endloop
  endfacet
  facet normal 6.422468e-01 6.822695e-01 3.493242e-01
    outer loop
      vertex   -9.378915e+01 3.370265e+01 9.398508e+01
      vertex   -9.474069e+01 3.439304e+01 9.438613e+01
      vertex   -9.389492e+01 3.359688e+01 9.438613e+01
    endloop
  endfacet
  facet normal 6.822695e-01 6.422468e-01 3.493242e-01
    outer loop
      vertex   -9.378915e+01 3.370265e+01 9.398508e+01
      vertex   -9.389492e+01 3.359688e+01 9.438613e+01
      vertex   -9.298680e+01 3.285031e+01 9.398508e+01
    endloop
  endfacet
  facet normal 6.822695e-01 6.422468e-01 3.493242e-01
    outer loop
      vertex   -9.298680e+01 3.285031e+01 9.398508e+01
      vertex   -9.389492e+01 3.359688e+01 9.438613e+01
      vertex   -9.309877e+01 3.275112e+01 9.438613e+01
    endloop
  endfacet
  facet normal 7.198026e-01 5.998807e-01 3.493242e-01
    outer loop
      vertex   -9.298680e+01 3.285031e+01 9.398508e+01
      vertex   -9.309877e+01 3.275112e+01 9.438613e+01
      vertex   -9.223739e+01 3.195107e+01 9.398508e+01
    endloop
  endfacet
  facet normal 7.198026e-01 5.998807e-01 3.493242e-01
    outer loop
      vertex   -9.223739e+01 3.195107e+01 9.398508e+01
      vertex   -9.309877e+01 3.275112e+01 9.438613e+01
      vertex   -9.235513e+01 3.185882e+01 9.438613e+01
    endloop
  endfacet
  facet normal 7.547093e-01 5.553256e-01 3.493242e-01
    outer loop
      vertex   -9.223739e+01 3.195107e+01 9.398508e+01
      vertex   -9.235513e+01 3.185882e+01 9.438613e+01
      vertex   -9.154363e+01 3.100823e+01 9.398508e+01
    endloop
  endfacet
  facet normal 7.547093e-01 5.553256e-01 3.493242e-01
    outer loop
      vertex   -9.154363e+01 3.100823e+01 9.398508e+01
      vertex   -9.235513e+01 3.185882e+01 9.438613e+01
      vertex   -9.166673e+01 3.092326e+01 9.438613e+01
    endloop
  endfacet
  facet normal 7.868621e-01 5.087442e-01 3.493242e-01
    outer loop
      vertex   -9.154363e+01 3.100823e+01 9.398508e+01
      vertex   -9.166673e+01 3.092326e+01 9.438613e+01
      vertex   -9.090806e+01 3.002522e+01 9.398508e+01
    endloop
  endfacet
  facet normal 7.868621e-01 5.087442e-01 3.493242e-01
    outer loop
      vertex   -9.090806e+01 3.002522e+01 9.398508e+01
      vertex   -9.166673e+01 3.092326e+01 9.438613e+01
      vertex   -9.103608e+01 2.994784e+01 9.438613e+01
    endloop
  endfacet
  facet normal 8.161437e-01 4.603065e-01 3.493242e-01
    outer loop
      vertex   -9.090806e+01 3.002522e+01 9.398508e+01
      vertex   -9.103608e+01 2.994784e+01 9.438613e+01
      vertex   -9.033301e+01 2.900563e+01 9.398508e+01
    endloop
  endfacet
  facet normal 8.161437e-01 4.603065e-01 3.493242e-01
    outer loop
      vertex   -9.033301e+01 2.900563e+01 9.398508e+01
      vertex   -9.103608e+01 2.994784e+01 9.438613e+01
      vertex   -9.046546e+01 2.893611e+01 9.438613e+01
    endloop
  endfacet
  facet normal 8.424473e-01 4.101892e-01 3.493242e-01
    outer loop
      vertex   -9.033301e+01 2.900563e+01 9.398508e+01
      vertex   -9.046546e+01 2.893611e+01 9.438613e+01
      vertex   -8.982057e+01 2.795318e+01 9.398508e+01
    endloop
  endfacet
  facet normal 8.424473e-01 4.101892e-01 3.493242e-01
    outer loop
      vertex   -8.982057e+01 2.795318e+01 9.398508e+01
      vertex   -9.046546e+01 2.893611e+01 9.438613e+01
      vertex   -8.995698e+01 2.789179e+01 9.438613e+01
    endloop
  endfacet
  facet normal 8.656907e-01 3.585422e-01 3.493239e-01
    outer loop
      vertex   -8.982057e+01 2.795318e+01 9.398508e+01
      vertex   -8.995698e+01 2.789179e+01 9.438613e+01
      vertex   -8.937209e+01 2.687032e+01 9.398508e+01
    endloop
  endfacet
  facet normal 8.656818e-01 3.585192e-01 3.493694e-01
    outer loop
      vertex   -8.937209e+01 2.687032e+01 9.398508e+01
      vertex   -8.995698e+01 2.789179e+01 9.438613e+01
      vertex   -8.951170e+01 2.681661e+01 9.438613e+01
    endloop
  endfacet
  facet normal 8.857752e-01 3.056244e-01 3.492793e-01
    outer loop
      vertex   -8.937209e+01 2.687032e+01 9.398508e+01
      vertex   -8.951170e+01 2.681661e+01 9.438613e+01
      vertex   -8.899077e+01 2.576516e+01 9.398508e+01
    endloop
  endfacet
  facet normal 8.857650e-01 3.056020e-01 3.493247e-01
    outer loop
      vertex   -8.899077e+01 2.576516e+01 9.398508e+01
      vertex   -8.951170e+01 2.681661e+01 9.438613e+01
      vertex   -8.913358e+01 2.572066e+01 9.438613e+01
    endloop
  endfacet
  facet normal 9.025866e-01 2.516149e-01 3.493242e-01
    outer loop
      vertex   -8.899077e+01 2.576516e+01 9.398508e+01
      vertex   -8.913358e+01 2.572066e+01 9.438613e+01
      vertex   -8.867643e+01 2.463757e+01 9.398508e+01
    endloop
  endfacet
  facet normal 9.025866e-01 2.516149e-01 3.493242e-01
    outer loop
      vertex   -8.867643e+01 2.463757e+01 9.398508e+01
      vertex   -8.913358e+01 2.572066e+01 9.438613e+01
      vertex   -8.882166e+01 2.460178e+01 9.438613e+01
    endloop
  endfacet
  facet normal 9.161320e-01 1.966590e-01 3.493242e-01
    outer loop
      vertex   -8.867643e+01 2.463757e+01 9.398508e+01
      vertex   -8.882166e+01 2.460178e+01 9.438613e+01
      vertex   -8.843075e+01 2.349307e+01 9.398508e+01
    endloop
  endfacet
  facet normal 9.161320e-01 1.966590e-01 3.493242e-01
    outer loop
      vertex   -8.843075e+01 2.349307e+01 9.398508e+01
      vertex   -8.882166e+01 2.460178e+01 9.438613e+01
      vertex   -8.857788e+01 2.346611e+01 9.438613e+01
    endloop
  endfacet
  facet normal 9.263345e-01 1.409855e-01 3.493242e-01
    outer loop
      vertex   -8.843075e+01 2.349307e+01 9.398508e+01
      vertex   -8.857788e+01 2.346611e+01 9.438613e+01
      vertex   -8.825462e+01 2.233582e+01 9.398508e+01
    endloop
  endfacet
  facet normal 9.263345e-01 1.409855e-01 3.493242e-01
    outer loop
      vertex   -8.825462e+01 2.233582e+01 9.398508e+01
      vertex   -8.857788e+01 2.346611e+01 9.438613e+01
      vertex   -8.840311e+01 2.231779e+01 9.438613e+01
    endloop
  endfacet
  facet normal 9.331570e-01 8.479762e-02 3.493242e-01
    outer loop
      vertex   -8.825462e+01 2.233582e+01 9.398508e+01
      vertex   -8.840311e+01 2.231779e+01 9.438613e+01
      vertex   -8.814868e+01 2.117004e+01 9.398508e+01
    endloop
  endfacet
  facet normal 9.331570e-01 8.479762e-02 3.493242e-01
    outer loop
      vertex   -8.814868e+01 2.117004e+01 9.398508e+01
      vertex   -8.840311e+01 2.231779e+01 9.438613e+01
      vertex   -8.829799e+01 2.116101e+01 9.438613e+01
    endloop
  endfacet
  facet normal 9.365744e-01 2.830030e-02 3.493242e-01
    outer loop
      vertex   -8.814868e+01 2.117004e+01 9.398508e+01
      vertex   -8.829799e+01 2.116101e+01 9.438613e+01
      vertex   -8.811333e+01 2.000000e+01 9.398508e+01
    endloop
  endfacet
  facet normal 9.365744e-01 2.830030e-02 3.493242e-01
    outer loop
      vertex   -8.811333e+01 2.000000e+01 9.398508e+01
      vertex   -8.829799e+01 2.116101e+01 9.438613e+01
      vertex   -8.826291e+01 2.000000e+01 9.438613e+01
    endloop
  endfacet
  facet normal 9.365744e-01 -2.830030e-02 3.493242e-01
    outer loop
      vertex   -8.811333e+01 2.000000e+01 9.398508e+01
      vertex   -8.826291e+01 2.000000e+01 9.438613e+01
      vertex   -8.814868e+01 1.882996e+01 9.398508e+01
    endloop
  endfacet
  facet normal 9.365744e-01 -2.830030e-02 3.493242e-01
    outer loop
      vertex   -8.814868e+01 1.882996e+01 9.398508e+01
      vertex   -8.826291e+01 2.000000e+01 9.438613e+01
      vertex   -8.829799e+01 1.883899e+01 9.438613e+01
    endloop
  endfacet
  facet normal 9.331570e-01 -8.479762e-02 3.493242e-01
    outer loop
      vertex   -8.814868e+01 1.882996e+01 9.398508e+01
      vertex   -8.829799e+01 1.883899e+01 9.438613e+01
      vertex   -8.825462e+01 1.766418e+01 9.398508e+01
    endloop
  endfacet
  facet normal 9.331570e-01 -8.479762e-02 3.493242e-01
    outer loop
      vertex   -8.825462e+01 1.766418e+01 9.398508e+01
      vertex   -8.829799e+01 1.883899e+01 9.438613e+01
      vertex   -8.840311e+01 1.768221e+01 9.438613e+01
    endloop
  endfacet
  facet normal 9.263345e-01 -1.409855e-01 3.493242e-01
    outer loop
      vertex   -8.825462e+01 1.766418e+01 9.398508e+01
      vertex   -8.840311e+01 1.768221e+01 9.438613e+01
      vertex   -8.843075e+01 1.650693e+01 9.398508e+01
    endloop
  endfacet
  facet normal 9.263345e-01 -1.409855e-01 3.493242e-01
    outer loop
      vertex   -8.843075e+01 1.650693e+01 9.398508e+01
      vertex   -8.840311e+01 1.768221e+01 9.438613e+01
      vertex   -8.857788e+01 1.653389e+01 9.438613e+01
    endloop
  endfacet
  facet normal 9.161320e-01 -1.966590e-01 3.493242e-01
    outer loop
      vertex   -8.843075e+01 1.650693e+01 9.398508e+01
      vertex   -8.857788e+01 1.653389e+01 9.438613e+01
      vertex   -8.867643e+01 1.536243e+01 9.398508e+01
    endloop
  endfacet
  facet normal 9.161320e-01 -1.966590e-01 3.493242e-01
    outer loop
      vertex   -8.867643e+01 1.536243e+01 9.398508e+01
      vertex   -8.857788e+01 1.653389e+01 9.438613e+01
      vertex   -8.882166e+01 1.539822e+01 9.438613e+01
    endloop
  endfacet
  facet normal 9.025866e-01 -2.516149e-01 3.493242e-01
    outer loop
      vertex   -8.867643e+01 1.536243e+01 9.398508e+01
      vertex   -8.882166e+01 1.539822e+01 9.438613e+01
      vertex   -8.899077e+01 1.423484e+01 9.398508e+01
    endloop
  endfacet
  facet normal 9.025866e-01 -2.516149e-01 3.493242e-01
    outer loop
      vertex   -8.899077e+01 1.423484e+01 9.398508e+01
      vertex   -8.882166e+01 1.539822e+01 9.438613e+01
      vertex   -8.913358e+01 1.427934e+01 9.438613e+01
    endloop
  endfacet
  facet normal 8.857477e-01 -3.056526e-01 3.493242e-01
    outer loop
      vertex   -8.899077e+01 1.423484e+01 9.398508e+01
      vertex   -8.913358e+01 1.427934e+01 9.438613e+01
      vertex   -8.937261e+01 1.312830e+01 9.398508e+01
    endloop
  endfacet
  facet normal 8.857477e-01 -3.056526e-01 3.493242e-01
    outer loop
      vertex   -8.937261e+01 1.312830e+01 9.398508e+01
      vertex   -8.913358e+01 1.427934e+01 9.438613e+01
      vertex   -8.951247e+01 1.318134e+01 9.438613e+01
    endloop
  endfacet
  facet normal 8.656769e-01 -3.585751e-01 3.493242e-01
    outer loop
      vertex   -8.937261e+01 1.312830e+01 9.398508e+01
      vertex   -8.951247e+01 1.318134e+01 9.438613e+01
      vertex   -8.982057e+01 1.204682e+01 9.398508e+01
    endloop
  endfacet
  facet normal 8.656769e-01 -3.585751e-01 3.493242e-01
    outer loop
      vertex   -8.982057e+01 1.204682e+01 9.398508e+01
      vertex   -8.951247e+01 1.318134e+01 9.438613e+01
      vertex   -8.995698e+01 1.210821e+01 9.438613e+01
    endloop
  endfacet
  facet normal 8.424473e-01 -4.101892e-01 3.493242e-01
    outer loop
      vertex   -8.982057e+01 1.204682e+01 9.398508e+01
      vertex   -8.995698e+01 1.210821e+01 9.438613e+01
      vertex   -9.033301e+01 1.099437e+01 9.398508e+01
    endloop
  endfacet
  facet normal 8.424473e-01 -4.101892e-01 3.493242e-01
    outer loop
      vertex   -9.033301e+01 1.099437e+01 9.398508e+01
      vertex   -8.995698e+01 1.210821e+01 9.438613e+01
      vertex   -9.046546e+01 1.106389e+01 9.438613e+01
    endloop
  endfacet
  facet normal 8.161437e-01 -4.603065e-01 3.493242e-01
    outer loop
      vertex   -9.033301e+01 1.099437e+01 9.398508e+01
      vertex   -9.046546e+01 1.106389e+01 9.438613e+01
      vertex   -9.090806e+01 9.974780e+00 9.398508e+01
    endloop
  endfacet
  facet normal 8.161437e-01 -4.603065e-01 3.493242e-01
    outer loop
      vertex   -9.090806e+01 9.974780e+00 9.398508e+01
      vertex   -9.046546e+01 1.106389e+01 9.438613e+01
      vertex   -9.103608e+01 1.005216e+01 9.438613e+01
    endloop
  endfacet
  facet normal 7.868621e-01 -5.087442e-01 3.493242e-01
    outer loop
      vertex   -9.090806e+01 9.974780e+00 9.398508e+01
      vertex   -9.103608e+01 1.005216e+01 9.438613e+01
      vertex   -9.154363e+01 8.991769e+00 9.398508e+01
    endloop
  endfacet
  facet normal 7.868621e-01 -5.087442e-01 3.493242e-01
    outer loop
      vertex   -9.154363e+01 8.991769e+00 9.398508e+01
      vertex   -9.103608e+01 1.005216e+01 9.438613e+01
      vertex   -9.166673e+01 9.076742e+00 9.438613e+01
    endloop
  endfacet
  facet normal 7.547093e-01 -5.553256e-01 3.493242e-01
    outer loop
      vertex   -9.154363e+01 8.991769e+00 9.398508e+01
      vertex   -9.166673e+01 9.076742e+00 9.438613e+01
      vertex   -9.223739e+01 8.048926e+00 9.398508e+01
    endloop
  endfacet
  facet normal 7.547093e-01 -5.553256e-01 3.493242e-01
    outer loop
      vertex   -9.223739e+01 8.048926e+00 9.398508e+01
      vertex   -9.166673e+01 9.076742e+00 9.438613e+01
      vertex   -9.235513e+01 8.141177e+00 9.438613e+01
    endloop
  endfacet
  facet normal 7.198026e-01 -5.998807e-01 3.493242e-01
    outer loop
      vertex   -9.223739e+01 8.048926e+00 9.398508e+01
      vertex   -9.235513e+01 8.141177e+00 9.438613e+01
      vertex   -9.298680e+01 7.149692e+00 9.398508e+01
    endloop
  endfacet
  facet normal 7.198026e-01 -5.998807e-01 3.493242e-01
    outer loop
      vertex   -9.298680e+01 7.149692e+00 9.398508e+01
      vertex   -9.235513e+01 8.141177e+00 9.438613e+01
      vertex   -9.309877e+01 7.248883e+00 9.438613e+01
    endloop
  endfacet
  facet normal 6.822695e-01 -6.422468e-01 3.493242e-01
    outer loop
      vertex   -9.298680e+01 7.149692e+00 9.398508e+01
      vertex   -9.309877e+01 7.248883e+00 9.438613e+01
      vertex   -9.378915e+01 6.297346e+00 9.398508e+01
    endloop
  endfacet
  facet normal 6.822695e-01 -6.422468e-01 3.493242e-01
    outer loop
      vertex   -9.378915e+01 6.297346e+00 9.398508e+01
      vertex   -9.309877e+01 7.248883e+00 9.438613e+01
      vertex   -9.389492e+01 6.403117e+00 9.438613e+01
    endloop
  endfacet
  facet normal 6.422468e-01 -6.822695e-01 3.493242e-01
    outer loop
      vertex   -9.378915e+01 6.297346e+00 9.398508e+01
      vertex   -9.389492e+01 6.403117e+00 9.438613e+01
      vertex   -9.464150e+01 5.495000e+00 9.398508e+01
    endloop
  endfacet
  facet normal 6.422468e-01 -6.822695e-01 3.493242e-01
    outer loop
      vertex   -9.464150e+01 5.495000e+00 9.398508e+01
      vertex   -9.389492e+01 6.403117e+00 9.438613e+01
      vertex   -9.474069e+01 5.606965e+00 9.438613e+01
    endloop
  endfacet
  facet normal 5.998807e-01 -7.198026e-01 3.493242e-01
    outer loop
      vertex   -9.464150e+01 5.495000e+00 9.398508e+01
      vertex   -9.474069e+01 5.606965e+00 9.438613e+01
      vertex   -9.554073e+01 4.745582e+00 9.398508e+01
    endloop
  endfacet
  facet normal 5.998807e-01 -7.198026e-01 3.493242e-01
    outer loop
      vertex   -9.554073e+01 4.745582e+00 9.398508e+01
      vertex   -9.474069e+01 5.606965e+00 9.438613e+01
      vertex   -9.563298e+01 4.863331e+00 9.438613e+01
    endloop
  endfacet
  facet normal 5.553256e-01 -7.547093e-01 3.493242e-01
    outer loop
      vertex   -9.554073e+01 4.745582e+00 9.398508e+01
      vertex   -9.563298e+01 4.863331e+00 9.438613e+01
      vertex   -9.648357e+01 4.051825e+00 9.398508e+01
    endloop
  endfacet
  facet normal 5.553256e-01 -7.547093e-01 3.493242e-01
    outer loop
      vertex   -9.648357e+01 4.051825e+00 9.398508e+01
      vertex   -9.563298e+01 4.863331e+00 9.438613e+01
      vertex   -9.656855e+01 4.174929e+00 9.438613e+01
    endloop
  endfacet
  facet normal 5.087442e-01 -7.868621e-01 3.493242e-01
    outer loop
      vertex   -9.648357e+01 4.051825e+00 9.398508e+01
      vertex   -9.656855e+01 4.174929e+00 9.438613e+01
      vertex   -9.746658e+01 3.416261e+00 9.398508e+01
    endloop
  endfacet
  facet normal 5.087442e-01 -7.868621e-01 3.493242e-01
    outer loop
      vertex   -9.746658e+01 3.416261e+00 9.398508e+01
      vertex   -9.656855e+01 4.174929e+00 9.438613e+01
      vertex   -9.754397e+01 3.544271e+00 9.438613e+01
    endloop
  endfacet
  facet normal 4.603065e-01 -8.161437e-01 3.493242e-01
    outer loop
      vertex   -9.746658e+01 3.416261e+00 9.398508e+01
      vertex   -9.754397e+01 3.544271e+00 9.438613e+01
      vertex   -9.848618e+01 2.841209e+00 9.398508e+01
    endloop
  endfacet
  facet normal 4.603065e-01 -8.161437e-01 3.493242e-01
    outer loop
      vertex   -9.848618e+01 2.841209e+00 9.398508e+01
      vertex   -9.754397e+01 3.544271e+00 9.438613e+01
      vertex   -9.855569e+01 2.973658e+00 9.438613e+01
    endloop
  endfacet
  facet normal 4.101892e-01 -8.424473e-01 3.493242e-01
    outer loop
      vertex   -9.848618e+01 2.841209e+00 9.398508e+01
      vertex   -9.855569e+01 2.973658e+00 9.438613e+01
      vertex   -9.953863e+01 2.328768e+00 9.398508e+01
    endloop
  endfacet
  facet normal 4.101892e-01 -8.424473e-01 3.493242e-01
    outer loop
      vertex   -9.953863e+01 2.328768e+00 9.398508e+01
      vertex   -9.855569e+01 2.973658e+00 9.438613e+01
      vertex   -9.960002e+01 2.465173e+00 9.438613e+01
    endloop
  endfacet
  facet normal 3.585751e-01 -8.656769e-01 3.493242e-01
    outer loop
      vertex   -9.953863e+01 2.328768e+00 9.398508e+01
      vertex   -9.960002e+01 2.465173e+00 9.438613e+01
      vertex   -1.006201e+02 1.880807e+00 9.398508e+01
    endloop
  endfacet
  facet normal 3.585751e-01 -8.656769e-01 3.493242e-01
    outer loop
      vertex   -1.006201e+02 1.880807e+00 9.398508e+01
      vertex   -9.960002e+01 2.465173e+00 9.438613e+01
      vertex   -1.006731e+02 2.020670e+00 9.438613e+01
    endloop
  endfacet
  facet normal 3.056526e-01 -8.857477e-01 3.493242e-01
    outer loop
      vertex   -1.006201e+02 1.880807e+00 9.398508e+01
      vertex   -1.006731e+02 2.020670e+00 9.438613e+01
      vertex   -1.017266e+02 1.498962e+00 9.398508e+01
    endloop
  endfacet
  facet normal 3.056526e-01 -8.857477e-01 3.493242e-01
    outer loop
      vertex   -1.017266e+02 1.498962e+00 9.398508e+01
      vertex   -1.006731e+02 2.020670e+00 9.438613e+01
      vertex   -1.017711e+02 1.641772e+00 9.438613e+01
    endloop
  endfacet
  facet normal 2.516149e-01 -9.025866e-01 3.493242e-01
    outer loop
      vertex   -1.017266e+02 1.498962e+00 9.398508e+01
      vertex   -1.017711e+02 1.641772e+00 9.438613e+01
      vertex   -1.028542e+02 1.184624e+00 9.398508e+01
    endloop
  endfacet
  facet normal 2.516149e-01 -9.025866e-01 3.493242e-01
    outer loop
      vertex   -1.028542e+02 1.184624e+00 9.398508e+01
      vertex   -1.017711e+02 1.641772e+00 9.438613e+01
      vertex   -1.028900e+02 1.329861e+00 9.438613e+01
    endloop
  endfacet
  facet normal 1.966590e-01 -9.161320e-01 3.493242e-01
    outer loop
      vertex   -1.028542e+02 1.184624e+00 9.398508e+01
      vertex   -1.028900e+02 1.329861e+00 9.438613e+01
      vertex   -1.039987e+02 9.389424e-01 9.398508e+01
    endloop
  endfacet
  facet normal 1.966590e-01 -9.161320e-01 3.493242e-01
    outer loop
      vertex   -1.039987e+02 9.389424e-01 9.398508e+01
      vertex   -1.028900e+02 1.329861e+00 9.438613e+01
      vertex   -1.040257e+02 1.086075e+00 9.438613e+01
    endloop
  endfacet
  facet normal 1.409855e-01 -9.263345e-01 3.493242e-01
    outer loop
      vertex   -1.039987e+02 9.389424e-01 9.398508e+01
      vertex   -1.040257e+02 1.086075e+00 9.438613e+01
      vertex   -1.051560e+02 7.628120e-01 9.398508e+01
    endloop
  endfacet
  facet normal 1.409855e-01 -9.263345e-01 3.493242e-01
    outer loop
      vertex   -1.051560e+02 7.628120e-01 9.398508e+01
      vertex   -1.040257e+02 1.086075e+00 9.438613e+01
      vertex   -1.051740e+02 9.113043e-01 9.438613e+01
    endloop
  endfacet
  facet normal 8.479762e-02 -9.331570e-01 3.493242e-01
    outer loop
      vertex   -1.051560e+02 7.628120e-01 9.398508e+01
      vertex   -1.051740e+02 9.113043e-01 9.438613e+01
      vertex   -1.063218e+02 6.568761e-01 9.398508e+01
    endloop
  endfacet
  facet normal 8.479762e-02 -9.331570e-01 3.493242e-01
    outer loop
      vertex   -1.063218e+02 6.568761e-01 9.398508e+01
      vertex   -1.051740e+02 9.113043e-01 9.438613e+01
      vertex   -1.063308e+02 8.061861e-01 9.438613e+01
    endloop
  endfacet
  facet normal 2.830030e-02 -9.365744e-01 3.493242e-01
    outer loop
      vertex   -1.063218e+02 6.568761e-01 9.398508e+01
      vertex   -1.063308e+02 8.061861e-01 9.438613e+01
      vertex   -1.074918e+02 6.215211e-01 9.398508e+01
    endloop
  endfacet
  facet normal 2.830030e-02 -9.365744e-01 3.493242e-01
    outer loop
      vertex   -1.074918e+02 6.215211e-01 9.398508e+01
      vertex   -1.063308e+02 8.061861e-01 9.438613e+01
      vertex   -1.074918e+02 7.711040e-01 9.438613e+01
    endloop
  endfacet
  facet normal -2.830030e-02 -9.365744e-01 3.493242e-01
    outer loop
      vertex   -1.074918e+02 6.215211e-01 9.398508e+01
      vertex   -1.074918e+02 7.711040e-01 9.438613e+01
      vertex   -1.086618e+02 6.568761e-01 9.398508e+01
    endloop
  endfacet
  facet normal -2.830030e-02 -9.365744e-01 3.493242e-01
    outer loop
      vertex   -1.086618e+02 6.568761e-01 9.398508e+01
      vertex   -1.074918e+02 7.711040e-01 9.438613e+01
      vertex   -1.086528e+02 8.061861e-01 9.438613e+01
    endloop
  endfacet
  facet normal -8.479762e-02 -9.331570e-01 3.493242e-01
    outer loop
      vertex   -1.086618e+02 6.568761e-01 9.398508e+01
      vertex   -1.086528e+02 8.061861e-01 9.438613e+01
      vertex   -1.098276e+02 7.628120e-01 9.398508e+01
    endloop
  endfacet
  facet normal -8.479762e-02 -9.331570e-01 3.493242e-01
    outer loop
      vertex   -1.098276e+02 7.628120e-01 9.398508e+01
      vertex   -1.086528e+02 8.061861e-01 9.438613e+01
      vertex   -1.098096e+02 9.113043e-01 9.438613e+01
    endloop
  endfacet
  facet normal -1.409855e-01 -9.263345e-01 3.493242e-01
    outer loop
      vertex   -1.098276e+02 7.628120e-01 9.398508e+01
      vertex   -1.098096e+02 9.113043e-01 9.438613e+01
      vertex   -1.109849e+02 9.389424e-01 9.398508e+01
    endloop
  endfacet
  facet normal -1.409855e-01 -9.263345e-01 3.493242e-01
    outer loop
      vertex   -1.109849e+02 9.389424e-01 9.398508e+01
      vertex   -1.098096e+02 9.113043e-01 9.438613e+01
      vertex   -1.109579e+02 1.086075e+00 9.438613e+01
    endloop
  endfacet
  facet normal -1.966590e-01 -9.161320e-01 3.493242e-01
    outer loop
      vertex   -1.109849e+02 9.389424e-01 9.398508e+01
      vertex   -1.109579e+02 1.086075e+00 9.438613e+01
      vertex   -1.121294e+02 1.184624e+00 9.398508e+01
    endloop
  endfacet
  facet normal -1.966590e-01 -9.161320e-01 3.493242e-01
    outer loop
      vertex   -1.121294e+02 1.184624e+00 9.398508e+01
      vertex   -1.109579e+02 1.086075e+00 9.438613e+01
      vertex   -1.120936e+02 1.329861e+00 9.438613e+01
    endloop
  endfacet
  facet normal -2.516149e-01 -9.025866e-01 3.493242e-01
    outer loop
      vertex   -1.121294e+02 1.184624e+00 9.398508e+01
      vertex   -1.120936e+02 1.329861e+00 9.438613e+01
      vertex   -1.132570e+02 1.498962e+00 9.398508e+01
    endloop
  endfacet
  facet normal -2.516149e-01 -9.025866e-01 3.493242e-01
    outer loop
      vertex   -1.132570e+02 1.498962e+00 9.398508e+01
      vertex   -1.120936e+02 1.329861e+00 9.438613e+01
      vertex   -1.132125e+02 1.641772e+00 9.438613e+01
    endloop
  endfacet
  facet normal -3.056526e-01 -8.857477e-01 3.493242e-01
    outer loop
      vertex   -1.132570e+02 1.498962e+00 9.398508e+01
      vertex   -1.132125e+02 1.641772e+00 9.438613e+01
      vertex   -1.143635e+02 1.880807e+00 9.398508e+01
    endloop
  endfacet
  facet normal -3.056526e-01 -8.857477e-01 3.493242e-01
    outer loop
      vertex   -1.143635e+02 1.880807e+00 9.398508e+01
      vertex   -1.132125e+02 1.641772e+00 9.438613e+01
      vertex   -1.143105e+02 2.020670e+00 9.438613e+01
    endloop
  endfacet
  facet normal -3.585751e-01 -8.656769e-01 3.493242e-01
    outer loop
      vertex   -1.143635e+02 1.880807e+00 9.398508e+01
      vertex   -1.143105e+02 2.020670e+00 9.438613e+01
      vertex   -1.154450e+02 2.328768e+00 9.398508e+01
    endloop
  endfacet
  facet normal -3.585751e-01 -8.656769e-01 3.493242e-01
    outer loop
      vertex   -1.154450e+02 2.328768e+00 9.398508e+01
      vertex   -1.143105e+02 2.020670e+00 9.438613e+01
      vertex   -1.153836e+02 2.465173e+00 9.438613e+01
    endloop
  endfacet
  facet normal -4.101892e-01 -8.424473e-01 3.493242e-01
    outer loop
      vertex   -1.154450e+02 2.328768e+00 9.398508e+01
      vertex   -1.153836e+02 2.465173e+00 9.438613e+01
      vertex   -1.164974e+02 2.841209e+00 9.398508e+01
    endloop
  endfacet
  facet normal -4.101892e-01 -8.424473e-01 3.493242e-01
    outer loop
      vertex   -1.164974e+02 2.841209e+00 9.398508e+01
      vertex   -1.153836e+02 2.465173e+00 9.438613e+01
      vertex   -1.164279e+02 2.973658e+00 9.438613e+01
    endloop
  endfacet
  facet normal -4.603065e-01 -8.161437e-01 3.493242e-01
    outer loop
      vertex   -1.164974e+02 2.841209e+00 9.398508e+01
      vertex   -1.164279e+02 2.973658e+00 9.438613e+01
      vertex   -1.175170e+02 3.416261e+00 9.398508e+01
    endloop
  endfacet
  facet normal -4.603065e-01 -8.161437e-01 3.493242e-01
    outer loop
      vertex   -1.175170e+02 3.416261e+00 9.398508e+01
      vertex   -1.164279e+02 2.973658e+00 9.438613e+01
      vertex   -1.174396e+02 3.544271e+00 9.438613e+01
    endloop
  endfacet
  facet normal -5.087442e-01 -7.868621e-01 3.493242e-01
    outer loop
      vertex   -1.175170e+02 3.416261e+00 9.398508e+01
      vertex   -1.174396e+02 3.544271e+00 9.438613e+01
      vertex   -1.185000e+02 4.051825e+00 9.398508e+01
    endloop
  endfacet
  facet normal -5.087442e-01 -7.868621e-01 3.493242e-01
    outer loop
      vertex   -1.185000e+02 4.051825e+00 9.398508e+01
      vertex   -1.174396e+02 3.544271e+00 9.438613e+01
      vertex   -1.184151e+02 4.174929e+00 9.438613e+01
    endloop
  endfacet
  facet normal -5.553256e-01 -7.547093e-01 3.493242e-01
    outer loop
      vertex   -1.185000e+02 4.051825e+00 9.398508e+01
      vertex   -1.184151e+02 4.174929e+00 9.438613e+01
      vertex   -1.194429e+02 4.745582e+00 9.398508e+01
    endloop
  endfacet
  facet normal -5.553256e-01 -7.547093e-01 3.493242e-01
    outer loop
      vertex   -1.194429e+02 4.745582e+00 9.398508e+01
      vertex   -1.184151e+02 4.174929e+00 9.438613e+01
      vertex   -1.193506e+02 4.863331e+00 9.438613e+01
    endloop
  endfacet
  facet normal -5.998807e-01 -7.198026e-01 3.493242e-01
    outer loop
      vertex   -1.194429e+02 4.745582e+00 9.398508e+01
      vertex   -1.193506e+02 4.863331e+00 9.438613e+01
      vertex   -1.203421e+02 5.495000e+00 9.398508e+01
    endloop
  endfacet
  facet normal -5.998807e-01 -7.198026e-01 3.493242e-01
    outer loop
      vertex   -1.203421e+02 5.495000e+00 9.398508e+01
      vertex   -1.193506e+02 4.863331e+00 9.438613e+01
      vertex   -1.202429e+02 5.606965e+00 9.438613e+01
    endloop
  endfacet
  facet normal -6.422468e-01 -6.822695e-01 3.493242e-01
    outer loop
      vertex   -1.203421e+02 5.495000e+00 9.398508e+01
      vertex   -1.202429e+02 5.606965e+00 9.438613e+01
      vertex   -1.211945e+02 6.297346e+00 9.398508e+01
    endloop
  endfacet
  facet normal -6.422468e-01 -6.822695e-01 3.493242e-01
    outer loop
      vertex   -1.211945e+02 6.297346e+00 9.398508e+01
      vertex   -1.202429e+02 5.606965e+00 9.438613e+01
      vertex   -1.210887e+02 6.403117e+00 9.438613e+01
    endloop
  endfacet
  facet normal -6.822695e-01 -6.422468e-01 3.493242e-01
    outer loop
      vertex   -1.211945e+02 6.297346e+00 9.398508e+01
      vertex   -1.210887e+02 6.403117e+00 9.438613e+01
      vertex   -1.219968e+02 7.149692e+00 9.398508e+01
    endloop
  endfacet
  facet normal -6.822695e-01 -6.422468e-01 3.493242e-01
    outer loop
      vertex   -1.219968e+02 7.149692e+00 9.398508e+01
      vertex   -1.210887e+02 6.403117e+00 9.438613e+01
      vertex   -1.218848e+02 7.248883e+00 9.438613e+01
    endloop
  endfacet
  facet normal -7.198026e-01 -5.998807e-01 3.493242e-01
    outer loop
      vertex   -1.219968e+02 7.149692e+00 9.398508e+01
      vertex   -1.218848e+02 7.248883e+00 9.438613e+01
      vertex   -1.227462e+02 8.048926e+00 9.398508e+01
    endloop
  endfacet
  facet normal -7.198026e-01 -5.998807e-01 3.493242e-01
    outer loop
      vertex   -1.227462e+02 8.048926e+00 9.398508e+01
      vertex   -1.218848e+02 7.248883e+00 9.438613e+01
      vertex   -1.226285e+02 8.141177e+00 9.438613e+01
    endloop
  endfacet
  facet normal -7.547093e-01 -5.553256e-01 3.493242e-01
    outer loop
      vertex   -1.227462e+02 8.048926e+00 9.398508e+01
      vertex   -1.226285e+02 8.141177e+00 9.438613e+01
      vertex   -1.234400e+02 8.991769e+00 9.398508e+01
    endloop
  endfacet
  facet normal -7.547093e-01 -5.553256e-01 3.493242e-01
    outer loop
      vertex   -1.234400e+02 8.991769e+00 9.398508e+01
      vertex   -1.226285e+02 8.141177e+00 9.438613e+01
      vertex   -1.233169e+02 9.076742e+00 9.438613e+01
    endloop
  endfacet
  facet normal -7.868621e-01 -5.087442e-01 3.493242e-01
    outer loop
      vertex   -1.234400e+02 8.991769e+00 9.398508e+01
      vertex   -1.233169e+02 9.076742e+00 9.438613e+01
      vertex   -1.240755e+02 9.974780e+00 9.398508e+01
    endloop
  endfacet
  facet normal -7.868621e-01 -5.087442e-01 3.493242e-01
    outer loop
      vertex   -1.240755e+02 9.974780e+00 9.398508e+01
      vertex   -1.233169e+02 9.076742e+00 9.438613e+01
      vertex   -1.239475e+02 1.005216e+01 9.438613e+01
    endloop
  endfacet
  facet normal -8.161437e-01 -4.603065e-01 3.493242e-01
    outer loop
      vertex   -1.240755e+02 9.974780e+00 9.398508e+01
      vertex   -1.239475e+02 1.005216e+01 9.438613e+01
      vertex   -1.246506e+02 1.099437e+01 9.398508e+01
    endloop
  endfacet
  facet normal -8.161437e-01 -4.603065e-01 3.493242e-01
    outer loop
      vertex   -1.246506e+02 1.099437e+01 9.398508e+01
      vertex   -1.239475e+02 1.005216e+01 9.438613e+01
      vertex   -1.245181e+02 1.106389e+01 9.438613e+01
    endloop
  endfacet
  facet normal -8.424473e-01 -4.101892e-01 3.493242e-01
    outer loop
      vertex   -1.246506e+02 1.099437e+01 9.398508e+01
      vertex   -1.245181e+02 1.106389e+01 9.438613e+01
      vertex   -1.251630e+02 1.204682e+01 9.398508e+01
    endloop
  endfacet
  facet normal -8.424473e-01 -4.101892e-01 3.493242e-01
    outer loop
      vertex   -1.251630e+02 1.204682e+01 9.398508e+01
      vertex   -1.245181e+02 1.106389e+01 9.438613e+01
      vertex   -1.250266e+02 1.210821e+01 9.438613e+01
    endloop
  endfacet
  facet normal -8.656769e-01 -3.585751e-01 3.493242e-01
    outer loop
      vertex   -1.251630e+02 1.204682e+01 9.398508e+01
      vertex   -1.250266e+02 1.210821e+01 9.438613e+01
      vertex   -1.256110e+02 1.312830e+01 9.398508e+01
    endloop
  endfacet
  facet normal -8.656769e-01 -3.585751e-01 3.493242e-01
    outer loop
      vertex   -1.256110e+02 1.312830e+01 9.398508e+01
      vertex   -1.250266e+02 1.210821e+01 9.438613e+01
      vertex   -1.254711e+02 1.318134e+01 9.438613e+01
    endloop
  endfacet
  facet normal -8.857477e-01 -3.056526e-01 3.493242e-01
    outer loop
      vertex   -1.256110e+02 1.312830e+01 9.398508e+01
      vertex   -1.254711e+02 1.318134e+01 9.438613e+01
      vertex   -1.259928e+02 1.423484e+01 9.398508e+01
    endloop
  endfacet
  facet normal -8.857477e-01 -3.056526e-01 3.493242e-01
    outer loop
      vertex   -1.259928e+02 1.423484e+01 9.398508e+01
      vertex   -1.254711e+02 1.318134e+01 9.438613e+01
      vertex   -1.258500e+02 1.427934e+01 9.438613e+01
    endloop
  endfacet
  facet normal -9.025866e-01 -2.516149e-01 3.493242e-01
    outer loop
      vertex   -1.259928e+02 1.423484e+01 9.398508e+01
      vertex   -1.258500e+02 1.427934e+01 9.438613e+01
      vertex   -1.263072e+02 1.536243e+01 9.398508e+01
    endloop
  endfacet
  facet normal -9.025866e-01 -2.516149e-01 3.493242e-01
    outer loop
      vertex   -1.263072e+02 1.536243e+01 9.398508e+01
      vertex   -1.258500e+02 1.427934e+01 9.438613e+01
      vertex   -1.261619e+02 1.539822e+01 9.438613e+01
    endloop
  endfacet
  facet normal -9.161320e-01 -1.966590e-01 3.493242e-01
    outer loop
      vertex   -1.263072e+02 1.536243e+01 9.398508e+01
      vertex   -1.261619e+02 1.539822e+01 9.438613e+01
      vertex   -1.265529e+02 1.650693e+01 9.398508e+01
    endloop
  endfacet
  facet normal -9.161320e-01 -1.966590e-01 3.493242e-01
    outer loop
      vertex   -1.265529e+02 1.650693e+01 9.398508e+01
      vertex   -1.261619e+02 1.539822e+01 9.438613e+01
      vertex   -1.264057e+02 1.653389e+01 9.438613e+01
    endloop
  endfacet
  facet normal -9.263345e-01 -1.409855e-01 3.493242e-01
    outer loop
      vertex   -1.265529e+02 1.650693e+01 9.398508e+01
      vertex   -1.264057e+02 1.653389e+01 9.438613e+01
      vertex   -1.267290e+02 1.766418e+01 9.398508e+01
    endloop
  endfacet
  facet normal -9.263345e-01 -1.409855e-01 3.493242e-01
    outer loop
      vertex   -1.267290e+02 1.766418e+01 9.398508e+01
      vertex   -1.264057e+02 1.653389e+01 9.438613e+01
      vertex   -1.265805e+02 1.768221e+01 9.438613e+01
    endloop
  endfacet
  facet normal -9.331570e-01 -8.479762e-02 3.493242e-01
    outer loop
      vertex   -1.267290e+02 1.766418e+01 9.398508e+01
      vertex   -1.265805e+02 1.768221e+01 9.438613e+01
      vertex   -1.268349e+02 1.882996e+01 9.398508e+01
    endloop
  endfacet
  facet normal -9.331570e-01 -8.479762e-02 3.493242e-01
    outer loop
      vertex   -1.268349e+02 1.882996e+01 9.398508e+01
      vertex   -1.265805e+02 1.768221e+01 9.438613e+01
      vertex   -1.266856e+02 1.883899e+01 9.438613e+01
    endloop
  endfacet
  facet normal -9.365744e-01 -2.830030e-02 3.493242e-01
    outer loop
      vertex   -1.268349e+02 1.882996e+01 9.398508e+01
      vertex   -1.266856e+02 1.883899e+01 9.438613e+01
      vertex   -1.268703e+02 2.000000e+01 9.398508e+01
    endloop
  endfacet
  facet normal -9.365744e-01 -2.830030e-02 3.493242e-01
    outer loop
      vertex   -1.268703e+02 2.000000e+01 9.398508e+01
      vertex   -1.266856e+02 1.883899e+01 9.438613e+01
      vertex   -1.267207e+02 2.000000e+01 9.438613e+01
    endloop
  endfacet
  facet normal -9.365744e-01 2.830030e-02 3.493242e-01
    outer loop
      vertex   -1.268703e+02 2.000000e+01 9.398508e+01
      vertex   -1.267207e+02 2.000000e+01 9.438613e+01
      vertex   -1.268349e+02 2.117004e+01 9.398508e+01
    endloop
  endfacet
  facet normal -9.365744e-01 2.830030e-02 3.493242e-01
    outer loop
      vertex   -1.268349e+02 2.117004e+01 9.398508e+01
      vertex   -1.267207e+02 2.000000e+01 9.438613e+01
      vertex   -1.266856e+02 2.116101e+01 9.438613e+01
    endloop
  endfacet
  facet normal -9.331570e-01 8.479762e-02 3.493242e-01
    outer loop
      vertex   -1.268349e+02 2.117004e+01 9.398508e+01
      vertex   -1.266856e+02 2.116101e+01 9.438613e+01
      vertex   -1.267290e+02 2.233582e+01 9.398508e+01
    endloop
  endfacet
  facet normal -9.331570e-01 8.479762e-02 3.493242e-01
    outer loop
      vertex   -1.267290e+02 2.233582e+01 9.398508e+01
      vertex   -1.266856e+02 2.116101e+01 9.438613e+01
      vertex   -1.265805e+02 2.231779e+01 9.438613e+01
    endloop
  endfacet
  facet normal -9.263345e-01 1.409855e-01 3.493242e-01
    outer loop
      vertex   -1.267290e+02 2.233582e+01 9.398508e+01
      vertex   -1.265805e+02 2.231779e+01 9.438613e+01
      vertex   -1.265529e+02 2.349307e+01 9.398508e+01
    endloop
  endfacet
  facet normal -9.263345e-01 1.409855e-01 3.493242e-01
    outer loop
      vertex   -1.265529e+02 2.349307e+01 9.398508e+01
      vertex   -1.265805e+02 2.231779e+01 9.438613e+01
      vertex   -1.264057e+02 2.346611e+01 9.438613e+01
    endloop
  endfacet
  facet normal -9.161320e-01 1.966590e-01 3.493242e-01
    outer loop
      vertex   -1.265529e+02 2.349307e+01 9.398508e+01
      vertex   -1.264057e+02 2.346611e+01 9.438613e+01
      vertex   -1.263072e+02 2.463757e+01 9.398508e+01
    endloop
  endfacet
  facet normal -9.161320e-01 1.966590e-01 3.493242e-01
    outer loop
      vertex   -1.263072e+02 2.463757e+01 9.398508e+01
      vertex   -1.264057e+02 2.346611e+01 9.438613e+01
      vertex   -1.261619e+02 2.460178e+01 9.438613e+01
    endloop
  endfacet
  facet normal -9.025866e-01 2.516149e-01 3.493242e-01
    outer loop
      vertex   -1.263072e+02 2.463757e+01 9.398508e+01
      vertex   -1.261619e+02 2.460178e+01 9.438613e+01
      vertex   -1.259928e+02 2.576516e+01 9.398508e+01
    endloop
  endfacet
  facet normal -9.025866e-01 2.516149e-01 3.493242e-01
    outer loop
      vertex   -1.259928e+02 2.576516e+01 9.398508e+01
      vertex   -1.261619e+02 2.460178e+01 9.438613e+01
      vertex   -1.258500e+02 2.572066e+01 9.438613e+01
    endloop
  endfacet
  facet normal -8.857477e-01 3.056526e-01 3.493242e-01
    outer loop
      vertex   -1.259928e+02 2.576516e+01 9.398508e+01
      vertex   -1.258500e+02 2.572066e+01 9.438613e+01
      vertex   -1.256110e+02 2.687170e+01 9.398508e+01
    endloop
  endfacet
  facet normal -8.857477e-01 3.056526e-01 3.493242e-01
    outer loop
      vertex   -1.256110e+02 2.687170e+01 9.398508e+01
      vertex   -1.258500e+02 2.572066e+01 9.438613e+01
      vertex   -1.254711e+02 2.681866e+01 9.438613e+01
    endloop
  endfacet
  facet normal -8.656769e-01 3.585751e-01 3.493242e-01
    outer loop
      vertex   -1.256110e+02 2.687170e+01 9.398508e+01
      vertex   -1.254711e+02 2.681866e+01 9.438613e+01
      vertex   -1.251630e+02 2.795318e+01 9.398508e+01
    endloop
  endfacet
  facet normal -8.656769e-01 3.585751e-01 3.493242e-01
    outer loop
      vertex   -1.251630e+02 2.795318e+01 9.398508e+01
      vertex   -1.254711e+02 2.681866e+01 9.438613e+01
      vertex   -1.250266e+02 2.789179e+01 9.438613e+01
    endloop
  endfacet
  facet normal -8.424473e-01 4.101892e-01 3.493242e-01
    outer loop
      vertex   -1.251630e+02 2.795318e+01 9.398508e+01
      vertex   -1.250266e+02 2.789179e+01 9.438613e+01
      vertex   -1.246506e+02 2.900563e+01 9.398508e+01
    endloop
  endfacet
  facet normal -8.424473e-01 4.101892e-01 3.493242e-01
    outer loop
      vertex   -1.246506e+02 2.900563e+01 9.398508e+01
      vertex   -1.250266e+02 2.789179e+01 9.438613e+01
      vertex   -1.245181e+02 2.893611e+01 9.438613e+01
    endloop
  endfacet
  facet normal -8.161437e-01 4.603065e-01 3.493242e-01
    outer loop
      vertex   -1.246506e+02 2.900563e+01 9.398508e+01
      vertex   -1.245181e+02 2.893611e+01 9.438613e+01
      vertex   -1.240755e+02 3.002522e+01 9.398508e+01
    endloop
  endfacet
  facet normal -8.161437e-01 4.603065e-01 3.493242e-01
    outer loop
      vertex   -1.240755e+02 3.002522e+01 9.398508e+01
      vertex   -1.245181e+02 2.893611e+01 9.438613e+01
      vertex   -1.239475e+02 2.994784e+01 9.438613e+01
    endloop
  endfacet
  facet normal -7.868621e-01 5.087442e-01 3.493242e-01
    outer loop
      vertex   -1.240755e+02 3.002522e+01 9.398508e+01
      vertex   -1.239475e+02 2.994784e+01 9.438613e+01
      vertex   -1.234400e+02 3.100823e+01 9.398508e+01
    endloop
  endfacet
  facet normal -7.868621e-01 5.087442e-01 3.493242e-01
    outer loop
      vertex   -1.234400e+02 3.100823e+01 9.398508e+01
      vertex   -1.239475e+02 2.994784e+01 9.438613e+01
      vertex   -1.233169e+02 3.092326e+01 9.438613e+01
    endloop
  endfacet
  facet normal -7.547093e-01 5.553256e-01 3.493242e-01
    outer loop
      vertex   -1.234400e+02 3.100823e+01 9.398508e+01
      vertex   -1.233169e+02 3.092326e+01 9.438613e+01
      vertex   -1.227462e+02 3.195107e+01 9.398508e+01
    endloop
  endfacet
  facet normal -7.547093e-01 5.553256e-01 3.493242e-01
    outer loop
      vertex   -1.227462e+02 3.195107e+01 9.398508e+01
      vertex   -1.233169e+02 3.092326e+01 9.438613e+01
      vertex   -1.226285e+02 3.185882e+01 9.438613e+01
    endloop
  endfacet
  facet normal -7.198026e-01 5.998807e-01 3.493242e-01
    outer loop
      vertex   -1.227462e+02 3.195107e+01 9.398508e+01
      vertex   -1.226285e+02 3.185882e+01 9.438613e+01
      vertex   -1.219968e+02 3.285031e+01 9.398508e+01
    endloop
  endfacet
  facet normal -7.198026e-01 5.998807e-01 3.493242e-01
    outer loop
      vertex   -1.219968e+02 3.285031e+01 9.398508e+01
      vertex   -1.226285e+02 3.185882e+01 9.438613e+01
      vertex   -1.218848e+02 3.275112e+01 9.438613e+01
    endloop
  endfacet
  facet normal -6.822695e-01 6.422468e-01 3.493242e-01
    outer loop
      vertex   -1.219968e+02 3.285031e+01 9.398508e+01
      vertex   -1.218848e+02 3.275112e+01 9.438613e+01
      vertex   -1.211945e+02 3.370265e+01 9.398508e+01
    endloop
  endfacet
  facet normal -6.822695e-01 6.422468e-01 3.493242e-01
    outer loop
      vertex   -1.211945e+02 3.370265e+01 9.398508e+01
      vertex   -1.218848e+02 3.275112e+01 9.438613e+01
      vertex   -1.210887e+02 3.359688e+01 9.438613e+01
    endloop
  endfacet
  facet normal -6.422468e-01 6.822695e-01 3.493242e-01
    outer loop
      vertex   -1.211945e+02 3.370265e+01 9.398508e+01
      vertex   -1.210887e+02 3.359688e+01 9.438613e+01
      vertex   -1.203421e+02 3.450500e+01 9.398508e+01
    endloop
  endfacet
  facet normal -6.422468e-01 6.822695e-01 3.493242e-01
    outer loop
      vertex   -1.203421e+02 3.450500e+01 9.398508e+01
      vertex   -1.210887e+02 3.359688e+01 9.438613e+01
      vertex   -1.202429e+02 3.439304e+01 9.438613e+01
    endloop
  endfacet
  facet normal -5.998807e-01 7.198026e-01 3.493242e-01
    outer loop
      vertex   -1.203421e+02 3.450500e+01 9.398508e+01
      vertex   -1.202429e+02 3.439304e+01 9.438613e+01
      vertex   -1.194429e+02 3.525442e+01 9.398508e+01
    endloop
  endfacet
  facet normal -5.998807e-01 7.198026e-01 3.493242e-01
    outer loop
      vertex   -1.194429e+02 3.525442e+01 9.398508e+01
      vertex   -1.202429e+02 3.439304e+01 9.438613e+01
      vertex   -1.193506e+02 3.513667e+01 9.438613e+01
    endloop
  endfacet
  facet normal -5.553256e-01 7.547093e-01 3.493242e-01
    outer loop
      vertex   -1.194429e+02 3.525442e+01 9.398508e+01
      vertex   -1.193506e+02 3.513667e+01 9.438613e+01
      vertex   -1.185000e+02 3.594818e+01 9.398508e+01
    endloop
  endfacet
  facet normal -5.553256e-01 7.547093e-01 3.493242e-01
    outer loop
      vertex   -1.185000e+02 3.594818e+01 9.398508e+01
      vertex   -1.193506e+02 3.513667e+01 9.438613e+01
      vertex   -1.184151e+02 3.582507e+01 9.438613e+01
    endloop
  endfacet
  facet normal -5.087442e-01 7.868621e-01 3.493242e-01
    outer loop
      vertex   -1.185000e+02 3.594818e+01 9.398508e+01
      vertex   -1.184151e+02 3.582507e+01 9.438613e+01
      vertex   -1.175170e+02 3.658374e+01 9.398508e+01
    endloop
  endfacet
  facet normal -5.087442e-01 7.868621e-01 3.493242e-01
    outer loop
      vertex   -1.175170e+02 3.658374e+01 9.398508e+01
      vertex   -1.184151e+02 3.582507e+01 9.438613e+01
      vertex   -1.174396e+02 3.645573e+01 9.438613e+01
    endloop
  endfacet
  facet normal -4.603065e-01 8.161437e-01 3.493242e-01
    outer loop
      vertex   -1.175170e+02 3.658374e+01 9.398508e+01
      vertex   -1.174396e+02 3.645573e+01 9.438613e+01
      vertex   -1.164974e+02 3.715879e+01 9.398508e+01
    endloop
  endfacet
  facet normal -4.603065e-01 8.161437e-01 3.493242e-01
    outer loop
      vertex   -1.164974e+02 3.715879e+01 9.398508e+01
      vertex   -1.174396e+02 3.645573e+01 9.438613e+01
      vertex   -1.164279e+02 3.702634e+01 9.438613e+01
    endloop
  endfacet
  facet normal -4.101892e-01 8.424473e-01 3.493242e-01
    outer loop
      vertex   -1.164974e+02 3.715879e+01 9.398508e+01
      vertex   -1.164279e+02 3.702634e+01 9.438613e+01
      vertex   -1.154450e+02 3.767123e+01 9.398508e+01
    endloop
  endfacet
  facet normal -4.101892e-01 8.424473e-01 3.493242e-01
    outer loop
      vertex   -1.154450e+02 3.767123e+01 9.398508e+01
      vertex   -1.164279e+02 3.702634e+01 9.438613e+01
      vertex   -1.153836e+02 3.753483e+01 9.438613e+01
    endloop
  endfacet
  facet normal -3.585751e-01 8.656769e-01 3.493242e-01
    outer loop
      vertex   -1.154450e+02 3.767123e+01 9.398508e+01
      vertex   -1.153836e+02 3.753483e+01 9.438613e+01
      vertex   -1.143635e+02 3.811919e+01 9.398508e+01
    endloop
  endfacet
  facet normal -3.585751e-01 8.656769e-01 3.493242e-01
    outer loop
      vertex   -1.143635e+02 3.811919e+01 9.398508e+01
      vertex   -1.153836e+02 3.753483e+01 9.438613e+01
      vertex   -1.143105e+02 3.797933e+01 9.438613e+01
    endloop
  endfacet
  facet normal -3.056526e-01 8.857477e-01 3.493242e-01
    outer loop
      vertex   -1.143635e+02 3.811919e+01 9.398508e+01
      vertex   -1.143105e+02 3.797933e+01 9.438613e+01
      vertex   -1.132570e+02 3.850104e+01 9.398508e+01
    endloop
  endfacet
  facet normal -3.056526e-01 8.857477e-01 3.493242e-01
    outer loop
      vertex   -1.132570e+02 3.850104e+01 9.398508e+01
      vertex   -1.143105e+02 3.797933e+01 9.438613e+01
      vertex   -1.132125e+02 3.835823e+01 9.438613e+01
    endloop
  endfacet
  facet normal -2.516149e-01 9.025866e-01 3.493242e-01
    outer loop
      vertex   -1.132570e+02 3.850104e+01 9.398508e+01
      vertex   -1.132125e+02 3.835823e+01 9.438613e+01
      vertex   -1.121294e+02 3.881538e+01 9.398508e+01
    endloop
  endfacet
  facet normal -2.516149e-01 9.025866e-01 3.493242e-01
    outer loop
      vertex   -1.121294e+02 3.881538e+01 9.398508e+01
      vertex   -1.132125e+02 3.835823e+01 9.438613e+01
      vertex   -1.120936e+02 3.867014e+01 9.438613e+01
    endloop
  endfacet
  facet normal -1.966590e-01 9.161320e-01 3.493242e-01
    outer loop
      vertex   -1.121294e+02 3.881538e+01 9.398508e+01
      vertex   -1.120936e+02 3.867014e+01 9.438613e+01
      vertex   -1.109849e+02 3.906106e+01 9.398508e+01
    endloop
  endfacet
  facet normal -1.966590e-01 9.161320e-01 3.493242e-01
    outer loop
      vertex   -1.109849e+02 3.906106e+01 9.398508e+01
      vertex   -1.120936e+02 3.867014e+01 9.438613e+01
      vertex   -1.109579e+02 3.891392e+01 9.438613e+01
    endloop
  endfacet
  facet normal -1.409855e-01 9.263345e-01 3.493242e-01
    outer loop
      vertex   -1.109849e+02 3.906106e+01 9.398508e+01
      vertex   -1.109579e+02 3.891392e+01 9.438613e+01
      vertex   -1.098276e+02 3.923719e+01 9.398508e+01
    endloop
  endfacet
  facet normal -1.409855e-01 9.263345e-01 3.493242e-01
    outer loop
      vertex   -1.098276e+02 3.923719e+01 9.398508e+01
      vertex   -1.109579e+02 3.891392e+01 9.438613e+01
      vertex   -1.098096e+02 3.908870e+01 9.438613e+01
    endloop
  endfacet
  facet normal -8.479762e-02 9.331570e-01 3.493242e-01
    outer loop
      vertex   -1.098276e+02 3.923719e+01 9.398508e+01
      vertex   -1.098096e+02 3.908870e+01 9.438613e+01
      vertex   -1.086618e+02 3.934312e+01 9.398508e+01
    endloop
  endfacet
  facet normal -8.479762e-02 9.331570e-01 3.493242e-01
    outer loop
      vertex   -1.086618e+02 3.934312e+01 9.398508e+01
      vertex   -1.098096e+02 3.908870e+01 9.438613e+01
      vertex   -1.086528e+02 3.919381e+01 9.438613e+01
    endloop
  endfacet
  facet normal -2.830030e-02 9.365744e-01 3.493242e-01
    outer loop
      vertex   -1.086618e+02 3.934312e+01 9.398508e+01
      vertex   -1.086528e+02 3.919381e+01 9.438613e+01
      vertex   -1.074918e+02 3.937848e+01 9.398508e+01
    endloop
  endfacet
  facet normal -2.830030e-02 9.365744e-01 3.493242e-01
    outer loop
      vertex   -1.074918e+02 3.937848e+01 9.398508e+01
      vertex   -1.086528e+02 3.919381e+01 9.438613e+01
      vertex   -1.074918e+02 3.922890e+01 9.438613e+01
    endloop
  endfacet
  facet normal 2.830030e-02 9.365744e-01 3.493242e-01
    outer loop
      vertex   -1.074918e+02 3.937848e+01 9.398508e+01
      vertex   -1.074918e+02 3.922890e+01 9.438613e+01
      vertex   -1.063218e+02 3.934312e+01 9.398508e+01
    endloop
  endfacet
  facet normal 2.830030e-02 9.365744e-01 3.493242e-01
    outer loop
      vertex   -1.063218e+02 3.934312e+01 9.398508e+01
      vertex   -1.074918e+02 3.922890e+01 9.438613e+01
      vertex   -1.063308e+02 3.919381e+01 9.438613e+01
    endloop
  endfacet
  facet normal 8.479762e-02 9.331570e-01 3.493242e-01
    outer loop
      vertex   -1.063218e+02 3.934312e+01 9.398508e+01
      vertex   -1.063308e+02 3.919381e+01 9.438613e+01
      vertex   -1.051560e+02 3.923719e+01 9.398508e+01
    endloop
  endfacet
  facet normal 8.479762e-02 9.331570e-01 3.493242e-01
    outer loop
      vertex   -1.051560e+02 3.923719e+01 9.398508e+01
      vertex   -1.063308e+02 3.919381e+01 9.438613e+01
      vertex   -1.051740e+02 3.908870e+01 9.438613e+01
    endloop
  endfacet
  facet normal 1.409855e-01 9.263345e-01 3.493242e-01
    outer loop
      vertex   -1.051560e+02 3.923719e+01 9.398508e+01
      vertex   -1.051740e+02 3.908870e+01 9.438613e+01
      vertex   -1.039987e+02 3.906106e+01 9.398508e+01
    endloop
  endfacet
  facet normal 1.409855e-01 9.263345e-01 3.493242e-01
    outer loop
      vertex   -1.039987e+02 3.906106e+01 9.398508e+01
      vertex   -1.051740e+02 3.908870e+01 9.438613e+01
      vertex   -1.040257e+02 3.891392e+01 9.438613e+01
    endloop
  endfacet
  facet normal 1.966590e-01 9.161320e-01 3.493242e-01
    outer loop
      vertex   -1.039987e+02 3.906106e+01 9.398508e+01
      vertex   -1.040257e+02 3.891392e+01 9.438613e+01
      vertex   -1.028542e+02 3.881538e+01 9.398508e+01
    endloop
  endfacet
  facet normal 1.966590e-01 9.161320e-01 3.493242e-01
    outer loop
      vertex   -1.028542e+02 3.881538e+01 9.398508e+01
      vertex   -1.040257e+02 3.891392e+01 9.438613e+01
      vertex   -1.028900e+02 3.867014e+01 9.438613e+01
    endloop
  endfacet
  facet normal 2.516149e-01 9.025866e-01 3.493242e-01
    outer loop
      vertex   -1.028542e+02 3.881538e+01 9.398508e+01
      vertex   -1.028900e+02 3.867014e+01 9.438613e+01
      vertex   -1.017266e+02 3.850104e+01 9.398508e+01
    endloop
  endfacet
  facet normal 2.516149e-01 9.025866e-01 3.493242e-01
    outer loop
      vertex   -1.017266e+02 3.850104e+01 9.398508e+01
      vertex   -1.028900e+02 3.867014e+01 9.438613e+01
      vertex   -1.017711e+02 3.835823e+01 9.438613e+01
    endloop
  endfacet
  facet normal 3.056526e-01 8.857477e-01 3.493242e-01
    outer loop
      vertex   -1.017266e+02 3.850104e+01 9.398508e+01
      vertex   -1.017711e+02 3.835823e+01 9.438613e+01
      vertex   -1.006201e+02 3.811919e+01 9.398508e+01
    endloop
  endfacet
  facet normal 3.056526e-01 8.857477e-01 3.493242e-01
    outer loop
      vertex   -1.006201e+02 3.811919e+01 9.398508e+01
      vertex   -1.017711e+02 3.835823e+01 9.438613e+01
      vertex   -1.006731e+02 3.797933e+01 9.438613e+01
    endloop
  endfacet
  facet normal 3.585114e-01 8.657030e-01 3.493249e-01
    outer loop
      vertex   -1.006201e+02 3.811919e+01 9.398508e+01
      vertex   -1.006731e+02 3.797933e+01 9.438613e+01
      vertex   -9.960259e+01 3.753599e+01 9.438613e+01
    endloop
  endfacet
  facet normal 3.358592e-01 8.110043e-01 4.790309e-01
    outer loop
      vertex   -9.960259e+01 3.753599e+01 9.438613e+01
      vertex   -1.006731e+02 3.797933e+01 9.438613e+01
      vertex   -9.968761e+01 3.734929e+01 9.476181e+01
    endloop
  endfacet
  facet normal 3.841705e-01 7.892064e-01 4.791307e-01
    outer loop
      vertex   -9.960259e+01 3.753599e+01 9.438613e+01
      vertex   -9.968761e+01 3.734929e+01 9.476181e+01
      vertex   -9.865102e+01 3.684470e+01 9.476181e+01
    endloop
  endfacet
  facet normal 3.504384e-01 7.199101e-01 5.991013e-01
    outer loop
      vertex   -9.865102e+01 3.684470e+01 9.476181e+01
      vertex   -9.968761e+01 3.734929e+01 9.476181e+01
      vertex   -9.877023e+01 3.661757e+01 9.510447e+01
    endloop
  endfacet
  facet normal 3.933340e-01 6.973985e-01 5.991024e-01
    outer loop
      vertex   -9.865102e+01 3.684470e+01 9.476181e+01
      vertex   -9.877023e+01 3.661757e+01 9.510447e+01
      vertex   -9.765009e+01 3.628018e+01 9.476181e+01
    endloop
  endfacet
  facet normal 3.933340e-01 6.973985e-01 5.991024e-01
    outer loop
      vertex   -9.765009e+01 3.628018e+01 9.476181e+01
      vertex   -9.877023e+01 3.661757e+01 9.510447e+01
      vertex   -9.778280e+01 3.606066e+01 9.510447e+01
    endloop
  endfacet
  facet normal 4.347243e-01 6.723772e-01 5.991024e-01
    outer loop
      vertex   -9.765009e+01 3.628018e+01 9.476181e+01
      vertex   -9.778280e+01 3.606066e+01 9.510447e+01
      vertex   -9.668508e+01 3.565625e+01 9.476181e+01
    endloop
  endfacet
  facet normal 4.347243e-01 6.723772e-01 5.991024e-01
    outer loop
      vertex   -9.668508e+01 3.565625e+01 9.476181e+01
      vertex   -9.778280e+01 3.606066e+01 9.510447e+01
      vertex   -9.683079e+01 3.544514e+01 9.510447e+01
    endloop
  endfacet
  facet normal 4.745283e-01 6.449025e-01 5.991024e-01
    outer loop
      vertex   -9.668508e+01 3.565625e+01 9.476181e+01
      vertex   -9.683079e+01 3.544514e+01 9.510447e+01
      vertex   -9.575949e+01 3.497519e+01 9.476181e+01
    endloop
  endfacet
  facet normal 4.745283e-01 6.449025e-01 5.991024e-01
    outer loop
      vertex   -9.575949e+01 3.497519e+01 9.476181e+01
      vertex   -9.683079e+01 3.544514e+01 9.510447e+01
      vertex   -9.591769e+01 3.477327e+01 9.510447e+01
    endloop
  endfacet
  facet normal 5.126008e-01 6.150746e-01 5.991024e-01
    outer loop
      vertex   -9.575949e+01 3.497519e+01 9.476181e+01
      vertex   -9.591769e+01 3.477327e+01 9.510447e+01
      vertex   -9.487672e+01 3.423949e+01 9.476181e+01
    endloop
  endfacet
  facet normal 5.126008e-01 6.150746e-01 5.991024e-01
    outer loop
      vertex   -9.487672e+01 3.423949e+01 9.476181e+01
      vertex   -9.591769e+01 3.477327e+01 9.510447e+01
      vertex   -9.504682e+01 3.404749e+01 9.510447e+01
    endloop
  endfacet
  facet normal 5.488028e-01 5.830024e-01 5.991024e-01
    outer loop
      vertex   -9.487672e+01 3.423949e+01 9.476181e+01
      vertex   -9.504682e+01 3.404749e+01 9.510447e+01
      vertex   -9.403997e+01 3.345183e+01 9.476181e+01
    endloop
  endfacet
  facet normal 5.488028e-01 5.830024e-01 5.991024e-01
    outer loop
      vertex   -9.403997e+01 3.345183e+01 9.476181e+01
      vertex   -9.504682e+01 3.404749e+01 9.510447e+01
      vertex   -9.422136e+01 3.327045e+01 9.510447e+01
    endloop
  endfacet
  facet normal 5.830024e-01 5.488028e-01 5.991024e-01
    outer loop
      vertex   -9.403997e+01 3.345183e+01 9.476181e+01
      vertex   -9.422136e+01 3.327045e+01 9.510447e+01
      vertex   -9.325231e+01 3.261509e+01 9.476181e+01
    endloop
  endfacet
  facet normal 5.830024e-01 5.488028e-01 5.991024e-01
    outer loop
      vertex   -9.325231e+01 3.261509e+01 9.476181e+01
      vertex   -9.422136e+01 3.327045e+01 9.510447e+01
      vertex   -9.344432e+01 3.244499e+01 9.510447e+01
    endloop
  endfacet
  facet normal 6.150746e-01 5.126008e-01 5.991024e-01
    outer loop
      vertex   -9.325231e+01 3.261509e+01 9.476181e+01
      vertex   -9.344432e+01 3.244499e+01 9.510447e+01
      vertex   -9.251661e+01 3.173231e+01 9.476181e+01
    endloop
  endfacet
  facet normal 6.150746e-01 5.126008e-01 5.991024e-01
    outer loop
      vertex   -9.251661e+01 3.173231e+01 9.476181e+01
      vertex   -9.344432e+01 3.244499e+01 9.510447e+01
      vertex   -9.271854e+01 3.157412e+01 9.510447e+01
    endloop
  endfacet
  facet normal 6.449025e-01 4.745283e-01 5.991024e-01
    outer loop
      vertex   -9.251661e+01 3.173231e+01 9.476181e+01
      vertex   -9.271854e+01 3.157412e+01 9.510447e+01
      vertex   -9.183556e+01 3.080673e+01 9.476181e+01
    endloop
  endfacet
  facet normal 6.449025e-01 4.745283e-01 5.991024e-01
    outer loop
      vertex   -9.183556e+01 3.080673e+01 9.476181e+01
      vertex   -9.271854e+01 3.157412e+01 9.510447e+01
      vertex   -9.204666e+01 3.066101e+01 9.510447e+01
    endloop
  endfacet
  facet normal 6.723772e-01 4.347243e-01 5.991024e-01
    outer loop
      vertex   -9.183556e+01 3.080673e+01 9.476181e+01
      vertex   -9.204666e+01 3.066101e+01 9.510447e+01
      vertex   -9.121163e+01 2.984171e+01 9.476181e+01
    endloop
  endfacet
  facet normal 6.723772e-01 4.347243e-01 5.991024e-01
    outer loop
      vertex   -9.121163e+01 2.984171e+01 9.476181e+01
      vertex   -9.204666e+01 3.066101e+01 9.510447e+01
      vertex   -9.143114e+01 2.970901e+01 9.510447e+01
    endloop
  endfacet
  facet normal 6.973985e-01 3.933340e-01 5.991024e-01
    outer loop
      vertex   -9.121163e+01 2.984171e+01 9.476181e+01
      vertex   -9.143114e+01 2.970901e+01 9.510447e+01
      vertex   -9.064710e+01 2.884078e+01 9.476181e+01
    endloop
  endfacet
  facet normal 6.973985e-01 3.933340e-01 5.991024e-01
    outer loop
      vertex   -9.064710e+01 2.884078e+01 9.476181e+01
      vertex   -9.143114e+01 2.970901e+01 9.510447e+01
      vertex   -9.087423e+01 2.872158e+01 9.510447e+01
    endloop
  endfacet
  facet normal 7.198750e-01 3.505085e-01 5.991024e-01
    outer loop
      vertex   -9.064710e+01 2.884078e+01 9.476181e+01
      vertex   -9.087423e+01 2.872158e+01 9.510447e+01
      vertex   -9.014404e+01 2.780759e+01 9.476181e+01
    endloop
  endfacet
  facet normal 7.198750e-01 3.505085e-01 5.991024e-01
    outer loop
      vertex   -9.014404e+01 2.780759e+01 9.476181e+01
      vertex   -9.087423e+01 2.872158e+01 9.510447e+01
      vertex   -9.037795e+01 2.770232e+01 9.510447e+01
    endloop
  endfacet
  facet normal 7.397488e-01 3.063480e-01 5.991015e-01
    outer loop
      vertex   -9.014404e+01 2.780759e+01 9.476181e+01
      vertex   -9.037795e+01 2.770232e+01 9.510447e+01
      vertex   -8.970325e+01 2.674321e+01 9.476181e+01
    endloop
  endfacet
  facet normal 7.397321e-01 3.063246e-01 5.991341e-01
    outer loop
      vertex   -8.970325e+01 2.674321e+01 9.476181e+01
      vertex   -9.037795e+01 2.770232e+01 9.510447e+01
      vertex   -8.994286e+01 2.665162e+01 9.510447e+01
    endloop
  endfacet
  facet normal 7.569175e-01 2.611316e-01 5.990711e-01
    outer loop
      vertex   -8.970325e+01 2.674321e+01 9.476181e+01
      vertex   -8.994286e+01 2.665162e+01 9.510447e+01
      vertex   -8.932942e+01 2.565963e+01 9.476181e+01
    endloop
  endfacet
  facet normal 7.568995e-01 2.611093e-01 5.991035e-01
    outer loop
      vertex   -8.932942e+01 2.565963e+01 9.476181e+01
      vertex   -8.994286e+01 2.665162e+01 9.510447e+01
      vertex   -8.957432e+01 2.558331e+01 9.510447e+01
    endloop
  endfacet
  facet normal 7.712643e-01 2.150061e-01 5.991024e-01
    outer loop
      vertex   -8.932942e+01 2.565963e+01 9.476181e+01
      vertex   -8.957432e+01 2.558331e+01 9.510447e+01
      vertex   -8.902084e+01 2.455268e+01 9.476181e+01
    endloop
  endfacet
  facet normal 7.712643e-01 2.150061e-01 5.991024e-01
    outer loop
      vertex   -8.902084e+01 2.455268e+01 9.476181e+01
      vertex   -8.957432e+01 2.558331e+01 9.510447e+01
      vertex   -8.926990e+01 2.449130e+01 9.510447e+01
    endloop
  endfacet
  facet normal 7.828390e-01 1.680460e-01 5.991024e-01
    outer loop
      vertex   -8.902084e+01 2.455268e+01 9.476181e+01
      vertex   -8.926990e+01 2.449130e+01 9.510447e+01
      vertex   -8.877965e+01 2.342913e+01 9.476181e+01
    endloop
  endfacet
  facet normal 7.828390e-01 1.680460e-01 5.991024e-01
    outer loop
      vertex   -8.877965e+01 2.342913e+01 9.476181e+01
      vertex   -8.926990e+01 2.449130e+01 9.510447e+01
      vertex   -8.903196e+01 2.338289e+01 9.510447e+01
    endloop
  endfacet
  facet normal 7.915571e-01 1.204728e-01 5.991024e-01
    outer loop
      vertex   -8.877965e+01 2.342913e+01 9.476181e+01
      vertex   -8.903196e+01 2.338289e+01 9.510447e+01
      vertex   -8.860675e+01 2.229306e+01 9.476181e+01
    endloop
  endfacet
  facet normal 7.915571e-01 1.204728e-01 5.991024e-01
    outer loop
      vertex   -8.860675e+01 2.229306e+01 9.476181e+01
      vertex   -8.903196e+01 2.338289e+01 9.510447e+01
      vertex   -8.886139e+01 2.226214e+01 9.510447e+01
    endloop
  endfacet
  facet normal 7.973869e-01 7.245995e-02 5.991024e-01
    outer loop
      vertex   -8.860675e+01 2.229306e+01 9.476181e+01
      vertex   -8.886139e+01 2.226214e+01 9.510447e+01
      vertex   -8.850275e+01 2.114863e+01 9.476181e+01
    endloop
  endfacet
  facet normal 7.973869e-01 7.245995e-02 5.991024e-01
    outer loop
      vertex   -8.850275e+01 2.114863e+01 9.476181e+01
      vertex   -8.886139e+01 2.226214e+01 9.510447e+01
      vertex   -8.875880e+01 2.113314e+01 9.510447e+01
    endloop
  endfacet
  facet normal 8.003071e-01 2.418273e-02 5.991024e-01
    outer loop
      vertex   -8.850275e+01 2.114863e+01 9.476181e+01
      vertex   -8.875880e+01 2.113314e+01 9.510447e+01
      vertex   -8.846804e+01 2.000000e+01 9.476181e+01
    endloop
  endfacet
  facet normal 8.003071e-01 2.418273e-02 5.991024e-01
    outer loop
      vertex   -8.846804e+01 2.000000e+01 9.476181e+01
      vertex   -8.875880e+01 2.113314e+01 9.510447e+01
      vertex   -8.872456e+01 2.000000e+01 9.510447e+01
    endloop
  endfacet
  facet normal 8.003071e-01 -2.418273e-02 5.991024e-01
    outer loop
      vertex   -8.846804e+01 2.000000e+01 9.476181e+01
      vertex   -8.872456e+01 2.000000e+01 9.510447e+01
      vertex   -8.850275e+01 1.885137e+01 9.476181e+01
    endloop
  endfacet
  facet normal 8.003071e-01 -2.418273e-02 5.991024e-01
    outer loop
      vertex   -8.850275e+01 1.885137e+01 9.476181e+01
      vertex   -8.872456e+01 2.000000e+01 9.510447e+01
      vertex   -8.875880e+01 1.886686e+01 9.510447e+01
    endloop
  endfacet
  facet normal 7.973869e-01 -7.245995e-02 5.991024e-01
    outer loop
      vertex   -8.850275e+01 1.885137e+01 9.476181e+01
      vertex   -8.875880e+01 1.886686e+01 9.510447e+01
      vertex   -8.860675e+01 1.770694e+01 9.476181e+01
    endloop
  endfacet
  facet normal 7.973869e-01 -7.245995e-02 5.991024e-01
    outer loop
      vertex   -8.860675e+01 1.770694e+01 9.476181e+01
      vertex   -8.875880e+01 1.886686e+01 9.510447e+01
      vertex   -8.886139e+01 1.773786e+01 9.510447e+01
    endloop
  endfacet
  facet normal 7.915571e-01 -1.204728e-01 5.991024e-01
    outer loop
      vertex   -8.860675e+01 1.770694e+01 9.476181e+01
      vertex   -8.886139e+01 1.773786e+01 9.510447e+01
      vertex   -8.877965e+01 1.657087e+01 9.476181e+01
    endloop
  endfacet
  facet normal 7.915571e-01 -1.204728e-01 5.991024e-01
    outer loop
      vertex   -8.877965e+01 1.657087e+01 9.476181e+01
      vertex   -8.886139e+01 1.773786e+01 9.510447e+01
      vertex   -8.903196e+01 1.661711e+01 9.510447e+01
    endloop
  endfacet
  facet normal 7.828390e-01 -1.680460e-01 5.991024e-01
    outer loop
      vertex   -8.877965e+01 1.657087e+01 9.476181e+01
      vertex   -8.903196e+01 1.661711e+01 9.510447e+01
      vertex   -8.902084e+01 1.544732e+01 9.476181e+01
    endloop
  endfacet
  facet normal 7.828390e-01 -1.680460e-01 5.991024e-01
    outer loop
      vertex   -8.902084e+01 1.544732e+01 9.476181e+01
      vertex   -8.903196e+01 1.661711e+01 9.510447e+01
      vertex   -8.926990e+01 1.550870e+01 9.510447e+01
    endloop
  endfacet
  facet normal 7.712643e-01 -2.150061e-01 5.991024e-01
    outer loop
      vertex   -8.902084e+01 1.544732e+01 9.476181e+01
      vertex   -8.926990e+01 1.550870e+01 9.510447e+01
      vertex   -8.932942e+01 1.434037e+01 9.476181e+01
    endloop
  endfacet
  facet normal 7.712643e-01 -2.150061e-01 5.991024e-01
    outer loop
      vertex   -8.932942e+01 1.434037e+01 9.476181e+01
      vertex   -8.926990e+01 1.550870e+01 9.510447e+01
      vertex   -8.957432e+01 1.441669e+01 9.510447e+01
    endloop
  endfacet
  facet normal 7.568755e-01 -2.611816e-01 5.991024e-01
    outer loop
      vertex   -8.932942e+01 1.434037e+01 9.476181e+01
      vertex   -8.957432e+01 1.441669e+01 9.510447e+01
      vertex   -8.970428e+01 1.325408e+01 9.476181e+01
    endloop
  endfacet
  facet normal 7.568755e-01 -2.611816e-01 5.991024e-01
    outer loop
      vertex   -8.970428e+01 1.325408e+01 9.476181e+01
      vertex   -8.957432e+01 1.441669e+01 9.510447e+01
      vertex   -8.994412e+01 1.334504e+01 9.510447e+01
    endloop
  endfacet
  facet normal 7.397248e-01 -3.064041e-01 5.991024e-01
    outer loop
      vertex   -8.970428e+01 1.325408e+01 9.476181e+01
      vertex   -8.994412e+01 1.334504e+01 9.510447e+01
      vertex   -9.014404e+01 1.219241e+01 9.476181e+01
    endloop
  endfacet
  facet normal 7.397248e-01 -3.064041e-01 5.991024e-01
    outer loop
      vertex   -9.014404e+01 1.219241e+01 9.476181e+01
      vertex   -8.994412e+01 1.334504e+01 9.510447e+01
      vertex   -9.037795e+01 1.229768e+01 9.510447e+01
    endloop
  endfacet
  facet normal 7.198750e-01 -3.505085e-01 5.991024e-01
    outer loop
      vertex   -9.014404e+01 1.219241e+01 9.476181e+01
      vertex   -9.037795e+01 1.229768e+01 9.510447e+01
      vertex   -9.064710e+01 1.115922e+01 9.476181e+01
    endloop
  endfacet
  facet normal 7.198750e-01 -3.505085e-01 5.991024e-01
    outer loop
      vertex   -9.064710e+01 1.115922e+01 9.476181e+01
      vertex   -9.037795e+01 1.229768e+01 9.510447e+01
      vertex   -9.087423e+01 1.127842e+01 9.510447e+01
    endloop
  endfacet
  facet normal 6.973985e-01 -3.933340e-01 5.991024e-01
    outer loop
      vertex   -9.064710e+01 1.115922e+01 9.476181e+01
      vertex   -9.087423e+01 1.127842e+01 9.510447e+01
      vertex   -9.121163e+01 1.015829e+01 9.476181e+01
    endloop
  endfacet
  facet normal 6.973985e-01 -3.933340e-01 5.991024e-01
    outer loop
      vertex   -9.121163e+01 1.015829e+01 9.476181e+01
      vertex   -9.087423e+01 1.127842e+01 9.510447e+01
      vertex   -9.143114e+01 1.029099e+01 9.510447e+01
    endloop
  endfacet
  facet normal 6.723772e-01 -4.347243e-01 5.991024e-01
    outer loop
      vertex   -9.121163e+01 1.015829e+01 9.476181e+01
      vertex   -9.143114e+01 1.029099e+01 9.510447e+01
      vertex   -9.183556e+01 9.193272e+00 9.476181e+01
    endloop
  endfacet
  facet normal 6.723772e-01 -4.347243e-01 5.991024e-01
    outer loop
      vertex   -9.183556e+01 9.193272e+00 9.476181e+01
      vertex   -9.143114e+01 1.029099e+01 9.510447e+01
      vertex   -9.204666e+01 9.338988e+00 9.510447e+01
    endloop
  endfacet
  facet normal 6.449025e-01 -4.745283e-01 5.991024e-01
    outer loop
      vertex   -9.183556e+01 9.193272e+00 9.476181e+01
      vertex   -9.204666e+01 9.338988e+00 9.510447e+01
      vertex   -9.251661e+01 8.267688e+00 9.476181e+01
    endloop
  endfacet
  facet normal 6.449025e-01 -4.745283e-01 5.991024e-01
    outer loop
      vertex   -9.251661e+01 8.267688e+00 9.476181e+01
      vertex   -9.204666e+01 9.338988e+00 9.510447e+01
      vertex   -9.271854e+01 8.425884e+00 9.510447e+01
    endloop
  endfacet
  facet normal 6.150746e-01 -5.126008e-01 5.991024e-01
    outer loop
      vertex   -9.251661e+01 8.267688e+00 9.476181e+01
      vertex   -9.271854e+01 8.425884e+00 9.510447e+01
      vertex   -9.325231e+01 7.384913e+00 9.476181e+01
    endloop
  endfacet
  facet normal 6.150746e-01 -5.126008e-01 5.991024e-01
    outer loop
      vertex   -9.325231e+01 7.384913e+00 9.476181e+01
      vertex   -9.271854e+01 8.425884e+00 9.510447e+01
      vertex   -9.344432e+01 7.555012e+00 9.510447e+01
    endloop
  endfacet
  facet normal 5.830024e-01 -5.488028e-01 5.991024e-01
    outer loop
      vertex   -9.325231e+01 7.384913e+00 9.476181e+01
      vertex   -9.344432e+01 7.555012e+00 9.510447e+01
      vertex   -9.403997e+01 6.548170e+00 9.476181e+01
    endloop
  endfacet
  facet normal 5.830024e-01 -5.488028e-01 5.991024e-01
    outer loop
      vertex   -9.403997e+01 6.548170e+00 9.476181e+01
      vertex   -9.344432e+01 7.555012e+00 9.510447e+01
      vertex   -9.422136e+01 6.729551e+00 9.510447e+01
    endloop
  endfacet
  facet normal 5.488028e-01 -5.830024e-01 5.991024e-01
    outer loop
      vertex   -9.403997e+01 6.548170e+00 9.476181e+01
      vertex   -9.422136e+01 6.729551e+00 9.510447e+01
      vertex   -9.487672e+01 5.760511e+00 9.476181e+01
    endloop
  endfacet
  facet normal 5.488028e-01 -5.830024e-01 5.991024e-01
    outer loop
      vertex   -9.487672e+01 5.760511e+00 9.476181e+01
      vertex   -9.422136e+01 6.729551e+00 9.510447e+01
      vertex   -9.504682e+01 5.952513e+00 9.510447e+01
    endloop
  endfacet
  facet normal 5.126008e-01 -6.150746e-01 5.991024e-01
    outer loop
      vertex   -9.487672e+01 5.760511e+00 9.476181e+01
      vertex   -9.504682e+01 5.952513e+00 9.510447e+01
      vertex   -9.575949e+01 5.024810e+00 9.476181e+01
    endloop
  endfacet
  facet normal 5.126008e-01 -6.150746e-01 5.991024e-01
    outer loop
      vertex   -9.575949e+01 5.024810e+00 9.476181e+01
      vertex   -9.504682e+01 5.952513e+00 9.510447e+01
      vertex   -9.591769e+01 5.226732e+00 9.510447e+01
    endloop
  endfacet
  facet normal 4.745283e-01 -6.449025e-01 5.991024e-01
    outer loop
      vertex   -9.575949e+01 5.024810e+00 9.476181e+01
      vertex   -9.591769e+01 5.226732e+00 9.510447e+01
      vertex   -9.668508e+01 4.343752e+00 9.476181e+01
    endloop
  endfacet
  facet normal 4.745283e-01 -6.449025e-01 5.991024e-01
    outer loop
      vertex   -9.668508e+01 4.343752e+00 9.476181e+01
      vertex   -9.591769e+01 5.226732e+00 9.510447e+01
      vertex   -9.683079e+01 4.554857e+00 9.510447e+01
    endloop
  endfacet
  facet normal 4.347243e-01 -6.723772e-01 5.991024e-01
    outer loop
      vertex   -9.668508e+01 4.343752e+00 9.476181e+01
      vertex   -9.683079e+01 4.554857e+00 9.510447e+01
      vertex   -9.765009e+01 3.719822e+00 9.476181e+01
    endloop
  endfacet
  facet normal 4.347243e-01 -6.723772e-01 5.991024e-01
    outer loop
      vertex   -9.765009e+01 3.719822e+00 9.476181e+01
      vertex   -9.683079e+01 4.554857e+00 9.510447e+01
      vertex   -9.778280e+01 3.939340e+00 9.510447e+01
    endloop
  endfacet
  facet normal 3.933340e-01 -6.973985e-01 5.991024e-01
    outer loop
      vertex   -9.765009e+01 3.719822e+00 9.476181e+01
      vertex   -9.778280e+01 3.939340e+00 9.510447e+01
      vertex   -9.865102e+01 3.155297e+00 9.476181e+01
    endloop
  endfacet
  facet normal 3.933340e-01 -6.973985e-01 5.991024e-01
    outer loop
      vertex   -9.865102e+01 3.155297e+00 9.476181e+01
      vertex   -9.778280e+01 3.939340e+00 9.510447e+01
      vertex   -9.877023e+01 3.382427e+00 9.510447e+01
    endloop
  endfacet
  facet normal 3.505085e-01 -7.198750e-01 5.991024e-01
    outer loop
      vertex   -9.865102e+01 3.155297e+00 9.476181e+01
      vertex   -9.877023e+01 3.382427e+00 9.510447e+01
      vertex   -9.968421e+01 2.652236e+00 9.476181e+01
    endloop
  endfacet
  facet normal 3.505085e-01 -7.198750e-01 5.991024e-01
    outer loop
      vertex   -9.968421e+01 2.652236e+00 9.476181e+01
      vertex   -9.877023e+01 3.382427e+00 9.510447e+01
      vertex   -9.978948e+01 2.886149e+00 9.510447e+01
    endloop
  endfacet
  facet normal 3.064041e-01 -7.397248e-01 5.991024e-01
    outer loop
      vertex   -9.968421e+01 2.652236e+00 9.476181e+01
      vertex   -9.978948e+01 2.886149e+00 9.510447e+01
      vertex   -1.007459e+02 2.212475e+00 9.476181e+01
    endloop
  endfacet
  facet normal 3.064041e-01 -7.397248e-01 5.991024e-01
    outer loop
      vertex   -1.007459e+02 2.212475e+00 9.476181e+01
      vertex   -9.978948e+01 2.886149e+00 9.510447e+01
      vertex   -1.008368e+02 2.452318e+00 9.510447e+01
    endloop
  endfacet
  facet normal 2.611816e-01 -7.568755e-01 5.991024e-01
    outer loop
      vertex   -1.007459e+02 2.212475e+00 9.476181e+01
      vertex   -1.008368e+02 2.452318e+00 9.510447e+01
      vertex   -1.018322e+02 1.837619e+00 9.476181e+01
    endloop
  endfacet
  facet normal 2.611816e-01 -7.568755e-01 5.991024e-01
    outer loop
      vertex   -1.018322e+02 1.837619e+00 9.476181e+01
      vertex   -1.008368e+02 2.452318e+00 9.510447e+01
      vertex   -1.019085e+02 2.082516e+00 9.510447e+01
    endloop
  endfacet
  facet normal 2.150061e-01 -7.712643e-01 5.991024e-01
    outer loop
      vertex   -1.018322e+02 1.837619e+00 9.476181e+01
      vertex   -1.019085e+02 2.082516e+00 9.510447e+01
      vertex   -1.029391e+02 1.529035e+00 9.476181e+01
    endloop
  endfacet
  facet normal 2.150061e-01 -7.712643e-01 5.991024e-01
    outer loop
      vertex   -1.029391e+02 1.529035e+00 9.476181e+01
      vertex   -1.019085e+02 2.082516e+00 9.510447e+01
      vertex   -1.030005e+02 1.778093e+00 9.510447e+01
    endloop
  endfacet
  facet normal 1.680460e-01 -7.828390e-01 5.991024e-01
    outer loop
      vertex   -1.029391e+02 1.529035e+00 9.476181e+01
      vertex   -1.030005e+02 1.778093e+00 9.510447e+01
      vertex   -1.040627e+02 1.287850e+00 9.476181e+01
    endloop
  endfacet
  facet normal 1.680460e-01 -7.828390e-01 5.991024e-01
    outer loop
      vertex   -1.040627e+02 1.287850e+00 9.476181e+01
      vertex   -1.030005e+02 1.778093e+00 9.510447e+01
      vertex   -1.041089e+02 1.540161e+00 9.510447e+01
    endloop
  endfacet
  facet normal 1.204728e-01 -7.915571e-01 5.991024e-01
    outer loop
      vertex   -1.040627e+02 1.287850e+00 9.476181e+01
      vertex   -1.041089e+02 1.540161e+00 9.510447e+01
      vertex   -1.051987e+02 1.114944e+00 9.476181e+01
    endloop
  endfacet
  facet normal 1.204728e-01 -7.915571e-01 5.991024e-01
    outer loop
      vertex   -1.051987e+02 1.114944e+00 9.476181e+01
      vertex   -1.041089e+02 1.540161e+00 9.510447e+01
      vertex   -1.052297e+02 1.369586e+00 9.510447e+01
    endloop
  endfacet
  facet normal 7.245995e-02 -7.973869e-01 5.991024e-01
    outer loop
      vertex   -1.051987e+02 1.114944e+00 9.476181e+01
      vertex   -1.052297e+02 1.369586e+00 9.510447e+01
      vertex   -1.063432e+02 1.010947e+00 9.476181e+01
    endloop
  endfacet
  facet normal 7.245995e-02 -7.973869e-01 5.991024e-01
    outer loop
      vertex   -1.063432e+02 1.010947e+00 9.476181e+01
      vertex   -1.052297e+02 1.369586e+00 9.510447e+01
      vertex   -1.063587e+02 1.266991e+00 9.510447e+01
    endloop
  endfacet
  facet normal 2.418273e-02 -8.003071e-01 5.991024e-01
    outer loop
      vertex   -1.063432e+02 1.010947e+00 9.476181e+01
      vertex   -1.063587e+02 1.266991e+00 9.510447e+01
      vertex   -1.074918e+02 9.762394e-01 9.476181e+01
    endloop
  endfacet
  facet normal 2.418273e-02 -8.003071e-01 5.991024e-01
    outer loop
      vertex   -1.074918e+02 9.762394e-01 9.476181e+01
      vertex   -1.063587e+02 1.266991e+00 9.510447e+01
      vertex   -1.074918e+02 1.232751e+00 9.510447e+01
    endloop
  endfacet
  facet normal -2.418273e-02 -8.003071e-01 5.991024e-01
    outer loop
      vertex   -1.074918e+02 9.762394e-01 9.476181e+01
      vertex   -1.074918e+02 1.232751e+00 9.510447e+01
      vertex   -1.086404e+02 1.010947e+00 9.476181e+01
    endloop
  endfacet
  facet normal -2.418273e-02 -8.003071e-01 5.991024e-01
    outer loop
      vertex   -1.086404e+02 1.010947e+00 9.476181e+01
      vertex   -1.074918e+02 1.232751e+00 9.510447e+01
      vertex   -1.086249e+02 1.266991e+00 9.510447e+01
    endloop
  endfacet
  facet normal -7.245995e-02 -7.973869e-01 5.991024e-01
    outer loop
      vertex   -1.086404e+02 1.010947e+00 9.476181e+01
      vertex   -1.086249e+02 1.266991e+00 9.510447e+01
      vertex   -1.097849e+02 1.114944e+00 9.476181e+01
    endloop
  endfacet
  facet normal -7.245995e-02 -7.973869e-01 5.991024e-01
    outer loop
      vertex   -1.097849e+02 1.114944e+00 9.476181e+01
      vertex   -1.086249e+02 1.266991e+00 9.510447e+01
      vertex   -1.097539e+02 1.369586e+00 9.510447e+01
    endloop
  endfacet
  facet normal -1.204728e-01 -7.915571e-01 5.991024e-01
    outer loop
      vertex   -1.097849e+02 1.114944e+00 9.476181e+01
      vertex   -1.097539e+02 1.369586e+00 9.510447e+01
      vertex   -1.109209e+02 1.287850e+00 9.476181e+01
    endloop
  endfacet
  facet normal -1.204728e-01 -7.915571e-01 5.991024e-01
    outer loop
      vertex   -1.109209e+02 1.287850e+00 9.476181e+01
      vertex   -1.097539e+02 1.369586e+00 9.510447e+01
      vertex   -1.108747e+02 1.540161e+00 9.510447e+01
    endloop
  endfacet
  facet normal -1.680460e-01 -7.828390e-01 5.991024e-01
    outer loop
      vertex   -1.109209e+02 1.287850e+00 9.476181e+01
      vertex   -1.108747e+02 1.540161e+00 9.510447e+01
      vertex   -1.120445e+02 1.529035e+00 9.476181e+01
    endloop
  endfacet
  facet normal -1.680460e-01 -7.828390e-01 5.991024e-01
    outer loop
      vertex   -1.120445e+02 1.529035e+00 9.476181e+01
      vertex   -1.108747e+02 1.540161e+00 9.510447e+01
      vertex   -1.119831e+02 1.778093e+00 9.510447e+01
    endloop
  endfacet
  facet normal -2.150061e-01 -7.712643e-01 5.991024e-01
    outer loop
      vertex   -1.120445e+02 1.529035e+00 9.476181e+01
      vertex   -1.119831e+02 1.778093e+00 9.510447e+01
      vertex   -1.131514e+02 1.837619e+00 9.476181e+01
    endloop
  endfacet
  facet normal -2.150061e-01 -7.712643e-01 5.991024e-01
    outer loop
      vertex   -1.131514e+02 1.837619e+00 9.476181e+01
      vertex   -1.119831e+02 1.778093e+00 9.510447e+01
      vertex   -1.130751e+02 2.082516e+00 9.510447e+01
    endloop
  endfacet
  facet normal -2.611816e-01 -7.568755e-01 5.991024e-01
    outer loop
      vertex   -1.131514e+02 1.837619e+00 9.476181e+01
      vertex   -1.130751e+02 2.082516e+00 9.510447e+01
      vertex   -1.142377e+02 2.212475e+00 9.476181e+01
    endloop
  endfacet
  facet normal -2.611816e-01 -7.568755e-01 5.991024e-01
    outer loop
      vertex   -1.142377e+02 2.212475e+00 9.476181e+01
      vertex   -1.130751e+02 2.082516e+00 9.510447e+01
      vertex   -1.141468e+02 2.452318e+00 9.510447e+01
    endloop
  endfacet
  facet normal -3.064041e-01 -7.397248e-01 5.991024e-01
    outer loop
      vertex   -1.142377e+02 2.212475e+00 9.476181e+01
      vertex   -1.141468e+02 2.452318e+00 9.510447e+01
      vertex   -1.152994e+02 2.652236e+00 9.476181e+01
    endloop
  endfacet
  facet normal -3.064041e-01 -7.397248e-01 5.991024e-01
    outer loop
      vertex   -1.152994e+02 2.652236e+00 9.476181e+01
      vertex   -1.141468e+02 2.452318e+00 9.510447e+01
      vertex   -1.151941e+02 2.886149e+00 9.510447e+01
    endloop
  endfacet
  facet normal -3.505085e-01 -7.198750e-01 5.991024e-01
    outer loop
      vertex   -1.152994e+02 2.652236e+00 9.476181e+01
      vertex   -1.151941e+02 2.886149e+00 9.510447e+01
      vertex   -1.163326e+02 3.155297e+00 9.476181e+01
    endloop
  endfacet
  facet normal -3.505085e-01 -7.198750e-01 5.991024e-01
    outer loop
      vertex   -1.163326e+02 3.155297e+00 9.476181e+01
      vertex   -1.151941e+02 2.886149e+00 9.510447e+01
      vertex   -1.162134e+02 3.382427e+00 9.510447e+01
    endloop
  endfacet
  facet normal -3.933340e-01 -6.973985e-01 5.991024e-01
    outer loop
      vertex   -1.163326e+02 3.155297e+00 9.476181e+01
      vertex   -1.162134e+02 3.382427e+00 9.510447e+01
      vertex   -1.173335e+02 3.719822e+00 9.476181e+01
    endloop
  endfacet
  facet normal -3.933340e-01 -6.973985e-01 5.991024e-01
    outer loop
      vertex   -1.173335e+02 3.719822e+00 9.476181e+01
      vertex   -1.162134e+02 3.382427e+00 9.510447e+01
      vertex   -1.172008e+02 3.939340e+00 9.510447e+01
    endloop
  endfacet
  facet normal -4.347243e-01 -6.723772e-01 5.991024e-01
    outer loop
      vertex   -1.173335e+02 3.719822e+00 9.476181e+01
      vertex   -1.172008e+02 3.939340e+00 9.510447e+01
      vertex   -1.182985e+02 4.343752e+00 9.476181e+01
    endloop
  endfacet
  facet normal -4.347243e-01 -6.723772e-01 5.991024e-01
    outer loop
      vertex   -1.182985e+02 4.343752e+00 9.476181e+01
      vertex   -1.172008e+02 3.939340e+00 9.510447e+01
      vertex   -1.181528e+02 4.554857e+00 9.510447e+01
    endloop
  endfacet
  facet normal -4.745283e-01 -6.449025e-01 5.991024e-01
    outer loop
      vertex   -1.182985e+02 4.343752e+00 9.476181e+01
      vertex   -1.181528e+02 4.554857e+00 9.510447e+01
      vertex   -1.192241e+02 5.024810e+00 9.476181e+01
    endloop
  endfacet
  facet normal -4.745283e-01 -6.449025e-01 5.991024e-01
    outer loop
      vertex   -1.192241e+02 5.024810e+00 9.476181e+01
      vertex   -1.181528e+02 4.554857e+00 9.510447e+01
      vertex   -1.190659e+02 5.226732e+00 9.510447e+01
    endloop
  endfacet
  facet normal -5.126008e-01 -6.150746e-01 5.991024e-01
    outer loop
      vertex   -1.192241e+02 5.024810e+00 9.476181e+01
      vertex   -1.190659e+02 5.226732e+00 9.510447e+01
      vertex   -1.201069e+02 5.760511e+00 9.476181e+01
    endloop
  endfacet
  facet normal -5.126008e-01 -6.150746e-01 5.991024e-01
    outer loop
      vertex   -1.201069e+02 5.760511e+00 9.476181e+01
      vertex   -1.190659e+02 5.226732e+00 9.510447e+01
      vertex   -1.199368e+02 5.952513e+00 9.510447e+01
    endloop
  endfacet
  facet normal -5.488028e-01 -5.830024e-01 5.991024e-01
    outer loop
      vertex   -1.201069e+02 5.760511e+00 9.476181e+01
      vertex   -1.199368e+02 5.952513e+00 9.510447e+01
      vertex   -1.209436e+02 6.548170e+00 9.476181e+01
    endloop
  endfacet
  facet normal -5.488028e-01 -5.830024e-01 5.991024e-01
    outer loop
      vertex   -1.209436e+02 6.548170e+00 9.476181e+01
      vertex   -1.199368e+02 5.952513e+00 9.510447e+01
      vertex   -1.207623e+02 6.729551e+00 9.510447e+01
    endloop
  endfacet
  facet normal -5.830024e-01 -5.488028e-01 5.991024e-01
    outer loop
      vertex   -1.209436e+02 6.548170e+00 9.476181e+01
      vertex   -1.207623e+02 6.729551e+00 9.510447e+01
      vertex   -1.217313e+02 7.384913e+00 9.476181e+01
    endloop
  endfacet
  facet normal -5.830024e-01 -5.488028e-01 5.991024e-01
    outer loop
      vertex   -1.217313e+02 7.384913e+00 9.476181e+01
      vertex   -1.207623e+02 6.729551e+00 9.510447e+01
      vertex   -1.215393e+02 7.555012e+00 9.510447e+01
    endloop
  endfacet
  facet normal -6.150746e-01 -5.126008e-01 5.991024e-01
    outer loop
      vertex   -1.217313e+02 7.384913e+00 9.476181e+01
      vertex   -1.215393e+02 7.555012e+00 9.510447e+01
      vertex   -1.224670e+02 8.267688e+00 9.476181e+01
    endloop
  endfacet
  facet normal -6.150746e-01 -5.126008e-01 5.991024e-01
    outer loop
      vertex   -1.224670e+02 8.267688e+00 9.476181e+01
      vertex   -1.215393e+02 7.555012e+00 9.510447e+01
      vertex   -1.222651e+02 8.425884e+00 9.510447e+01
    endloop
  endfacet
  facet normal -6.449025e-01 -4.745283e-01 5.991024e-01
    outer loop
      vertex   -1.224670e+02 8.267688e+00 9.476181e+01
      vertex   -1.222651e+02 8.425884e+00 9.510447e+01
      vertex   -1.231481e+02 9.193272e+00 9.476181e+01
    endloop
  endfacet
  facet normal -6.449025e-01 -4.745283e-01 5.991024e-01
    outer loop
      vertex   -1.231481e+02 9.193272e+00 9.476181e+01
      vertex   -1.222651e+02 8.425884e+00 9.510447e+01
      vertex   -1.229369e+02 9.338988e+00 9.510447e+01
    endloop
  endfacet
  facet normal -6.723772e-01 -4.347243e-01 5.991024e-01
    outer loop
      vertex   -1.231481e+02 9.193272e+00 9.476181e+01
      vertex   -1.229369e+02 9.338988e+00 9.510447e+01
      vertex   -1.237720e+02 1.015829e+01 9.476181e+01
    endloop
  endfacet
  facet normal -6.723772e-01 -4.347243e-01 5.991024e-01
    outer loop
      vertex   -1.237720e+02 1.015829e+01 9.476181e+01
      vertex   -1.229369e+02 9.338988e+00 9.510447e+01
      vertex   -1.235525e+02 1.029099e+01 9.510447e+01
    endloop
  endfacet
  facet normal -6.973985e-01 -3.933340e-01 5.991024e-01
    outer loop
      vertex   -1.237720e+02 1.015829e+01 9.476181e+01
      vertex   -1.235525e+02 1.029099e+01 9.510447e+01
      vertex   -1.243365e+02 1.115922e+01 9.476181e+01
    endloop
  endfacet
  facet normal -6.973985e-01 -3.933340e-01 5.991024e-01
    outer loop
      vertex   -1.243365e+02 1.115922e+01 9.476181e+01
      vertex   -1.235525e+02 1.029099e+01 9.510447e+01
      vertex   -1.241094e+02 1.127842e+01 9.510447e+01
    endloop
  endfacet
  facet normal -7.198750e-01 -3.505085e-01 5.991024e-01
    outer loop
      vertex   -1.243365e+02 1.115922e+01 9.476181e+01
      vertex   -1.241094e+02 1.127842e+01 9.510447e+01
      vertex   -1.248396e+02 1.219241e+01 9.476181e+01
    endloop
  endfacet
  facet normal -7.198750e-01 -3.505085e-01 5.991024e-01
    outer loop
      vertex   -1.248396e+02 1.219241e+01 9.476181e+01
      vertex   -1.241094e+02 1.127842e+01 9.510447e+01
      vertex   -1.246057e+02 1.229768e+01 9.510447e+01
    endloop
  endfacet
  facet normal -7.397248e-01 -3.064041e-01 5.991024e-01
    outer loop
      vertex   -1.248396e+02 1.219241e+01 9.476181e+01
      vertex   -1.246057e+02 1.229768e+01 9.510447e+01
      vertex   -1.252793e+02 1.325408e+01 9.476181e+01
    endloop
  endfacet
  facet normal -7.397248e-01 -3.064041e-01 5.991024e-01
    outer loop
      vertex   -1.252793e+02 1.325408e+01 9.476181e+01
      vertex   -1.246057e+02 1.229768e+01 9.510447e+01
      vertex   -1.250395e+02 1.334504e+01 9.510447e+01
    endloop
  endfacet
  facet normal -7.568755e-01 -2.611816e-01 5.991024e-01
    outer loop
      vertex   -1.252793e+02 1.325408e+01 9.476181e+01
      vertex   -1.250395e+02 1.334504e+01 9.510447e+01
      vertex   -1.256542e+02 1.434037e+01 9.476181e+01
    endloop
  endfacet
  facet normal -7.568755e-01 -2.611816e-01 5.991024e-01
    outer loop
      vertex   -1.256542e+02 1.434037e+01 9.476181e+01
      vertex   -1.250395e+02 1.334504e+01 9.510447e+01
      vertex   -1.254093e+02 1.441669e+01 9.510447e+01
    endloop
  endfacet
  facet normal -7.712643e-01 -2.150061e-01 5.991024e-01
    outer loop
      vertex   -1.256542e+02 1.434037e+01 9.476181e+01
      vertex   -1.254093e+02 1.441669e+01 9.510447e+01
      vertex   -1.259628e+02 1.544732e+01 9.476181e+01
    endloop
  endfacet
  facet normal -7.712643e-01 -2.150061e-01 5.991024e-01
    outer loop
      vertex   -1.259628e+02 1.544732e+01 9.476181e+01
      vertex   -1.254093e+02 1.441669e+01 9.510447e+01
      vertex   -1.257137e+02 1.550870e+01 9.510447e+01
    endloop
  endfacet
  facet normal -7.828390e-01 -1.680460e-01 5.991024e-01
    outer loop
      vertex   -1.259628e+02 1.544732e+01 9.476181e+01
      vertex   -1.257137e+02 1.550870e+01 9.510447e+01
      vertex   -1.262040e+02 1.657087e+01 9.476181e+01
    endloop
  endfacet
  facet normal -7.828390e-01 -1.680460e-01 5.991024e-01
    outer loop
      vertex   -1.262040e+02 1.657087e+01 9.476181e+01
      vertex   -1.257137e+02 1.550870e+01 9.510447e+01
      vertex   -1.259516e+02 1.661711e+01 9.510447e+01
    endloop
  endfacet
  facet normal -7.915571e-01 -1.204728e-01 5.991024e-01
    outer loop
      vertex   -1.262040e+02 1.657087e+01 9.476181e+01
      vertex   -1.259516e+02 1.661711e+01 9.510447e+01
      vertex   -1.263769e+02 1.770694e+01 9.476181e+01
    endloop
  endfacet
  facet normal -7.915571e-01 -1.204728e-01 5.991024e-01
    outer loop
      vertex   -1.263769e+02 1.770694e+01 9.476181e+01
      vertex   -1.259516e+02 1.661711e+01 9.510447e+01
      vertex   -1.261222e+02 1.773786e+01 9.510447e+01
    endloop
  endfacet
  facet normal -7.973869e-01 -7.245995e-02 5.991024e-01
    outer loop
      vertex   -1.263769e+02 1.770694e+01 9.476181e+01
      vertex   -1.261222e+02 1.773786e+01 9.510447e+01
      vertex   -1.264809e+02 1.885137e+01 9.476181e+01
    endloop
  endfacet
  facet normal -7.973869e-01 -7.245995e-02 5.991024e-01
    outer loop
      vertex   -1.264809e+02 1.885137e+01 9.476181e+01
      vertex   -1.261222e+02 1.773786e+01 9.510447e+01
      vertex   -1.262248e+02 1.886686e+01 9.510447e+01
    endloop
  endfacet
  facet normal -8.003071e-01 -2.418273e-02 5.991024e-01
    outer loop
      vertex   -1.264809e+02 1.885137e+01 9.476181e+01
      vertex   -1.262248e+02 1.886686e+01 9.510447e+01
      vertex   -1.265156e+02 2.000000e+01 9.476181e+01
    endloop
  endfacet
  facet normal -8.003071e-01 -2.418273e-02 5.991024e-01
    outer loop
      vertex   -1.265156e+02 2.000000e+01 9.476181e+01
      vertex   -1.262248e+02 1.886686e+01 9.510447e+01
      vertex   -1.262591e+02 2.000000e+01 9.510447e+01
    endloop
  endfacet
  facet normal -8.003071e-01 2.418273e-02 5.991024e-01
    outer loop
      vertex   -1.265156e+02 2.000000e+01 9.476181e+01
      vertex   -1.262591e+02 2.000000e+01 9.510447e+01
      vertex   -1.264809e+02 2.114863e+01 9.476181e+01
    endloop
  endfacet
  facet normal -8.003071e-01 2.418273e-02 5.991024e-01
    outer loop
      vertex   -1.264809e+02 2.114863e+01 9.476181e+01
      vertex   -1.262591e+02 2.000000e+01 9.510447e+01
      vertex   -1.262248e+02 2.113314e+01 9.510447e+01
    endloop
  endfacet
  facet normal -7.973869e-01 7.245995e-02 5.991024e-01
    outer loop
      vertex   -1.264809e+02 2.114863e+01 9.476181e+01
      vertex   -1.262248e+02 2.113314e+01 9.510447e+01
      vertex   -1.263769e+02 2.229306e+01 9.476181e+01
    endloop
  endfacet
  facet normal -7.973869e-01 7.245995e-02 5.991024e-01
    outer loop
      vertex   -1.263769e+02 2.229306e+01 9.476181e+01
      vertex   -1.262248e+02 2.113314e+01 9.510447e+01
      vertex   -1.261222e+02 2.226214e+01 9.510447e+01
    endloop
  endfacet
  facet normal -7.915571e-01 1.204728e-01 5.991024e-01
    outer loop
      vertex   -1.263769e+02 2.229306e+01 9.476181e+01
      vertex   -1.261222e+02 2.226214e+01 9.510447e+01
      vertex   -1.262040e+02 2.342913e+01 9.476181e+01
    endloop
  endfacet
  facet normal -7.915571e-01 1.204728e-01 5.991024e-01
    outer loop
      vertex   -1.262040e+02 2.342913e+01 9.476181e+01
      vertex   -1.261222e+02 2.226214e+01 9.510447e+01
      vertex   -1.259516e+02 2.338289e+01 9.510447e+01
    endloop
  endfacet
  facet normal -7.828390e-01 1.680460e-01 5.991024e-01
    outer loop
      vertex   -1.262040e+02 2.342913e+01 9.476181e+01
      vertex   -1.259516e+02 2.338289e+01 9.510447e+01
      vertex   -1.259628e+02 2.455268e+01 9.476181e+01
    endloop
  endfacet
  facet normal -7.828390e-01 1.680460e-01 5.991024e-01
    outer loop
      vertex   -1.259628e+02 2.455268e+01 9.476181e+01
      vertex   -1.259516e+02 2.338289e+01 9.510447e+01
      vertex   -1.257137e+02 2.449130e+01 9.510447e+01
    endloop
  endfacet
  facet normal -7.712643e-01 2.150061e-01 5.991024e-01
    outer loop
      vertex   -1.259628e+02 2.455268e+01 9.476181e+01
      vertex   -1.257137e+02 2.449130e+01 9.510447e+01
      vertex   -1.256542e+02 2.565963e+01 9.476181e+01
    endloop
  endfacet
  facet normal -7.712643e-01 2.150061e-01 5.991024e-01
    outer loop
      vertex   -1.256542e+02 2.565963e+01 9.476181e+01
      vertex   -1.257137e+02 2.449130e+01 9.510447e+01
      vertex   -1.254093e+02 2.558331e+01 9.510447e+01
    endloop
  endfacet
  facet normal -7.568755e-01 2.611816e-01 5.991024e-01
    outer loop
      vertex   -1.256542e+02 2.565963e+01 9.476181e+01
      vertex   -1.254093e+02 2.558331e+01 9.510447e+01
      vertex   -1.252793e+02 2.674592e+01 9.476181e+01
    endloop
  endfacet
  facet normal -7.568755e-01 2.611816e-01 5.991024e-01
    outer loop
      vertex   -1.252793e+02 2.674592e+01 9.476181e+01
      vertex   -1.254093e+02 2.558331e+01 9.510447e+01
      vertex   -1.250395e+02 2.665496e+01 9.510447e+01
    endloop
  endfacet
  facet normal -7.397248e-01 3.064041e-01 5.991024e-01
    outer loop
      vertex   -1.252793e+02 2.674592e+01 9.476181e+01
      vertex   -1.250395e+02 2.665496e+01 9.510447e+01
      vertex   -1.248396e+02 2.780759e+01 9.476181e+01
    endloop
  endfacet
  facet normal -7.397248e-01 3.064041e-01 5.991024e-01
    outer loop
      vertex   -1.248396e+02 2.780759e+01 9.476181e+01
      vertex   -1.250395e+02 2.665496e+01 9.510447e+01
      vertex   -1.246057e+02 2.770232e+01 9.510447e+01
    endloop
  endfacet
  facet normal -7.198750e-01 3.505085e-01 5.991024e-01
    outer loop
      vertex   -1.248396e+02 2.780759e+01 9.476181e+01
      vertex   -1.246057e+02 2.770232e+01 9.510447e+01
      vertex   -1.243365e+02 2.884078e+01 9.476181e+01
    endloop
  endfacet
  facet normal -7.198750e-01 3.505085e-01 5.991024e-01
    outer loop
      vertex   -1.243365e+02 2.884078e+01 9.476181e+01
      vertex   -1.246057e+02 2.770232e+01 9.510447e+01
      vertex   -1.241094e+02 2.872158e+01 9.510447e+01
    endloop
  endfacet
  facet normal -6.973985e-01 3.933340e-01 5.991024e-01
    outer loop
      vertex   -1.243365e+02 2.884078e+01 9.476181e+01
      vertex   -1.241094e+02 2.872158e+01 9.510447e+01
      vertex   -1.237720e+02 2.984171e+01 9.476181e+01
    endloop
  endfacet
  facet normal -6.973985e-01 3.933340e-01 5.991024e-01
    outer loop
      vertex   -1.237720e+02 2.984171e+01 9.476181e+01
      vertex   -1.241094e+02 2.872158e+01 9.510447e+01
      vertex   -1.235525e+02 2.970901e+01 9.510447e+01
    endloop
  endfacet
  facet normal -6.723772e-01 4.347243e-01 5.991024e-01
    outer loop
      vertex   -1.237720e+02 2.984171e+01 9.476181e+01
      vertex   -1.235525e+02 2.970901e+01 9.510447e+01
      vertex   -1.231481e+02 3.080673e+01 9.476181e+01
    endloop
  endfacet
  facet normal -6.723772e-01 4.347243e-01 5.991024e-01
    outer loop
      vertex   -1.231481e+02 3.080673e+01 9.476181e+01
      vertex   -1.235525e+02 2.970901e+01 9.510447e+01
      vertex   -1.229369e+02 3.066101e+01 9.510447e+01
    endloop
  endfacet
  facet normal -6.449025e-01 4.745283e-01 5.991024e-01
    outer loop
      vertex   -1.231481e+02 3.080673e+01 9.476181e+01
      vertex   -1.229369e+02 3.066101e+01 9.510447e+01
      vertex   -1.224670e+02 3.173231e+01 9.476181e+01
    endloop
  endfacet
  facet normal -6.449025e-01 4.745283e-01 5.991024e-01
    outer loop
      vertex   -1.224670e+02 3.173231e+01 9.476181e+01
      vertex   -1.229369e+02 3.066101e+01 9.510447e+01
      vertex   -1.222651e+02 3.157412e+01 9.510447e+01
    endloop
  endfacet
  facet normal -6.150746e-01 5.126008e-01 5.991024e-01
    outer loop
      vertex   -1.224670e+02 3.173231e+01 9.476181e+01
      vertex   -1.222651e+02 3.157412e+01 9.510447e+01
      vertex   -1.217313e+02 3.261509e+01 9.476181e+01
    endloop
  endfacet
  facet normal -6.150746e-01 5.126008e-01 5.991024e-01
    outer loop
      vertex   -1.217313e+02 3.261509e+01 9.476181e+01
      vertex   -1.222651e+02 3.157412e+01 9.510447e+01
      vertex   -1.215393e+02 3.244499e+01 9.510447e+01
    endloop
  endfacet
  facet normal -5.830024e-01 5.488028e-01 5.991024e-01
    outer loop
      vertex   -1.217313e+02 3.261509e+01 9.476181e+01
      vertex   -1.215393e+02 3.244499e+01 9.510447e+01
      vertex   -1.209436e+02 3.345183e+01 9.476181e+01
    endloop
  endfacet
  facet normal -5.830024e-01 5.488028e-01 5.991024e-01
    outer loop
      vertex   -1.209436e+02 3.345183e+01 9.476181e+01
      vertex   -1.215393e+02 3.244499e+01 9.510447e+01
      vertex   -1.207623e+02 3.327045e+01 9.510447e+01
    endloop
  endfacet
  facet normal -5.488028e-01 5.830024e-01 5.991024e-01
    outer loop
      vertex   -1.209436e+02 3.345183e+01 9.476181e+01
      vertex   -1.207623e+02 3.327045e+01 9.510447e+01
      vertex   -1.201069e+02 3.423949e+01 9.476181e+01
    endloop
  endfacet
  facet normal -5.488028e-01 5.830024e-01 5.991024e-01
    outer loop
      vertex   -1.201069e+02 3.423949e+01 9.476181e+01
      vertex   -1.207623e+02 3.327045e+01 9.510447e+01
      vertex   -1.199368e+02 3.404749e+01 9.510447e+01
    endloop
  endfacet
  facet normal -5.126008e-01 6.150746e-01 5.991024e-01
    outer loop
      vertex   -1.201069e+02 3.423949e+01 9.476181e+01
      vertex   -1.199368e+02 3.404749e+01 9.510447e+01
      vertex   -1.192241e+02 3.497519e+01 9.476181e+01
    endloop
  endfacet
  facet normal -5.126008e-01 6.150746e-01 5.991024e-01
    outer loop
      vertex   -1.192241e+02 3.497519e+01 9.476181e+01
      vertex   -1.199368e+02 3.404749e+01 9.510447e+01
      vertex   -1.190659e+02 3.477327e+01 9.510447e+01
    endloop
  endfacet
  facet normal -4.745283e-01 6.449025e-01 5.991024e-01
    outer loop
      vertex   -1.192241e+02 3.497519e+01 9.476181e+01
      vertex   -1.190659e+02 3.477327e+01 9.510447e+01
      vertex   -1.182985e+02 3.565625e+01 9.476181e+01
    endloop
  endfacet
  facet normal -4.745283e-01 6.449025e-01 5.991024e-01
    outer loop
      vertex   -1.182985e+02 3.565625e+01 9.476181e+01
      vertex   -1.190659e+02 3.477327e+01 9.510447e+01
      vertex   -1.181528e+02 3.544514e+01 9.510447e+01
    endloop
  endfacet
  facet normal -4.347243e-01 6.723772e-01 5.991024e-01
    outer loop
      vertex   -1.182985e+02 3.565625e+01 9.476181e+01
      vertex   -1.181528e+02 3.544514e+01 9.510447e+01
      vertex   -1.173335e+02 3.628018e+01 9.476181e+01
    endloop
  endfacet
  facet normal -4.347243e-01 6.723772e-01 5.991024e-01
    outer loop
      vertex   -1.173335e+02 3.628018e+01 9.476181e+01
      vertex   -1.181528e+02 3.544514e+01 9.510447e+01
      vertex   -1.172008e+02 3.606066e+01 9.510447e+01
    endloop
  endfacet
  facet normal -3.933340e-01 6.973985e-01 5.991024e-01
    outer loop
      vertex   -1.173335e+02 3.628018e+01 9.476181e+01
      vertex   -1.172008e+02 3.606066e+01 9.510447e+01
      vertex   -1.163326e+02 3.684470e+01 9.476181e+01
    endloop
  endfacet
  facet normal -3.933340e-01 6.973985e-01 5.991024e-01
    outer loop
      vertex   -1.163326e+02 3.684470e+01 9.476181e+01
      vertex   -1.172008e+02 3.606066e+01 9.510447e+01
      vertex   -1.162134e+02 3.661757e+01 9.510447e+01
    endloop
  endfacet
  facet normal -3.505085e-01 7.198750e-01 5.991024e-01
    outer loop
      vertex   -1.163326e+02 3.684470e+01 9.476181e+01
      vertex   -1.162134e+02 3.661757e+01 9.510447e+01
      vertex   -1.152994e+02 3.734776e+01 9.476181e+01
    endloop
  endfacet
  facet normal -3.505085e-01 7.198750e-01 5.991024e-01
    outer loop
      vertex   -1.152994e+02 3.734776e+01 9.476181e+01
      vertex   -1.162134e+02 3.661757e+01 9.510447e+01
      vertex   -1.151941e+02 3.711385e+01 9.510447e+01
    endloop
  endfacet
  facet normal -3.064041e-01 7.397248e-01 5.991024e-01
    outer loop
      vertex   -1.152994e+02 3.734776e+01 9.476181e+01
      vertex   -1.151941e+02 3.711385e+01 9.510447e+01
      vertex   -1.142377e+02 3.778753e+01 9.476181e+01
    endloop
  endfacet
  facet normal -3.064041e-01 7.397248e-01 5.991024e-01
    outer loop
      vertex   -1.142377e+02 3.778753e+01 9.476181e+01
      vertex   -1.151941e+02 3.711385e+01 9.510447e+01
      vertex   -1.141468e+02 3.754768e+01 9.510447e+01
    endloop
  endfacet
  facet normal -2.611816e-01 7.568755e-01 5.991024e-01
    outer loop
      vertex   -1.142377e+02 3.778753e+01 9.476181e+01
      vertex   -1.141468e+02 3.754768e+01 9.510447e+01
      vertex   -1.131514e+02 3.816238e+01 9.476181e+01
    endloop
  endfacet
  facet normal -2.611816e-01 7.568755e-01 5.991024e-01
    outer loop
      vertex   -1.131514e+02 3.816238e+01 9.476181e+01
      vertex   -1.141468e+02 3.754768e+01 9.510447e+01
      vertex   -1.130751e+02 3.791748e+01 9.510447e+01
    endloop
  endfacet
  facet normal -2.150061e-01 7.712643e-01 5.991024e-01
    outer loop
      vertex   -1.131514e+02 3.816238e+01 9.476181e+01
      vertex   -1.130751e+02 3.791748e+01 9.510447e+01
      vertex   -1.120445e+02 3.847096e+01 9.476181e+01
    endloop
  endfacet
  facet normal -2.150061e-01 7.712643e-01 5.991024e-01
    outer loop
      vertex   -1.120445e+02 3.847096e+01 9.476181e+01
      vertex   -1.130751e+02 3.791748e+01 9.510447e+01
      vertex   -1.119831e+02 3.822191e+01 9.510447e+01
    endloop
  endfacet
  facet normal -1.680460e-01 7.828390e-01 5.991024e-01
    outer loop
      vertex   -1.120445e+02 3.847096e+01 9.476181e+01
      vertex   -1.119831e+02 3.822191e+01 9.510447e+01
      vertex   -1.109209e+02 3.871215e+01 9.476181e+01
    endloop
  endfacet
  facet normal -1.680460e-01 7.828390e-01 5.991024e-01
    outer loop
      vertex   -1.109209e+02 3.871215e+01 9.476181e+01
      vertex   -1.119831e+02 3.822191e+01 9.510447e+01
      vertex   -1.108747e+02 3.845984e+01 9.510447e+01
    endloop
  endfacet
  facet normal -1.204728e-01 7.915571e-01 5.991024e-01
    outer loop
      vertex   -1.109209e+02 3.871215e+01 9.476181e+01
      vertex   -1.108747e+02 3.845984e+01 9.510447e+01
      vertex   -1.097849e+02 3.888506e+01 9.476181e+01
    endloop
  endfacet
  facet normal -1.204728e-01 7.915571e-01 5.991024e-01
    outer loop
      vertex   -1.097849e+02 3.888506e+01 9.476181e+01
      vertex   -1.108747e+02 3.845984e+01 9.510447e+01
      vertex   -1.097539e+02 3.863041e+01 9.510447e+01
    endloop
  endfacet
  facet normal -7.245995e-02 7.973869e-01 5.991024e-01
    outer loop
      vertex   -1.097849e+02 3.888506e+01 9.476181e+01
      vertex   -1.097539e+02 3.863041e+01 9.510447e+01
      vertex   -1.086404e+02 3.898905e+01 9.476181e+01
    endloop
  endfacet
  facet normal -7.245995e-02 7.973869e-01 5.991024e-01
    outer loop
      vertex   -1.086404e+02 3.898905e+01 9.476181e+01
      vertex   -1.097539e+02 3.863041e+01 9.510447e+01
      vertex   -1.086249e+02 3.873301e+01 9.510447e+01
    endloop
  endfacet
  facet normal -2.418273e-02 8.003071e-01 5.991024e-01
    outer loop
      vertex   -1.086404e+02 3.898905e+01 9.476181e+01
      vertex   -1.086249e+02 3.873301e+01 9.510447e+01
      vertex   -1.074918e+02 3.902376e+01 9.476181e+01
    endloop
  endfacet
  facet normal -2.418273e-02 8.003071e-01 5.991024e-01
    outer loop
      vertex   -1.074918e+02 3.902376e+01 9.476181e+01
      vertex   -1.086249e+02 3.873301e+01 9.510447e+01
      vertex   -1.074918e+02 3.876725e+01 9.510447e+01
    endloop
  endfacet
  facet normal 2.418273e-02 8.003071e-01 5.991024e-01
    outer loop
      vertex   -1.074918e+02 3.902376e+01 9.476181e+01
      vertex   -1.074918e+02 3.876725e+01 9.510447e+01
      vertex   -1.063432e+02 3.898905e+01 9.476181e+01
    endloop
  endfacet
  facet normal 2.418273e-02 8.003071e-01 5.991024e-01
    outer loop
      vertex   -1.063432e+02 3.898905e+01 9.476181e+01
      vertex   -1.074918e+02 3.876725e+01 9.510447e+01
      vertex   -1.063587e+02 3.873301e+01 9.510447e+01
    endloop
  endfacet
  facet normal 7.245995e-02 7.973869e-01 5.991024e-01
    outer loop
      vertex   -1.063432e+02 3.898905e+01 9.476181e+01
      vertex   -1.063587e+02 3.873301e+01 9.510447e+01
      vertex   -1.051987e+02 3.888506e+01 9.476181e+01
    endloop
  endfacet
  facet normal 7.245995e-02 7.973869e-01 5.991024e-01
    outer loop
      vertex   -1.051987e+02 3.888506e+01 9.476181e+01
      vertex   -1.063587e+02 3.873301e+01 9.510447e+01
      vertex   -1.052297e+02 3.863041e+01 9.510447e+01
    endloop
  endfacet
  facet normal 1.204728e-01 7.915571e-01 5.991024e-01
    outer loop
      vertex   -1.051987e+02 3.888506e+01 9.476181e+01
      vertex   -1.052297e+02 3.863041e+01 9.510447e+01
      vertex   -1.040627e+02 3.871215e+01 9.476181e+01
    endloop
  endfacet
  facet normal 1.204728e-01 7.915571e-01 5.991024e-01
    outer loop
      vertex   -1.040627e+02 3.871215e+01 9.476181e+01
      vertex   -1.052297e+02 3.863041e+01 9.510447e+01
      vertex   -1.041089e+02 3.845984e+01 9.510447e+01
    endloop
  endfacet
  facet normal 1.680460e-01 7.828390e-01 5.991024e-01
    outer loop
      vertex   -1.040627e+02 3.871215e+01 9.476181e+01
      vertex   -1.041089e+02 3.845984e+01 9.510447e+01
      vertex   -1.029391e+02 3.847096e+01 9.476181e+01
    endloop
  endfacet
  facet normal 1.680460e-01 7.828390e-01 5.991024e-01
    outer loop
      vertex   -1.029391e+02 3.847096e+01 9.476181e+01
      vertex   -1.041089e+02 3.845984e+01 9.510447e+01
      vertex   -1.030005e+02 3.822191e+01 9.510447e+01
    endloop
  endfacet
  facet normal 2.150061e-01 7.712643e-01 5.991024e-01
    outer loop
      vertex   -1.029391e+02 3.847096e+01 9.476181e+01
      vertex   -1.030005e+02 3.822191e+01 9.510447e+01
      vertex   -1.018322e+02 3.816238e+01 9.476181e+01
    endloop
  endfacet
  facet normal 2.150061e-01 7.712643e-01 5.991024e-01
    outer loop
      vertex   -1.018322e+02 3.816238e+01 9.476181e+01
      vertex   -1.030005e+02 3.822191e+01 9.510447e+01
      vertex   -1.019085e+02 3.791748e+01 9.510447e+01
    endloop
  endfacet
  facet normal 2.611816e-01 7.568755e-01 5.991024e-01
    outer loop
      vertex   -1.018322e+02 3.816238e+01 9.476181e+01
      vertex   -1.019085e+02 3.791748e+01 9.510447e+01
      vertex   -1.007459e+02 3.778753e+01 9.476181e+01
    endloop
  endfacet
  facet normal 2.611816e-01 7.568755e-01 5.991024e-01
    outer loop
      vertex   -1.007459e+02 3.778753e+01 9.476181e+01
      vertex   -1.019085e+02 3.791748e+01 9.510447e+01
      vertex   -1.008368e+02 3.754768e+01 9.510447e+01
    endloop
  endfacet
  facet normal 3.063131e-01 7.397614e-01 5.991038e-01
    outer loop
      vertex   -1.007459e+02 3.778753e+01 9.476181e+01
      vertex   -1.008368e+02 3.754768e+01 9.510447e+01
      vertex   -9.979367e+01 3.711574e+01 9.510447e+01
    endloop
  endfacet
  facet normal 2.705915e-01 6.534918e-01 7.069150e-01
    outer loop
      vertex   -9.979367e+01 3.711574e+01 9.510447e+01
      vertex   -1.008368e+02 3.754768e+01 9.510447e+01
      vertex   -9.991865e+01 3.684007e+01 9.540714e+01
    endloop
  endfacet
  facet normal 3.095122e-01 6.359139e-01 7.069764e-01
    outer loop
      vertex   -9.979367e+01 3.711574e+01 9.510447e+01
      vertex   -9.991865e+01 3.684007e+01 9.540714e+01
      vertex   -9.891088e+01 3.634958e+01 9.540714e+01
    endloop
  endfacet
  facet normal 2.623427e-01 5.390011e-01 8.004087e-01
    outer loop
      vertex   -9.891088e+01 3.634958e+01 9.540714e+01
      vertex   -9.991865e+01 3.684007e+01 9.540714e+01
      vertex   -9.907013e+01 3.604617e+01 9.566365e+01
    endloop
  endfacet
  facet normal 2.944840e-01 5.221331e-01 8.004100e-01
    outer loop
      vertex   -9.891088e+01 3.634958e+01 9.540714e+01
      vertex   -9.907013e+01 3.604617e+01 9.566365e+01
      vertex   -9.793938e+01 3.580164e+01 9.540714e+01
    endloop
  endfacet
  facet normal 2.944840e-01 5.221331e-01 8.004100e-01
    outer loop
      vertex   -9.793938e+01 3.580164e+01 9.540714e+01
      vertex   -9.907013e+01 3.604617e+01 9.566365e+01
      vertex   -9.811665e+01 3.550840e+01 9.566365e+01
    endloop
  endfacet
  facet normal 3.254724e-01 5.034000e-01 8.004100e-01
    outer loop
      vertex   -9.793938e+01 3.580164e+01 9.540714e+01
      vertex   -9.811665e+01 3.550840e+01 9.566365e+01
      vertex   -9.700273e+01 3.519605e+01 9.540714e+01
    endloop
  endfacet
  facet normal 3.254724e-01 5.034000e-01 8.004100e-01
    outer loop
      vertex   -9.700273e+01 3.519605e+01 9.540714e+01
      vertex   -9.811665e+01 3.550840e+01 9.566365e+01
      vertex   -9.719738e+01 3.491405e+01 9.566365e+01
    endloop
  endfacet
  facet normal 3.552731e-01 4.828300e-01 8.004100e-01
    outer loop
      vertex   -9.700273e+01 3.519605e+01 9.540714e+01
      vertex   -9.719738e+01 3.491405e+01 9.566365e+01
      vertex   -9.610435e+01 3.453501e+01 9.540714e+01
    endloop
  endfacet
  facet normal 3.552731e-01 4.828300e-01 8.004100e-01
    outer loop
      vertex   -9.610435e+01 3.453501e+01 9.540714e+01
      vertex   -9.719738e+01 3.491405e+01 9.566365e+01
      vertex   -9.631567e+01 3.426528e+01 9.566365e+01
    endloop
  endfacet
  facet normal 3.837775e-01 4.604983e-01 8.004100e-01
    outer loop
      vertex   -9.610435e+01 3.453501e+01 9.540714e+01
      vertex   -9.631567e+01 3.426528e+01 9.566365e+01
      vertex   -9.524752e+01 3.382094e+01 9.540714e+01
    endloop
  endfacet
  facet normal 3.837775e-01 4.604983e-01 8.004100e-01
    outer loop
      vertex   -9.524752e+01 3.382094e+01 9.540714e+01
      vertex   -9.631567e+01 3.426528e+01 9.566365e+01
      vertex   -9.547475e+01 3.356445e+01 9.566365e+01
    endloop
  endfacet
  facet normal 4.108815e-01 4.364862e-01 8.004100e-01
    outer loop
      vertex   -9.524752e+01 3.382094e+01 9.540714e+01
      vertex   -9.547475e+01 3.356445e+01 9.566365e+01
      vertex   -9.443537e+01 3.305643e+01 9.540714e+01
    endloop
  endfacet
  facet normal 4.108815e-01 4.364862e-01 8.004100e-01
    outer loop
      vertex   -9.443537e+01 3.305643e+01 9.540714e+01
      vertex   -9.547475e+01 3.356445e+01 9.566365e+01
      vertex   -9.467767e+01 3.281413e+01 9.566365e+01
    endloop
  endfacet
  facet normal 4.364862e-01 4.108815e-01 8.004100e-01
    outer loop
      vertex   -9.443537e+01 3.305643e+01 9.540714e+01
      vertex   -9.467767e+01 3.281413e+01 9.566365e+01
      vertex   -9.367087e+01 3.224428e+01 9.540714e+01
    endloop
  endfacet
  facet normal 4.364862e-01 4.108815e-01 8.004100e-01
    outer loop
      vertex   -9.367087e+01 3.224428e+01 9.540714e+01
      vertex   -9.467767e+01 3.281413e+01 9.566365e+01
      vertex   -9.392735e+01 3.201706e+01 9.566365e+01
    endloop
  endfacet
  facet normal 4.604983e-01 3.837775e-01 8.004100e-01
    outer loop
      vertex   -9.367087e+01 3.224428e+01 9.540714e+01
      vertex   -9.392735e+01 3.201706e+01 9.566365e+01
      vertex   -9.295679e+01 3.138746e+01 9.540714e+01
    endloop
  endfacet
  facet normal 4.604983e-01 3.837775e-01 8.004100e-01
    outer loop
      vertex   -9.295679e+01 3.138746e+01 9.540714e+01
      vertex   -9.392735e+01 3.201706e+01 9.566365e+01
      vertex   -9.322653e+01 3.117613e+01 9.566365e+01
    endloop
  endfacet
  facet normal 4.828300e-01 3.552731e-01 8.004100e-01
    outer loop
      vertex   -9.295679e+01 3.138746e+01 9.540714e+01
      vertex   -9.322653e+01 3.117613e+01 9.566365e+01
      vertex   -9.229575e+01 3.048908e+01 9.540714e+01
    endloop
  endfacet
  facet normal 4.828300e-01 3.552731e-01 8.004100e-01
    outer loop
      vertex   -9.229575e+01 3.048908e+01 9.540714e+01
      vertex   -9.322653e+01 3.117613e+01 9.566365e+01
      vertex   -9.257775e+01 3.029443e+01 9.566365e+01
    endloop
  endfacet
  facet normal 5.034000e-01 3.254724e-01 8.004100e-01
    outer loop
      vertex   -9.229575e+01 3.048908e+01 9.540714e+01
      vertex   -9.257775e+01 3.029443e+01 9.566365e+01
      vertex   -9.169016e+01 2.955243e+01 9.540714e+01
    endloop
  endfacet
  facet normal 5.034000e-01 3.254724e-01 8.004100e-01
    outer loop
      vertex   -9.169016e+01 2.955243e+01 9.540714e+01
      vertex   -9.257775e+01 3.029443e+01 9.566365e+01
      vertex   -9.198340e+01 2.937516e+01 9.566365e+01
    endloop
  endfacet
  facet normal 5.221331e-01 2.944840e-01 8.004100e-01
    outer loop
      vertex   -9.169016e+01 2.955243e+01 9.540714e+01
      vertex   -9.198340e+01 2.937516e+01 9.566365e+01
      vertex   -9.114223e+01 2.858092e+01 9.540714e+01
    endloop
  endfacet
  facet normal 5.221331e-01 2.944840e-01 8.004100e-01
    outer loop
      vertex   -9.114223e+01 2.858092e+01 9.540714e+01
      vertex   -9.198340e+01 2.937516e+01 9.566365e+01
      vertex   -9.144564e+01 2.842168e+01 9.566365e+01
    endloop
  endfacet
  facet normal 5.389610e-01 2.624211e-01 8.004100e-01
    outer loop
      vertex   -9.114223e+01 2.858092e+01 9.540714e+01
      vertex   -9.144564e+01 2.842168e+01 9.566365e+01
      vertex   -9.065395e+01 2.757810e+01 9.540714e+01
    endloop
  endfacet
  facet normal 5.389610e-01 2.624211e-01 8.004100e-01
    outer loop
      vertex   -9.065395e+01 2.757810e+01 9.540714e+01
      vertex   -9.144564e+01 2.842168e+01 9.566365e+01
      vertex   -9.096643e+01 2.743747e+01 9.566365e+01
    endloop
  endfacet
  facet normal 5.538497e-01 2.293380e-01 8.004090e-01
    outer loop
      vertex   -9.065395e+01 2.757810e+01 9.540714e+01
      vertex   -9.096643e+01 2.743747e+01 9.566365e+01
      vertex   -9.022562e+01 2.654369e+01 9.540714e+01
    endloop
  endfacet
  facet normal 5.538322e-01 2.293184e-01 8.004268e-01
    outer loop
      vertex   -9.022562e+01 2.654369e+01 9.540714e+01
      vertex   -9.096643e+01 2.743747e+01 9.566365e+01
      vertex   -9.054580e+01 2.642161e+01 9.566365e+01
    endloop
  endfacet
  facet normal 5.667058e-01 1.954857e-01 8.003936e-01
    outer loop
      vertex   -9.022562e+01 2.654369e+01 9.540714e+01
      vertex   -9.054580e+01 2.642161e+01 9.566365e+01
      vertex   -8.986328e+01 2.549327e+01 9.540714e+01
    endloop
  endfacet
  facet normal 5.666873e-01 1.954672e-01 8.004112e-01
    outer loop
      vertex   -8.986328e+01 2.549327e+01 9.540714e+01
      vertex   -9.054580e+01 2.642161e+01 9.566365e+01
      vertex   -9.019043e+01 2.539133e+01 9.566365e+01
    endloop
  endfacet
  facet normal 5.774355e-01 1.609722e-01 8.004100e-01
    outer loop
      vertex   -8.986328e+01 2.549327e+01 9.540714e+01
      vertex   -9.019043e+01 2.539133e+01 9.566365e+01
      vertex   -8.956377e+01 2.441886e+01 9.540714e+01
    endloop
  endfacet
  facet normal 5.774355e-01 1.609722e-01 8.004100e-01
    outer loop
      vertex   -8.956377e+01 2.441886e+01 9.540714e+01
      vertex   -9.019043e+01 2.539133e+01 9.566365e+01
      vertex   -8.989647e+01 2.433686e+01 9.566365e+01
    endloop
  endfacet
  facet normal 5.861013e-01 1.258138e-01 8.004100e-01
    outer loop
      vertex   -8.956377e+01 2.441886e+01 9.540714e+01
      vertex   -8.989647e+01 2.433686e+01 9.566365e+01
      vertex   -8.932967e+01 2.332833e+01 9.540714e+01
    endloop
  endfacet
  facet normal 5.861013e-01 1.258138e-01 8.004100e-01
    outer loop
      vertex   -8.932967e+01 2.332833e+01 9.540714e+01
      vertex   -8.989647e+01 2.433686e+01 9.566365e+01
      vertex   -8.966672e+01 2.326657e+01 9.566365e+01
    endloop
  endfacet
  facet normal 5.926284e-01 9.019639e-02 8.004100e-01
    outer loop
      vertex   -8.932967e+01 2.332833e+01 9.540714e+01
      vertex   -8.966672e+01 2.326657e+01 9.566365e+01
      vertex   -8.916185e+01 2.222566e+01 9.540714e+01
    endloop
  endfacet
  facet normal 5.926284e-01 9.019639e-02 8.004100e-01
    outer loop
      vertex   -8.916185e+01 2.222566e+01 9.540714e+01
      vertex   -8.966672e+01 2.326657e+01 9.566365e+01
      vertex   -8.950201e+01 2.218436e+01 9.566365e+01
    endloop
  endfacet
  facet normal 5.969931e-01 5.424982e-02 8.004100e-01
    outer loop
      vertex   -8.916185e+01 2.222566e+01 9.540714e+01
      vertex   -8.950201e+01 2.218436e+01 9.566365e+01
      vertex   -8.906091e+01 2.111486e+01 9.540714e+01
    endloop
  endfacet
  facet normal 5.969931e-01 5.424982e-02 8.004100e-01
    outer loop
      vertex   -8.906091e+01 2.111486e+01 9.540714e+01
      vertex   -8.950201e+01 2.218436e+01 9.566365e+01
      vertex   -8.940294e+01 2.109417e+01 9.566365e+01
    endloop
  endfacet
  facet normal 5.991794e-01 1.810529e-02 8.004100e-01
    outer loop
      vertex   -8.906091e+01 2.111486e+01 9.540714e+01
      vertex   -8.940294e+01 2.109417e+01 9.566365e+01
      vertex   -8.902722e+01 2.000000e+01 9.540714e+01
    endloop
  endfacet
  facet normal 5.991794e-01 1.810529e-02 8.004100e-01
    outer loop
      vertex   -8.902722e+01 2.000000e+01 9.540714e+01
      vertex   -8.940294e+01 2.109417e+01 9.566365e+01
      vertex   -8.936988e+01 2.000000e+01 9.566365e+01
    endloop
  endfacet
  facet normal 5.991794e-01 -1.810529e-02 8.004100e-01
    outer loop
      vertex   -8.902722e+01 2.000000e+01 9.540714e+01
      vertex   -8.936988e+01 2.000000e+01 9.566365e+01
      vertex   -8.906091e+01 1.888514e+01 9.540714e+01
    endloop
  endfacet
  facet normal 5.991794e-01 -1.810529e-02 8.004100e-01
    outer loop
      vertex   -8.906091e+01 1.888514e+01 9.540714e+01
      vertex   -8.936988e+01 2.000000e+01 9.566365e+01
      vertex   -8.940294e+01 1.890583e+01 9.566365e+01
    endloop
  endfacet
  facet normal 5.969931e-01 -5.424982e-02 8.004100e-01
    outer loop
      vertex   -8.906091e+01 1.888514e+01 9.540714e+01
      vertex   -8.940294e+01 1.890583e+01 9.566365e+01
      vertex   -8.916185e+01 1.777434e+01 9.540714e+01
    endloop
  endfacet
  facet normal 5.969931e-01 -5.424982e-02 8.004100e-01
    outer loop
      vertex   -8.916185e+01 1.777434e+01 9.540714e+01
      vertex   -8.940294e+01 1.890583e+01 9.566365e+01
      vertex   -8.950201e+01 1.781564e+01 9.566365e+01
    endloop
  endfacet
  facet normal 5.926284e-01 -9.019639e-02 8.004100e-01
    outer loop
      vertex   -8.916185e+01 1.777434e+01 9.540714e+01
      vertex   -8.950201e+01 1.781564e+01 9.566365e+01
      vertex   -8.932967e+01 1.667167e+01 9.540714e+01
    endloop
  endfacet
  facet normal 5.926284e-01 -9.019639e-02 8.004100e-01
    outer loop
      vertex   -8.932967e+01 1.667167e+01 9.540714e+01
      vertex   -8.950201e+01 1.781564e+01 9.566365e+01
      vertex   -8.966672e+01 1.673343e+01 9.566365e+01
    endloop
  endfacet
  facet normal 5.861013e-01 -1.258138e-01 8.004100e-01
    outer loop
      vertex   -8.932967e+01 1.667167e+01 9.540714e+01
      vertex   -8.966672e+01 1.673343e+01 9.566365e+01
      vertex   -8.956377e+01 1.558114e+01 9.540714e+01
    endloop
  endfacet
  facet normal 5.861013e-01 -1.258138e-01 8.004100e-01
    outer loop
      vertex   -8.956377e+01 1.558114e+01 9.540714e+01
      vertex   -8.966672e+01 1.673343e+01 9.566365e+01
      vertex   -8.989647e+01 1.566314e+01 9.566365e+01
    endloop
  endfacet
  facet normal 5.774355e-01 -1.609722e-01 8.004100e-01
    outer loop
      vertex   -8.956377e+01 1.558114e+01 9.540714e+01
      vertex   -8.989647e+01 1.566314e+01 9.566365e+01
      vertex   -8.986328e+01 1.450673e+01 9.540714e+01
    endloop
  endfacet
  facet normal 5.774355e-01 -1.609722e-01 8.004100e-01
    outer loop
      vertex   -8.986328e+01 1.450673e+01 9.540714e+01
      vertex   -8.989647e+01 1.566314e+01 9.566365e+01
      vertex   -9.019043e+01 1.460867e+01 9.566365e+01
    endloop
  endfacet
  facet normal 5.666627e-01 -1.955432e-01 8.004100e-01
    outer loop
      vertex   -8.986328e+01 1.450673e+01 9.540714e+01
      vertex   -9.019043e+01 1.460867e+01 9.566365e+01
      vertex   -9.022712e+01 1.345237e+01 9.540714e+01
    endloop
  endfacet
  facet normal 5.666627e-01 -1.955432e-01 8.004100e-01
    outer loop
      vertex   -9.022712e+01 1.345237e+01 9.540714e+01
      vertex   -9.019043e+01 1.460867e+01 9.566365e+01
      vertex   -9.054751e+01 1.357388e+01 9.566365e+01
    endloop
  endfacet
  facet normal 5.538223e-01 -2.294007e-01 8.004100e-01
    outer loop
      vertex   -9.022712e+01 1.345237e+01 9.540714e+01
      vertex   -9.054751e+01 1.357388e+01 9.566365e+01
      vertex   -9.065395e+01 1.242190e+01 9.540714e+01
    endloop
  endfacet
  facet normal 5.538223e-01 -2.294007e-01 8.004100e-01
    outer loop
      vertex   -9.065395e+01 1.242190e+01 9.540714e+01
      vertex   -9.054751e+01 1.357388e+01 9.566365e+01
      vertex   -9.096643e+01 1.256253e+01 9.566365e+01
    endloop
  endfacet
  facet normal 5.389610e-01 -2.624211e-01 8.004100e-01
    outer loop
      vertex   -9.065395e+01 1.242190e+01 9.540714e+01
      vertex   -9.096643e+01 1.256253e+01 9.566365e+01
      vertex   -9.114223e+01 1.141908e+01 9.540714e+01
    endloop
  endfacet
  facet normal 5.389610e-01 -2.624211e-01 8.004100e-01
    outer loop
      vertex   -9.114223e+01 1.141908e+01 9.540714e+01
      vertex   -9.096643e+01 1.256253e+01 9.566365e+01
      vertex   -9.144564e+01 1.157832e+01 9.566365e+01
    endloop
  endfacet
  facet normal 5.221331e-01 -2.944840e-01 8.004100e-01
    outer loop
      vertex   -9.114223e+01 1.141908e+01 9.540714e+01
      vertex   -9.144564e+01 1.157832e+01 9.566365e+01
      vertex   -9.169016e+01 1.044757e+01 9.540714e+01
    endloop
  endfacet
  facet normal 5.221331e-01 -2.944840e-01 8.004100e-01
    outer loop
      vertex   -9.169016e+01 1.044757e+01 9.540714e+01
      vertex   -9.144564e+01 1.157832e+01 9.566365e+01
      vertex   -9.198340e+01 1.062484e+01 9.566365e+01
    endloop
  endfacet
  facet normal 5.034000e-01 -3.254724e-01 8.004100e-01
    outer loop
      vertex   -9.169016e+01 1.044757e+01 9.540714e+01
      vertex   -9.198340e+01 1.062484e+01 9.566365e+01
      vertex   -9.229575e+01 9.510922e+00 9.540714e+01
    endloop
  endfacet
  facet normal 5.034000e-01 -3.254724e-01 8.004100e-01
    outer loop
      vertex   -9.229575e+01 9.510922e+00 9.540714e+01
      vertex   -9.198340e+01 1.062484e+01 9.566365e+01
      vertex   -9.257775e+01 9.705575e+00 9.566365e+01
    endloop
  endfacet
  facet normal 4.828300e-01 -3.552731e-01 8.004100e-01
    outer loop
      vertex   -9.229575e+01 9.510922e+00 9.540714e+01
      vertex   -9.257775e+01 9.705575e+00 9.566365e+01
      vertex   -9.295679e+01 8.612544e+00 9.540714e+01
    endloop
  endfacet
  facet normal 4.828300e-01 -3.552731e-01 8.004100e-01
    outer loop
      vertex   -9.295679e+01 8.612544e+00 9.540714e+01
      vertex   -9.257775e+01 9.705575e+00 9.566365e+01
      vertex   -9.322653e+01 8.823868e+00 9.566365e+01
    endloop
  endfacet
  facet normal 4.604983e-01 -3.837775e-01 8.004100e-01
    outer loop
      vertex   -9.295679e+01 8.612544e+00 9.540714e+01
      vertex   -9.322653e+01 8.823868e+00 9.566365e+01
      vertex   -9.367087e+01 7.755717e+00 9.540714e+01
    endloop
  endfacet
  facet normal 4.604983e-01 -3.837775e-01 8.004100e-01
    outer loop
      vertex   -9.367087e+01 7.755717e+00 9.540714e+01
      vertex   -9.322653e+01 8.823868e+00 9.566365e+01
      vertex   -9.392735e+01 7.982943e+00 9.566365e+01
    endloop
  endfacet
  facet normal 4.364862e-01 -4.108815e-01 8.004100e-01
    outer loop
      vertex   -9.367087e+01 7.755717e+00 9.540714e+01
      vertex   -9.392735e+01 7.982943e+00 9.566365e+01
      vertex   -9.443537e+01 6.943569e+00 9.540714e+01
    endloop
  endfacet
  facet normal 4.364862e-01 -4.108815e-01 8.004100e-01
    outer loop
      vertex   -9.443537e+01 6.943569e+00 9.540714e+01
      vertex   -9.392735e+01 7.982943e+00 9.566365e+01
      vertex   -9.467767e+01 7.185866e+00 9.566365e+01
    endloop
  endfacet
  facet normal 4.108815e-01 -4.364862e-01 8.004100e-01
    outer loop
      vertex   -9.443537e+01 6.943569e+00 9.540714e+01
      vertex   -9.467767e+01 7.185866e+00 9.566365e+01
      vertex   -9.524752e+01 6.179062e+00 9.540714e+01
    endloop
  endfacet
  facet normal 4.108815e-01 -4.364862e-01 8.004100e-01
    outer loop
      vertex   -9.524752e+01 6.179062e+00 9.540714e+01
      vertex   -9.467767e+01 7.185866e+00 9.566365e+01
      vertex   -9.547475e+01 6.435546e+00 9.566365e+01
    endloop
  endfacet
  facet normal 3.837775e-01 -4.604983e-01 8.004100e-01
    outer loop
      vertex   -9.524752e+01 6.179062e+00 9.540714e+01
      vertex   -9.547475e+01 6.435546e+00 9.566365e+01
      vertex   -9.610435e+01 5.464986e+00 9.540714e+01
    endloop
  endfacet
  facet normal 3.837775e-01 -4.604983e-01 8.004100e-01
    outer loop
      vertex   -9.610435e+01 5.464986e+00 9.540714e+01
      vertex   -9.547475e+01 6.435546e+00 9.566365e+01
      vertex   -9.631567e+01 5.734722e+00 9.566365e+01
    endloop
  endfacet
  facet normal 3.552731e-01 -4.828300e-01 8.004100e-01
    outer loop
      vertex   -9.610435e+01 5.464986e+00 9.540714e+01
      vertex   -9.631567e+01 5.734722e+00 9.566365e+01
      vertex   -9.700273e+01 4.803947e+00 9.540714e+01
    endloop
  endfacet
  facet normal 3.552731e-01 -4.828300e-01 8.004100e-01
    outer loop
      vertex   -9.700273e+01 4.803947e+00 9.540714e+01
      vertex   -9.631567e+01 5.734722e+00 9.566365e+01
      vertex   -9.719738e+01 5.085950e+00 9.566365e+01
    endloop
  endfacet
  facet normal 3.254724e-01 -5.034000e-01 8.004100e-01
    outer loop
      vertex   -9.700273e+01 4.803947e+00 9.540714e+01
      vertex   -9.719738e+01 5.085950e+00 9.566365e+01
      vertex   -9.793938e+01 4.198356e+00 9.540714e+01
    endloop
  endfacet
  facet normal 3.254724e-01 -5.034000e-01 8.004100e-01
    outer loop
      vertex   -9.793938e+01 4.198356e+00 9.540714e+01
      vertex   -9.719738e+01 5.085950e+00 9.566365e+01
      vertex   -9.811665e+01 4.491598e+00 9.566365e+01
    endloop
  endfacet
  facet normal 2.944840e-01 -5.221331e-01 8.004100e-01
    outer loop
      vertex   -9.793938e+01 4.198356e+00 9.540714e+01
      vertex   -9.811665e+01 4.491598e+00 9.566365e+01
      vertex   -9.891088e+01 3.650424e+00 9.540714e+01
    endloop
  endfacet
  facet normal 2.944840e-01 -5.221331e-01 8.004100e-01
    outer loop
      vertex   -9.891088e+01 3.650424e+00 9.540714e+01
      vertex   -9.811665e+01 4.491598e+00 9.566365e+01
      vertex   -9.907013e+01 3.953835e+00 9.566365e+01
    endloop
  endfacet
  facet normal 2.624211e-01 -5.389610e-01 8.004100e-01
    outer loop
      vertex   -9.891088e+01 3.650424e+00 9.540714e+01
      vertex   -9.907013e+01 3.953835e+00 9.566365e+01
      vertex   -9.991370e+01 3.162150e+00 9.540714e+01
    endloop
  endfacet
  facet normal 2.624211e-01 -5.389610e-01 8.004100e-01
    outer loop
      vertex   -9.991370e+01 3.162150e+00 9.540714e+01
      vertex   -9.907013e+01 3.953835e+00 9.566365e+01
      vertex   -1.000543e+02 3.474622e+00 9.566365e+01
    endloop
  endfacet
  facet normal 2.294007e-01 -5.538223e-01 8.004100e-01
    outer loop
      vertex   -9.991370e+01 3.162150e+00 9.540714e+01
      vertex   -1.000543e+02 3.474622e+00 9.566365e+01
      vertex   -1.009442e+02 2.735316e+00 9.540714e+01
    endloop
  endfacet
  facet normal 2.294007e-01 -5.538223e-01 8.004100e-01
    outer loop
      vertex   -1.009442e+02 2.735316e+00 9.540714e+01
      vertex   -1.000543e+02 3.474622e+00 9.566365e+01
      vertex   -1.010657e+02 3.055708e+00 9.566365e+01
    endloop
  endfacet
  facet normal 1.955432e-01 -5.666627e-01 8.004100e-01
    outer loop
      vertex   -1.009442e+02 2.735316e+00 9.540714e+01
      vertex   -1.010657e+02 3.055708e+00 9.566365e+01
      vertex   -1.019985e+02 2.371478e+00 9.540714e+01
    endloop
  endfacet
  facet normal 1.955432e-01 -5.666627e-01 8.004100e-01
    outer loop
      vertex   -1.019985e+02 2.371478e+00 9.540714e+01
      vertex   -1.010657e+02 3.055708e+00 9.566365e+01
      vertex   -1.021005e+02 2.698622e+00 9.566365e+01
    endloop
  endfacet
  facet normal 1.609722e-01 -5.774355e-01 8.004100e-01
    outer loop
      vertex   -1.019985e+02 2.371478e+00 9.540714e+01
      vertex   -1.021005e+02 2.698622e+00 9.566365e+01
      vertex   -1.030729e+02 2.071965e+00 9.540714e+01
    endloop
  endfacet
  facet normal 1.609722e-01 -5.774355e-01 8.004100e-01
    outer loop
      vertex   -1.030729e+02 2.071965e+00 9.540714e+01
      vertex   -1.021005e+02 2.698622e+00 9.566365e+01
      vertex   -1.031549e+02 2.404668e+00 9.566365e+01
    endloop
  endfacet
  facet normal 1.258138e-01 -5.861013e-01 8.004100e-01
    outer loop
      vertex   -1.030729e+02 2.071965e+00 9.540714e+01
      vertex   -1.031549e+02 2.404668e+00 9.566365e+01
      vertex   -1.041635e+02 1.837869e+00 9.540714e+01
    endloop
  endfacet
  facet normal 1.258138e-01 -5.861013e-01 8.004100e-01
    outer loop
      vertex   -1.041635e+02 1.837869e+00 9.540714e+01
      vertex   -1.031549e+02 2.404668e+00 9.566365e+01
      vertex   -1.042252e+02 2.174916e+00 9.566365e+01
    endloop
  endfacet
  facet normal 9.019639e-02 -5.926284e-01 8.004100e-01
    outer loop
      vertex   -1.041635e+02 1.837869e+00 9.540714e+01
      vertex   -1.042252e+02 2.174916e+00 9.566365e+01
      vertex   -1.052661e+02 1.670045e+00 9.540714e+01
    endloop
  endfacet
  facet normal 9.019639e-02 -5.926284e-01 8.004100e-01
    outer loop
      vertex   -1.052661e+02 1.670045e+00 9.540714e+01
      vertex   -1.042252e+02 2.174916e+00 9.566365e+01
      vertex   -1.053074e+02 2.010207e+00 9.566365e+01
    endloop
  endfacet
  facet normal 5.424982e-02 -5.969931e-01 8.004100e-01
    outer loop
      vertex   -1.052661e+02 1.670045e+00 9.540714e+01
      vertex   -1.053074e+02 2.010207e+00 9.566365e+01
      vertex   -1.063769e+02 1.569105e+00 9.540714e+01
    endloop
  endfacet
  facet normal 5.424982e-02 -5.969931e-01 8.004100e-01
    outer loop
      vertex   -1.063769e+02 1.569105e+00 9.540714e+01
      vertex   -1.053074e+02 2.010207e+00 9.566365e+01
      vertex   -1.063976e+02 1.911140e+00 9.566365e+01
    endloop
  endfacet
  facet normal 1.810529e-02 -5.991794e-01 8.004100e-01
    outer loop
      vertex   -1.063769e+02 1.569105e+00 9.540714e+01
      vertex   -1.063976e+02 1.911140e+00 9.566365e+01
      vertex   -1.074918e+02 1.535418e+00 9.540714e+01
    endloop
  endfacet
  facet normal 1.810529e-02 -5.991794e-01 8.004100e-01
    outer loop
      vertex   -1.074918e+02 1.535418e+00 9.540714e+01
      vertex   -1.063976e+02 1.911140e+00 9.566365e+01
      vertex   -1.074918e+02 1.878078e+00 9.566365e+01
    endloop
  endfacet
  facet normal -1.810529e-02 -5.991794e-01 8.004100e-01
    outer loop
      vertex   -1.074918e+02 1.535418e+00 9.540714e+01
      vertex   -1.074918e+02 1.878078e+00 9.566365e+01
      vertex   -1.086067e+02 1.569105e+00 9.540714e+01
    endloop
  endfacet
  facet normal -1.810529e-02 -5.991794e-01 8.004100e-01
    outer loop
      vertex   -1.086067e+02 1.569105e+00 9.540714e+01
      vertex   -1.074918e+02 1.878078e+00 9.566365e+01
      vertex   -1.085860e+02 1.911140e+00 9.566365e+01
    endloop
  endfacet
  facet normal -5.424982e-02 -5.969931e-01 8.004100e-01
    outer loop
      vertex   -1.086067e+02 1.569105e+00 9.540714e+01
      vertex   -1.085860e+02 1.911140e+00 9.566365e+01
      vertex   -1.097175e+02 1.670045e+00 9.540714e+01
    endloop
  endfacet
  facet normal -5.424982e-02 -5.969931e-01 8.004100e-01
    outer loop
      vertex   -1.097175e+02 1.670045e+00 9.540714e+01
      vertex   -1.085860e+02 1.911140e+00 9.566365e+01
      vertex   -1.096762e+02 2.010207e+00 9.566365e+01
    endloop
  endfacet
  facet normal -9.019639e-02 -5.926284e-01 8.004100e-01
    outer loop
      vertex   -1.097175e+02 1.670045e+00 9.540714e+01
      vertex   -1.096762e+02 2.010207e+00 9.566365e+01
      vertex   -1.108201e+02 1.837869e+00 9.540714e+01
    endloop
  endfacet
  facet normal -9.019639e-02 -5.926284e-01 8.004100e-01
    outer loop
      vertex   -1.108201e+02 1.837869e+00 9.540714e+01
      vertex   -1.096762e+02 2.010207e+00 9.566365e+01
      vertex   -1.107584e+02 2.174916e+00 9.566365e+01
    endloop
  endfacet
  facet normal -1.258138e-01 -5.861013e-01 8.004100e-01
    outer loop
      vertex   -1.108201e+02 1.837869e+00 9.540714e+01
      vertex   -1.107584e+02 2.174916e+00 9.566365e+01
      vertex   -1.119107e+02 2.071965e+00 9.540714e+01
    endloop
  endfacet
  facet normal -1.258138e-01 -5.861013e-01 8.004100e-01
    outer loop
      vertex   -1.119107e+02 2.071965e+00 9.540714e+01
      vertex   -1.107584e+02 2.174916e+00 9.566365e+01
      vertex   -1.118287e+02 2.404668e+00 9.566365e+01
    endloop
  endfacet
  facet normal -1.609722e-01 -5.774355e-01 8.004100e-01
    outer loop
      vertex   -1.119107e+02 2.071965e+00 9.540714e+01
      vertex   -1.118287e+02 2.404668e+00 9.566365e+01
      vertex   -1.129851e+02 2.371478e+00 9.540714e+01
    endloop
  endfacet
  facet normal -1.609722e-01 -5.774355e-01 8.004100e-01
    outer loop
      vertex   -1.129851e+02 2.371478e+00 9.540714e+01
      vertex   -1.118287e+02 2.404668e+00 9.566365e+01
      vertex   -1.128831e+02 2.698622e+00 9.566365e+01
    endloop
  endfacet
  facet normal -1.955432e-01 -5.666627e-01 8.004100e-01
    outer loop
      vertex   -1.129851e+02 2.371478e+00 9.540714e+01
      vertex   -1.128831e+02 2.698622e+00 9.566365e+01
      vertex   -1.140394e+02 2.735316e+00 9.540714e+01
    endloop
  endfacet
  facet normal -1.955432e-01 -5.666627e-01 8.004100e-01
    outer loop
      vertex   -1.140394e+02 2.735316e+00 9.540714e+01
      vertex   -1.128831e+02 2.698622e+00 9.566365e+01
      vertex   -1.139179e+02 3.055708e+00 9.566365e+01
    endloop
  endfacet
  facet normal -2.294007e-01 -5.538223e-01 8.004100e-01
    outer loop
      vertex   -1.140394e+02 2.735316e+00 9.540714e+01
      vertex   -1.139179e+02 3.055708e+00 9.566365e+01
      vertex   -1.150699e+02 3.162150e+00 9.540714e+01
    endloop
  endfacet
  facet normal -2.294007e-01 -5.538223e-01 8.004100e-01
    outer loop
      vertex   -1.150699e+02 3.162150e+00 9.540714e+01
      vertex   -1.139179e+02 3.055708e+00 9.566365e+01
      vertex   -1.149293e+02 3.474622e+00 9.566365e+01
    endloop
  endfacet
  facet normal -2.624211e-01 -5.389610e-01 8.004100e-01
    outer loop
      vertex   -1.150699e+02 3.162150e+00 9.540714e+01
      vertex   -1.149293e+02 3.474622e+00 9.566365e+01
      vertex   -1.160727e+02 3.650424e+00 9.540714e+01
    endloop
  endfacet
  facet normal -2.624211e-01 -5.389610e-01 8.004100e-01
    outer loop
      vertex   -1.160727e+02 3.650424e+00 9.540714e+01
      vertex   -1.149293e+02 3.474622e+00 9.566365e+01
      vertex   -1.159135e+02 3.953835e+00 9.566365e+01
    endloop
  endfacet
  facet normal -2.944840e-01 -5.221331e-01 8.004100e-01
    outer loop
      vertex   -1.160727e+02 3.650424e+00 9.540714e+01
      vertex   -1.159135e+02 3.953835e+00 9.566365e+01
      vertex   -1.170442e+02 4.198356e+00 9.540714e+01
    endloop
  endfacet
  facet normal -2.944840e-01 -5.221331e-01 8.004100e-01
    outer loop
      vertex   -1.170442e+02 4.198356e+00 9.540714e+01
      vertex   -1.159135e+02 3.953835e+00 9.566365e+01
      vertex   -1.168670e+02 4.491598e+00 9.566365e+01
    endloop
  endfacet
  facet normal -3.254724e-01 -5.034000e-01 8.004100e-01
    outer loop
      vertex   -1.170442e+02 4.198356e+00 9.540714e+01
      vertex   -1.168670e+02 4.491598e+00 9.566365e+01
      vertex   -1.179809e+02 4.803947e+00 9.540714e+01
    endloop
  endfacet
  facet normal -3.254724e-01 -5.034000e-01 8.004100e-01
    outer loop
      vertex   -1.179809e+02 4.803947e+00 9.540714e+01
      vertex   -1.168670e+02 4.491598e+00 9.566365e+01
      vertex   -1.177862e+02 5.085950e+00 9.566365e+01
    endloop
  endfacet
  facet normal -3.552731e-01 -4.828300e-01 8.004100e-01
    outer loop
      vertex   -1.179809e+02 4.803947e+00 9.540714e+01
      vertex   -1.177862e+02 5.085950e+00 9.566365e+01
      vertex   -1.188793e+02 5.464986e+00 9.540714e+01
    endloop
  endfacet
  facet normal -3.552731e-01 -4.828300e-01 8.004100e-01
    outer loop
      vertex   -1.188793e+02 5.464986e+00 9.540714e+01
      vertex   -1.177862e+02 5.085950e+00 9.566365e+01
      vertex   -1.186679e+02 5.734722e+00 9.566365e+01
    endloop
  endfacet
  facet normal -3.837775e-01 -4.604983e-01 8.004100e-01
    outer loop
      vertex   -1.188793e+02 5.464986e+00 9.540714e+01
      vertex   -1.186679e+02 5.734722e+00 9.566365e+01
      vertex   -1.197361e+02 6.179062e+00 9.540714e+01
    endloop
  endfacet
  facet normal -3.837775e-01 -4.604983e-01 8.004100e-01
    outer loop
      vertex   -1.197361e+02 6.179062e+00 9.540714e+01
      vertex   -1.186679e+02 5.734722e+00 9.566365e+01
      vertex   -1.195089e+02 6.435546e+00 9.566365e+01
    endloop
  endfacet
  facet normal -4.108815e-01 -4.364862e-01 8.004100e-01
    outer loop
      vertex   -1.197361e+02 6.179062e+00 9.540714e+01
      vertex   -1.195089e+02 6.435546e+00 9.566365e+01
      vertex   -1.205482e+02 6.943569e+00 9.540714e+01
    endloop
  endfacet
  facet normal -4.108815e-01 -4.364862e-01 8.004100e-01
    outer loop
      vertex   -1.205482e+02 6.943569e+00 9.540714e+01
      vertex   -1.195089e+02 6.435546e+00 9.566365e+01
      vertex   -1.203059e+02 7.185866e+00 9.566365e+01
    endloop
  endfacet
  facet normal -4.364862e-01 -4.108815e-01 8.004100e-01
    outer loop
      vertex   -1.205482e+02 6.943569e+00 9.540714e+01
      vertex   -1.203059e+02 7.185866e+00 9.566365e+01
      vertex   -1.213127e+02 7.755717e+00 9.540714e+01
    endloop
  endfacet
  facet normal -4.364862e-01 -4.108815e-01 8.004100e-01
    outer loop
      vertex   -1.213127e+02 7.755717e+00 9.540714e+01
      vertex   -1.203059e+02 7.185866e+00 9.566365e+01
      vertex   -1.210563e+02 7.982943e+00 9.566365e+01
    endloop
  endfacet
  facet normal -4.604983e-01 -3.837775e-01 8.004100e-01
    outer loop
      vertex   -1.213127e+02 7.755717e+00 9.540714e+01
      vertex   -1.210563e+02 7.982943e+00 9.566365e+01
      vertex   -1.220268e+02 8.612544e+00 9.540714e+01
    endloop
  endfacet
  facet normal -4.604983e-01 -3.837775e-01 8.004100e-01
    outer loop
      vertex   -1.220268e+02 8.612544e+00 9.540714e+01
      vertex   -1.210563e+02 7.982943e+00 9.566365e+01
      vertex   -1.217571e+02 8.823868e+00 9.566365e+01
    endloop
  endfacet
  facet normal -4.828300e-01 -3.552731e-01 8.004100e-01
    outer loop
      vertex   -1.220268e+02 8.612544e+00 9.540714e+01
      vertex   -1.217571e+02 8.823868e+00 9.566365e+01
      vertex   -1.226879e+02 9.510922e+00 9.540714e+01
    endloop
  endfacet
  facet normal -4.828300e-01 -3.552731e-01 8.004100e-01
    outer loop
      vertex   -1.226879e+02 9.510922e+00 9.540714e+01
      vertex   -1.217571e+02 8.823868e+00 9.566365e+01
      vertex   -1.224059e+02 9.705575e+00 9.566365e+01
    endloop
  endfacet
  facet normal -5.034000e-01 -3.254724e-01 8.004100e-01
    outer loop
      vertex   -1.226879e+02 9.510922e+00 9.540714e+01
      vertex   -1.224059e+02 9.705575e+00 9.566365e+01
      vertex   -1.232934e+02 1.044757e+01 9.540714e+01
    endloop
  endfacet
  facet normal -5.034000e-01 -3.254724e-01 8.004100e-01
    outer loop
      vertex   -1.232934e+02 1.044757e+01 9.540714e+01
      vertex   -1.224059e+02 9.705575e+00 9.566365e+01
      vertex   -1.230002e+02 1.062484e+01 9.566365e+01
    endloop
  endfacet
  facet normal -5.221331e-01 -2.944840e-01 8.004100e-01
    outer loop
      vertex   -1.232934e+02 1.044757e+01 9.540714e+01
      vertex   -1.230002e+02 1.062484e+01 9.566365e+01
      vertex   -1.238414e+02 1.141908e+01 9.540714e+01
    endloop
  endfacet
  facet normal -5.221331e-01 -2.944840e-01 8.004100e-01
    outer loop
      vertex   -1.238414e+02 1.141908e+01 9.540714e+01
      vertex   -1.230002e+02 1.062484e+01 9.566365e+01
      vertex   -1.235380e+02 1.157832e+01 9.566365e+01
    endloop
  endfacet
  facet normal -5.389610e-01 -2.624211e-01 8.004100e-01
    outer loop
      vertex   -1.238414e+02 1.141908e+01 9.540714e+01
      vertex   -1.235380e+02 1.157832e+01 9.566365e+01
      vertex   -1.243297e+02 1.242190e+01 9.540714e+01
    endloop
  endfacet
  facet normal -5.389610e-01 -2.624211e-01 8.004100e-01
    outer loop
      vertex   -1.243297e+02 1.242190e+01 9.540714e+01
      vertex   -1.235380e+02 1.157832e+01 9.566365e+01
      vertex   -1.240172e+02 1.256253e+01 9.566365e+01
    endloop
  endfacet
  facet normal -5.538223e-01 -2.294007e-01 8.004100e-01
    outer loop
      vertex   -1.243297e+02 1.242190e+01 9.540714e+01
      vertex   -1.240172e+02 1.256253e+01 9.566365e+01
      vertex   -1.247565e+02 1.345237e+01 9.540714e+01
    endloop
  endfacet
  facet normal -5.538223e-01 -2.294007e-01 8.004100e-01
    outer loop
      vertex   -1.247565e+02 1.345237e+01 9.540714e+01
      vertex   -1.240172e+02 1.256253e+01 9.566365e+01
      vertex   -1.244361e+02 1.357388e+01 9.566365e+01
    endloop
  endfacet
  facet normal -5.666627e-01 -1.955432e-01 8.004100e-01
    outer loop
      vertex   -1.247565e+02 1.345237e+01 9.540714e+01
      vertex   -1.244361e+02 1.357388e+01 9.566365e+01
      vertex   -1.251203e+02 1.450673e+01 9.540714e+01
    endloop
  endfacet
  facet normal -5.666627e-01 -1.955432e-01 8.004100e-01
    outer loop
      vertex   -1.251203e+02 1.450673e+01 9.540714e+01
      vertex   -1.244361e+02 1.357388e+01 9.566365e+01
      vertex   -1.247932e+02 1.460867e+01 9.566365e+01
    endloop
  endfacet
  facet normal -5.774355e-01 -1.609722e-01 8.004100e-01
    outer loop
      vertex   -1.251203e+02 1.450673e+01 9.540714e+01
      vertex   -1.247932e+02 1.460867e+01 9.566365e+01
      vertex   -1.254198e+02 1.558114e+01 9.540714e+01
    endloop
  endfacet
  facet normal -5.774355e-01 -1.609722e-01 8.004100e-01
    outer loop
      vertex   -1.254198e+02 1.558114e+01 9.540714e+01
      vertex   -1.247932e+02 1.460867e+01 9.566365e+01
      vertex   -1.250871e+02 1.566314e+01 9.566365e+01
    endloop
  endfacet
  facet normal -5.861013e-01 -1.258138e-01 8.004100e-01
    outer loop
      vertex   -1.254198e+02 1.558114e+01 9.540714e+01
      vertex   -1.250871e+02 1.566314e+01 9.566365e+01
      vertex   -1.256539e+02 1.667167e+01 9.540714e+01
    endloop
  endfacet
  facet normal -5.861013e-01 -1.258138e-01 8.004100e-01
    outer loop
      vertex   -1.256539e+02 1.667167e+01 9.540714e+01
      vertex   -1.250871e+02 1.566314e+01 9.566365e+01
      vertex   -1.253169e+02 1.673343e+01 9.566365e+01
    endloop
  endfacet
  facet normal -5.926284e-01 -9.019639e-02 8.004100e-01
    outer loop
      vertex   -1.256539e+02 1.667167e+01 9.540714e+01
      vertex   -1.253169e+02 1.673343e+01 9.566365e+01
      vertex   -1.258218e+02 1.777434e+01 9.540714e+01
    endloop
  endfacet
  facet normal -5.926284e-01 -9.019639e-02 8.004100e-01
    outer loop
      vertex   -1.258218e+02 1.777434e+01 9.540714e+01
      vertex   -1.253169e+02 1.673343e+01 9.566365e+01
      vertex   -1.254816e+02 1.781564e+01 9.566365e+01
    endloop
  endfacet
  facet normal -5.969931e-01 -5.424982e-02 8.004100e-01
    outer loop
      vertex   -1.258218e+02 1.777434e+01 9.540714e+01
      vertex   -1.254816e+02 1.781564e+01 9.566365e+01
      vertex   -1.259227e+02 1.888514e+01 9.540714e+01
    endloop
  endfacet
  facet normal -5.969931e-01 -5.424982e-02 8.004100e-01
    outer loop
      vertex   -1.259227e+02 1.888514e+01 9.540714e+01
      vertex   -1.254816e+02 1.781564e+01 9.566365e+01
      vertex   -1.255807e+02 1.890583e+01 9.566365e+01
    endloop
  endfacet
  facet normal -5.991794e-01 -1.810529e-02 8.004100e-01
    outer loop
      vertex   -1.259227e+02 1.888514e+01 9.540714e+01
      vertex   -1.255807e+02 1.890583e+01 9.566365e+01
      vertex   -1.259564e+02 2.000000e+01 9.540714e+01
    endloop
  endfacet
  facet normal -5.991794e-01 -1.810529e-02 8.004100e-01
    outer loop
      vertex   -1.259564e+02 2.000000e+01 9.540714e+01
      vertex   -1.255807e+02 1.890583e+01 9.566365e+01
      vertex   -1.256137e+02 2.000000e+01 9.566365e+01
    endloop
  endfacet
  facet normal -5.991794e-01 1.810529e-02 8.004100e-01
    outer loop
      vertex   -1.259564e+02 2.000000e+01 9.540714e+01
      vertex   -1.256137e+02 2.000000e+01 9.566365e+01
      vertex   -1.259227e+02 2.111486e+01 9.540714e+01
    endloop
  endfacet
  facet normal -5.991794e-01 1.810529e-02 8.004100e-01
    outer loop
      vertex   -1.259227e+02 2.111486e+01 9.540714e+01
      vertex   -1.256137e+02 2.000000e+01 9.566365e+01
      vertex   -1.255807e+02 2.109417e+01 9.566365e+01
    endloop
  endfacet
  facet normal -5.969931e-01 5.424982e-02 8.004100e-01
    outer loop
      vertex   -1.259227e+02 2.111486e+01 9.540714e+01
      vertex   -1.255807e+02 2.109417e+01 9.566365e+01
      vertex   -1.258218e+02 2.222566e+01 9.540714e+01
    endloop
  endfacet
  facet normal -5.969931e-01 5.424982e-02 8.004100e-01
    outer loop
      vertex   -1.258218e+02 2.222566e+01 9.540714e+01
      vertex   -1.255807e+02 2.109417e+01 9.566365e+01
      vertex   -1.254816e+02 2.218436e+01 9.566365e+01
    endloop
  endfacet
  facet normal -5.926284e-01 9.019639e-02 8.004100e-01
    outer loop
      vertex   -1.258218e+02 2.222566e+01 9.540714e+01
      vertex   -1.254816e+02 2.218436e+01 9.566365e+01
      vertex   -1.256539e+02 2.332833e+01 9.540714e+01
    endloop
  endfacet
  facet normal -5.926284e-01 9.019639e-02 8.004100e-01
    outer loop
      vertex   -1.256539e+02 2.332833e+01 9.540714e+01
      vertex   -1.254816e+02 2.218436e+01 9.566365e+01
      vertex   -1.253169e+02 2.326657e+01 9.566365e+01
    endloop
  endfacet
  facet normal -5.861013e-01 1.258138e-01 8.004100e-01
    outer loop
      vertex   -1.256539e+02 2.332833e+01 9.540714e+01
      vertex   -1.253169e+02 2.326657e+01 9.566365e+01
      vertex   -1.254198e+02 2.441886e+01 9.540714e+01
    endloop
  endfacet
  facet normal -5.861013e-01 1.258138e-01 8.004100e-01
    outer loop
      vertex   -1.254198e+02 2.441886e+01 9.540714e+01
      vertex   -1.253169e+02 2.326657e+01 9.566365e+01
      vertex   -1.250871e+02 2.433686e+01 9.566365e+01
    endloop
  endfacet
  facet normal -5.774355e-01 1.609722e-01 8.004100e-01
    outer loop
      vertex   -1.254198e+02 2.441886e+01 9.540714e+01
      vertex   -1.250871e+02 2.433686e+01 9.566365e+01
      vertex   -1.251203e+02 2.549327e+01 9.540714e+01
    endloop
  endfacet
  facet normal -5.774355e-01 1.609722e-01 8.004100e-01
    outer loop
      vertex   -1.251203e+02 2.549327e+01 9.540714e+01
      vertex   -1.250871e+02 2.433686e+01 9.566365e+01
      vertex   -1.247932e+02 2.539133e+01 9.566365e+01
    endloop
  endfacet
  facet normal -5.666627e-01 1.955432e-01 8.004100e-01
    outer loop
      vertex   -1.251203e+02 2.549327e+01 9.540714e+01
      vertex   -1.247932e+02 2.539133e+01 9.566365e+01
      vertex   -1.247565e+02 2.654763e+01 9.540714e+01
    endloop
  endfacet
  facet normal -5.666627e-01 1.955432e-01 8.004100e-01
    outer loop
      vertex   -1.247565e+02 2.654763e+01 9.540714e+01
      vertex   -1.247932e+02 2.539133e+01 9.566365e+01
      vertex   -1.244361e+02 2.642612e+01 9.566365e+01
    endloop
  endfacet
  facet normal -5.538223e-01 2.294007e-01 8.004100e-01
    outer loop
      vertex   -1.247565e+02 2.654763e+01 9.540714e+01
      vertex   -1.244361e+02 2.642612e+01 9.566365e+01
      vertex   -1.243297e+02 2.757810e+01 9.540714e+01
    endloop
  endfacet
  facet normal -5.538223e-01 2.294007e-01 8.004100e-01
    outer loop
      vertex   -1.243297e+02 2.757810e+01 9.540714e+01
      vertex   -1.244361e+02 2.642612e+01 9.566365e+01
      vertex   -1.240172e+02 2.743747e+01 9.566365e+01
    endloop
  endfacet
  facet normal -5.389610e-01 2.624211e-01 8.004100e-01
    outer loop
      vertex   -1.243297e+02 2.757810e+01 9.540714e+01
      vertex   -1.240172e+02 2.743747e+01 9.566365e+01
      vertex   -1.238414e+02 2.858092e+01 9.540714e+01
    endloop
  endfacet
  facet normal -5.389610e-01 2.624211e-01 8.004100e-01
    outer loop
      vertex   -1.238414e+02 2.858092e+01 9.540714e+01
      vertex   -1.240172e+02 2.743747e+01 9.566365e+01
      vertex   -1.235380e+02 2.842168e+01 9.566365e+01
    endloop
  endfacet
  facet normal -5.221331e-01 2.944840e-01 8.004100e-01
    outer loop
      vertex   -1.238414e+02 2.858092e+01 9.540714e+01
      vertex   -1.235380e+02 2.842168e+01 9.566365e+01
      vertex   -1.232934e+02 2.955243e+01 9.540714e+01
    endloop
  endfacet
  facet normal -5.221331e-01 2.944840e-01 8.004100e-01
    outer loop
      vertex   -1.232934e+02 2.955243e+01 9.540714e+01
      vertex   -1.235380e+02 2.842168e+01 9.566365e+01
      vertex   -1.230002e+02 2.937516e+01 9.566365e+01
    endloop
  endfacet
  facet normal -5.034000e-01 3.254724e-01 8.004100e-01
    outer loop
      vertex   -1.232934e+02 2.955243e+01 9.540714e+01
      vertex   -1.230002e+02 2.937516e+01 9.566365e+01
      vertex   -1.226879e+02 3.048908e+01 9.540714e+01
    endloop
  endfacet
  facet normal -5.034000e-01 3.254724e-01 8.004100e-01
    outer loop
      vertex   -1.226879e+02 3.048908e+01 9.540714e+01
      vertex   -1.230002e+02 2.937516e+01 9.566365e+01
      vertex   -1.224059e+02 3.029443e+01 9.566365e+01
    endloop
  endfacet
  facet normal -4.828300e-01 3.552731e-01 8.004100e-01
    outer loop
      vertex   -1.226879e+02 3.048908e+01 9.540714e+01
      vertex   -1.224059e+02 3.029443e+01 9.566365e+01
      vertex   -1.220268e+02 3.138746e+01 9.540714e+01
    endloop
  endfacet
  facet normal -4.828300e-01 3.552731e-01 8.004100e-01
    outer loop
      vertex   -1.220268e+02 3.138746e+01 9.540714e+01
      vertex   -1.224059e+02 3.029443e+01 9.566365e+01
      vertex   -1.217571e+02 3.117613e+01 9.566365e+01
    endloop
  endfacet
  facet normal -4.604983e-01 3.837775e-01 8.004100e-01
    outer loop
      vertex   -1.220268e+02 3.138746e+01 9.540714e+01
      vertex   -1.217571e+02 3.117613e+01 9.566365e+01
      vertex   -1.213127e+02 3.224428e+01 9.540714e+01
    endloop
  endfacet
  facet normal -4.604983e-01 3.837775e-01 8.004100e-01
    outer loop
      vertex   -1.213127e+02 3.224428e+01 9.540714e+01
      vertex   -1.217571e+02 3.117613e+01 9.566365e+01
      vertex   -1.210563e+02 3.201706e+01 9.566365e+01
    endloop
  endfacet
  facet normal -4.364862e-01 4.108815e-01 8.004100e-01
    outer loop
      vertex   -1.213127e+02 3.224428e+01 9.540714e+01
      vertex   -1.210563e+02 3.201706e+01 9.566365e+01
      vertex   -1.205482e+02 3.305643e+01 9.540714e+01
    endloop
  endfacet
  facet normal -4.364862e-01 4.108815e-01 8.004100e-01
    outer loop
      vertex   -1.205482e+02 3.305643e+01 9.540714e+01
      vertex   -1.210563e+02 3.201706e+01 9.566365e+01
      vertex   -1.203059e+02 3.281413e+01 9.566365e+01
    endloop
  endfacet
  facet normal -4.108815e-01 4.364862e-01 8.004100e-01
    outer loop
      vertex   -1.205482e+02 3.305643e+01 9.540714e+01
      vertex   -1.203059e+02 3.281413e+01 9.566365e+01
      vertex   -1.197361e+02 3.382094e+01 9.540714e+01
    endloop
  endfacet
  facet normal -4.108815e-01 4.364862e-01 8.004100e-01
    outer loop
      vertex   -1.197361e+02 3.382094e+01 9.540714e+01
      vertex   -1.203059e+02 3.281413e+01 9.566365e+01
      vertex   -1.195089e+02 3.356445e+01 9.566365e+01
    endloop
  endfacet
  facet normal -3.837775e-01 4.604983e-01 8.004100e-01
    outer loop
      vertex   -1.197361e+02 3.382094e+01 9.540714e+01
      vertex   -1.195089e+02 3.356445e+01 9.566365e+01
      vertex   -1.188793e+02 3.453501e+01 9.540714e+01
    endloop
  endfacet
  facet normal -3.837775e-01 4.604983e-01 8.004100e-01
    outer loop
      vertex   -1.188793e+02 3.453501e+01 9.540714e+01
      vertex   -1.195089e+02 3.356445e+01 9.566365e+01
      vertex   -1.186679e+02 3.426528e+01 9.566365e+01
    endloop
  endfacet
  facet normal -3.552731e-01 4.828300e-01 8.004100e-01
    outer loop
      vertex   -1.188793e+02 3.453501e+01 9.540714e+01
      vertex   -1.186679e+02 3.426528e+01 9.566365e+01
      vertex   -1.179809e+02 3.519605e+01 9.540714e+01
    endloop
  endfacet
  facet normal -3.552731e-01 4.828300e-01 8.004100e-01
    outer loop
      vertex   -1.179809e+02 3.519605e+01 9.540714e+01
      vertex   -1.186679e+02 3.426528e+01 9.566365e+01
      vertex   -1.177862e+02 3.491405e+01 9.566365e+01
    endloop
  endfacet
  facet normal -3.254724e-01 5.034000e-01 8.004100e-01
    outer loop
      vertex   -1.179809e+02 3.519605e+01 9.540714e+01
      vertex   -1.177862e+02 3.491405e+01 9.566365e+01
      vertex   -1.170442e+02 3.580164e+01 9.540714e+01
    endloop
  endfacet
  facet normal -3.254724e-01 5.034000e-01 8.004100e-01
    outer loop
      vertex   -1.170442e+02 3.580164e+01 9.540714e+01
      vertex   -1.177862e+02 3.491405e+01 9.566365e+01
      vertex   -1.168670e+02 3.550840e+01 9.566365e+01
    endloop
  endfacet
  facet normal -2.944840e-01 5.221331e-01 8.004100e-01
    outer loop
      vertex   -1.170442e+02 3.580164e+01 9.540714e+01
      vertex   -1.168670e+02 3.550840e+01 9.566365e+01
      vertex   -1.160727e+02 3.634958e+01 9.540714e+01
    endloop
  endfacet
  facet normal -2.944840e-01 5.221331e-01 8.004100e-01
    outer loop
      vertex   -1.160727e+02 3.634958e+01 9.540714e+01
      vertex   -1.168670e+02 3.550840e+01 9.566365e+01
      vertex   -1.159135e+02 3.604617e+01 9.566365e+01
    endloop
  endfacet
  facet normal -2.624211e-01 5.389610e-01 8.004100e-01
    outer loop
      vertex   -1.160727e+02 3.634958e+01 9.540714e+01
      vertex   -1.159135e+02 3.604617e+01 9.566365e+01
      vertex   -1.150699e+02 3.683785e+01 9.540714e+01
    endloop
  endfacet
  facet normal -2.624211e-01 5.389610e-01 8.004100e-01
    outer loop
      vertex   -1.150699e+02 3.683785e+01 9.540714e+01
      vertex   -1.159135e+02 3.604617e+01 9.566365e+01
      vertex   -1.149293e+02 3.652538e+01 9.566365e+01
    endloop
  endfacet
  facet normal -2.294007e-01 5.538223e-01 8.004100e-01
    outer loop
      vertex   -1.150699e+02 3.683785e+01 9.540714e+01
      vertex   -1.149293e+02 3.652538e+01 9.566365e+01
      vertex   -1.140394e+02 3.726468e+01 9.540714e+01
    endloop
  endfacet
  facet normal -2.294007e-01 5.538223e-01 8.004100e-01
    outer loop
      vertex   -1.140394e+02 3.726468e+01 9.540714e+01
      vertex   -1.149293e+02 3.652538e+01 9.566365e+01
      vertex   -1.139179e+02 3.694429e+01 9.566365e+01
    endloop
  endfacet
  facet normal -1.955432e-01 5.666627e-01 8.004100e-01
    outer loop
      vertex   -1.140394e+02 3.726468e+01 9.540714e+01
      vertex   -1.139179e+02 3.694429e+01 9.566365e+01
      vertex   -1.129851e+02 3.762852e+01 9.540714e+01
    endloop
  endfacet
  facet normal -1.955432e-01 5.666627e-01 8.004100e-01
    outer loop
      vertex   -1.129851e+02 3.762852e+01 9.540714e+01
      vertex   -1.139179e+02 3.694429e+01 9.566365e+01
      vertex   -1.128831e+02 3.730138e+01 9.566365e+01
    endloop
  endfacet
  facet normal -1.609722e-01 5.774355e-01 8.004100e-01
    outer loop
      vertex   -1.129851e+02 3.762852e+01 9.540714e+01
      vertex   -1.128831e+02 3.730138e+01 9.566365e+01
      vertex   -1.119107e+02 3.792804e+01 9.540714e+01
    endloop
  endfacet
  facet normal -1.609722e-01 5.774355e-01 8.004100e-01
    outer loop
      vertex   -1.119107e+02 3.792804e+01 9.540714e+01
      vertex   -1.128831e+02 3.730138e+01 9.566365e+01
      vertex   -1.118287e+02 3.759533e+01 9.566365e+01
    endloop
  endfacet
  facet normal -1.258138e-01 5.861013e-01 8.004100e-01
    outer loop
      vertex   -1.119107e+02 3.792804e+01 9.540714e+01
      vertex   -1.118287e+02 3.759533e+01 9.566365e+01
      vertex   -1.108201e+02 3.816213e+01 9.540714e+01
    endloop
  endfacet
  facet normal -1.258138e-01 5.861013e-01 8.004100e-01
    outer loop
      vertex   -1.108201e+02 3.816213e+01 9.540714e+01
      vertex   -1.118287e+02 3.759533e+01 9.566365e+01
      vertex   -1.107584e+02 3.782508e+01 9.566365e+01
    endloop
  endfacet
  facet normal -9.019639e-02 5.926284e-01 8.004100e-01
    outer loop
      vertex   -1.108201e+02 3.816213e+01 9.540714e+01
      vertex   -1.107584e+02 3.782508e+01 9.566365e+01
      vertex   -1.097175e+02 3.832995e+01 9.540714e+01
    endloop
  endfacet
  facet normal -9.019639e-02 5.926284e-01 8.004100e-01
    outer loop
      vertex   -1.097175e+02 3.832995e+01 9.540714e+01
      vertex   -1.107584e+02 3.782508e+01 9.566365e+01
      vertex   -1.096762e+02 3.798979e+01 9.566365e+01
    endloop
  endfacet
  facet normal -5.424982e-02 5.969931e-01 8.004100e-01
    outer loop
      vertex   -1.097175e+02 3.832995e+01 9.540714e+01
      vertex   -1.096762e+02 3.798979e+01 9.566365e+01
      vertex   -1.086067e+02 3.843089e+01 9.540714e+01
    endloop
  endfacet
  facet normal -5.424982e-02 5.969931e-01 8.004100e-01
    outer loop
      vertex   -1.086067e+02 3.843089e+01 9.540714e+01
      vertex   -1.096762e+02 3.798979e+01 9.566365e+01
      vertex   -1.085860e+02 3.808886e+01 9.566365e+01
    endloop
  endfacet
  facet normal -1.810529e-02 5.991794e-01 8.004100e-01
    outer loop
      vertex   -1.086067e+02 3.843089e+01 9.540714e+01
      vertex   -1.085860e+02 3.808886e+01 9.566365e+01
      vertex   -1.074918e+02 3.846458e+01 9.540714e+01
    endloop
  endfacet
  facet normal -1.810529e-02 5.991794e-01 8.004100e-01
    outer loop
      vertex   -1.074918e+02 3.846458e+01 9.540714e+01
      vertex   -1.085860e+02 3.808886e+01 9.566365e+01
      vertex   -1.074918e+02 3.812192e+01 9.566365e+01
    endloop
  endfacet
  facet normal 1.810529e-02 5.991794e-01 8.004100e-01
    outer loop
      vertex   -1.074918e+02 3.846458e+01 9.540714e+01
      vertex   -1.074918e+02 3.812192e+01 9.566365e+01
      vertex   -1.063769e+02 3.843089e+01 9.540714e+01
    endloop
  endfacet
  facet normal 1.810529e-02 5.991794e-01 8.004100e-01
    outer loop
      vertex   -1.063769e+02 3.843089e+01 9.540714e+01
      vertex   -1.074918e+02 3.812192e+01 9.566365e+01
      vertex   -1.063976e+02 3.808886e+01 9.566365e+01
    endloop
  endfacet
  facet normal 5.424982e-02 5.969931e-01 8.004100e-01
    outer loop
      vertex   -1.063769e+02 3.843089e+01 9.540714e+01
      vertex   -1.063976e+02 3.808886e+01 9.566365e+01
      vertex   -1.052661e+02 3.832995e+01 9.540714e+01
    endloop
  endfacet
  facet normal 5.424982e-02 5.969931e-01 8.004100e-01
    outer loop
      vertex   -1.052661e+02 3.832995e+01 9.540714e+01
      vertex   -1.063976e+02 3.808886e+01 9.566365e+01
      vertex   -1.053074e+02 3.798979e+01 9.566365e+01
    endloop
  endfacet
  facet normal 9.019639e-02 5.926284e-01 8.004100e-01
    outer loop
      vertex   -1.052661e+02 3.832995e+01 9.540714e+01
      vertex   -1.053074e+02 3.798979e+01 9.566365e+01
      vertex   -1.041635e+02 3.816213e+01 9.540714e+01
    endloop
  endfacet
  facet normal 9.019639e-02 5.926284e-01 8.004100e-01
    outer loop
      vertex   -1.041635e+02 3.816213e+01 9.540714e+01
      vertex   -1.053074e+02 3.798979e+01 9.566365e+01
      vertex   -1.042252e+02 3.782508e+01 9.566365e+01
    endloop
  endfacet
  facet normal 1.258138e-01 5.861013e-01 8.004100e-01
    outer loop
      vertex   -1.041635e+02 3.816213e+01 9.540714e+01
      vertex   -1.042252e+02 3.782508e+01 9.566365e+01
      vertex   -1.030729e+02 3.792804e+01 9.540714e+01
    endloop
  endfacet
  facet normal 1.258138e-01 5.861013e-01 8.004100e-01
    outer loop
      vertex   -1.030729e+02 3.792804e+01 9.540714e+01
      vertex   -1.042252e+02 3.782508e+01 9.566365e+01
      vertex   -1.031549e+02 3.759533e+01 9.566365e+01
    endloop
  endfacet
  facet normal 1.609722e-01 5.774355e-01 8.004100e-01
    outer loop
      vertex   -1.030729e+02 3.792804e+01 9.540714e+01
      vertex   -1.031549e+02 3.759533e+01 9.566365e+01
      vertex   -1.019985e+02 3.762852e+01 9.540714e+01
    endloop
  endfacet
  facet normal 1.609722e-01 5.774355e-01 8.004100e-01
    outer loop
      vertex   -1.019985e+02 3.762852e+01 9.540714e+01
      vertex   -1.031549e+02 3.759533e+01 9.566365e+01
      vertex   -1.021005e+02 3.730138e+01 9.566365e+01
    endloop
  endfacet
  facet normal 1.955432e-01 5.666627e-01 8.004100e-01
    outer loop
      vertex   -1.019985e+02 3.762852e+01 9.540714e+01
      vertex   -1.021005e+02 3.730138e+01 9.566365e+01
      vertex   -1.009442e+02 3.726468e+01 9.540714e+01
    endloop
  endfacet
  facet normal 1.955432e-01 5.666627e-01 8.004100e-01
    outer loop
      vertex   -1.009442e+02 3.726468e+01 9.540714e+01
      vertex   -1.021005e+02 3.730138e+01 9.566365e+01
      vertex   -1.010657e+02 3.694429e+01 9.566365e+01
    endloop
  endfacet
  facet normal 2.293050e-01 5.538597e-01 8.004115e-01
    outer loop
      vertex   -1.009442e+02 3.726468e+01 9.540714e+01
      vertex   -1.010657e+02 3.694429e+01 9.566365e+01
      vertex   -1.000600e+02 3.652793e+01 9.566365e+01
    endloop
  endfacet
  facet normal 1.833983e-01 4.429773e-01 8.775740e-01
    outer loop
      vertex   -1.000600e+02 3.652793e+01 9.566365e+01
      vertex   -1.010657e+02 3.694429e+01 9.566365e+01
      vertex   -1.002149e+02 3.618565e+01 9.586878e+01
    endloop
  endfacet
  facet normal 2.097784e-01 4.310578e-01 8.776003e-01
    outer loop
      vertex   -1.000600e+02 3.652793e+01 9.566365e+01
      vertex   -1.002149e+02 3.618565e+01 9.586878e+01
      vertex   -9.924471e+01 3.571352e+01 9.586878e+01
    endloop
  endfacet
  facet normal 1.529847e-01 3.143566e-01 9.368968e-01
    outer loop
      vertex   -9.924471e+01 3.571352e+01 9.586878e+01
      vertex   -1.002149e+02 3.618565e+01 9.586878e+01
      vertex   -9.943109e+01 3.535841e+01 9.601837e+01
    endloop
  endfacet
  facet normal 1.717447e-01 3.045109e-01 9.368975e-01
    outer loop
      vertex   -9.924471e+01 3.571352e+01 9.586878e+01
      vertex   -9.943109e+01 3.535841e+01 9.601837e+01
      vertex   -9.831100e+01 3.518690e+01 9.586878e+01
    endloop
  endfacet
  facet normal 1.717447e-01 3.045109e-01 9.368975e-01
    outer loop
      vertex   -9.831100e+01 3.518690e+01 9.586878e+01
      vertex   -9.943109e+01 3.535841e+01 9.601837e+01
      vertex   -9.851848e+01 3.484370e+01 9.601837e+01
    endloop
  endfacet
  facet normal 1.898172e-01 2.935856e-01 9.368975e-01
    outer loop
      vertex   -9.831100e+01 3.518690e+01 9.586878e+01
      vertex   -9.851848e+01 3.484370e+01 9.601837e+01
      vertex   -9.741079e+01 3.460487e+01 9.586878e+01
    endloop
  endfacet
  facet normal 1.898172e-01 2.935856e-01 9.368975e-01
    outer loop
      vertex   -9.741079e+01 3.460487e+01 9.586878e+01
      vertex   -9.851848e+01 3.484370e+01 9.601837e+01
      vertex   -9.763861e+01 3.427482e+01 9.601837e+01
    endloop
  endfacet
  facet normal 2.071972e-01 2.815891e-01 9.368975e-01
    outer loop
      vertex   -9.741079e+01 3.460487e+01 9.586878e+01
      vertex   -9.763861e+01 3.427482e+01 9.601837e+01
      vertex   -9.654736e+01 3.396955e+01 9.586878e+01
    endloop
  endfacet
  facet normal 2.071972e-01 2.815891e-01 9.368975e-01
    outer loop
      vertex   -9.654736e+01 3.396955e+01 9.586878e+01
      vertex   -9.763861e+01 3.427482e+01 9.601837e+01
      vertex   -9.679469e+01 3.365385e+01 9.601837e+01
    endloop
  endfacet
  facet normal 2.238211e-01 2.685651e-01 9.368975e-01
    outer loop
      vertex   -9.654736e+01 3.396955e+01 9.586878e+01
      vertex   -9.679469e+01 3.365385e+01 9.601837e+01
      vertex   -9.572387e+01 3.328326e+01 9.586878e+01
    endloop
  endfacet
  facet normal 2.238211e-01 2.685651e-01 9.368975e-01
    outer loop
      vertex   -9.572387e+01 3.328326e+01 9.586878e+01
      vertex   -9.679469e+01 3.365385e+01 9.601837e+01
      vertex   -9.598981e+01 3.298307e+01 9.601837e+01
    endloop
  endfacet
  facet normal 2.396283e-01 2.545611e-01 9.368975e-01
    outer loop
      vertex   -9.572387e+01 3.328326e+01 9.586878e+01
      vertex   -9.598981e+01 3.298307e+01 9.601837e+01
      vertex   -9.494331e+01 3.254849e+01 9.586878e+01
    endloop
  endfacet
  facet normal 2.396283e-01 2.545611e-01 9.368975e-01
    outer loop
      vertex   -9.494331e+01 3.254849e+01 9.586878e+01
      vertex   -9.598981e+01 3.298307e+01 9.601837e+01
      vertex   -9.522690e+01 3.226491e+01 9.601837e+01
    endloop
  endfacet
  facet normal 2.545611e-01 2.396283e-01 9.368975e-01
    outer loop
      vertex   -9.494331e+01 3.254849e+01 9.586878e+01
      vertex   -9.522690e+01 3.226491e+01 9.601837e+01
      vertex   -9.420855e+01 3.176794e+01 9.586878e+01
    endloop
  endfacet
  facet normal 2.545611e-01 2.396283e-01 9.368975e-01
    outer loop
      vertex   -9.420855e+01 3.176794e+01 9.586878e+01
      vertex   -9.522690e+01 3.226491e+01 9.601837e+01
      vertex   -9.450874e+01 3.150199e+01 9.601837e+01
    endloop
  endfacet
  facet normal 2.685651e-01 2.238211e-01 9.368975e-01
    outer loop
      vertex   -9.420855e+01 3.176794e+01 9.586878e+01
      vertex   -9.450874e+01 3.150199e+01 9.601837e+01
      vertex   -9.352225e+01 3.094444e+01 9.586878e+01
    endloop
  endfacet
  facet normal 2.685651e-01 2.238211e-01 9.368975e-01
    outer loop
      vertex   -9.352225e+01 3.094444e+01 9.586878e+01
      vertex   -9.450874e+01 3.150199e+01 9.601837e+01
      vertex   -9.383795e+01 3.069711e+01 9.601837e+01
    endloop
  endfacet
  facet normal 2.815891e-01 2.071972e-01 9.368975e-01
    outer loop
      vertex   -9.352225e+01 3.094444e+01 9.586878e+01
      vertex   -9.383795e+01 3.069711e+01 9.601837e+01
      vertex   -9.288693e+01 3.008102e+01 9.586878e+01
    endloop
  endfacet
  facet normal 2.815891e-01 2.071972e-01 9.368975e-01
    outer loop
      vertex   -9.288693e+01 3.008102e+01 9.586878e+01
      vertex   -9.383795e+01 3.069711e+01 9.601837e+01
      vertex   -9.321699e+01 2.985320e+01 9.601837e+01
    endloop
  endfacet
  facet normal 2.935856e-01 1.898172e-01 9.368975e-01
    outer loop
      vertex   -9.288693e+01 3.008102e+01 9.586878e+01
      vertex   -9.321699e+01 2.985320e+01 9.601837e+01
      vertex   -9.230490e+01 2.918080e+01 9.586878e+01
    endloop
  endfacet
  facet normal 2.935856e-01 1.898172e-01 9.368975e-01
    outer loop
      vertex   -9.230490e+01 2.918080e+01 9.586878e+01
      vertex   -9.321699e+01 2.985320e+01 9.601837e+01
      vertex   -9.264811e+01 2.897333e+01 9.601837e+01
    endloop
  endfacet
  facet normal 3.045109e-01 1.717447e-01 9.368975e-01
    outer loop
      vertex   -9.230490e+01 2.918080e+01 9.586878e+01
      vertex   -9.264811e+01 2.897333e+01 9.601837e+01
      vertex   -9.177828e+01 2.824709e+01 9.586878e+01
    endloop
  endfacet
  facet normal 3.045109e-01 1.717447e-01 9.368975e-01
    outer loop
      vertex   -9.177828e+01 2.824709e+01 9.586878e+01
      vertex   -9.264811e+01 2.897333e+01 9.601837e+01
      vertex   -9.213339e+01 2.806072e+01 9.601837e+01
    endloop
  endfacet
  facet normal 3.143250e-01 1.530454e-01 9.368975e-01
    outer loop
      vertex   -9.177828e+01 2.824709e+01 9.586878e+01
      vertex   -9.213339e+01 2.806072e+01 9.601837e+01
      vertex   -9.130901e+01 2.728329e+01 9.586878e+01
    endloop
  endfacet
  facet normal 3.143250e-01 1.530454e-01 9.368975e-01
    outer loop
      vertex   -9.130901e+01 2.728329e+01 9.586878e+01
      vertex   -9.213339e+01 2.806072e+01 9.601837e+01
      vertex   -9.167472e+01 2.711869e+01 9.601837e+01
    endloop
  endfacet
  facet normal 3.230138e-01 1.337391e-01 9.368970e-01
    outer loop
      vertex   -9.130901e+01 2.728329e+01 9.586878e+01
      vertex   -9.167472e+01 2.711869e+01 9.601837e+01
      vertex   -9.089686e+01 2.628785e+01 9.586878e+01
    endloop
  endfacet
  facet normal 3.230020e-01 1.337270e-01 9.369028e-01
    outer loop
      vertex   -9.089686e+01 2.628785e+01 9.586878e+01
      vertex   -9.167472e+01 2.711869e+01 9.601837e+01
      vertex   -9.127166e+01 2.614514e+01 9.601837e+01
    endloop
  endfacet
  facet normal 3.305112e-01 1.139960e-01 9.368924e-01
    outer loop
      vertex   -9.089686e+01 2.628785e+01 9.586878e+01
      vertex   -9.127166e+01 2.614514e+01 9.601837e+01
      vertex   -9.054909e+01 2.527956e+01 9.586878e+01
    endloop
  endfacet
  facet normal 3.304988e-01 1.139847e-01 9.368981e-01
    outer loop
      vertex   -9.054909e+01 2.527956e+01 9.586878e+01
      vertex   -9.127166e+01 2.614514e+01 9.601837e+01
      vertex   -9.093198e+01 2.516025e+01 9.601837e+01
    endloop
  endfacet
  facet normal 3.367635e-01 9.387987e-02 9.368975e-01
    outer loop
      vertex   -9.054909e+01 2.527956e+01 9.586878e+01
      vertex   -9.093198e+01 2.516025e+01 9.601837e+01
      vertex   -9.026123e+01 2.424695e+01 9.586878e+01
    endloop
  endfacet
  facet normal 3.367635e-01 9.387987e-02 9.368975e-01
    outer loop
      vertex   -9.026123e+01 2.424695e+01 9.586878e+01
      vertex   -9.093198e+01 2.516025e+01 9.601837e+01
      vertex   -9.065063e+01 2.415098e+01 9.601837e+01
    endloop
  endfacet
  facet normal 3.418174e-01 7.337531e-02 9.368975e-01
    outer loop
      vertex   -9.026123e+01 2.424695e+01 9.586878e+01
      vertex   -9.065063e+01 2.415098e+01 9.601837e+01
      vertex   -9.003624e+01 2.319885e+01 9.586878e+01
    endloop
  endfacet
  facet normal 3.418174e-01 7.337531e-02 9.368975e-01
    outer loop
      vertex   -9.003624e+01 2.319885e+01 9.586878e+01
      vertex   -9.065063e+01 2.415098e+01 9.601837e+01
      vertex   -9.043072e+01 2.312656e+01 9.601837e+01
    endloop
  endfacet
  facet normal 3.456241e-01 5.260302e-02 9.368975e-01
    outer loop
      vertex   -9.003624e+01 2.319885e+01 9.586878e+01
      vertex   -9.043072e+01 2.312656e+01 9.601837e+01
      vertex   -8.987495e+01 2.213907e+01 9.586878e+01
    endloop
  endfacet
  facet normal 3.456241e-01 5.260302e-02 9.368975e-01
    outer loop
      vertex   -8.987495e+01 2.213907e+01 9.586878e+01
      vertex   -9.043072e+01 2.312656e+01 9.601837e+01
      vertex   -9.027307e+01 2.209073e+01 9.601837e+01
    endloop
  endfacet
  facet normal 3.481696e-01 3.163879e-02 9.368975e-01
    outer loop
      vertex   -8.987495e+01 2.213907e+01 9.586878e+01
      vertex   -9.027307e+01 2.209073e+01 9.601837e+01
      vertex   -8.977794e+01 2.107149e+01 9.586878e+01
    endloop
  endfacet
  facet normal 3.481696e-01 3.163879e-02 9.368975e-01
    outer loop
      vertex   -8.977794e+01 2.107149e+01 9.586878e+01
      vertex   -9.027307e+01 2.209073e+01 9.601837e+01
      vertex   -9.017825e+01 2.104728e+01 9.601837e+01
    endloop
  endfacet
  facet normal 3.494447e-01 1.055911e-02 9.368975e-01
    outer loop
      vertex   -8.977794e+01 2.107149e+01 9.586878e+01
      vertex   -9.017825e+01 2.104728e+01 9.601837e+01
      vertex   -8.974556e+01 2.000000e+01 9.586878e+01
    endloop
  endfacet
  facet normal 3.494447e-01 1.055911e-02 9.368975e-01
    outer loop
      vertex   -8.974556e+01 2.000000e+01 9.586878e+01
      vertex   -9.017825e+01 2.104728e+01 9.601837e+01
      vertex   -9.014661e+01 2.000000e+01 9.601837e+01
    endloop
  endfacet
  facet normal 3.494447e-01 -1.055911e-02 9.368975e-01
    outer loop
      vertex   -8.974556e+01 2.000000e+01 9.586878e+01
      vertex   -9.014661e+01 2.000000e+01 9.601837e+01
      vertex   -8.977794e+01 1.892851e+01 9.586878e+01
    endloop
  endfacet
  facet normal 3.494447e-01 -1.055911e-02 9.368975e-01
    outer loop
      vertex   -8.977794e+01 1.892851e+01 9.586878e+01
      vertex   -9.014661e+01 2.000000e+01 9.601837e+01
      vertex   -9.017825e+01 1.895272e+01 9.601837e+01
    endloop
  endfacet
  facet normal 3.481696e-01 -3.163879e-02 9.368975e-01
    outer loop
      vertex   -8.977794e+01 1.892851e+01 9.586878e+01
      vertex   -9.017825e+01 1.895272e+01 9.601837e+01
      vertex   -8.987495e+01 1.786093e+01 9.586878e+01
    endloop
  endfacet
  facet normal 3.481696e-01 -3.163879e-02 9.368975e-01
    outer loop
      vertex   -8.987495e+01 1.786093e+01 9.586878e+01
      vertex   -9.017825e+01 1.895272e+01 9.601837e+01
      vertex   -9.027307e+01 1.790927e+01 9.601837e+01
    endloop
  endfacet
  facet normal 3.456241e-01 -5.260302e-02 9.368975e-01
    outer loop
      vertex   -8.987495e+01 1.786093e+01 9.586878e+01
      vertex   -9.027307e+01 1.790927e+01 9.601837e+01
      vertex   -9.003624e+01 1.680115e+01 9.586878e+01
    endloop
  endfacet
  facet normal 3.456241e-01 -5.260302e-02 9.368975e-01
    outer loop
      vertex   -9.003624e+01 1.680115e+01 9.586878e+01
      vertex   -9.027307e+01 1.790927e+01 9.601837e+01
      vertex   -9.043072e+01 1.687344e+01 9.601837e+01
    endloop
  endfacet
  facet normal 3.418174e-01 -7.337531e-02 9.368975e-01
    outer loop
      vertex   -9.003624e+01 1.680115e+01 9.586878e+01
      vertex   -9.043072e+01 1.687344e+01 9.601837e+01
      vertex   -9.026123e+01 1.575305e+01 9.586878e+01
    endloop
  endfacet
  facet normal 3.418174e-01 -7.337531e-02 9.368975e-01
    outer loop
      vertex   -9.026123e+01 1.575305e+01 9.586878e+01
      vertex   -9.043072e+01 1.687344e+01 9.601837e+01
      vertex   -9.065063e+01 1.584902e+01 9.601837e+01
    endloop
  endfacet
  facet normal 3.367635e-01 -9.387987e-02 9.368975e-01
    outer loop
      vertex   -9.026123e+01 1.575305e+01 9.586878e+01
      vertex   -9.065063e+01 1.584902e+01 9.601837e+01
      vertex   -9.054909e+01 1.472044e+01 9.586878e+01
    endloop
  endfacet
  facet normal 3.367635e-01 -9.387987e-02 9.368975e-01
    outer loop
      vertex   -9.054909e+01 1.472044e+01 9.586878e+01
      vertex   -9.065063e+01 1.584902e+01 9.601837e+01
      vertex   -9.093198e+01 1.483975e+01 9.601837e+01
    endloop
  endfacet
  facet normal 3.304808e-01 -1.140419e-01 9.368975e-01
    outer loop
      vertex   -9.054909e+01 1.472044e+01 9.586878e+01
      vertex   -9.093198e+01 1.483975e+01 9.601837e+01
      vertex   -9.089878e+01 1.370709e+01 9.586878e+01
    endloop
  endfacet
  facet normal 3.304808e-01 -1.140419e-01 9.368975e-01
    outer loop
      vertex   -9.089878e+01 1.370709e+01 9.586878e+01
      vertex   -9.093198e+01 1.483975e+01 9.601837e+01
      vertex   -9.127376e+01 1.384931e+01 9.601837e+01
    endloop
  endfacet
  facet normal 3.229922e-01 -1.337877e-01 9.368975e-01
    outer loop
      vertex   -9.089878e+01 1.370709e+01 9.586878e+01
      vertex   -9.127376e+01 1.384931e+01 9.601837e+01
      vertex   -9.130901e+01 1.271671e+01 9.586878e+01
    endloop
  endfacet
  facet normal 3.229922e-01 -1.337877e-01 9.368975e-01
    outer loop
      vertex   -9.130901e+01 1.271671e+01 9.586878e+01
      vertex   -9.127376e+01 1.384931e+01 9.601837e+01
      vertex   -9.167472e+01 1.288131e+01 9.601837e+01
    endloop
  endfacet
  facet normal 3.143250e-01 -1.530454e-01 9.368975e-01
    outer loop
      vertex   -9.130901e+01 1.271671e+01 9.586878e+01
      vertex   -9.167472e+01 1.288131e+01 9.601837e+01
      vertex   -9.177828e+01 1.175291e+01 9.586878e+01
    endloop
  endfacet
  facet normal 3.143250e-01 -1.530454e-01 9.368975e-01
    outer loop
      vertex   -9.177828e+01 1.175291e+01 9.586878e+01
      vertex   -9.167472e+01 1.288131e+01 9.601837e+01
      vertex   -9.213339e+01 1.193928e+01 9.601837e+01
    endloop
  endfacet
  facet normal 3.045109e-01 -1.717447e-01 9.368975e-01
    outer loop
      vertex   -9.177828e+01 1.175291e+01 9.586878e+01
      vertex   -9.213339e+01 1.193928e+01 9.601837e+01
      vertex   -9.230490e+01 1.081920e+01 9.586878e+01
    endloop
  endfacet
  facet normal 3.045109e-01 -1.717447e-01 9.368975e-01
    outer loop
      vertex   -9.230490e+01 1.081920e+01 9.586878e+01
      vertex   -9.213339e+01 1.193928e+01 9.601837e+01
      vertex   -9.264811e+01 1.102667e+01 9.601837e+01
    endloop
  endfacet
  facet normal 2.935856e-01 -1.898172e-01 9.368975e-01
    outer loop
      vertex   -9.230490e+01 1.081920e+01 9.586878e+01
      vertex   -9.264811e+01 1.102667e+01 9.601837e+01
      vertex   -9.288693e+01 9.918984e+00 9.586878e+01
    endloop
  endfacet
  facet normal 2.935856e-01 -1.898172e-01 9.368975e-01
    outer loop
      vertex   -9.288693e+01 9.918984e+00 9.586878e+01
      vertex   -9.264811e+01 1.102667e+01 9.601837e+01
      vertex   -9.321699e+01 1.014680e+01 9.601837e+01
    endloop
  endfacet
  facet normal 2.815891e-01 -2.071972e-01 9.368975e-01
    outer loop
      vertex   -9.288693e+01 9.918984e+00 9.586878e+01
      vertex   -9.321699e+01 1.014680e+01 9.601837e+01
      vertex   -9.352225e+01 9.055556e+00 9.586878e+01
    endloop
  endfacet
  facet normal 2.815891e-01 -2.071972e-01 9.368975e-01
    outer loop
      vertex   -9.352225e+01 9.055556e+00 9.586878e+01
      vertex   -9.321699e+01 1.014680e+01 9.601837e+01
      vertex   -9.383795e+01 9.302889e+00 9.601837e+01
    endloop
  endfacet
  facet normal 2.685651e-01 -2.238211e-01 9.368975e-01
    outer loop
      vertex   -9.352225e+01 9.055556e+00 9.586878e+01
      vertex   -9.383795e+01 9.302889e+00 9.601837e+01
      vertex   -9.420855e+01 8.232063e+00 9.586878e+01
    endloop
  endfacet
  facet normal 2.685651e-01 -2.238211e-01 9.368975e-01
    outer loop
      vertex   -9.420855e+01 8.232063e+00 9.586878e+01
      vertex   -9.383795e+01 9.302889e+00 9.601837e+01
      vertex   -9.450874e+01 8.498006e+00 9.601837e+01
    endloop
  endfacet
  facet normal 2.545611e-01 -2.396283e-01 9.368975e-01
    outer loop
      vertex   -9.420855e+01 8.232063e+00 9.586878e+01
      vertex   -9.450874e+01 8.498006e+00 9.601837e+01
      vertex   -9.494331e+01 7.451510e+00 9.586878e+01
    endloop
  endfacet
  facet normal 2.545611e-01 -2.396283e-01 9.368975e-01
    outer loop
      vertex   -9.494331e+01 7.451510e+00 9.586878e+01
      vertex   -9.450874e+01 8.498006e+00 9.601837e+01
      vertex   -9.522690e+01 7.735093e+00 9.601837e+01
    endloop
  endfacet
  facet normal 2.396283e-01 -2.545611e-01 9.368975e-01
    outer loop
      vertex   -9.494331e+01 7.451510e+00 9.586878e+01
      vertex   -9.522690e+01 7.735093e+00 9.601837e+01
      vertex   -9.572387e+01 6.716745e+00 9.586878e+01
    endloop
  endfacet
  facet normal 2.396283e-01 -2.545611e-01 9.368975e-01
    outer loop
      vertex   -9.572387e+01 6.716745e+00 9.586878e+01
      vertex   -9.522690e+01 7.735093e+00 9.601837e+01
      vertex   -9.598981e+01 7.016933e+00 9.601837e+01
    endloop
  endfacet
  facet normal 2.238211e-01 -2.685651e-01 9.368975e-01
    outer loop
      vertex   -9.572387e+01 6.716745e+00 9.586878e+01
      vertex   -9.598981e+01 7.016933e+00 9.601837e+01
      vertex   -9.654736e+01 6.030449e+00 9.586878e+01
    endloop
  endfacet
  facet normal 2.238211e-01 -2.685651e-01 9.368975e-01
    outer loop
      vertex   -9.654736e+01 6.030449e+00 9.586878e+01
      vertex   -9.598981e+01 7.016933e+00 9.601837e+01
      vertex   -9.679469e+01 6.346147e+00 9.601837e+01
    endloop
  endfacet
  facet normal 2.071972e-01 -2.815891e-01 9.368975e-01
    outer loop
      vertex   -9.654736e+01 6.030449e+00 9.586878e+01
      vertex   -9.679469e+01 6.346147e+00 9.601837e+01
      vertex   -9.741079e+01 5.395127e+00 9.586878e+01
    endloop
  endfacet
  facet normal 2.071972e-01 -2.815891e-01 9.368975e-01
    outer loop
      vertex   -9.741079e+01 5.395127e+00 9.586878e+01
      vertex   -9.679469e+01 6.346147e+00 9.601837e+01
      vertex   -9.763861e+01 5.725182e+00 9.601837e+01
    endloop
  endfacet
  facet normal 1.898172e-01 -2.935856e-01 9.368975e-01
    outer loop
      vertex   -9.741079e+01 5.395127e+00 9.586878e+01
      vertex   -9.763861e+01 5.725182e+00 9.601837e+01
      vertex   -9.831100e+01 4.813096e+00 9.586878e+01
    endloop
  endfacet
  facet normal 1.898172e-01 -2.935856e-01 9.368975e-01
    outer loop
      vertex   -9.831100e+01 4.813096e+00 9.586878e+01
      vertex   -9.763861e+01 5.725182e+00 9.601837e+01
      vertex   -9.851848e+01 5.156305e+00 9.601837e+01
    endloop
  endfacet
  facet normal 1.717447e-01 -3.045109e-01 9.368975e-01
    outer loop
      vertex   -9.831100e+01 4.813096e+00 9.586878e+01
      vertex   -9.851848e+01 5.156305e+00 9.601837e+01
      vertex   -9.924471e+01 4.286480e+00 9.586878e+01
    endloop
  endfacet
  facet normal 1.717447e-01 -3.045109e-01 9.368975e-01
    outer loop
      vertex   -9.924471e+01 4.286480e+00 9.586878e+01
      vertex   -9.851848e+01 5.156305e+00 9.601837e+01
      vertex   -9.943109e+01 4.641590e+00 9.601837e+01
    endloop
  endfacet
  facet normal 1.530454e-01 -3.143250e-01 9.368975e-01
    outer loop
      vertex   -9.924471e+01 4.286480e+00 9.586878e+01
      vertex   -9.943109e+01 4.641590e+00 9.601837e+01
      vertex   -1.002085e+02 3.817202e+00 9.586878e+01
    endloop
  endfacet
  facet normal 1.530454e-01 -3.143250e-01 9.368975e-01
    outer loop
      vertex   -1.002085e+02 3.817202e+00 9.586878e+01
      vertex   -9.943109e+01 4.641590e+00 9.601837e+01
      vertex   -1.003731e+02 4.182917e+00 9.601837e+01
    endloop
  endfacet
  facet normal 1.337877e-01 -3.229922e-01 9.368975e-01
    outer loop
      vertex   -1.002085e+02 3.817202e+00 9.586878e+01
      vertex   -1.003731e+02 4.182917e+00 9.601837e+01
      vertex   -1.011989e+02 3.406973e+00 9.586878e+01
    endloop
  endfacet
  facet normal 1.337877e-01 -3.229922e-01 9.368975e-01
    outer loop
      vertex   -1.011989e+02 3.406973e+00 9.586878e+01
      vertex   -1.003731e+02 4.182917e+00 9.601837e+01
      vertex   -1.013411e+02 3.781958e+00 9.601837e+01
    endloop
  endfacet
  facet normal 1.140419e-01 -3.304808e-01 9.368975e-01
    outer loop
      vertex   -1.011989e+02 3.406973e+00 9.586878e+01
      vertex   -1.013411e+02 3.781958e+00 9.601837e+01
      vertex   -1.022122e+02 3.057290e+00 9.586878e+01
    endloop
  endfacet
  facet normal 1.140419e-01 -3.304808e-01 9.368975e-01
    outer loop
      vertex   -1.022122e+02 3.057290e+00 9.586878e+01
      vertex   -1.013411e+02 3.781958e+00 9.601837e+01
      vertex   -1.023316e+02 3.440178e+00 9.601837e+01
    endloop
  endfacet
  facet normal 9.387987e-02 -3.367635e-01 9.368975e-01
    outer loop
      vertex   -1.022122e+02 3.057290e+00 9.586878e+01
      vertex   -1.023316e+02 3.440178e+00 9.601837e+01
      vertex   -1.032448e+02 2.769429e+00 9.586878e+01
    endloop
  endfacet
  facet normal 9.387987e-02 -3.367635e-01 9.368975e-01
    outer loop
      vertex   -1.032448e+02 2.769429e+00 9.586878e+01
      vertex   -1.023316e+02 3.440178e+00 9.601837e+01
      vertex   -1.033408e+02 3.158822e+00 9.601837e+01
    endloop
  endfacet
  facet normal 7.337531e-02 -3.418174e-01 9.368975e-01
    outer loop
      vertex   -1.032448e+02 2.769429e+00 9.586878e+01
      vertex   -1.033408e+02 3.158822e+00 9.601837e+01
      vertex   -1.042930e+02 2.544440e+00 9.586878e+01
    endloop
  endfacet
  facet normal 7.337531e-02 -3.418174e-01 9.368975e-01
    outer loop
      vertex   -1.042930e+02 2.544440e+00 9.586878e+01
      vertex   -1.033408e+02 3.158822e+00 9.601837e+01
      vertex   -1.043652e+02 2.938918e+00 9.601837e+01
    endloop
  endfacet
  facet normal 5.260302e-02 -3.456241e-01 9.368975e-01
    outer loop
      vertex   -1.042930e+02 2.544440e+00 9.586878e+01
      vertex   -1.043652e+02 2.938918e+00 9.601837e+01
      vertex   -1.053527e+02 2.383145e+00 9.586878e+01
    endloop
  endfacet
  facet normal 5.260302e-02 -3.456241e-01 9.368975e-01
    outer loop
      vertex   -1.053527e+02 2.383145e+00 9.586878e+01
      vertex   -1.043652e+02 2.938918e+00 9.601837e+01
      vertex   -1.054011e+02 2.781268e+00 9.601837e+01
    endloop
  endfacet
  facet normal 3.163879e-02 -3.481696e-01 9.368975e-01
    outer loop
      vertex   -1.053527e+02 2.383145e+00 9.586878e+01
      vertex   -1.054011e+02 2.781268e+00 9.601837e+01
      vertex   -1.064203e+02 2.286132e+00 9.586878e+01
    endloop
  endfacet
  facet normal 3.163879e-02 -3.481696e-01 9.368975e-01
    outer loop
      vertex   -1.064203e+02 2.286132e+00 9.586878e+01
      vertex   -1.054011e+02 2.781268e+00 9.601837e+01
      vertex   -1.064445e+02 2.686448e+00 9.601837e+01
    endloop
  endfacet
  facet normal 1.055911e-02 -3.494447e-01 9.368975e-01
    outer loop
      vertex   -1.064203e+02 2.286132e+00 9.586878e+01
      vertex   -1.064445e+02 2.686448e+00 9.601837e+01
      vertex   -1.074918e+02 2.253755e+00 9.586878e+01
    endloop
  endfacet
  facet normal 1.055911e-02 -3.494447e-01 9.368975e-01
    outer loop
      vertex   -1.074918e+02 2.253755e+00 9.586878e+01
      vertex   -1.064445e+02 2.686448e+00 9.601837e+01
      vertex   -1.074918e+02 2.654802e+00 9.601837e+01
    endloop
  endfacet
  facet normal -1.055911e-02 -3.494447e-01 9.368975e-01
    outer loop
      vertex   -1.074918e+02 2.253755e+00 9.586878e+01
      vertex   -1.074918e+02 2.654802e+00 9.601837e+01
      vertex   -1.085633e+02 2.286132e+00 9.586878e+01
    endloop
  endfacet
  facet normal -1.055911e-02 -3.494447e-01 9.368975e-01
    outer loop
      vertex   -1.085633e+02 2.286132e+00 9.586878e+01
      vertex   -1.074918e+02 2.654802e+00 9.601837e+01
      vertex   -1.085391e+02 2.686448e+00 9.601837e+01
    endloop
  endfacet
  facet normal -3.163879e-02 -3.481696e-01 9.368975e-01
    outer loop
      vertex   -1.085633e+02 2.286132e+00 9.586878e+01
      vertex   -1.085391e+02 2.686448e+00 9.601837e+01
      vertex   -1.096309e+02 2.383145e+00 9.586878e+01
    endloop
  endfacet
  facet normal -3.163879e-02 -3.481696e-01 9.368975e-01
    outer loop
      vertex   -1.096309e+02 2.383145e+00 9.586878e+01
      vertex   -1.085391e+02 2.686448e+00 9.601837e+01
      vertex   -1.095825e+02 2.781268e+00 9.601837e+01
    endloop
  endfacet
  facet normal -5.260302e-02 -3.456241e-01 9.368975e-01
    outer loop
      vertex   -1.096309e+02 2.383145e+00 9.586878e+01
      vertex   -1.095825e+02 2.781268e+00 9.601837e+01
      vertex   -1.106907e+02 2.544440e+00 9.586878e+01
    endloop
  endfacet
  facet normal -5.260302e-02 -3.456241e-01 9.368975e-01
    outer loop
      vertex   -1.106907e+02 2.544440e+00 9.586878e+01
      vertex   -1.095825e+02 2.781268e+00 9.601837e+01
      vertex   -1.106184e+02 2.938918e+00 9.601837e+01
    endloop
  endfacet
  facet normal -7.337531e-02 -3.418174e-01 9.368975e-01
    outer loop
      vertex   -1.106907e+02 2.544440e+00 9.586878e+01
      vertex   -1.106184e+02 2.938918e+00 9.601837e+01
      vertex   -1.117388e+02 2.769429e+00 9.586878e+01
    endloop
  endfacet
  facet normal -7.337531e-02 -3.418174e-01 9.368975e-01
    outer loop
      vertex   -1.117388e+02 2.769429e+00 9.586878e+01
      vertex   -1.106184e+02 2.938918e+00 9.601837e+01
      vertex   -1.116428e+02 3.158822e+00 9.601837e+01
    endloop
  endfacet
  facet normal -9.387987e-02 -3.367635e-01 9.368975e-01
    outer loop
      vertex   -1.117388e+02 2.769429e+00 9.586878e+01
      vertex   -1.116428e+02 3.158822e+00 9.601837e+01
      vertex   -1.127714e+02 3.057290e+00 9.586878e+01
    endloop
  endfacet
  facet normal -9.387987e-02 -3.367635e-01 9.368975e-01
    outer loop
      vertex   -1.127714e+02 3.057290e+00 9.586878e+01
      vertex   -1.116428e+02 3.158822e+00 9.601837e+01
      vertex   -1.126521e+02 3.440178e+00 9.601837e+01
    endloop
  endfacet
  facet normal -1.140419e-01 -3.304808e-01 9.368975e-01
    outer loop
      vertex   -1.127714e+02 3.057290e+00 9.586878e+01
      vertex   -1.126521e+02 3.440178e+00 9.601837e+01
      vertex   -1.137847e+02 3.406973e+00 9.586878e+01
    endloop
  endfacet
  facet normal -1.140419e-01 -3.304808e-01 9.368975e-01
    outer loop
      vertex   -1.137847e+02 3.406973e+00 9.586878e+01
      vertex   -1.126521e+02 3.440178e+00 9.601837e+01
      vertex   -1.136425e+02 3.781958e+00 9.601837e+01
    endloop
  endfacet
  facet normal -1.337877e-01 -3.229922e-01 9.368975e-01
    outer loop
      vertex   -1.137847e+02 3.406973e+00 9.586878e+01
      vertex   -1.136425e+02 3.781958e+00 9.601837e+01
      vertex   -1.147751e+02 3.817202e+00 9.586878e+01
    endloop
  endfacet
  facet normal -1.337877e-01 -3.229922e-01 9.368975e-01
    outer loop
      vertex   -1.147751e+02 3.817202e+00 9.586878e+01
      vertex   -1.136425e+02 3.781958e+00 9.601837e+01
      vertex   -1.146105e+02 4.182917e+00 9.601837e+01
    endloop
  endfacet
  facet normal -1.530454e-01 -3.143250e-01 9.368975e-01
    outer loop
      vertex   -1.147751e+02 3.817202e+00 9.586878e+01
      vertex   -1.146105e+02 4.182917e+00 9.601837e+01
      vertex   -1.157389e+02 4.286480e+00 9.586878e+01
    endloop
  endfacet
  facet normal -1.530454e-01 -3.143250e-01 9.368975e-01
    outer loop
      vertex   -1.157389e+02 4.286480e+00 9.586878e+01
      vertex   -1.146105e+02 4.182917e+00 9.601837e+01
      vertex   -1.155525e+02 4.641590e+00 9.601837e+01
    endloop
  endfacet
  facet normal -1.717447e-01 -3.045109e-01 9.368975e-01
    outer loop
      vertex   -1.157389e+02 4.286480e+00 9.586878e+01
      vertex   -1.155525e+02 4.641590e+00 9.601837e+01
      vertex   -1.166726e+02 4.813096e+00 9.586878e+01
    endloop
  endfacet
  facet normal -1.717447e-01 -3.045109e-01 9.368975e-01
    outer loop
      vertex   -1.166726e+02 4.813096e+00 9.586878e+01
      vertex   -1.155525e+02 4.641590e+00 9.601837e+01
      vertex   -1.164651e+02 5.156305e+00 9.601837e+01
    endloop
  endfacet
  facet normal -1.898172e-01 -2.935856e-01 9.368975e-01
    outer loop
      vertex   -1.166726e+02 4.813096e+00 9.586878e+01
      vertex   -1.164651e+02 5.156305e+00 9.601837e+01
      vertex   -1.175728e+02 5.395127e+00 9.586878e+01
    endloop
  endfacet
  facet normal -1.898172e-01 -2.935856e-01 9.368975e-01
    outer loop
      vertex   -1.175728e+02 5.395127e+00 9.586878e+01
      vertex   -1.164651e+02 5.156305e+00 9.601837e+01
      vertex   -1.173450e+02 5.725182e+00 9.601837e+01
    endloop
  endfacet
  facet normal -2.071972e-01 -2.815891e-01 9.368975e-01
    outer loop
      vertex   -1.175728e+02 5.395127e+00 9.586878e+01
      vertex   -1.173450e+02 5.725182e+00 9.601837e+01
      vertex   -1.184362e+02 6.030449e+00 9.586878e+01
    endloop
  endfacet
  facet normal -2.071972e-01 -2.815891e-01 9.368975e-01
    outer loop
      vertex   -1.184362e+02 6.030449e+00 9.586878e+01
      vertex   -1.173450e+02 5.725182e+00 9.601837e+01
      vertex   -1.181889e+02 6.346147e+00 9.601837e+01
    endloop
  endfacet
  facet normal -2.238211e-01 -2.685651e-01 9.368975e-01
    outer loop
      vertex   -1.184362e+02 6.030449e+00 9.586878e+01
      vertex   -1.181889e+02 6.346147e+00 9.601837e+01
      vertex   -1.192597e+02 6.716745e+00 9.586878e+01
    endloop
  endfacet
  facet normal -2.238211e-01 -2.685651e-01 9.368975e-01
    outer loop
      vertex   -1.192597e+02 6.716745e+00 9.586878e+01
      vertex   -1.181889e+02 6.346147e+00 9.601837e+01
      vertex   -1.189938e+02 7.016933e+00 9.601837e+01
    endloop
  endfacet
  facet normal -2.396283e-01 -2.545611e-01 9.368975e-01
    outer loop
      vertex   -1.192597e+02 6.716745e+00 9.586878e+01
      vertex   -1.189938e+02 7.016933e+00 9.601837e+01
      vertex   -1.200403e+02 7.451510e+00 9.586878e+01
    endloop
  endfacet
  facet normal -2.396283e-01 -2.545611e-01 9.368975e-01
    outer loop
      vertex   -1.200403e+02 7.451510e+00 9.586878e+01
      vertex   -1.189938e+02 7.016933e+00 9.601837e+01
      vertex   -1.197567e+02 7.735093e+00 9.601837e+01
    endloop
  endfacet
  facet normal -2.545611e-01 -2.396283e-01 9.368975e-01
    outer loop
      vertex   -1.200403e+02 7.451510e+00 9.586878e+01
      vertex   -1.197567e+02 7.735093e+00 9.601837e+01
      vertex   -1.207751e+02 8.232063e+00 9.586878e+01
    endloop
  endfacet
  facet normal -2.545611e-01 -2.396283e-01 9.368975e-01
    outer loop
      vertex   -1.207751e+02 8.232063e+00 9.586878e+01
      vertex   -1.197567e+02 7.735093e+00 9.601837e+01
      vertex   -1.204749e+02 8.498006e+00 9.601837e+01
    endloop
  endfacet
  facet normal -2.685651e-01 -2.238211e-01 9.368975e-01
    outer loop
      vertex   -1.207751e+02 8.232063e+00 9.586878e+01
      vertex   -1.204749e+02 8.498006e+00 9.601837e+01
      vertex   -1.214614e+02 9.055556e+00 9.586878e+01
    endloop
  endfacet
  facet normal -2.685651e-01 -2.238211e-01 9.368975e-01
    outer loop
      vertex   -1.214614e+02 9.055556e+00 9.586878e+01
      vertex   -1.204749e+02 8.498006e+00 9.601837e+01
      vertex   -1.211457e+02 9.302889e+00 9.601837e+01
    endloop
  endfacet
  facet normal -2.815891e-01 -2.071972e-01 9.368975e-01
    outer loop
      vertex   -1.214614e+02 9.055556e+00 9.586878e+01
      vertex   -1.211457e+02 9.302889e+00 9.601837e+01
      vertex   -1.220967e+02 9.918984e+00 9.586878e+01
    endloop
  endfacet
  facet normal -2.815891e-01 -2.071972e-01 9.368975e-01
    outer loop
      vertex   -1.220967e+02 9.918984e+00 9.586878e+01
      vertex   -1.211457e+02 9.302889e+00 9.601837e+01
      vertex   -1.217666e+02 1.014680e+01 9.601837e+01
    endloop
  endfacet
  facet normal -2.935856e-01 -1.898172e-01 9.368975e-01
    outer loop
      vertex   -1.220967e+02 9.918984e+00 9.586878e+01
      vertex   -1.217666e+02 1.014680e+01 9.601837e+01
      vertex   -1.226787e+02 1.081920e+01 9.586878e+01
    endloop
  endfacet
  facet normal -2.935856e-01 -1.898172e-01 9.368975e-01
    outer loop
      vertex   -1.226787e+02 1.081920e+01 9.586878e+01
      vertex   -1.217666e+02 1.014680e+01 9.601837e+01
      vertex   -1.223355e+02 1.102667e+01 9.601837e+01
    endloop
  endfacet
  facet normal -3.045109e-01 -1.717447e-01 9.368975e-01
    outer loop
      vertex   -1.226787e+02 1.081920e+01 9.586878e+01
      vertex   -1.223355e+02 1.102667e+01 9.601837e+01
      vertex   -1.232053e+02 1.175291e+01 9.586878e+01
    endloop
  endfacet
  facet normal -3.045109e-01 -1.717447e-01 9.368975e-01
    outer loop
      vertex   -1.232053e+02 1.175291e+01 9.586878e+01
      vertex   -1.223355e+02 1.102667e+01 9.601837e+01
      vertex   -1.228502e+02 1.193928e+01 9.601837e+01
    endloop
  endfacet
  facet normal -3.143250e-01 -1.530454e-01 9.368975e-01
    outer loop
      vertex   -1.232053e+02 1.175291e+01 9.586878e+01
      vertex   -1.228502e+02 1.193928e+01 9.601837e+01
      vertex   -1.236746e+02 1.271671e+01 9.586878e+01
    endloop
  endfacet
  facet normal -3.143250e-01 -1.530454e-01 9.368975e-01
    outer loop
      vertex   -1.236746e+02 1.271671e+01 9.586878e+01
      vertex   -1.228502e+02 1.193928e+01 9.601837e+01
      vertex   -1.233089e+02 1.288131e+01 9.601837e+01
    endloop
  endfacet
  facet normal -3.229922e-01 -1.337877e-01 9.368975e-01
    outer loop
      vertex   -1.236746e+02 1.271671e+01 9.586878e+01
      vertex   -1.233089e+02 1.288131e+01 9.601837e+01
      vertex   -1.240848e+02 1.370709e+01 9.586878e+01
    endloop
  endfacet
  facet normal -3.229922e-01 -1.337877e-01 9.368975e-01
    outer loop
      vertex   -1.240848e+02 1.370709e+01 9.586878e+01
      vertex   -1.233089e+02 1.288131e+01 9.601837e+01
      vertex   -1.237098e+02 1.384931e+01 9.601837e+01
    endloop
  endfacet
  facet normal -3.304808e-01 -1.140419e-01 9.368975e-01
    outer loop
      vertex   -1.240848e+02 1.370709e+01 9.586878e+01
      vertex   -1.237098e+02 1.384931e+01 9.601837e+01
      vertex   -1.244345e+02 1.472044e+01 9.586878e+01
    endloop
  endfacet
  facet normal -3.304808e-01 -1.140419e-01 9.368975e-01
    outer loop
      vertex   -1.244345e+02 1.472044e+01 9.586878e+01
      vertex   -1.237098e+02 1.384931e+01 9.601837e+01
      vertex   -1.240516e+02 1.483975e+01 9.601837e+01
    endloop
  endfacet
  facet normal -3.367635e-01 -9.387987e-02 9.368975e-01
    outer loop
      vertex   -1.244345e+02 1.472044e+01 9.586878e+01
      vertex   -1.240516e+02 1.483975e+01 9.601837e+01
      vertex   -1.247224e+02 1.575305e+01 9.586878e+01
    endloop
  endfacet
  facet normal -3.367635e-01 -9.387987e-02 9.368975e-01
    outer loop
      vertex   -1.247224e+02 1.575305e+01 9.586878e+01
      vertex   -1.240516e+02 1.483975e+01 9.601837e+01
      vertex   -1.243330e+02 1.584902e+01 9.601837e+01
    endloop
  endfacet
  facet normal -3.418174e-01 -7.337531e-02 9.368975e-01
    outer loop
      vertex   -1.247224e+02 1.575305e+01 9.586878e+01
      vertex   -1.243330e+02 1.584902e+01 9.601837e+01
      vertex   -1.249474e+02 1.680115e+01 9.586878e+01
    endloop
  endfacet
  facet normal -3.418174e-01 -7.337531e-02 9.368975e-01
    outer loop
      vertex   -1.249474e+02 1.680115e+01 9.586878e+01
      vertex   -1.243330e+02 1.584902e+01 9.601837e+01
      vertex   -1.245529e+02 1.687344e+01 9.601837e+01
    endloop
  endfacet
  facet normal -3.456241e-01 -5.260302e-02 9.368975e-01
    outer loop
      vertex   -1.249474e+02 1.680115e+01 9.586878e+01
      vertex   -1.245529e+02 1.687344e+01 9.601837e+01
      vertex   -1.251087e+02 1.786093e+01 9.586878e+01
    endloop
  endfacet
  facet normal -3.456241e-01 -5.260302e-02 9.368975e-01
    outer loop
      vertex   -1.251087e+02 1.786093e+01 9.586878e+01
      vertex   -1.245529e+02 1.687344e+01 9.601837e+01
      vertex   -1.247105e+02 1.790927e+01 9.601837e+01
    endloop
  endfacet
  facet normal -3.481696e-01 -3.163879e-02 9.368975e-01
    outer loop
      vertex   -1.251087e+02 1.786093e+01 9.586878e+01
      vertex   -1.247105e+02 1.790927e+01 9.601837e+01
      vertex   -1.252057e+02 1.892851e+01 9.586878e+01
    endloop
  endfacet
  facet normal -3.481696e-01 -3.163879e-02 9.368975e-01
    outer loop
      vertex   -1.252057e+02 1.892851e+01 9.586878e+01
      vertex   -1.247105e+02 1.790927e+01 9.601837e+01
      vertex   -1.248054e+02 1.895272e+01 9.601837e+01
    endloop
  endfacet
  facet normal -3.494447e-01 -1.055911e-02 9.368975e-01
    outer loop
      vertex   -1.252057e+02 1.892851e+01 9.586878e+01
      vertex   -1.248054e+02 1.895272e+01 9.601837e+01
      vertex   -1.252380e+02 2.000000e+01 9.586878e+01
    endloop
  endfacet
  facet normal -3.494447e-01 -1.055911e-02 9.368975e-01
    outer loop
      vertex   -1.252380e+02 2.000000e+01 9.586878e+01
      vertex   -1.248054e+02 1.895272e+01 9.601837e+01
      vertex   -1.248370e+02 2.000000e+01 9.601837e+01
    endloop
  endfacet
  facet normal -3.494447e-01 1.055911e-02 9.368975e-01
    outer loop
      vertex   -1.252380e+02 2.000000e+01 9.586878e+01
      vertex   -1.248370e+02 2.000000e+01 9.601837e+01
      vertex   -1.252057e+02 2.107149e+01 9.586878e+01
    endloop
  endfacet
  facet normal -3.494447e-01 1.055911e-02 9.368975e-01
    outer loop
      vertex   -1.252057e+02 2.107149e+01 9.586878e+01
      vertex   -1.248370e+02 2.000000e+01 9.601837e+01
      vertex   -1.248054e+02 2.104728e+01 9.601837e+01
    endloop
  endfacet
  facet normal -3.481696e-01 3.163879e-02 9.368975e-01
    outer loop
      vertex   -1.252057e+02 2.107149e+01 9.586878e+01
      vertex   -1.248054e+02 2.104728e+01 9.601837e+01
      vertex   -1.251087e+02 2.213907e+01 9.586878e+01
    endloop
  endfacet
  facet normal -3.481696e-01 3.163879e-02 9.368975e-01
    outer loop
      vertex   -1.251087e+02 2.213907e+01 9.586878e+01
      vertex   -1.248054e+02 2.104728e+01 9.601837e+01
      vertex   -1.247105e+02 2.209073e+01 9.601837e+01
    endloop
  endfacet
  facet normal -3.456241e-01 5.260302e-02 9.368975e-01
    outer loop
      vertex   -1.251087e+02 2.213907e+01 9.586878e+01
      vertex   -1.247105e+02 2.209073e+01 9.601837e+01
      vertex   -1.249474e+02 2.319885e+01 9.586878e+01
    endloop
  endfacet
  facet normal -3.456241e-01 5.260302e-02 9.368975e-01
    outer loop
      vertex   -1.249474e+02 2.319885e+01 9.586878e+01
      vertex   -1.247105e+02 2.209073e+01 9.601837e+01
      vertex   -1.245529e+02 2.312656e+01 9.601837e+01
    endloop
  endfacet
  facet normal -3.418174e-01 7.337531e-02 9.368975e-01
    outer loop
      vertex   -1.249474e+02 2.319885e+01 9.586878e+01
      vertex   -1.245529e+02 2.312656e+01 9.601837e+01
      vertex   -1.247224e+02 2.424695e+01 9.586878e+01
    endloop
  endfacet
  facet normal -3.418174e-01 7.337531e-02 9.368975e-01
    outer loop
      vertex   -1.247224e+02 2.424695e+01 9.586878e+01
      vertex   -1.245529e+02 2.312656e+01 9.601837e+01
      vertex   -1.243330e+02 2.415098e+01 9.601837e+01
    endloop
  endfacet
  facet normal -3.367635e-01 9.387987e-02 9.368975e-01
    outer loop
      vertex   -1.247224e+02 2.424695e+01 9.586878e+01
      vertex   -1.243330e+02 2.415098e+01 9.601837e+01
      vertex   -1.244345e+02 2.527956e+01 9.586878e+01
    endloop
  endfacet
  facet normal -3.367635e-01 9.387987e-02 9.368975e-01
    outer loop
      vertex   -1.244345e+02 2.527956e+01 9.586878e+01
      vertex   -1.243330e+02 2.415098e+01 9.601837e+01
      vertex   -1.240516e+02 2.516025e+01 9.601837e+01
    endloop
  endfacet
  facet normal -3.304808e-01 1.140419e-01 9.368975e-01
    outer loop
      vertex   -1.244345e+02 2.527956e+01 9.586878e+01
      vertex   -1.240516e+02 2.516025e+01 9.601837e+01
      vertex   -1.240848e+02 2.629291e+01 9.586878e+01
    endloop
  endfacet
  facet normal -3.304808e-01 1.140419e-01 9.368975e-01
    outer loop
      vertex   -1.240848e+02 2.629291e+01 9.586878e+01
      vertex   -1.240516e+02 2.516025e+01 9.601837e+01
      vertex   -1.237098e+02 2.615069e+01 9.601837e+01
    endloop
  endfacet
  facet normal -3.229922e-01 1.337877e-01 9.368975e-01
    outer loop
      vertex   -1.240848e+02 2.629291e+01 9.586878e+01
      vertex   -1.237098e+02 2.615069e+01 9.601837e+01
      vertex   -1.236746e+02 2.728329e+01 9.586878e+01
    endloop
  endfacet
  facet normal -3.229922e-01 1.337877e-01 9.368975e-01
    outer loop
      vertex   -1.236746e+02 2.728329e+01 9.586878e+01
      vertex   -1.237098e+02 2.615069e+01 9.601837e+01
      vertex   -1.233089e+02 2.711869e+01 9.601837e+01
    endloop
  endfacet
  facet normal -3.143250e-01 1.530454e-01 9.368975e-01
    outer loop
      vertex   -1.236746e+02 2.728329e+01 9.586878e+01
      vertex   -1.233089e+02 2.711869e+01 9.601837e+01
      vertex   -1.232053e+02 2.824709e+01 9.586878e+01
    endloop
  endfacet
  facet normal -3.143250e-01 1.530454e-01 9.368975e-01
    outer loop
      vertex   -1.232053e+02 2.824709e+01 9.586878e+01
      vertex   -1.233089e+02 2.711869e+01 9.601837e+01
      vertex   -1.228502e+02 2.806072e+01 9.601837e+01
    endloop
  endfacet
  facet normal -3.045109e-01 1.717447e-01 9.368975e-01
    outer loop
      vertex   -1.232053e+02 2.824709e+01 9.586878e+01
      vertex   -1.228502e+02 2.806072e+01 9.601837e+01
      vertex   -1.226787e+02 2.918080e+01 9.586878e+01
    endloop
  endfacet
  facet normal -3.045109e-01 1.717447e-01 9.368975e-01
    outer loop
      vertex   -1.226787e+02 2.918080e+01 9.586878e+01
      vertex   -1.228502e+02 2.806072e+01 9.601837e+01
      vertex   -1.223355e+02 2.897333e+01 9.601837e+01
    endloop
  endfacet
  facet normal -2.935856e-01 1.898172e-01 9.368975e-01
    outer loop
      vertex   -1.226787e+02 2.918080e+01 9.586878e+01
      vertex   -1.223355e+02 2.897333e+01 9.601837e+01
      vertex   -1.220967e+02 3.008102e+01 9.586878e+01
    endloop
  endfacet
  facet normal -2.935856e-01 1.898172e-01 9.368975e-01
    outer loop
      vertex   -1.220967e+02 3.008102e+01 9.586878e+01
      vertex   -1.223355e+02 2.897333e+01 9.601837e+01
      vertex   -1.217666e+02 2.985320e+01 9.601837e+01
    endloop
  endfacet
  facet normal -2.815891e-01 2.071972e-01 9.368975e-01
    outer loop
      vertex   -1.220967e+02 3.008102e+01 9.586878e+01
      vertex   -1.217666e+02 2.985320e+01 9.601837e+01
      vertex   -1.214614e+02 3.094444e+01 9.586878e+01
    endloop
  endfacet
  facet normal -2.815891e-01 2.071972e-01 9.368975e-01
    outer loop
      vertex   -1.214614e+02 3.094444e+01 9.586878e+01
      vertex   -1.217666e+02 2.985320e+01 9.601837e+01
      vertex   -1.211457e+02 3.069711e+01 9.601837e+01
    endloop
  endfacet
  facet normal -2.685651e-01 2.238211e-01 9.368975e-01
    outer loop
      vertex   -1.214614e+02 3.094444e+01 9.586878e+01
      vertex   -1.211457e+02 3.069711e+01 9.601837e+01
      vertex   -1.207751e+02 3.176794e+01 9.586878e+01
    endloop
  endfacet
  facet normal -2.685651e-01 2.238211e-01 9.368975e-01
    outer loop
      vertex   -1.207751e+02 3.176794e+01 9.586878e+01
      vertex   -1.211457e+02 3.069711e+01 9.601837e+01
      vertex   -1.204749e+02 3.150199e+01 9.601837e+01
    endloop
  endfacet
  facet normal -2.545611e-01 2.396283e-01 9.368975e-01
    outer loop
      vertex   -1.207751e+02 3.176794e+01 9.586878e+01
      vertex   -1.204749e+02 3.150199e+01 9.601837e+01
      vertex   -1.200403e+02 3.254849e+01 9.586878e+01
    endloop
  endfacet
  facet normal -2.545611e-01 2.396283e-01 9.368975e-01
    outer loop
      vertex   -1.200403e+02 3.254849e+01 9.586878e+01
      vertex   -1.204749e+02 3.150199e+01 9.601837e+01
      vertex   -1.197567e+02 3.226491e+01 9.601837e+01
    endloop
  endfacet
  facet normal -2.396283e-01 2.545611e-01 9.368975e-01
    outer loop
      vertex   -1.200403e+02 3.254849e+01 9.586878e+01
      vertex   -1.197567e+02 3.226491e+01 9.601837e+01
      vertex   -1.192597e+02 3.328326e+01 9.586878e+01
    endloop
  endfacet
  facet normal -2.396283e-01 2.545611e-01 9.368975e-01
    outer loop
      vertex   -1.192597e+02 3.328326e+01 9.586878e+01
      vertex   -1.197567e+02 3.226491e+01 9.601837e+01
      vertex   -1.189938e+02 3.298307e+01 9.601837e+01
    endloop
  endfacet
  facet normal -2.238211e-01 2.685651e-01 9.368975e-01
    outer loop
      vertex   -1.192597e+02 3.328326e+01 9.586878e+01
      vertex   -1.189938e+02 3.298307e+01 9.601837e+01
      vertex   -1.184362e+02 3.396955e+01 9.586878e+01
    endloop
  endfacet
  facet normal -2.238211e-01 2.685651e-01 9.368975e-01
    outer loop
      vertex   -1.184362e+02 3.396955e+01 9.586878e+01
      vertex   -1.189938e+02 3.298307e+01 9.601837e+01
      vertex   -1.181889e+02 3.365385e+01 9.601837e+01
    endloop
  endfacet
  facet normal -2.071972e-01 2.815891e-01 9.368975e-01
    outer loop
      vertex   -1.184362e+02 3.396955e+01 9.586878e+01
      vertex   -1.181889e+02 3.365385e+01 9.601837e+01
      vertex   -1.175728e+02 3.460487e+01 9.586878e+01
    endloop
  endfacet
  facet normal -2.071972e-01 2.815891e-01 9.368975e-01
    outer loop
      vertex   -1.175728e+02 3.460487e+01 9.586878e+01
      vertex   -1.181889e+02 3.365385e+01 9.601837e+01
      vertex   -1.173450e+02 3.427482e+01 9.601837e+01
    endloop
  endfacet
  facet normal -1.898172e-01 2.935856e-01 9.368975e-01
    outer loop
      vertex   -1.175728e+02 3.460487e+01 9.586878e+01
      vertex   -1.173450e+02 3.427482e+01 9.601837e+01
      vertex   -1.166726e+02 3.518690e+01 9.586878e+01
    endloop
  endfacet
  facet normal -1.898172e-01 2.935856e-01 9.368975e-01
    outer loop
      vertex   -1.166726e+02 3.518690e+01 9.586878e+01
      vertex   -1.173450e+02 3.427482e+01 9.601837e+01
      vertex   -1.164651e+02 3.484370e+01 9.601837e+01
    endloop
  endfacet
  facet normal -1.717447e-01 3.045109e-01 9.368975e-01
    outer loop
      vertex   -1.166726e+02 3.518690e+01 9.586878e+01
      vertex   -1.164651e+02 3.484370e+01 9.601837e+01
      vertex   -1.157389e+02 3.571352e+01 9.586878e+01
    endloop
  endfacet
  facet normal -1.717447e-01 3.045109e-01 9.368975e-01
    outer loop
      vertex   -1.157389e+02 3.571352e+01 9.586878e+01
      vertex   -1.164651e+02 3.484370e+01 9.601837e+01
      vertex   -1.155525e+02 3.535841e+01 9.601837e+01
    endloop
  endfacet
  facet normal -1.530454e-01 3.143250e-01 9.368975e-01
    outer loop
      vertex   -1.157389e+02 3.571352e+01 9.586878e+01
      vertex   -1.155525e+02 3.535841e+01 9.601837e+01
      vertex   -1.147751e+02 3.618280e+01 9.586878e+01
    endloop
  endfacet
  facet normal -1.530454e-01 3.143250e-01 9.368975e-01
    outer loop
      vertex   -1.147751e+02 3.618280e+01 9.586878e+01
      vertex   -1.155525e+02 3.535841e+01 9.601837e+01
      vertex   -1.146105e+02 3.581708e+01 9.601837e+01
    endloop
  endfacet
  facet normal -1.337877e-01 3.229922e-01 9.368975e-01
    outer loop
      vertex   -1.147751e+02 3.618280e+01 9.586878e+01
      vertex   -1.146105e+02 3.581708e+01 9.601837e+01
      vertex   -1.137847e+02 3.659303e+01 9.586878e+01
    endloop
  endfacet
  facet normal -1.337877e-01 3.229922e-01 9.368975e-01
    outer loop
      vertex   -1.137847e+02 3.659303e+01 9.586878e+01
      vertex   -1.146105e+02 3.581708e+01 9.601837e+01
      vertex   -1.136425e+02 3.621804e+01 9.601837e+01
    endloop
  endfacet
  facet normal -1.140419e-01 3.304808e-01 9.368975e-01
    outer loop
      vertex   -1.137847e+02 3.659303e+01 9.586878e+01
      vertex   -1.136425e+02 3.621804e+01 9.601837e+01
      vertex   -1.127714e+02 3.694271e+01 9.586878e+01
    endloop
  endfacet
  facet normal -1.140419e-01 3.304808e-01 9.368975e-01
    outer loop
      vertex   -1.127714e+02 3.694271e+01 9.586878e+01
      vertex   -1.136425e+02 3.621804e+01 9.601837e+01
      vertex   -1.126521e+02 3.655982e+01 9.601837e+01
    endloop
  endfacet
  facet normal -9.387987e-02 3.367635e-01 9.368975e-01
    outer loop
      vertex   -1.127714e+02 3.694271e+01 9.586878e+01
      vertex   -1.126521e+02 3.655982e+01 9.601837e+01
      vertex   -1.117388e+02 3.723057e+01 9.586878e+01
    endloop
  endfacet
  facet normal -9.387987e-02 3.367635e-01 9.368975e-01
    outer loop
      vertex   -1.117388e+02 3.723057e+01 9.586878e+01
      vertex   -1.126521e+02 3.655982e+01 9.601837e+01
      vertex   -1.116428e+02 3.684118e+01 9.601837e+01
    endloop
  endfacet
  facet normal -7.337531e-02 3.418174e-01 9.368975e-01
    outer loop
      vertex   -1.117388e+02 3.723057e+01 9.586878e+01
      vertex   -1.116428e+02 3.684118e+01 9.601837e+01
      vertex   -1.106907e+02 3.745556e+01 9.586878e+01
    endloop
  endfacet
  facet normal -7.337531e-02 3.418174e-01 9.368975e-01
    outer loop
      vertex   -1.106907e+02 3.745556e+01 9.586878e+01
      vertex   -1.116428e+02 3.684118e+01 9.601837e+01
      vertex   -1.106184e+02 3.706108e+01 9.601837e+01
    endloop
  endfacet
  facet normal -5.260302e-02 3.456241e-01 9.368975e-01
    outer loop
      vertex   -1.106907e+02 3.745556e+01 9.586878e+01
      vertex   -1.106184e+02 3.706108e+01 9.601837e+01
      vertex   -1.096309e+02 3.761685e+01 9.586878e+01
    endloop
  endfacet
  facet normal -5.260302e-02 3.456241e-01 9.368975e-01
    outer loop
      vertex   -1.096309e+02 3.761685e+01 9.586878e+01
      vertex   -1.106184e+02 3.706108e+01 9.601837e+01
      vertex   -1.095825e+02 3.721873e+01 9.601837e+01
    endloop
  endfacet
  facet normal -3.163879e-02 3.481696e-01 9.368975e-01
    outer loop
      vertex   -1.096309e+02 3.761685e+01 9.586878e+01
      vertex   -1.095825e+02 3.721873e+01 9.601837e+01
      vertex   -1.085633e+02 3.771387e+01 9.586878e+01
    endloop
  endfacet
  facet normal -3.163879e-02 3.481696e-01 9.368975e-01
    outer loop
      vertex   -1.085633e+02 3.771387e+01 9.586878e+01
      vertex   -1.095825e+02 3.721873e+01 9.601837e+01
      vertex   -1.085391e+02 3.731355e+01 9.601837e+01
    endloop
  endfacet
  facet normal -1.055911e-02 3.494447e-01 9.368975e-01
    outer loop
      vertex   -1.085633e+02 3.771387e+01 9.586878e+01
      vertex   -1.085391e+02 3.731355e+01 9.601837e+01
      vertex   -1.074918e+02 3.774625e+01 9.586878e+01
    endloop
  endfacet
  facet normal -1.055911e-02 3.494447e-01 9.368975e-01
    outer loop
      vertex   -1.074918e+02 3.774625e+01 9.586878e+01
      vertex   -1.085391e+02 3.731355e+01 9.601837e+01
      vertex   -1.074918e+02 3.734520e+01 9.601837e+01
    endloop
  endfacet
  facet normal 1.055911e-02 3.494447e-01 9.368975e-01
    outer loop
      vertex   -1.074918e+02 3.774625e+01 9.586878e+01
      vertex   -1.074918e+02 3.734520e+01 9.601837e+01
      vertex   -1.064203e+02 3.771387e+01 9.586878e+01
    endloop
  endfacet
  facet normal 1.055911e-02 3.494447e-01 9.368975e-01
    outer loop
      vertex   -1.064203e+02 3.771387e+01 9.586878e+01
      vertex   -1.074918e+02 3.734520e+01 9.601837e+01
      vertex   -1.064445e+02 3.731355e+01 9.601837e+01
    endloop
  endfacet
  facet normal 3.163879e-02 3.481696e-01 9.368975e-01
    outer loop
      vertex   -1.064203e+02 3.771387e+01 9.586878e+01
      vertex   -1.064445e+02 3.731355e+01 9.601837e+01
      vertex   -1.053527e+02 3.761685e+01 9.586878e+01
    endloop
  endfacet
  facet normal 3.163879e-02 3.481696e-01 9.368975e-01
    outer loop
      vertex   -1.053527e+02 3.761685e+01 9.586878e+01
      vertex   -1.064445e+02 3.731355e+01 9.601837e+01
      vertex   -1.054011e+02 3.721873e+01 9.601837e+01
    endloop
  endfacet
  facet normal 5.260302e-02 3.456241e-01 9.368975e-01
    outer loop
      vertex   -1.053527e+02 3.761685e+01 9.586878e+01
      vertex   -1.054011e+02 3.721873e+01 9.601837e+01
      vertex   -1.042930e+02 3.745556e+01 9.586878e+01
    endloop
  endfacet
  facet normal 5.260302e-02 3.456241e-01 9.368975e-01
    outer loop
      vertex   -1.042930e+02 3.745556e+01 9.586878e+01
      vertex   -1.054011e+02 3.721873e+01 9.601837e+01
      vertex   -1.043652e+02 3.706108e+01 9.601837e+01
    endloop
  endfacet
  facet normal 7.337531e-02 3.418174e-01 9.368975e-01
    outer loop
      vertex   -1.042930e+02 3.745556e+01 9.586878e+01
      vertex   -1.043652e+02 3.706108e+01 9.601837e+01
      vertex   -1.032448e+02 3.723057e+01 9.586878e+01
    endloop
  endfacet
  facet normal 7.337531e-02 3.418174e-01 9.368975e-01
    outer loop
      vertex   -1.032448e+02 3.723057e+01 9.586878e+01
      vertex   -1.043652e+02 3.706108e+01 9.601837e+01
      vertex   -1.033408e+02 3.684118e+01 9.601837e+01
    endloop
  endfacet
  facet normal 9.387987e-02 3.367635e-01 9.368975e-01
    outer loop
      vertex   -1.032448e+02 3.723057e+01 9.586878e+01
      vertex   -1.033408e+02 3.684118e+01 9.601837e+01
      vertex   -1.022122e+02 3.694271e+01 9.586878e+01
    endloop
  endfacet
  facet normal 9.387987e-02 3.367635e-01 9.368975e-01
    outer loop
      vertex   -1.022122e+02 3.694271e+01 9.586878e+01
      vertex   -1.033408e+02 3.684118e+01 9.601837e+01
      vertex   -1.023316e+02 3.655982e+01 9.601837e+01
    endloop
  endfacet
  facet normal 1.140419e-01 3.304808e-01 9.368975e-01
    outer loop
      vertex   -1.022122e+02 3.694271e+01 9.586878e+01
      vertex   -1.023316e+02 3.655982e+01 9.601837e+01
      vertex   -1.011989e+02 3.659303e+01 9.586878e+01
    endloop
  endfacet
  facet normal 1.140419e-01 3.304808e-01 9.368975e-01
    outer loop
      vertex   -1.011989e+02 3.659303e+01 9.586878e+01
      vertex   -1.023316e+02 3.655982e+01 9.601837e+01
      vertex   -1.013411e+02 3.621804e+01 9.601837e+01
    endloop
  endfacet
  facet normal 1.337158e-01 3.230197e-01 9.368983e-01
    outer loop
      vertex   -1.011989e+02 3.659303e+01 9.586878e+01
      vertex   -1.013411e+02 3.621804e+01 9.601837e+01
      vertex   -1.003801e+02 3.582022e+01 9.601837e+01
    endloop
  endfacet
  facet normal 8.134148e-02 1.964981e-01 9.771244e-01
    outer loop
      vertex   -1.003801e+02 3.582022e+01 9.601837e+01
      vertex   -1.013411e+02 3.621804e+01 9.601837e+01
      vertex   -1.005523e+02 3.543908e+01 9.610935e+01
    endloop
  endfacet
  facet normal 9.304314e-02 1.912111e-01 9.771291e-01
    outer loop
      vertex   -1.003801e+02 3.582022e+01 9.601837e+01
      vertex   -1.005523e+02 3.543908e+01 9.610935e+01
      vertex   -9.962546e+01 3.498807e+01 9.610935e+01
    endloop
  endfacet
  facet normal 3.122690e-02 6.417377e-02 9.974501e-01
    outer loop
      vertex   -9.962546e+01 3.498807e+01 9.610935e+01
      vertex   -1.005523e+02 3.543908e+01 9.610935e+01
      vertex   -1.007281e+02 3.504999e+01 9.613989e+01
    endloop
  endfacet
  facet normal 3.120444e-02 6.376039e-02 9.974773e-01
    outer loop
      vertex   -9.962546e+01 3.498807e+01 9.610935e+01
      vertex   -1.007281e+02 3.504999e+01 9.613989e+01
      vertex   -9.975710e+01 3.457478e+01 9.613989e+01
    endloop
  endfacet
  facet normal 9.933614e-01 9.026850e-02 7.130680e-02
    outer loop
      vertex   -8.805786e+01 2.117554e+01 9.356683e+01
      vertex   -8.802738e+01 2.117738e+01 9.313989e+01
      vertex   -8.816429e+01 2.234678e+01 9.356683e+01
    endloop
  endfacet
  facet normal 9.933614e-01 9.026850e-02 7.130680e-02
    outer loop
      vertex   -8.816429e+01 2.234678e+01 9.356683e+01
      vertex   -8.802738e+01 2.117738e+01 9.313989e+01
      vertex   -8.813398e+01 2.235047e+01 9.313989e+01
    endloop
  endfacet
  facet normal 9.860988e-01 1.500815e-01 7.130680e-02
    outer loop
      vertex   -8.816429e+01 2.234678e+01 9.356683e+01
      vertex   -8.813398e+01 2.235047e+01 9.313989e+01
      vertex   -8.834125e+01 2.350947e+01 9.356683e+01
    endloop
  endfacet
  facet normal 9.860988e-01 1.500815e-01 7.130680e-02
    outer loop
      vertex   -8.834125e+01 2.350947e+01 9.356683e+01
      vertex   -8.813398e+01 2.235047e+01 9.313989e+01
      vertex   -8.831122e+01 2.351497e+01 9.313989e+01
    endloop
  endfacet
  facet normal 9.752380e-01 2.093468e-01 7.130680e-02
    outer loop
      vertex   -8.834125e+01 2.350947e+01 9.356683e+01
      vertex   -8.831122e+01 2.351497e+01 9.313989e+01
      vertex   -8.858809e+01 2.465935e+01 9.356683e+01
    endloop
  endfacet
  facet normal 9.752380e-01 2.093468e-01 7.130680e-02
    outer loop
      vertex   -8.858809e+01 2.465935e+01 9.356683e+01
      vertex   -8.831122e+01 2.351497e+01 9.313989e+01
      vertex   -8.855844e+01 2.466666e+01 9.313989e+01
    endloop
  endfacet
  facet normal 9.608187e-01 2.678483e-01 7.130680e-02
    outer loop
      vertex   -8.858809e+01 2.465935e+01 9.356683e+01
      vertex   -8.855844e+01 2.466666e+01 9.313989e+01
      vertex   -8.890390e+01 2.579223e+01 9.356683e+01
    endloop
  endfacet
  facet normal 9.608187e-01 2.678483e-01 7.130680e-02
    outer loop
      vertex   -8.890390e+01 2.579223e+01 9.356683e+01
      vertex   -8.855844e+01 2.466666e+01 9.313989e+01
      vertex   -8.887475e+01 2.580131e+01 9.313989e+01
    endloop
  endfacet
  facet normal 9.428997e-01 3.253545e-01 7.130684e-02
    outer loop
      vertex   -8.890390e+01 2.579223e+01 9.356683e+01
      vertex   -8.887475e+01 2.580131e+01 9.313989e+01
      vertex   -8.928728e+01 2.690327e+01 9.356683e+01
    endloop
  endfacet
  facet normal 9.428970e-01 3.253736e-01 7.125481e-02
    outer loop
      vertex   -8.928728e+01 2.690327e+01 9.356683e+01
      vertex   -8.887475e+01 2.580131e+01 9.313989e+01
      vertex   -8.925899e+01 2.691480e+01 9.313989e+01
    endloop
  endfacet
  facet normal 9.215316e-01 3.816903e-01 7.135887e-02
    outer loop
      vertex   -8.928728e+01 2.690327e+01 9.356683e+01
      vertex   -8.925899e+01 2.691480e+01 9.313989e+01
      vertex   -8.973760e+01 2.799052e+01 9.356683e+01
    endloop
  endfacet
  facet normal 9.215277e-01 3.817093e-01 7.130680e-02
    outer loop
      vertex   -8.973760e+01 2.799052e+01 9.356683e+01
      vertex   -8.925899e+01 2.691480e+01 9.313989e+01
      vertex   -8.970976e+01 2.800305e+01 9.313989e+01
    endloop
  endfacet
  facet normal 8.967994e-01 4.366533e-01 7.130680e-02
    outer loop
      vertex   -8.973760e+01 2.799052e+01 9.356683e+01
      vertex   -8.970976e+01 2.800305e+01 9.313989e+01
      vertex   -9.025245e+01 2.904791e+01 9.356683e+01
    endloop
  endfacet
  facet normal 8.967994e-01 4.366533e-01 7.130680e-02
    outer loop
      vertex   -9.025245e+01 2.904791e+01 9.356683e+01
      vertex   -8.970976e+01 2.800305e+01 9.313989e+01
      vertex   -9.022541e+01 2.906210e+01 9.313989e+01
    endloop
  endfacet
  facet normal 8.687988e-01 4.900041e-01 7.130680e-02
    outer loop
      vertex   -9.025245e+01 2.904791e+01 9.356683e+01
      vertex   -9.022541e+01 2.906210e+01 9.313989e+01
      vertex   -9.083020e+01 3.007229e+01 9.356683e+01
    endloop
  endfacet
  facet normal 8.687988e-01 4.900041e-01 7.130680e-02
    outer loop
      vertex   -9.083020e+01 3.007229e+01 9.356683e+01
      vertex   -9.022541e+01 2.906210e+01 9.313989e+01
      vertex   -9.080407e+01 3.008809e+01 9.313989e+01
    endloop
  endfacet
  facet normal 8.376280e-01 5.415669e-01 7.130680e-02
    outer loop
      vertex   -9.083020e+01 3.007229e+01 9.356683e+01
      vertex   -9.080407e+01 3.008809e+01 9.313989e+01
      vertex   -9.146875e+01 3.105992e+01 9.356683e+01
    endloop
  endfacet
  facet normal 8.376280e-01 5.415669e-01 7.130680e-02
    outer loop
      vertex   -9.146875e+01 3.105992e+01 9.356683e+01
      vertex   -9.080407e+01 3.008809e+01 9.313989e+01
      vertex   -9.144362e+01 3.107726e+01 9.313989e+01
    endloop
  endfacet
  facet normal 8.034008e-01 5.911535e-01 7.130680e-02
    outer loop
      vertex   -9.146875e+01 3.105992e+01 9.356683e+01
      vertex   -9.144362e+01 3.107726e+01 9.313989e+01
      vertex   -9.216576e+01 3.200719e+01 9.356683e+01
    endloop
  endfacet
  facet normal 8.034008e-01 5.911535e-01 7.130680e-02
    outer loop
      vertex   -9.216576e+01 3.200719e+01 9.356683e+01
      vertex   -9.144362e+01 3.107726e+01 9.313989e+01
      vertex   -9.214173e+01 3.202602e+01 9.313989e+01
    endloop
  endfacet
  facet normal 7.662421e-01 6.385831e-01 7.130680e-02
    outer loop
      vertex   -9.216576e+01 3.200719e+01 9.356683e+01
      vertex   -9.214173e+01 3.202602e+01 9.313989e+01
      vertex   -9.291870e+01 3.291064e+01 9.356683e+01
    endloop
  endfacet
  facet normal 7.662421e-01 6.385831e-01 7.130680e-02
    outer loop
      vertex   -9.291870e+01 3.291064e+01 9.356683e+01
      vertex   -9.214173e+01 3.202602e+01 9.313989e+01
      vertex   -9.289584e+01 3.293089e+01 9.313989e+01
    endloop
  endfacet
  facet normal 7.262874e-01 6.836826e-01 7.130680e-02
    outer loop
      vertex   -9.291870e+01 3.291064e+01 9.356683e+01
      vertex   -9.289584e+01 3.293089e+01 9.313989e+01
      vertex   -9.372481e+01 3.376699e+01 9.356683e+01
    endloop
  endfacet
  facet normal 7.262874e-01 6.836826e-01 7.130680e-02
    outer loop
      vertex   -9.372481e+01 3.376699e+01 9.356683e+01
      vertex   -9.289584e+01 3.293089e+01 9.313989e+01
      vertex   -9.370322e+01 3.378858e+01 9.313989e+01
    endloop
  endfacet
  facet normal 6.836826e-01 7.262874e-01 7.130680e-02
    outer loop
      vertex   -9.372481e+01 3.376699e+01 9.356683e+01
      vertex   -9.370322e+01 3.378858e+01 9.313989e+01
      vertex   -9.458116e+01 3.457310e+01 9.356683e+01
    endloop
  endfacet
  facet normal 6.836826e-01 7.262874e-01 7.130680e-02
    outer loop
      vertex   -9.458116e+01 3.457310e+01 9.356683e+01
      vertex   -9.370322e+01 3.378858e+01 9.313989e+01
      vertex   -9.456091e+01 3.459596e+01 9.313989e+01
    endloop
  endfacet
  facet normal 6.385831e-01 7.662421e-01 7.130680e-02
    outer loop
      vertex   -9.458116e+01 3.457310e+01 9.356683e+01
      vertex   -9.456091e+01 3.459596e+01 9.313989e+01
      vertex   -9.548462e+01 3.532604e+01 9.356683e+01
    endloop
  endfacet
  facet normal 6.385831e-01 7.662421e-01 7.130680e-02
    outer loop
      vertex   -9.548462e+01 3.532604e+01 9.356683e+01
      vertex   -9.456091e+01 3.459596e+01 9.313989e+01
      vertex   -9.546579e+01 3.535008e+01 9.313989e+01
    endloop
  endfacet
  facet normal 5.911535e-01 8.034008e-01 7.130680e-02
    outer loop
      vertex   -9.548462e+01 3.532604e+01 9.356683e+01
      vertex   -9.546579e+01 3.535008e+01 9.313989e+01
      vertex   -9.643189e+01 3.602306e+01 9.356683e+01
    endloop
  endfacet
  facet normal 5.911535e-01 8.034008e-01 7.130680e-02
    outer loop
      vertex   -9.643189e+01 3.602306e+01 9.356683e+01
      vertex   -9.546579e+01 3.535008e+01 9.313989e+01
      vertex   -9.641454e+01 3.604819e+01 9.313989e+01
    endloop
  endfacet
  facet normal 5.415669e-01 8.376280e-01 7.130680e-02
    outer loop
      vertex   -9.643189e+01 3.602306e+01 9.356683e+01
      vertex   -9.641454e+01 3.604819e+01 9.313989e+01
      vertex   -9.741951e+01 3.666160e+01 9.356683e+01
    endloop
  endfacet
  facet normal 5.415669e-01 8.376280e-01 7.130680e-02
    outer loop
      vertex   -9.741951e+01 3.666160e+01 9.356683e+01
      vertex   -9.641454e+01 3.604819e+01 9.313989e+01
      vertex   -9.740372e+01 3.668773e+01 9.313989e+01
    endloop
  endfacet
  facet normal 4.900041e-01 8.687988e-01 7.130680e-02
    outer loop
      vertex   -9.741951e+01 3.666160e+01 9.356683e+01
      vertex   -9.740372e+01 3.668773e+01 9.313989e+01
      vertex   -9.844389e+01 3.723935e+01 9.356683e+01
    endloop
  endfacet
  facet normal 4.900041e-01 8.687988e-01 7.130680e-02
    outer loop
      vertex   -9.844389e+01 3.723935e+01 9.356683e+01
      vertex   -9.740372e+01 3.668773e+01 9.313989e+01
      vertex   -9.842970e+01 3.726639e+01 9.313989e+01
    endloop
  endfacet
  facet normal 4.366533e-01 8.967994e-01 7.130680e-02
    outer loop
      vertex   -9.844389e+01 3.723935e+01 9.356683e+01
      vertex   -9.842970e+01 3.726639e+01 9.313989e+01
      vertex   -9.948875e+01 3.778205e+01 9.313989e+01
    endloop
  endfacet
  facet normal 4.366293e-01 8.968058e-01 7.137376e-02
    outer loop
      vertex   -9.844389e+01 3.723935e+01 9.356683e+01
      vertex   -9.948875e+01 3.778205e+01 9.313989e+01
      vertex   -9.950216e+01 3.775459e+01 9.356683e+01
    endloop
  endfacet
  facet normal 3.817111e-01 9.215321e-01 7.123995e-02
    outer loop
      vertex   -9.950216e+01 3.775459e+01 9.356683e+01
      vertex   -9.948875e+01 3.778205e+01 9.313989e+01
      vertex   -1.005770e+02 3.823282e+01 9.313989e+01
    endloop
  endfacet
  facet normal -5.285809e-02 4.592584e-02 9.975454e-01
    outer loop
      vertex   -1.195860e+02 3.122410e+01 9.613989e+01
      vertex   -1.201618e+02 3.122464e+01 9.610935e+01
      vertex   -1.202950e+02 3.040805e+01 9.613989e+01
    endloop
  endfacet
  facet normal -5.564460e-02 4.637399e-02 9.973731e-01
    outer loop
      vertex   -1.202950e+02 3.040805e+01 9.613989e+01
      vertex   -1.201618e+02 3.122464e+01 9.610935e+01
      vertex   -1.208164e+02 3.043917e+01 9.610935e+01
    endloop
  endfacet
  facet normal -5.576849e-02 4.438007e-02 9.974569e-01
    outer loop
      vertex   -1.202950e+02 3.040805e+01 9.613989e+01
      vertex   -1.208164e+02 3.043917e+01 9.610935e+01
      vertex   -1.205088e+02 3.013943e+01 9.613989e+01
    endloop
  endfacet
  facet normal -5.681022e-02 4.330970e-02 9.974452e-01
    outer loop
      vertex   -1.205088e+02 3.013943e+01 9.613989e+01
      vertex   -1.208164e+02 3.043917e+01 9.610935e+01
      vertex   -1.207169e+02 2.986643e+01 9.613989e+01
    endloop
  endfacet
  facet normal -5.846329e-02 4.301811e-02 9.973623e-01
    outer loop
      vertex   -1.207169e+02 2.986643e+01 9.613989e+01
      vertex   -1.208164e+02 3.043917e+01 9.610935e+01
      vertex   -1.214224e+02 2.961560e+01 9.610935e+01
    endloop
  endfacet
  facet normal -5.830091e-02 4.255781e-02 9.973915e-01
    outer loop
      vertex   -1.207169e+02 2.986643e+01 9.613989e+01
      vertex   -1.214224e+02 2.961560e+01 9.610935e+01
      vertex   -1.209193e+02 2.958915e+01 9.613989e+01
    endloop
  endfacet
  facet normal -5.849843e-02 3.895771e-02 9.975271e-01
    outer loop
      vertex   -1.209193e+02 2.958915e+01 9.613989e+01
      vertex   -1.214224e+02 2.961560e+01 9.610935e+01
      vertex   -1.215163e+02 2.869281e+01 9.613989e+01
    endloop
  endfacet
  facet normal -6.057474e-02 3.916449e-02 9.973950e-01
    outer loop
      vertex   -1.215163e+02 2.869281e+01 9.613989e+01
      vertex   -1.214224e+02 2.961560e+01 9.610935e+01
      vertex   -1.219776e+02 2.875695e+01 9.610935e+01
    endloop
  endfacet
  facet normal -6.113554e-02 3.518553e-02 9.975091e-01
    outer loop
      vertex   -1.215163e+02 2.869281e+01 9.613989e+01
      vertex   -1.219776e+02 2.875695e+01 9.610935e+01
      vertex   -1.220534e+02 2.775943e+01 9.613989e+01
    endloop
  endfacet
  facet normal -6.257451e-02 3.529214e-02 9.974161e-01
    outer loop
      vertex   -1.220534e+02 2.775943e+01 9.613989e+01
      vertex   -1.219776e+02 2.875695e+01 9.610935e+01
      vertex   -1.224799e+02 2.786634e+01 9.610935e+01
    endloop
  endfacet
  facet normal -6.358930e-02 3.126449e-02 9.974863e-01
    outer loop
      vertex   -1.220534e+02 2.775943e+01 9.613989e+01
      vertex   -1.224799e+02 2.786634e+01 9.610935e+01
      vertex   -1.225286e+02 2.679301e+01 9.613989e+01
    endloop
  endfacet
  facet normal -6.427211e-02 3.129421e-02 9.974416e-01
    outer loop
      vertex   -1.225286e+02 2.679301e+01 9.613989e+01
      vertex   -1.224799e+02 2.786634e+01 9.610935e+01
      vertex   -1.229275e+02 2.694703e+01 9.610935e+01
    endloop
  endfacet
  facet normal -6.582845e-02 2.726704e-02 9.974583e-01
    outer loop
      vertex   -1.225286e+02 2.679301e+01 9.613989e+01
      vertex   -1.229275e+02 2.694703e+01 9.610935e+01
      vertex   -1.233188e+02 2.600238e+01 9.610935e+01
    endloop
  endfacet
  facet normal -1.964703e-01 8.138066e-02 9.771267e-01
    outer loop
      vertex   -1.233188e+02 2.600238e+01 9.610935e+01
      vertex   -1.229275e+02 2.694703e+01 9.610935e+01
      vertex   -1.233089e+02 2.711869e+01 9.601837e+01
    endloop
  endfacet
  facet normal -1.964703e-01 8.138066e-02 9.771267e-01
    outer loop
      vertex   -1.233188e+02 2.600238e+01 9.610935e+01
      vertex   -1.233089e+02 2.711869e+01 9.601837e+01
      vertex   -1.237098e+02 2.615069e+01 9.601837e+01
    endloop
  endfacet
  facet normal -5.284486e-02 4.974492e-02 9.973630e-01
    outer loop
      vertex   -1.201618e+02 3.122464e+01 9.610935e+01
      vertex   -1.195860e+02 3.122410e+01 9.613989e+01
      vertex   -1.194610e+02 3.196916e+01 9.610935e+01
    endloop
  endfacet
  facet normal -4.966757e-02 4.921947e-02 9.975523e-01
    outer loop
      vertex   -1.194610e+02 3.196916e+01 9.610935e+01
      vertex   -1.195860e+02 3.122410e+01 9.613989e+01
      vertex   -1.188251e+02 3.199197e+01 9.613989e+01
    endloop
  endfacet
  facet normal -4.979005e-02 5.289280e-02 9.973582e-01
    outer loop
      vertex   -1.194610e+02 3.196916e+01 9.610935e+01
      vertex   -1.188251e+02 3.199197e+01 9.613989e+01
      vertex   -1.187164e+02 3.267000e+01 9.610935e+01
    endloop
  endfacet
  facet normal -4.631986e-02 5.234576e-02 9.975542e-01
    outer loop
      vertex   -1.187164e+02 3.267000e+01 9.610935e+01
      vertex   -1.188251e+02 3.199197e+01 9.613989e+01
      vertex   -1.180155e+02 3.270837e+01 9.613989e+01
    endloop
  endfacet
  facet normal -4.650020e-02 5.579604e-02 9.973588e-01
    outer loop
      vertex   -1.187164e+02 3.267000e+01 9.610935e+01
      vertex   -1.180155e+02 3.270837e+01 9.613989e+01
      vertex   -1.179310e+02 3.332461e+01 9.610935e+01
    endloop
  endfacet
  facet normal -4.281928e-02 5.530089e-02 9.975512e-01
    outer loop
      vertex   -1.179310e+02 3.332461e+01 9.610935e+01
      vertex   -1.180155e+02 3.270837e+01 9.613989e+01
      vertex   -1.171607e+02 3.337021e+01 9.613989e+01
    endloop
  endfacet
  facet normal -4.299744e-02 5.843520e-02 9.973648e-01
    outer loop
      vertex   -1.179310e+02 3.332461e+01 9.610935e+01
      vertex   -1.171607e+02 3.337021e+01 9.613989e+01
      vertex   -1.171074e+02 3.393060e+01 9.610935e+01
    endloop
  endfacet
  facet normal -3.917008e-02 5.808095e-02 9.975431e-01
    outer loop
      vertex   -1.171074e+02 3.393060e+01 9.610935e+01
      vertex   -1.171607e+02 3.337021e+01 9.613989e+01
      vertex   -1.162644e+02 3.397466e+01 9.613989e+01
    endloop
  endfacet
  facet normal -3.930579e-02 6.079328e-02 9.973762e-01
    outer loop
      vertex   -1.171074e+02 3.393060e+01 9.610935e+01
      vertex   -1.162644e+02 3.397466e+01 9.613989e+01
      vertex   -1.162488e+02 3.448576e+01 9.610935e+01
    endloop
  endfacet
  facet normal -3.537641e-02 6.068197e-02 9.975301e-01
    outer loop
      vertex   -1.162488e+02 3.448576e+01 9.610935e+01
      vertex   -1.162644e+02 3.397466e+01 9.613989e+01
      vertex   -1.153305e+02 3.451912e+01 9.613989e+01
    endloop
  endfacet
  facet normal -3.545081e-02 6.285585e-02 9.973928e-01
    outer loop
      vertex   -1.162488e+02 3.448576e+01 9.610935e+01
      vertex   -1.153305e+02 3.451912e+01 9.613989e+01
      vertex   -1.153581e+02 3.498807e+01 9.610935e+01
    endloop
  endfacet
  facet normal -3.144229e-02 6.309994e-02 9.975118e-01
    outer loop
      vertex   -1.153581e+02 3.498807e+01 9.610935e+01
      vertex   -1.153305e+02 3.451912e+01 9.613989e+01
      vertex   -1.143629e+02 3.500126e+01 9.613989e+01
    endloop
  endfacet
  facet normal -3.145934e-02 6.461125e-02 9.974145e-01
    outer loop
      vertex   -1.153581e+02 3.498807e+01 9.610935e+01
      vertex   -1.143629e+02 3.500126e+01 9.613989e+01
      vertex   -1.144388e+02 3.543568e+01 9.610935e+01
    endloop
  endfacet
  facet normal -2.737162e-02 6.533076e-02 9.974882e-01
    outer loop
      vertex   -1.144388e+02 3.543568e+01 9.610935e+01
      vertex   -1.143629e+02 3.500126e+01 9.613989e+01
      vertex   -1.133659e+02 3.541900e+01 9.613989e+01
    endloop
  endfacet
  facet normal -2.735909e-02 6.605068e-02 9.974411e-01
    outer loop
      vertex   -1.144388e+02 3.543568e+01 9.610935e+01
      vertex   -1.133659e+02 3.541900e+01 9.613989e+01
      vertex   -1.134942e+02 3.582697e+01 9.610935e+01
    endloop
  endfacet
  facet normal -2.324022e-02 6.734761e-02 9.974589e-01
    outer loop
      vertex   -1.134942e+02 3.582697e+01 9.610935e+01
      vertex   -1.133659e+02 3.541900e+01 9.613989e+01
      vertex   -1.125276e+02 3.616051e+01 9.610935e+01
    endloop
  endfacet
  facet normal -6.936961e-02 2.010255e-01 9.771267e-01
    outer loop
      vertex   -1.134942e+02 3.582697e+01 9.610935e+01
      vertex   -1.125276e+02 3.616051e+01 9.610935e+01
      vertex   -1.126521e+02 3.655982e+01 9.601837e+01
    endloop
  endfacet
  facet normal -5.710543e-02 2.048472e-01 9.771267e-01
    outer loop
      vertex   -1.126521e+02 3.655982e+01 9.601837e+01
      vertex   -1.125276e+02 3.616051e+01 9.610935e+01
      vertex   -1.116428e+02 3.684118e+01 9.601837e+01
    endloop
  endfacet
  facet normal -2.310969e-02 6.720058e-02 9.974718e-01
    outer loop
      vertex   -1.133659e+02 3.541900e+01 9.613989e+01
      vertex   -1.123436e+02 3.577055e+01 9.613989e+01
      vertex   -1.125276e+02 3.616051e+01 9.610935e+01
    endloop
  endfacet
  facet normal -1.924160e-02 6.902297e-02 9.974295e-01
    outer loop
      vertex   -1.125276e+02 3.616051e+01 9.610935e+01
      vertex   -1.123436e+02 3.577055e+01 9.613989e+01
      vertex   -1.115427e+02 3.643508e+01 9.610935e+01
    endloop
  endfacet
  facet normal -5.710543e-02 2.048472e-01 9.771267e-01
    outer loop
      vertex   -1.125276e+02 3.616051e+01 9.610935e+01
      vertex   -1.115427e+02 3.643508e+01 9.610935e+01
      vertex   -1.116428e+02 3.684118e+01 9.601837e+01
    endloop
  endfacet
  facet normal -4.463288e-02 2.079214e-01 9.771267e-01
    outer loop
      vertex   -1.116428e+02 3.684118e+01 9.601837e+01
      vertex   -1.115427e+02 3.643508e+01 9.610935e+01
      vertex   -1.106184e+02 3.706108e+01 9.601837e+01
    endloop
  endfacet
  facet normal -1.856044e-02 6.820523e-02 9.974986e-01
    outer loop
      vertex   -1.123436e+02 3.577055e+01 9.613989e+01
      vertex   -1.113005e+02 3.605441e+01 9.613989e+01
      vertex   -1.115427e+02 3.643508e+01 9.610935e+01
    endloop
  endfacet
  facet normal -1.511070e-02 7.039291e-02 9.974049e-01
    outer loop
      vertex   -1.115427e+02 3.643508e+01 9.610935e+01
      vertex   -1.113005e+02 3.605441e+01 9.613989e+01
      vertex   -1.105430e+02 3.664968e+01 9.610935e+01
    endloop
  endfacet
  facet normal -4.463288e-02 2.079214e-01 9.771267e-01
    outer loop
      vertex   -1.115427e+02 3.643508e+01 9.610935e+01
      vertex   -1.105430e+02 3.664968e+01 9.610935e+01
      vertex   -1.106184e+02 3.706108e+01 9.601837e+01
    endloop
  endfacet
  facet normal -3.199747e-02 2.102369e-01 9.771267e-01
    outer loop
      vertex   -1.106184e+02 3.706108e+01 9.601837e+01
      vertex   -1.105430e+02 3.664968e+01 9.610935e+01
      vertex   -1.095825e+02 3.721873e+01 9.601837e+01
    endloop
  endfacet
  facet normal -1.399428e-02 6.897815e-02 9.975200e-01
    outer loop
      vertex   -1.113005e+02 3.605441e+01 9.613989e+01
      vertex   -1.102410e+02 3.626936e+01 9.613989e+01
      vertex   -1.105430e+02 3.664968e+01 9.610935e+01
    endloop
  endfacet
  facet normal -1.087374e-02 7.144504e-02 9.973853e-01
    outer loop
      vertex   -1.105430e+02 3.664968e+01 9.610935e+01
      vertex   -1.102410e+02 3.626936e+01 9.613989e+01
      vertex   -1.095321e+02 3.680353e+01 9.610935e+01
    endloop
  endfacet
  facet normal -3.199747e-02 2.102369e-01 9.771267e-01
    outer loop
      vertex   -1.105430e+02 3.664968e+01 9.610935e+01
      vertex   -1.095321e+02 3.680353e+01 9.610935e+01
      vertex   -1.095825e+02 3.721873e+01 9.601837e+01
    endloop
  endfacet
  facet normal -1.924530e-02 2.117853e-01 9.771267e-01
    outer loop
      vertex   -1.095825e+02 3.721873e+01 9.601837e+01
      vertex   -1.095321e+02 3.680353e+01 9.610935e+01
      vertex   -1.085391e+02 3.731355e+01 9.601837e+01
    endloop
  endfacet
  facet normal -9.416698e-03 6.952010e-02 9.975361e-01
    outer loop
      vertex   -1.102410e+02 3.626936e+01 9.613989e+01
      vertex   -1.091697e+02 3.641446e+01 9.613989e+01
      vertex   -1.095321e+02 3.680353e+01 9.610935e+01
    endloop
  endfacet
  facet normal -6.558184e-03 7.216965e-02 9.973708e-01
    outer loop
      vertex   -1.095321e+02 3.680353e+01 9.610935e+01
      vertex   -1.091697e+02 3.641446e+01 9.613989e+01
      vertex   -1.085138e+02 3.689606e+01 9.610935e+01
    endloop
  endfacet
  facet normal -1.924530e-02 2.117853e-01 9.771267e-01
    outer loop
      vertex   -1.095321e+02 3.680353e+01 9.610935e+01
      vertex   -1.085138e+02 3.689606e+01 9.610935e+01
      vertex   -1.085391e+02 3.731355e+01 9.601837e+01
    endloop
  endfacet
  facet normal -6.422913e-03 2.125609e-01 9.771267e-01
    outer loop
      vertex   -1.085391e+02 3.731355e+01 9.601837e+01
      vertex   -1.085138e+02 3.689606e+01 9.610935e+01
      vertex   -1.074918e+02 3.734520e+01 9.601837e+01
    endloop
  endfacet
  facet normal -4.833338e-03 6.983172e-02 9.975471e-01
    outer loop
      vertex   -1.091697e+02 3.641446e+01 9.613989e+01
      vertex   -1.080913e+02 3.648911e+01 9.613989e+01
      vertex   -1.085138e+02 3.689606e+01 9.610935e+01
    endloop
  endfacet
  facet normal -2.192528e-03 7.255988e-02 9.973616e-01
    outer loop
      vertex   -1.085138e+02 3.689606e+01 9.610935e+01
      vertex   -1.080913e+02 3.648911e+01 9.613989e+01
      vertex   -1.074918e+02 3.692694e+01 9.610935e+01
    endloop
  endfacet
  facet normal -6.422913e-03 2.125609e-01 9.771267e-01
    outer loop
      vertex   -1.085138e+02 3.689606e+01 9.610935e+01
      vertex   -1.074918e+02 3.692694e+01 9.610935e+01
      vertex   -1.074918e+02 3.734520e+01 9.601837e+01
    endloop
  endfacet
  facet normal 6.422913e-03 2.125609e-01 9.771267e-01
    outer loop
      vertex   -1.074918e+02 3.734520e+01 9.601837e+01
      vertex   -1.074918e+02 3.692694e+01 9.610935e+01
      vertex   -1.064445e+02 3.731355e+01 9.601837e+01
    endloop
  endfacet
  facet normal -2.498894e-04 6.991348e-02 9.975530e-01
    outer loop
      vertex   -1.080913e+02 3.648911e+01 9.613989e+01
      vertex   -1.070102e+02 3.649297e+01 9.613989e+01
      vertex   -1.074918e+02 3.692694e+01 9.610935e+01
    endloop
  endfacet
  facet normal 2.194097e-03 7.261181e-02 9.973579e-01
    outer loop
      vertex   -1.074918e+02 3.692694e+01 9.610935e+01
      vertex   -1.070102e+02 3.649297e+01 9.613989e+01
      vertex   -1.064698e+02 3.689606e+01 9.610935e+01
    endloop
  endfacet
  facet normal 6.422913e-03 2.125609e-01 9.771267e-01
    outer loop
      vertex   -1.074918e+02 3.692694e+01 9.610935e+01
      vertex   -1.064698e+02 3.689606e+01 9.610935e+01
      vertex   -1.064445e+02 3.731355e+01 9.601837e+01
    endloop
  endfacet
  facet normal 1.924530e-02 2.117853e-01 9.771267e-01
    outer loop
      vertex   -1.064445e+02 3.731355e+01 9.601837e+01
      vertex   -1.064698e+02 3.689606e+01 9.610935e+01
      vertex   -1.054011e+02 3.721873e+01 9.601837e+01
    endloop
  endfacet
  facet normal 4.327902e-03 6.976576e-02 9.975540e-01
    outer loop
      vertex   -1.070102e+02 3.649297e+01 9.613989e+01
      vertex   -1.059313e+02 3.642604e+01 9.613989e+01
      vertex   -1.064698e+02 3.689606e+01 9.610935e+01
    endloop
  endfacet
  facet normal 6.572260e-03 7.232455e-02 9.973595e-01
    outer loop
      vertex   -1.064698e+02 3.689606e+01 9.610935e+01
      vertex   -1.059313e+02 3.642604e+01 9.613989e+01
      vertex   -1.054515e+02 3.680353e+01 9.610935e+01
    endloop
  endfacet
  facet normal 1.924530e-02 2.117853e-01 9.771267e-01
    outer loop
      vertex   -1.064698e+02 3.689606e+01 9.610935e+01
      vertex   -1.054515e+02 3.680353e+01 9.610935e+01
      vertex   -1.054011e+02 3.721873e+01 9.601837e+01
    endloop
  endfacet
  facet normal 3.199747e-02 2.102369e-01 9.771267e-01
    outer loop
      vertex   -1.054011e+02 3.721873e+01 9.601837e+01
      vertex   -1.054515e+02 3.680353e+01 9.610935e+01
      vertex   -1.043652e+02 3.706108e+01 9.601837e+01
    endloop
  endfacet
  facet normal 8.894268e-03 6.938882e-02 9.975500e-01
    outer loop
      vertex   -1.059313e+02 3.642604e+01 9.613989e+01
      vertex   -1.048590e+02 3.628859e+01 9.613989e+01
      vertex   -1.054515e+02 3.680353e+01 9.610935e+01
    endloop
  endfacet
  facet normal 1.091258e-02 7.170027e-02 9.973665e-01
    outer loop
      vertex   -1.054515e+02 3.680353e+01 9.610935e+01
      vertex   -1.048590e+02 3.628859e+01 9.613989e+01
      vertex   -1.044406e+02 3.664968e+01 9.610935e+01
    endloop
  endfacet
  facet normal 3.199747e-02 2.102369e-01 9.771267e-01
    outer loop
      vertex   -1.054515e+02 3.680353e+01 9.610935e+01
      vertex   -1.044406e+02 3.664968e+01 9.610935e+01
      vertex   -1.043652e+02 3.706108e+01 9.601837e+01
    endloop
  endfacet
  facet normal 4.463288e-02 2.079214e-01 9.771267e-01
    outer loop
      vertex   -1.043652e+02 3.706108e+01 9.601837e+01
      vertex   -1.044406e+02 3.664968e+01 9.610935e+01
      vertex   -1.033408e+02 3.684118e+01 9.601837e+01
    endloop
  endfacet
  facet normal 1.344345e-02 6.878282e-02 9.975411e-01
    outer loop
      vertex   -1.048590e+02 3.628859e+01 9.613989e+01
      vertex   -1.037980e+02 3.608123e+01 9.613989e+01
      vertex   -1.044406e+02 3.664968e+01 9.610935e+01
    endloop
  endfacet
  facet normal 1.518610e-02 7.074414e-02 9.973789e-01
    outer loop
      vertex   -1.044406e+02 3.664968e+01 9.610935e+01
      vertex   -1.037980e+02 3.608123e+01 9.613989e+01
      vertex   -1.034409e+02 3.643508e+01 9.610935e+01
    endloop
  endfacet
  facet normal 4.463288e-02 2.079214e-01 9.771267e-01
    outer loop
      vertex   -1.044406e+02 3.664968e+01 9.610935e+01
      vertex   -1.034409e+02 3.643508e+01 9.610935e+01
      vertex   -1.033408e+02 3.684118e+01 9.601837e+01
    endloop
  endfacet
  facet normal 5.710543e-02 2.048472e-01 9.771267e-01
    outer loop
      vertex   -1.033408e+02 3.684118e+01 9.601837e+01
      vertex   -1.034409e+02 3.643508e+01 9.610935e+01
      vertex   -1.023316e+02 3.655982e+01 9.601837e+01
    endloop
  endfacet
  facet normal 1.796970e-02 6.794781e-02 9.975270e-01
    outer loop
      vertex   -1.037980e+02 3.608123e+01 9.613989e+01
      vertex   -1.027529e+02 3.580483e+01 9.613989e+01
      vertex   -1.034409e+02 3.643508e+01 9.610935e+01
    endloop
  endfacet
  facet normal 1.936462e-02 6.946428e-02 9.973965e-01
    outer loop
      vertex   -1.034409e+02 3.643508e+01 9.610935e+01
      vertex   -1.027529e+02 3.580483e+01 9.613989e+01
      vertex   -1.024560e+02 3.616051e+01 9.610935e+01
    endloop
  endfacet
  facet normal 5.710543e-02 2.048472e-01 9.771267e-01
    outer loop
      vertex   -1.034409e+02 3.643508e+01 9.610935e+01
      vertex   -1.024560e+02 3.616051e+01 9.610935e+01
      vertex   -1.023316e+02 3.655982e+01 9.601837e+01
    endloop
  endfacet
  facet normal 6.936961e-02 2.010255e-01 9.771267e-01
    outer loop
      vertex   -1.023316e+02 3.655982e+01 9.601837e+01
      vertex   -1.024560e+02 3.616051e+01 9.610935e+01
      vertex   -1.013411e+02 3.621804e+01 9.601837e+01
    endloop
  endfacet
  facet normal 2.246735e-02 6.688369e-02 9.975078e-01
    outer loop
      vertex   -1.027529e+02 3.580483e+01 9.613989e+01
      vertex   -1.017281e+02 3.546060e+01 9.613989e+01
      vertex   -1.024560e+02 3.616051e+01 9.610935e+01
    endloop
  endfacet
  facet normal 2.342104e-02 6.787159e-02 9.974191e-01
    outer loop
      vertex   -1.024560e+02 3.616051e+01 9.610935e+01
      vertex   -1.017281e+02 3.546060e+01 9.613989e+01
      vertex   -1.014894e+02 3.582697e+01 9.610935e+01
    endloop
  endfacet
  facet normal 6.936961e-02 2.010255e-01 9.771267e-01
    outer loop
      vertex   -1.024560e+02 3.616051e+01 9.610935e+01
      vertex   -1.014894e+02 3.582697e+01 9.610935e+01
      vertex   -1.013411e+02 3.621804e+01 9.601837e+01
    endloop
  endfacet
  facet normal 8.133200e-02 1.964888e-01 9.771270e-01
    outer loop
      vertex   -1.013411e+02 3.621804e+01 9.601837e+01
      vertex   -1.014894e+02 3.582697e+01 9.610935e+01
      vertex   -1.005523e+02 3.543908e+01 9.610935e+01
    endloop
  endfacet
  facet normal 2.693079e-02 6.559024e-02 9.974832e-01
    outer loop
      vertex   -1.017281e+02 3.546060e+01 9.613989e+01
      vertex   -1.007281e+02 3.504999e+01 9.613989e+01
      vertex   -1.014894e+02 3.582697e+01 9.610935e+01
    endloop
  endfacet
  facet normal 2.729792e-02 6.594866e-02 9.974495e-01
    outer loop
      vertex   -1.014894e+02 3.582697e+01 9.610935e+01
      vertex   -1.007281e+02 3.504999e+01 9.613989e+01
      vertex   -1.005523e+02 3.543908e+01 9.610935e+01
    endloop
  endfacet
  facet normal 3.523475e-02 6.247277e-02 9.974245e-01
    outer loop
      vertex   -9.962546e+01 3.498807e+01 9.610935e+01
      vertex   -9.975710e+01 3.457478e+01 9.613989e+01
      vertex   -9.873486e+01 3.448576e+01 9.610935e+01
    endloop
  endfacet
  facet normal 3.513192e-02 6.126499e-02 9.975031e-01
    outer loop
      vertex   -9.873486e+01 3.448576e+01 9.610935e+01
      vertex   -9.975710e+01 3.457478e+01 9.613989e+01
      vertex   -9.881930e+01 3.403701e+01 9.613989e+01
    endloop
  endfacet
  facet normal 3.912093e-02 6.050737e-02 9.974008e-01
    outer loop
      vertex   -9.873486e+01 3.448576e+01 9.610935e+01
      vertex   -9.881930e+01 3.403701e+01 9.613989e+01
      vertex   -9.787620e+01 3.393060e+01 9.610935e+01
    endloop
  endfacet
  facet normal 3.890889e-02 5.859288e-02 9.975234e-01
    outer loop
      vertex   -9.787620e+01 3.393060e+01 9.610935e+01
      vertex   -9.881930e+01 3.403701e+01 9.613989e+01
      vertex   -9.791873e+01 3.343899e+01 9.613989e+01
    endloop
  endfacet
  facet normal 4.285575e-02 5.824265e-02 9.973822e-01
    outer loop
      vertex   -9.787620e+01 3.393060e+01 9.610935e+01
      vertex   -9.791873e+01 3.343899e+01 9.613989e+01
      vertex   -9.705264e+01 3.332461e+01 9.610935e+01
    endloop
  endfacet
  facet normal 4.253189e-02 5.574846e-02 9.975385e-01
    outer loop
      vertex   -9.705264e+01 3.332461e+01 9.610935e+01
      vertex   -9.791873e+01 3.343899e+01 9.613989e+01
      vertex   -9.705926e+01 3.278327e+01 9.613989e+01
    endloop
  endfacet
  facet normal 4.641300e-02 5.569140e-02 9.973687e-01
    outer loop
      vertex   -9.705264e+01 3.332461e+01 9.610935e+01
      vertex   -9.705926e+01 3.278327e+01 9.613989e+01
      vertex   -9.626716e+01 3.267000e+01 9.610935e+01
    endloop
  endfacet
  facet normal 4.599732e-02 5.273611e-02 9.975486e-01
    outer loop
      vertex   -9.626716e+01 3.267000e+01 9.610935e+01
      vertex   -9.705926e+01 3.278327e+01 9.613989e+01
      vertex   -9.624457e+01 3.207268e+01 9.613989e+01
    endloop
  endfacet
  facet normal 4.976777e-02 5.286913e-02 9.973605e-01
    outer loop
      vertex   -9.626716e+01 3.267000e+01 9.610935e+01
      vertex   -9.624457e+01 3.207268e+01 9.613989e+01
      vertex   -9.552265e+01 3.196916e+01 9.610935e+01
    endloop
  endfacet
  facet normal 4.930141e-02 4.956014e-02 9.975536e-01
    outer loop
      vertex   -9.552265e+01 3.196916e+01 9.610935e+01
      vertex   -9.624457e+01 3.207268e+01 9.613989e+01
      vertex   -9.547816e+01 3.131027e+01 9.613989e+01
    endloop
  endfacet
  facet normal 5.289683e-02 4.979385e-02 9.973578e-01
    outer loop
      vertex   -9.552265e+01 3.196916e+01 9.610935e+01
      vertex   -9.547816e+01 3.131027e+01 9.613989e+01
      vertex   -9.482180e+01 3.122464e+01 9.610935e+01
    endloop
  endfacet
  facet normal 5.244031e-02 4.622483e-02 9.975536e-01
    outer loop
      vertex   -9.482180e+01 3.122464e+01 9.610935e+01
      vertex   -9.547816e+01 3.131027e+01 9.613989e+01
      vertex   -9.476331e+01 3.049931e+01 9.613989e+01
    endloop
  endfacet
  facet normal 5.577891e-02 4.648592e-02 9.973604e-01
    outer loop
      vertex   -9.482180e+01 3.122464e+01 9.610935e+01
      vertex   -9.476331e+01 3.049931e+01 9.613989e+01
      vertex   -9.416719e+01 3.043917e+01 9.610935e+01
    endloop
  endfacet
  facet normal 5.541006e-02 4.273439e-02 9.975487e-01
    outer loop
      vertex   -9.416719e+01 3.043917e+01 9.610935e+01
      vertex   -9.476331e+01 3.049931e+01 9.613989e+01
      vertex   -9.410311e+01 2.964328e+01 9.613989e+01
    endloop
  endfacet
  facet normal 5.839494e-02 4.296781e-02 9.973684e-01
    outer loop
      vertex   -9.416719e+01 3.043917e+01 9.610935e+01
      vertex   -9.410311e+01 2.964328e+01 9.613989e+01
      vertex   -9.356120e+01 2.961560e+01 9.610935e+01
    endloop
  endfacet
  facet normal 5.820663e-02 3.909294e-02 9.975388e-01
    outer loop
      vertex   -9.356120e+01 2.961560e+01 9.610935e+01
      vertex   -9.410311e+01 2.964328e+01 9.613989e+01
      vertex   -9.350038e+01 2.874585e+01 9.613989e+01
    endloop
  endfacet
  facet normal 6.072830e-02 3.926377e-02 9.973818e-01
    outer loop
      vertex   -9.356120e+01 2.961560e+01 9.610935e+01
      vertex   -9.350038e+01 2.874585e+01 9.613989e+01
      vertex   -9.300604e+01 2.875695e+01 9.610935e+01
    endloop
  endfacet
  facet normal 6.082594e-02 3.530449e-02 9.975238e-01
    outer loop
      vertex   -9.300604e+01 2.875695e+01 9.610935e+01
      vertex   -9.350038e+01 2.874585e+01 9.613989e+01
      vertex   -9.295770e+01 2.781089e+01 9.613989e+01
    endloop
  endfacet
  facet normal 6.276501e-02 3.539958e-02 9.974003e-01
    outer loop
      vertex   -9.300604e+01 2.875695e+01 9.610935e+01
      vertex   -9.295770e+01 2.781089e+01 9.613989e+01
      vertex   -9.250374e+01 2.786634e+01 9.610935e+01
    endloop
  endfacet
  facet normal 6.326386e-02 3.137294e-02 9.975036e-01
    outer loop
      vertex   -9.250374e+01 2.786634e+01 9.610935e+01
      vertex   -9.295770e+01 2.781089e+01 9.613989e+01
      vertex   -9.247742e+01 2.684239e+01 9.613989e+01
    endloop
  endfacet
  facet normal 6.449384e-02 3.140217e-02 9.974239e-01
    outer loop
      vertex   -9.250374e+01 2.786634e+01 9.610935e+01
      vertex   -9.247742e+01 2.684239e+01 9.613989e+01
      vertex   -9.205613e+01 2.694703e+01 9.610935e+01
    endloop
  endfacet
  facet normal 6.551621e-02 2.730199e-02 9.974779e-01
    outer loop
      vertex   -9.205613e+01 2.694703e+01 9.610935e+01
      vertex   -9.247742e+01 2.684239e+01 9.613989e+01
      vertex   -9.206159e+01 2.584452e+01 9.613989e+01
    endloop
  endfacet
  facet normal 6.594138e-02 2.729911e-02 9.974500e-01
    outer loop
      vertex   -9.205613e+01 2.694703e+01 9.610935e+01
      vertex   -9.206159e+01 2.584452e+01 9.613989e+01
      vertex   -9.166255e+01 2.599635e+01 9.610935e+01
    endloop
  endfacet
  facet normal 6.747455e-02 2.326966e-02 9.974496e-01
    outer loop
      vertex   -9.166255e+01 2.599635e+01 9.610935e+01
      vertex   -9.206159e+01 2.584452e+01 9.613989e+01
      vertex   -9.133130e+01 2.503582e+01 9.610935e+01
    endloop
  endfacet
  facet normal 2.010376e-01 6.933097e-02 9.771270e-01
    outer loop
      vertex   -9.166255e+01 2.599635e+01 9.610935e+01
      vertex   -9.133130e+01 2.503582e+01 9.610935e+01
      vertex   -9.093198e+01 2.516025e+01 9.601837e+01
    endloop
  endfacet
  facet normal 2.048472e-01 5.710543e-02 9.771267e-01
    outer loop
      vertex   -9.093198e+01 2.516025e+01 9.601837e+01
      vertex   -9.133130e+01 2.503582e+01 9.610935e+01
      vertex   -9.065063e+01 2.415098e+01 9.601837e+01
    endloop
  endfacet
  facet normal 6.710243e-02 2.293238e-02 9.974825e-01
    outer loop
      vertex   -9.206159e+01 2.584452e+01 9.613989e+01
      vertex   -9.171199e+01 2.482156e+01 9.613989e+01
      vertex   -9.133130e+01 2.503582e+01 9.610935e+01
    endloop
  endfacet
  facet normal 6.915400e-02 1.927812e-02 9.974197e-01
    outer loop
      vertex   -9.133130e+01 2.503582e+01 9.610935e+01
      vertex   -9.171199e+01 2.482156e+01 9.613989e+01
      vertex   -9.105673e+01 2.405088e+01 9.610935e+01
    endloop
  endfacet
  facet normal 2.048472e-01 5.710543e-02 9.771267e-01
    outer loop
      vertex   -9.133130e+01 2.503582e+01 9.610935e+01
      vertex   -9.105673e+01 2.405088e+01 9.610935e+01
      vertex   -9.065063e+01 2.415098e+01 9.601837e+01
    endloop
  endfacet
  facet normal 2.079214e-01 4.463288e-02 9.771267e-01
    outer loop
      vertex   -9.065063e+01 2.415098e+01 9.601837e+01
      vertex   -9.105673e+01 2.405088e+01 9.610935e+01
      vertex   -9.043072e+01 2.312656e+01 9.601837e+01
    endloop
  endfacet
  facet normal 6.812303e-02 1.839808e-02 9.975073e-01
    outer loop
      vertex   -9.171199e+01 2.482156e+01 9.613989e+01
      vertex   -9.143013e+01 2.377791e+01 9.613989e+01
      vertex   -9.105673e+01 2.405088e+01 9.610935e+01
    endloop
  endfacet
  facet normal 7.050035e-02 1.513377e-02 9.973969e-01
    outer loop
      vertex   -9.105673e+01 2.405088e+01 9.610935e+01
      vertex   -9.143013e+01 2.377791e+01 9.613989e+01
      vertex   -9.084212e+01 2.305117e+01 9.610935e+01
    endloop
  endfacet
  facet normal 2.079214e-01 4.463288e-02 9.771267e-01
    outer loop
      vertex   -9.105673e+01 2.405088e+01 9.610935e+01
      vertex   -9.084212e+01 2.305117e+01 9.610935e+01
      vertex   -9.043072e+01 2.312656e+01 9.601837e+01
    endloop
  endfacet
  facet normal 2.102369e-01 3.199747e-02 9.771267e-01
    outer loop
      vertex   -9.043072e+01 2.312656e+01 9.601837e+01
      vertex   -9.084212e+01 2.305117e+01 9.610935e+01
      vertex   -9.027307e+01 2.209073e+01 9.601837e+01
    endloop
  endfacet
  facet normal 6.891260e-02 1.384368e-02 9.975266e-01
    outer loop
      vertex   -9.143013e+01 2.377791e+01 9.613989e+01
      vertex   -9.121721e+01 2.271804e+01 9.613989e+01
      vertex   -9.084212e+01 2.305117e+01 9.610935e+01
    endloop
  endfacet
  facet normal 7.152718e-02 1.088624e-02 9.973792e-01
    outer loop
      vertex   -9.084212e+01 2.305117e+01 9.610935e+01
      vertex   -9.121721e+01 2.271804e+01 9.613989e+01
      vertex   -9.068828e+01 2.204032e+01 9.610935e+01
    endloop
  endfacet
  facet normal 2.102369e-01 3.199747e-02 9.771267e-01
    outer loop
      vertex   -9.084212e+01 2.305117e+01 9.610935e+01
      vertex   -9.068828e+01 2.204032e+01 9.610935e+01
      vertex   -9.027307e+01 2.209073e+01 9.601837e+01
    endloop
  endfacet
  facet normal 2.117853e-01 1.924530e-02 9.771267e-01
    outer loop
      vertex   -9.027307e+01 2.209073e+01 9.601837e+01
      vertex   -9.068828e+01 2.204032e+01 9.610935e+01
      vertex   -9.017825e+01 2.104728e+01 9.601837e+01
    endloop
  endfacet
  facet normal 6.947173e-02 9.274746e-03 9.975408e-01
    outer loop
      vertex   -9.121721e+01 2.271804e+01 9.613989e+01
      vertex   -9.107416e+01 2.164650e+01 9.613989e+01
      vertex   -9.068828e+01 2.204032e+01 9.610935e+01
    endloop
  endfacet
  facet normal 7.222521e-02 6.563232e-03 9.973668e-01
    outer loop
      vertex   -9.068828e+01 2.204032e+01 9.610935e+01
      vertex   -9.107416e+01 2.164650e+01 9.613989e+01
      vertex   -9.059574e+01 2.102202e+01 9.610935e+01
    endloop
  endfacet
  facet normal 2.117853e-01 1.924530e-02 9.771267e-01
    outer loop
      vertex   -9.068828e+01 2.204032e+01 9.610935e+01
      vertex   -9.059574e+01 2.102202e+01 9.610935e+01
      vertex   -9.017825e+01 2.104728e+01 9.601837e+01
    endloop
  endfacet
  facet normal 2.125609e-01 6.422913e-03 9.771267e-01
    outer loop
      vertex   -9.017825e+01 2.104728e+01 9.601837e+01
      vertex   -9.059574e+01 2.102202e+01 9.610935e+01
      vertex   -9.014661e+01 2.000000e+01 9.601837e+01
    endloop
  endfacet
  facet normal 6.980085e-02 4.696954e-03 9.975499e-01
    outer loop
      vertex   -9.107416e+01 2.164650e+01 9.613989e+01
      vertex   -9.100158e+01 2.056790e+01 9.613989e+01
      vertex   -9.059574e+01 2.102202e+01 9.610935e+01
    endloop
  endfacet
  facet normal 7.258801e-02 2.193378e-03 9.973596e-01
    outer loop
      vertex   -9.059574e+01 2.102202e+01 9.610935e+01
      vertex   -9.100158e+01 2.056790e+01 9.613989e+01
      vertex   -9.056486e+01 2.000000e+01 9.610935e+01
    endloop
  endfacet
  facet normal 2.125609e-01 6.422913e-03 9.771267e-01
    outer loop
      vertex   -9.059574e+01 2.102202e+01 9.610935e+01
      vertex   -9.056486e+01 2.000000e+01 9.610935e+01
      vertex   -9.014661e+01 2.000000e+01 9.601837e+01
    endloop
  endfacet
  facet normal 2.125609e-01 -6.422913e-03 9.771267e-01
    outer loop
      vertex   -9.014661e+01 2.000000e+01 9.601837e+01
      vertex   -9.056486e+01 2.000000e+01 9.610935e+01
      vertex   -9.017825e+01 1.895272e+01 9.601837e+01
    endloop
  endfacet
  facet normal 6.990029e-02 1.160261e-04 9.975540e-01
    outer loop
      vertex   -9.100158e+01 2.056790e+01 9.613989e+01
      vertex   -9.099979e+01 1.948685e+01 9.613989e+01
      vertex   -9.056486e+01 2.000000e+01 9.610935e+01
    endloop
  endfacet
  facet normal 7.261214e-02 -2.194107e-03 9.973578e-01
    outer loop
      vertex   -9.056486e+01 2.000000e+01 9.610935e+01
      vertex   -9.099979e+01 1.948685e+01 9.613989e+01
      vertex   -9.059574e+01 1.897798e+01 9.610935e+01
    endloop
  endfacet
  facet normal 2.125609e-01 -6.422913e-03 9.771267e-01
    outer loop
      vertex   -9.056486e+01 2.000000e+01 9.610935e+01
      vertex   -9.059574e+01 1.897798e+01 9.610935e+01
      vertex   -9.017825e+01 1.895272e+01 9.601837e+01
    endloop
  endfacet
  facet normal 2.117853e-01 -1.924530e-02 9.771267e-01
    outer loop
      vertex   -9.017825e+01 1.895272e+01 9.601837e+01
      vertex   -9.059574e+01 1.897798e+01 9.610935e+01
      vertex   -9.027307e+01 1.790927e+01 9.601837e+01
    endloop
  endfacet
  facet normal 6.977024e-02 -4.462276e-03 9.975531e-01
    outer loop
      vertex   -9.099979e+01 1.948685e+01 9.613989e+01
      vertex   -9.106878e+01 1.840801e+01 9.613989e+01
      vertex   -9.059574e+01 1.897798e+01 9.610935e+01
    endloop
  endfacet
  facet normal 7.229717e-02 -6.569772e-03 9.973615e-01
    outer loop
      vertex   -9.059574e+01 1.897798e+01 9.610935e+01
      vertex   -9.106878e+01 1.840801e+01 9.613989e+01
      vertex   -9.068828e+01 1.795968e+01 9.610935e+01
    endloop
  endfacet
  facet normal 2.117853e-01 -1.924530e-02 9.771267e-01
    outer loop
      vertex   -9.059574e+01 1.897798e+01 9.610935e+01
      vertex   -9.068828e+01 1.795968e+01 9.610935e+01
      vertex   -9.027307e+01 1.790927e+01 9.601837e+01
    endloop
  endfacet
  facet normal 2.102369e-01 -3.199747e-02 9.771267e-01
    outer loop
      vertex   -9.027307e+01 1.790927e+01 9.601837e+01
      vertex   -9.068828e+01 1.795968e+01 9.610935e+01
      vertex   -9.043072e+01 1.687344e+01 9.601837e+01
    endloop
  endfacet
  facet normal 6.941079e-02 -9.032179e-03 9.975473e-01
    outer loop
      vertex   -9.106878e+01 1.840801e+01 9.613989e+01
      vertex   -9.120828e+01 1.733600e+01 9.613989e+01
      vertex   -9.068828e+01 1.795968e+01 9.610935e+01
    endloop
  endfacet
  facet normal 7.164576e-02 -1.090428e-02 9.973705e-01
    outer loop
      vertex   -9.068828e+01 1.795968e+01 9.610935e+01
      vertex   -9.120828e+01 1.733600e+01 9.613989e+01
      vertex   -9.084212e+01 1.694883e+01 9.610935e+01
    endloop
  endfacet
  facet normal 2.102369e-01 -3.199747e-02 9.771267e-01
    outer loop
      vertex   -9.068828e+01 1.795968e+01 9.610935e+01
      vertex   -9.084212e+01 1.694883e+01 9.610935e+01
      vertex   -9.043072e+01 1.687344e+01 9.601837e+01
    endloop
  endfacet
  facet normal 2.079214e-01 -4.463288e-02 9.771267e-01
    outer loop
      vertex   -9.043072e+01 1.687344e+01 9.601837e+01
      vertex   -9.084212e+01 1.694883e+01 9.610935e+01
      vertex   -9.065063e+01 1.584902e+01 9.601837e+01
    endloop
  endfacet
  facet normal 6.882194e-02 -1.358793e-02 9.975364e-01
    outer loop
      vertex   -9.120828e+01 1.733600e+01 9.613989e+01
      vertex   -9.141768e+01 1.627543e+01 9.613989e+01
      vertex   -9.084212e+01 1.694883e+01 9.610935e+01
    endloop
  endfacet
  facet normal 7.066353e-02 -1.516879e-02 9.973849e-01
    outer loop
      vertex   -9.084212e+01 1.694883e+01 9.610935e+01
      vertex   -9.141768e+01 1.627543e+01 9.613989e+01
      vertex   -9.105673e+01 1.594912e+01 9.610935e+01
    endloop
  endfacet
  facet normal 2.079214e-01 -4.463288e-02 9.771267e-01
    outer loop
      vertex   -9.084212e+01 1.694883e+01 9.610935e+01
      vertex   -9.105673e+01 1.594912e+01 9.610935e+01
      vertex   -9.065063e+01 1.584902e+01 9.601837e+01
    endloop
  endfacet
  facet normal 2.048472e-01 -5.710543e-02 9.771267e-01
    outer loop
      vertex   -9.065063e+01 1.584902e+01 9.601837e+01
      vertex   -9.105673e+01 1.594912e+01 9.610935e+01
      vertex   -9.093198e+01 1.483975e+01 9.601837e+01
    endloop
  endfacet
  facet normal 6.800354e-02 -1.812380e-02 9.975204e-01
    outer loop
      vertex   -9.141768e+01 1.627543e+01 9.613989e+01
      vertex   -9.169607e+01 1.523085e+01 9.613989e+01
      vertex   -9.105673e+01 1.594912e+01 9.610935e+01
    endloop
  endfacet
  facet normal 6.935902e-02 -1.933528e-02 9.974044e-01
    outer loop
      vertex   -9.105673e+01 1.594912e+01 9.610935e+01
      vertex   -9.169607e+01 1.523085e+01 9.613989e+01
      vertex   -9.133130e+01 1.496418e+01 9.610935e+01
    endloop
  endfacet
  facet normal 2.048472e-01 -5.710543e-02 9.771267e-01
    outer loop
      vertex   -9.105673e+01 1.594912e+01 9.610935e+01
      vertex   -9.133130e+01 1.496418e+01 9.610935e+01
      vertex   -9.093198e+01 1.483975e+01 9.601837e+01
    endloop
  endfacet
  facet normal 2.010255e-01 -6.936961e-02 9.771267e-01
    outer loop
      vertex   -9.093198e+01 1.483975e+01 9.601837e+01
      vertex   -9.133130e+01 1.496418e+01 9.610935e+01
      vertex   -9.127376e+01 1.384931e+01 9.601837e+01
    endloop
  endfacet
  facet normal 6.695534e-02 -2.263415e-02 9.974992e-01
    outer loop
      vertex   -9.169607e+01 1.523085e+01 9.613989e+01
      vertex   -9.204227e+01 1.420674e+01 9.613989e+01
      vertex   -9.133130e+01 1.496418e+01 9.610935e+01
    endloop
  endfacet
  facet normal 6.774358e-02 -2.337686e-02 9.974289e-01
    outer loop
      vertex   -9.133130e+01 1.496418e+01 9.610935e+01
      vertex   -9.204227e+01 1.420674e+01 9.613989e+01
      vertex   -9.166484e+01 1.399762e+01 9.610935e+01
    endloop
  endfacet
  facet normal 2.010255e-01 -6.936961e-02 9.771267e-01
    outer loop
      vertex   -9.133130e+01 1.496418e+01 9.610935e+01
      vertex   -9.166484e+01 1.399762e+01 9.610935e+01
      vertex   -9.127376e+01 1.384931e+01 9.601837e+01
    endloop
  endfacet
  facet normal 1.964703e-01 -8.138066e-02 9.771267e-01
    outer loop
      vertex   -9.127376e+01 1.384931e+01 9.601837e+01
      vertex   -9.166484e+01 1.399762e+01 9.610935e+01
      vertex   -9.167472e+01 1.288131e+01 9.601837e+01
    endloop
  endfacet
  facet normal 6.567691e-02 -2.711342e-02 9.974725e-01
    outer loop
      vertex   -9.204227e+01 1.420674e+01 9.613989e+01
      vertex   -9.245479e+01 1.320749e+01 9.613989e+01
      vertex   -9.166484e+01 1.399762e+01 9.610935e+01
    endloop
  endfacet
  facet normal 6.583111e-02 -2.726814e-02 9.974581e-01
    outer loop
      vertex   -9.166484e+01 1.399762e+01 9.610935e+01
      vertex   -9.245479e+01 1.320749e+01 9.613989e+01
      vertex   -9.205613e+01 1.305297e+01 9.610935e+01
    endloop
  endfacet
  facet normal 1.964703e-01 -8.138066e-02 9.771267e-01
    outer loop
      vertex   -9.166484e+01 1.399762e+01 9.610935e+01
      vertex   -9.205613e+01 1.305297e+01 9.610935e+01
      vertex   -9.167472e+01 1.288131e+01 9.601837e+01
    endloop
  endfacet
  facet normal 1.911982e-01 -9.309477e-02 9.771267e-01
    outer loop
      vertex   -9.167472e+01 1.288131e+01 9.601837e+01
      vertex   -9.205613e+01 1.305297e+01 9.610935e+01
      vertex   -9.213339e+01 1.193928e+01 9.601837e+01
    endloop
  endfacet
  facet normal 6.426974e-02 -3.129306e-02 9.974418e-01
    outer loop
      vertex   -9.205613e+01 1.305297e+01 9.610935e+01
      vertex   -9.245479e+01 1.320749e+01 9.613989e+01
      vertex   -9.250374e+01 1.213366e+01 9.610935e+01
    endloop
  endfacet
  facet normal 6.357047e-02 -3.126248e-02 9.974876e-01
    outer loop
      vertex   -9.250374e+01 1.213366e+01 9.610935e+01
      vertex   -9.245479e+01 1.320749e+01 9.613989e+01
      vertex   -9.293185e+01 1.223741e+01 9.613989e+01
    endloop
  endfacet
  facet normal 6.258704e-02 -3.529920e-02 9.974151e-01
    outer loop
      vertex   -9.250374e+01 1.213366e+01 9.610935e+01
      vertex   -9.293185e+01 1.223741e+01 9.613989e+01
      vertex   -9.300604e+01 1.124305e+01 9.610935e+01
    endloop
  endfacet
  facet normal 6.109661e-02 -3.519096e-02 9.975113e-01
    outer loop
      vertex   -9.300604e+01 1.124305e+01 9.610935e+01
      vertex   -9.293185e+01 1.223741e+01 9.613989e+01
      vertex   -9.347142e+01 1.130064e+01 9.613989e+01
    endloop
  endfacet
  facet normal 6.059547e-02 -3.917789e-02 9.973932e-01
    outer loop
      vertex   -9.300604e+01 1.124305e+01 9.610935e+01
      vertex   -9.347142e+01 1.130064e+01 9.613989e+01
      vertex   -9.356120e+01 1.038440e+01 9.610935e+01
    endloop
  endfacet
  facet normal 5.844430e-02 -3.897165e-02 9.975297e-01
    outer loop
      vertex   -9.356120e+01 1.038440e+01 9.610935e+01
      vertex   -9.347142e+01 1.130064e+01 9.613989e+01
      vertex   -9.407117e+01 1.040122e+01 9.613989e+01
    endloop
  endfacet
  facet normal 5.830548e-02 -4.290199e-02 9.973765e-01
    outer loop
      vertex   -9.356120e+01 1.038440e+01 9.610935e+01
      vertex   -9.407117e+01 1.040122e+01 9.613989e+01
      vertex   -9.416719e+01 9.560834e+00 9.610935e+01
    endloop
  endfacet
  facet normal 5.561786e-02 -4.260094e-02 9.975429e-01
    outer loop
      vertex   -9.416719e+01 9.560834e+00 9.610935e+01
      vertex   -9.407117e+01 1.040122e+01 9.613989e+01
      vertex   -9.472853e+01 9.543003e+00 9.613989e+01
    endloop
  endfacet
  facet normal 5.573030e-02 -4.644541e-02 9.973650e-01
    outer loop
      vertex   -9.416719e+01 9.560834e+00 9.610935e+01
      vertex   -9.472853e+01 9.543003e+00 9.613989e+01
      vertex   -9.482180e+01 8.775360e+00 9.610935e+01
    endloop
  endfacet
  facet normal 5.262155e-02 -4.607507e-02 9.975510e-01
    outer loop
      vertex   -9.482180e+01 8.775360e+00 9.610935e+01
      vertex   -9.472853e+01 9.543003e+00 9.613989e+01
      vertex   -9.544067e+01 8.729673e+00 9.613989e+01
    endloop
  endfacet
  facet normal 5.288583e-02 -4.978349e-02 9.973589e-01
    outer loop
      vertex   -9.482180e+01 8.775360e+00 9.610935e+01
      vertex   -9.544067e+01 8.729673e+00 9.613989e+01
      vertex   -9.552265e+01 8.030843e+00 9.610935e+01
    endloop
  endfacet
  facet normal 4.945959e-02 -4.939013e-02 9.975542e-01
    outer loop
      vertex   -9.552265e+01 8.030843e+00 9.610935e+01
      vertex   -9.544067e+01 8.729673e+00 9.613989e+01
      vertex   -9.620455e+01 7.964721e+00 9.613989e+01
    endloop
  endfacet
  facet normal 4.979050e-02 -5.289327e-02 9.973581e-01
    outer loop
      vertex   -9.552265e+01 8.030843e+00 9.610935e+01
      vertex   -9.620455e+01 7.964721e+00 9.613989e+01
      vertex   -9.626716e+01 7.330000e+00 9.610935e+01
    endloop
  endfacet
  facet normal 4.613615e-02 -5.254214e-02 9.975524e-01
    outer loop
      vertex   -9.626716e+01 7.330000e+00 9.610935e+01
      vertex   -9.620455e+01 7.964721e+00 9.613989e+01
      vertex   -9.701688e+01 7.251433e+00 9.613989e+01
    endloop
  endfacet
  facet normal 4.646500e-02 -5.575380e-02 9.973628e-01
    outer loop
      vertex   -9.626716e+01 7.330000e+00 9.610935e+01
      vertex   -9.701688e+01 7.251433e+00 9.613989e+01
      vertex   -9.705264e+01 6.675389e+00 9.610935e+01
    endloop
  endfacet
  facet normal 4.265531e-02 -5.552701e-02 9.975456e-01
    outer loop
      vertex   -9.705264e+01 6.675389e+00 9.610935e+01
      vertex   -9.701688e+01 7.251433e+00 9.613989e+01
      vertex   -9.787417e+01 6.592868e+00 9.613989e+01
    endloop
  endfacet
  facet normal 4.293208e-02 -5.834638e-02 9.973728e-01
    outer loop
      vertex   -9.705264e+01 6.675389e+00 9.610935e+01
      vertex   -9.787417e+01 6.592868e+00 9.613989e+01
      vertex   -9.787620e+01 6.069398e+00 9.610935e+01
    endloop
  endfacet
  facet normal 3.902106e-02 -5.834061e-02 9.975338e-01
    outer loop
      vertex   -9.787620e+01 6.069398e+00 9.610935e+01
      vertex   -9.787417e+01 6.592868e+00 9.613989e+01
      vertex   -9.877275e+01 5.991855e+00 9.613989e+01
    endloop
  endfacet
  facet normal 3.921626e-02 -6.065481e-02 9.973881e-01
    outer loop
      vertex   -9.787620e+01 6.069398e+00 9.610935e+01
      vertex   -9.877275e+01 5.991855e+00 9.613989e+01
      vertex   -9.873486e+01 5.514238e+00 9.610935e+01
    endloop
  endfacet
  facet normal 3.523729e-02 -6.097874e-02 9.975169e-01
    outer loop
      vertex   -9.873486e+01 5.514238e+00 9.610935e+01
      vertex   -9.877275e+01 5.991855e+00 9.613989e+01
      vertex   -9.970876e+01 5.450974e+00 9.613989e+01
    endloop
  endfacet
  facet normal 3.534347e-02 -6.266552e-02 9.974086e-01
    outer loop
      vertex   -9.873486e+01 5.514238e+00 9.610935e+01
      vertex   -9.970876e+01 5.450974e+00 9.613989e+01
      vertex   -9.962546e+01 5.011935e+00 9.610935e+01
    endloop
  endfacet
  facet normal 3.130772e-02 -6.343718e-02 9.974946e-01
    outer loop
      vertex   -9.962546e+01 5.011935e+00 9.610935e+01
      vertex   -9.970876e+01 5.450974e+00 9.613989e+01
      vertex   -1.006782e+02 4.972545e+00 9.613989e+01
    endloop
  endfacet
  facet normal 3.134078e-02 -6.436776e-02 9.974340e-01
    outer loop
      vertex   -9.962546e+01 5.011935e+00 9.610935e+01
      vertex   -1.006782e+02 4.972545e+00 9.613989e+01
      vertex   -1.005448e+02 4.564322e+00 9.610935e+01
    endloop
  endfacet
  facet normal 2.723591e-02 -6.571164e-02 9.974669e-01
    outer loop
      vertex   -1.005448e+02 4.564322e+00 9.610935e+01
      vertex   -1.006782e+02 4.972545e+00 9.613989e+01
      vertex   -1.016768e+02 4.558623e+00 9.613989e+01
    endloop
  endfacet
  facet normal 2.723604e-02 -6.575362e-02 9.974641e-01
    outer loop
      vertex   -1.005448e+02 4.564322e+00 9.610935e+01
      vertex   -1.016768e+02 4.558623e+00 9.613989e+01
      vertex   -1.014894e+02 4.173032e+00 9.610935e+01
    endloop
  endfacet
  facet normal 2.334244e-02 -6.764382e-02 9.974364e-01
    outer loop
      vertex   -1.014894e+02 4.173032e+00 9.610935e+01
      vertex   -1.016768e+02 4.558623e+00 9.613989e+01
      vertex   -1.024560e+02 3.839493e+00 9.610935e+01
    endloop
  endfacet
  facet normal 6.936961e-02 -2.010255e-01 9.771267e-01
    outer loop
      vertex   -1.014894e+02 4.173032e+00 9.610935e+01
      vertex   -1.024560e+02 3.839493e+00 9.610935e+01
      vertex   -1.023316e+02 3.440178e+00 9.601837e+01
    endloop
  endfacet
  facet normal 5.710543e-02 -2.048472e-01 9.771267e-01
    outer loop
      vertex   -1.023316e+02 3.440178e+00 9.601837e+01
      vertex   -1.024560e+02 3.839493e+00 9.610935e+01
      vertex   -1.033408e+02 3.158822e+00 9.601837e+01
    endloop
  endfacet
  facet normal 2.275899e-02 -6.701405e-02 9.974924e-01
    outer loop
      vertex   -1.016768e+02 4.558623e+00 9.613989e+01
      vertex   -1.027005e+02 4.210985e+00 9.613989e+01
      vertex   -1.024560e+02 3.839493e+00 9.610935e+01
    endloop
  endfacet
  facet normal 1.931205e-02 -6.927569e-02 9.974106e-01
    outer loop
      vertex   -1.024560e+02 3.839493e+00 9.610935e+01
      vertex   -1.027005e+02 4.210985e+00 9.613989e+01
      vertex   -1.034409e+02 3.564922e+00 9.610935e+01
    endloop
  endfacet
  facet normal 5.710543e-02 -2.048472e-01 9.771267e-01
    outer loop
      vertex   -1.024560e+02 3.839493e+00 9.610935e+01
      vertex   -1.034409e+02 3.564922e+00 9.610935e+01
      vertex   -1.033408e+02 3.158822e+00 9.601837e+01
    endloop
  endfacet
  facet normal 4.463288e-02 -2.079214e-01 9.771267e-01
    outer loop
      vertex   -1.033408e+02 3.158822e+00 9.601837e+01
      vertex   -1.034409e+02 3.564922e+00 9.610935e+01
      vertex   -1.043652e+02 2.938918e+00 9.601837e+01
    endloop
  endfacet
  facet normal 1.823881e-02 -6.805058e-02 9.975151e-01
    outer loop
      vertex   -1.027005e+02 4.210985e+00 9.613989e+01
      vertex   -1.037446e+02 3.931122e+00 9.613989e+01
      vertex   -1.034409e+02 3.564922e+00 9.610935e+01
    endloop
  endfacet
  facet normal 1.515474e-02 -7.059805e-02 9.973897e-01
    outer loop
      vertex   -1.034409e+02 3.564922e+00 9.610935e+01
      vertex   -1.037446e+02 3.931122e+00 9.613989e+01
      vertex   -1.044406e+02 3.350320e+00 9.610935e+01
    endloop
  endfacet
  facet normal 4.463288e-02 -2.079214e-01 9.771267e-01
    outer loop
      vertex   -1.034409e+02 3.564922e+00 9.610935e+01
      vertex   -1.044406e+02 3.350320e+00 9.610935e+01
      vertex   -1.043652e+02 2.938918e+00 9.601837e+01
    endloop
  endfacet
  facet normal 3.199747e-02 -2.102369e-01 9.771267e-01
    outer loop
      vertex   -1.043652e+02 2.938918e+00 9.601837e+01
      vertex   -1.044406e+02 3.350320e+00 9.610935e+01
      vertex   -1.054011e+02 2.781268e+00 9.601837e+01
    endloop
  endfacet
  facet normal 1.369538e-02 -6.885677e-02 9.975325e-01
    outer loop
      vertex   -1.037446e+02 3.931122e+00 9.613989e+01
      vertex   -1.048049e+02 3.720237e+00 9.613989e+01
      vertex   -1.044406e+02 3.350320e+00 9.610935e+01
    endloop
  endfacet
  facet normal 1.089721e-02 -7.159927e-02 9.973739e-01
    outer loop
      vertex   -1.044406e+02 3.350320e+00 9.610935e+01
      vertex   -1.048049e+02 3.720237e+00 9.613989e+01
      vertex   -1.054515e+02 3.196472e+00 9.610935e+01
    endloop
  endfacet
  facet normal 3.199747e-02 -2.102369e-01 9.771267e-01
    outer loop
      vertex   -1.044406e+02 3.350320e+00 9.610935e+01
      vertex   -1.054515e+02 3.196472e+00 9.610935e+01
      vertex   -1.054011e+02 2.781268e+00 9.601837e+01
    endloop
  endfacet
  facet normal 1.924530e-02 -2.117853e-01 9.771267e-01
    outer loop
      vertex   -1.054011e+02 2.781268e+00 9.601837e+01
      vertex   -1.054515e+02 3.196472e+00 9.610935e+01
      vertex   -1.064445e+02 2.686448e+00 9.601837e+01
    endloop
  endfacet
  facet normal 9.134326e-03 -6.943305e-02 9.975448e-01
    outer loop
      vertex   -1.048049e+02 3.720237e+00 9.613989e+01
      vertex   -1.058767e+02 3.579234e+00 9.613989e+01
      vertex   -1.054515e+02 3.196472e+00 9.610935e+01
    endloop
  endfacet
  facet normal 6.567347e-03 -7.227049e-02 9.973634e-01
    outer loop
      vertex   -1.054515e+02 3.196472e+00 9.610935e+01
      vertex   -1.058767e+02 3.579234e+00 9.613989e+01
      vertex   -1.064698e+02 3.103938e+00 9.610935e+01
    endloop
  endfacet
  facet normal 1.924530e-02 -2.117853e-01 9.771267e-01
    outer loop
      vertex   -1.054515e+02 3.196472e+00 9.610935e+01
      vertex   -1.064698e+02 3.103938e+00 9.610935e+01
      vertex   -1.064445e+02 2.686448e+00 9.601837e+01
    endloop
  endfacet
  facet normal 6.422913e-03 -2.125609e-01 9.771267e-01
    outer loop
      vertex   -1.064445e+02 2.686448e+00 9.601837e+01
      vertex   -1.064698e+02 3.103938e+00 9.610935e+01
      vertex   -1.074918e+02 2.654802e+00 9.601837e+01
    endloop
  endfacet
  facet normal 4.561356e-03 -6.977966e-02 9.975520e-01
    outer loop
      vertex   -1.058767e+02 3.579234e+00 9.613989e+01
      vertex   -1.069555e+02 3.508719e+00 9.613989e+01
      vertex   -1.064698e+02 3.103938e+00 9.610935e+01
    endloop
  endfacet
  facet normal 2.193914e-03 -7.260574e-02 9.973583e-01
    outer loop
      vertex   -1.064698e+02 3.103938e+00 9.610935e+01
      vertex   -1.069555e+02 3.508719e+00 9.613989e+01
      vertex   -1.074918e+02 3.073055e+00 9.610935e+01
    endloop
  endfacet
  facet normal 6.422913e-03 -2.125609e-01 9.771267e-01
    outer loop
      vertex   -1.064698e+02 3.103938e+00 9.610935e+01
      vertex   -1.074918e+02 3.073055e+00 9.610935e+01
      vertex   -1.074918e+02 2.654802e+00 9.601837e+01
    endloop
  endfacet
  facet normal -6.422913e-03 -2.125609e-01 9.771267e-01
    outer loop
      vertex   -1.074918e+02 2.654802e+00 9.601837e+01
      vertex   -1.074918e+02 3.073055e+00 9.610935e+01
      vertex   -1.085391e+02 2.686448e+00 9.601837e+01
    endloop
  endfacet
  facet normal -1.778826e-05 -6.989675e-02 9.975542e-01
    outer loop
      vertex   -1.069555e+02 3.508719e+00 9.613989e+01
      vertex   -1.080365e+02 3.508994e+00 9.613989e+01
      vertex   -1.074918e+02 3.073055e+00 9.610935e+01
    endloop
  endfacet
  facet normal -2.193802e-03 -7.260204e-02 9.973586e-01
    outer loop
      vertex   -1.074918e+02 3.073055e+00 9.610935e+01
      vertex   -1.080365e+02 3.508994e+00 9.613989e+01
      vertex   -1.085138e+02 3.103938e+00 9.610935e+01
    endloop
  endfacet
  facet normal -6.422913e-03 -2.125609e-01 9.771267e-01
    outer loop
      vertex   -1.074918e+02 3.073055e+00 9.610935e+01
      vertex   -1.085138e+02 3.103938e+00 9.610935e+01
      vertex   -1.085391e+02 2.686448e+00 9.601837e+01
    endloop
  endfacet
  facet normal -1.924530e-02 -2.117853e-01 9.771267e-01
    outer loop
      vertex   -1.085391e+02 2.686448e+00 9.601837e+01
      vertex   -1.085138e+02 3.103938e+00 9.610935e+01
      vertex   -1.095825e+02 2.781268e+00 9.601837e+01
    endloop
  endfacet
  facet normal -4.597335e-03 -6.978435e-02 9.975515e-01
    outer loop
      vertex   -1.080365e+02 3.508994e+00 9.613989e+01
      vertex   -1.091152e+02 3.580058e+00 9.613989e+01
      vertex   -1.085138e+02 3.103938e+00 9.610935e+01
    endloop
  endfacet
  facet normal -6.566344e-03 -7.225946e-02 9.973643e-01
    outer loop
      vertex   -1.085138e+02 3.103938e+00 9.610935e+01
      vertex   -1.091152e+02 3.580058e+00 9.613989e+01
      vertex   -1.095321e+02 3.196472e+00 9.610935e+01
    endloop
  endfacet
  facet normal -1.924530e-02 -2.117853e-01 9.771267e-01
    outer loop
      vertex   -1.085138e+02 3.103938e+00 9.610935e+01
      vertex   -1.095321e+02 3.196472e+00 9.610935e+01
      vertex   -1.095825e+02 2.781268e+00 9.601837e+01
    endloop
  endfacet
  facet normal -3.199747e-02 -2.102369e-01 9.771267e-01
    outer loop
      vertex   -1.095825e+02 2.781268e+00 9.601837e+01
      vertex   -1.095321e+02 3.196472e+00 9.610935e+01
      vertex   -1.106184e+02 2.938918e+00 9.601837e+01
    endloop
  endfacet
  facet normal -9.171515e-03 -6.944239e-02 9.975438e-01
    outer loop
      vertex   -1.091152e+02 3.580058e+00 9.613989e+01
      vertex   -1.101870e+02 3.721607e+00 9.613989e+01
      vertex   -1.095321e+02 3.196472e+00 9.610935e+01
    endloop
  endfacet
  facet normal -1.089444e-02 -7.158109e-02 9.973753e-01
    outer loop
      vertex   -1.095321e+02 3.196472e+00 9.610935e+01
      vertex   -1.101870e+02 3.721607e+00 9.613989e+01
      vertex   -1.105430e+02 3.350320e+00 9.610935e+01
    endloop
  endfacet
  facet normal -3.199747e-02 -2.102369e-01 9.771267e-01
    outer loop
      vertex   -1.095321e+02 3.196472e+00 9.610935e+01
      vertex   -1.105430e+02 3.350320e+00 9.610935e+01
      vertex   -1.106184e+02 2.938918e+00 9.601837e+01
    endloop
  endfacet
  facet normal -4.463288e-02 -2.079214e-01 9.771267e-01
    outer loop
      vertex   -1.106184e+02 2.938918e+00 9.601837e+01
      vertex   -1.105430e+02 3.350320e+00 9.610935e+01
      vertex   -1.116428e+02 3.158822e+00 9.601837e+01
    endloop
  endfacet
  facet normal -1.373458e-02 -6.887067e-02 9.975310e-01
    outer loop
      vertex   -1.101870e+02 3.721607e+00 9.613989e+01
      vertex   -1.112471e+02 3.933032e+00 9.613989e+01
      vertex   -1.105430e+02 3.350320e+00 9.610935e+01
    endloop
  endfacet
  facet normal -1.514937e-02 -7.057303e-02 9.973916e-01
    outer loop
      vertex   -1.105430e+02 3.350320e+00 9.610935e+01
      vertex   -1.112471e+02 3.933032e+00 9.613989e+01
      vertex   -1.115427e+02 3.564922e+00 9.610935e+01
    endloop
  endfacet
  facet normal -4.463288e-02 -2.079214e-01 9.771267e-01
    outer loop
      vertex   -1.105430e+02 3.350320e+00 9.610935e+01
      vertex   -1.115427e+02 3.564922e+00 9.610935e+01
      vertex   -1.116428e+02 3.158822e+00 9.601837e+01
    endloop
  endfacet
  facet normal -5.710543e-02 -2.048472e-01 9.771267e-01
    outer loop
      vertex   -1.116428e+02 3.158822e+00 9.601837e+01
      vertex   -1.115427e+02 3.564922e+00 9.610935e+01
      vertex   -1.126521e+02 3.440178e+00 9.601837e+01
    endloop
  endfacet
  facet normal -1.828086e-02 -6.806889e-02 9.975131e-01
    outer loop
      vertex   -1.112471e+02 3.933032e+00 9.613989e+01
      vertex   -1.122912e+02 4.213426e+00 9.613989e+01
      vertex   -1.115427e+02 3.564922e+00 9.610935e+01
    endloop
  endfacet
  facet normal -1.930328e-02 -6.924426e-02 9.974130e-01
    outer loop
      vertex   -1.115427e+02 3.564922e+00 9.610935e+01
      vertex   -1.122912e+02 4.213426e+00 9.613989e+01
      vertex   -1.125276e+02 3.839493e+00 9.610935e+01
    endloop
  endfacet
  facet normal -5.710543e-02 -2.048472e-01 9.771267e-01
    outer loop
      vertex   -1.115427e+02 3.564922e+00 9.610935e+01
      vertex   -1.125276e+02 3.839493e+00 9.610935e+01
      vertex   -1.126521e+02 3.440178e+00 9.601837e+01
    endloop
  endfacet
  facet normal -6.936961e-02 -2.010255e-01 9.771267e-01
    outer loop
      vertex   -1.126521e+02 3.440178e+00 9.601837e+01
      vertex   -1.125276e+02 3.839493e+00 9.610935e+01
      vertex   -1.136425e+02 3.781958e+00 9.601837e+01
    endloop
  endfacet
  facet normal -2.280471e-02 -6.703660e-02 9.974899e-01
    outer loop
      vertex   -1.122912e+02 4.213426e+00 9.613989e+01
      vertex   -1.133146e+02 4.561585e+00 9.613989e+01
      vertex   -1.125276e+02 3.839493e+00 9.610935e+01
    endloop
  endfacet
  facet normal -2.332956e-02 -6.760649e-02 9.974393e-01
    outer loop
      vertex   -1.125276e+02 3.839493e+00 9.610935e+01
      vertex   -1.133146e+02 4.561585e+00 9.613989e+01
      vertex   -1.134942e+02 4.173032e+00 9.610935e+01
    endloop
  endfacet
  facet normal -6.936961e-02 -2.010255e-01 9.771267e-01
    outer loop
      vertex   -1.125276e+02 3.839493e+00 9.610935e+01
      vertex   -1.134942e+02 4.173032e+00 9.610935e+01
      vertex   -1.136425e+02 3.781958e+00 9.601837e+01
    endloop
  endfacet
  facet normal -8.138066e-02 -1.964703e-01 9.771267e-01
    outer loop
      vertex   -1.136425e+02 3.781958e+00 9.601837e+01
      vertex   -1.134942e+02 4.173032e+00 9.610935e+01
      vertex   -1.146105e+02 4.182917e+00 9.601837e+01
    endloop
  endfacet
  facet normal -2.725322e-02 -6.579509e-02 9.974609e-01
    outer loop
      vertex   -1.134942e+02 4.173032e+00 9.610935e+01
      vertex   -1.133146e+02 4.561585e+00 9.613989e+01
      vertex   -1.144388e+02 4.564322e+00 9.610935e+01
    endloop
  endfacet
  facet normal -2.725313e-02 -6.565870e-02 9.974699e-01
    outer loop
      vertex   -1.144388e+02 4.564322e+00 9.610935e+01
      vertex   -1.133146e+02 4.561585e+00 9.613989e+01
      vertex   -1.143131e+02 4.976015e+00 9.613989e+01
    endloop
  endfacet
  facet normal -3.135752e-02 -6.440212e-02 9.974312e-01
    outer loop
      vertex   -1.144388e+02 4.564322e+00 9.610935e+01
      vertex   -1.143131e+02 4.976015e+00 9.613989e+01
      vertex   -1.153581e+02 5.011935e+00 9.610935e+01
    endloop
  endfacet
  facet normal -3.132466e-02 -6.339018e-02 9.974971e-01
    outer loop
      vertex   -1.153581e+02 5.011935e+00 9.610935e+01
      vertex   -1.143131e+02 4.976015e+00 9.613989e+01
      vertex   -1.152823e+02 5.454937e+00 9.613989e+01
    endloop
  endfacet
  facet normal -3.535886e-02 -6.269281e-02 9.974063e-01
    outer loop
      vertex   -1.153581e+02 5.011935e+00 9.610935e+01
      vertex   -1.152823e+02 5.454937e+00 9.613989e+01
      vertex   -1.162488e+02 5.514238e+00 9.610935e+01
    endloop
  endfacet
  facet normal -3.525470e-02 -6.093725e-02 9.975188e-01
    outer loop
      vertex   -1.162488e+02 5.514238e+00 9.610935e+01
      vertex   -1.152823e+02 5.454937e+00 9.613989e+01
      vertex   -1.162180e+02 5.996295e+00 9.613989e+01
    endloop
  endfacet
  facet normal -3.922943e-02 -6.067518e-02 9.973864e-01
    outer loop
      vertex   -1.162488e+02 5.514238e+00 9.610935e+01
      vertex   -1.162180e+02 5.996295e+00 9.613989e+01
      vertex   -1.171074e+02 6.069398e+00 9.610935e+01
    endloop
  endfacet
  facet normal -3.903966e-02 -5.830417e-02 9.975352e-01
    outer loop
      vertex   -1.171074e+02 6.069398e+00 9.610935e+01
      vertex   -1.162180e+02 5.996295e+00 9.613989e+01
      vertex   -1.171163e+02 6.597765e+00 9.613989e+01
    endloop
  endfacet
  facet normal -4.294218e-02 -5.836010e-02 9.973716e-01
    outer loop
      vertex   -1.171074e+02 6.069398e+00 9.610935e+01
      vertex   -1.171163e+02 6.597765e+00 9.613989e+01
      vertex   -1.179310e+02 6.675389e+00 9.610935e+01
    endloop
  endfacet
  facet normal -4.267577e-02 -5.549515e-02 9.975465e-01
    outer loop
      vertex   -1.179310e+02 6.675389e+00 9.610935e+01
      vertex   -1.171163e+02 6.597765e+00 9.613989e+01
      vertex   -1.179732e+02 7.256766e+00 9.613989e+01
    endloop
  endfacet
  facet normal -4.647121e-02 -5.576126e-02 9.973621e-01
    outer loop
      vertex   -1.179310e+02 6.675389e+00 9.610935e+01
      vertex   -1.179732e+02 7.256766e+00 9.613989e+01
      vertex   -1.187164e+02 7.330000e+00 9.610935e+01
    endloop
  endfacet
  facet normal -4.615911e-02 -5.251435e-02 9.975528e-01
    outer loop
      vertex   -1.187164e+02 7.330000e+00 9.610935e+01
      vertex   -1.179732e+02 7.256766e+00 9.613989e+01
      vertex   -1.187852e+02 7.970468e+00 9.613989e+01
    endloop
  endfacet
  facet normal -4.979209e-02 -5.289496e-02 9.973579e-01
    outer loop
      vertex   -1.187164e+02 7.330000e+00 9.610935e+01
      vertex   -1.187852e+02 7.970468e+00 9.613989e+01
      vertex   -1.194610e+02 8.030843e+00 9.610935e+01
    endloop
  endfacet
  facet normal -4.948566e-02 -4.936588e-02 9.975541e-01
    outer loop
      vertex   -1.194610e+02 8.030843e+00 9.610935e+01
      vertex   -1.187852e+02 7.970468e+00 9.613989e+01
      vertex   -1.195487e+02 8.735808e+00 9.613989e+01
    endloop
  endfacet
  facet normal -5.288213e-02 -4.978001e-02 9.973592e-01
    outer loop
      vertex   -1.194610e+02 8.030843e+00 9.610935e+01
      vertex   -1.195487e+02 8.735808e+00 9.613989e+01
      vertex   -1.201618e+02 8.775360e+00 9.610935e+01
    endloop
  endfacet
  facet normal -5.265129e-02 -4.605378e-02 9.975504e-01
    outer loop
      vertex   -1.201618e+02 8.775360e+00 9.610935e+01
      vertex   -1.195487e+02 8.735808e+00 9.613989e+01
      vertex   -1.202604e+02 9.549501e+00 9.613989e+01
    endloop
  endfacet
  facet normal -5.572073e-02 -4.643744e-02 9.973659e-01
    outer loop
      vertex   -1.201618e+02 8.775360e+00 9.610935e+01
      vertex   -1.202604e+02 9.549501e+00 9.613989e+01
      vertex   -1.208164e+02 9.560834e+00 9.610935e+01
    endloop
  endfacet
  facet normal -5.565181e-02 -4.258202e-02 9.975418e-01
    outer loop
      vertex   -1.208164e+02 9.560834e+00 9.610935e+01
      vertex   -1.202604e+02 9.549501e+00 9.613989e+01
      vertex   -1.209173e+02 1.040805e+01 9.613989e+01
    endloop
  endfacet
  facet normal -5.828958e-02 -4.289028e-02 9.973779e-01
    outer loop
      vertex   -1.208164e+02 9.560834e+00 9.610935e+01
      vertex   -1.209173e+02 1.040805e+01 9.613989e+01
      vertex   -1.214224e+02 1.038440e+01 9.610935e+01
    endloop
  endfacet
  facet normal -5.834899e-02 -4.168321e-02 9.974256e-01
    outer loop
      vertex   -1.214224e+02 1.038440e+01 9.610935e+01
      vertex   -1.209173e+02 1.040805e+01 9.613989e+01
      vertex   -1.209183e+02 1.040945e+01 9.613989e+01
    endloop
  endfacet
  facet normal -5.834945e-02 -4.167436e-02 9.974260e-01
    outer loop
      vertex   -1.214224e+02 1.038440e+01 9.610935e+01
      vertex   -1.209183e+02 1.040945e+01 9.613989e+01
      vertex   -1.209193e+02 1.041085e+01 9.613989e+01
    endloop
  endfacet
  facet normal -5.849843e-02 -3.895771e-02 9.975271e-01
    outer loop
      vertex   -1.209193e+02 1.041085e+01 9.613989e+01
      vertex   -1.215163e+02 1.130719e+01 9.613989e+01
      vertex   -1.214224e+02 1.038440e+01 9.610935e+01
    endloop
  endfacet
  facet normal -6.057474e-02 -3.916449e-02 9.973950e-01
    outer loop
      vertex   -1.214224e+02 1.038440e+01 9.610935e+01
      vertex   -1.215163e+02 1.130719e+01 9.613989e+01
      vertex   -1.219776e+02 1.124305e+01 9.610935e+01
    endloop
  endfacet
  facet normal -1.785828e-01 -1.154624e-01 9.771267e-01
    outer loop
      vertex   -1.214224e+02 1.038440e+01 9.610935e+01
      vertex   -1.219776e+02 1.124305e+01 9.610935e+01
      vertex   -1.223355e+02 1.102667e+01 9.601837e+01
    endloop
  endfacet
  facet normal -1.852285e-01 -1.044692e-01 9.771267e-01
    outer loop
      vertex   -1.223355e+02 1.102667e+01 9.601837e+01
      vertex   -1.219776e+02 1.124305e+01 9.610935e+01
      vertex   -1.228502e+02 1.193928e+01 9.601837e+01
    endloop
  endfacet
  facet normal -6.113554e-02 -3.518553e-02 9.975091e-01
    outer loop
      vertex   -1.215163e+02 1.130719e+01 9.613989e+01
      vertex   -1.220534e+02 1.224057e+01 9.613989e+01
      vertex   -1.219776e+02 1.124305e+01 9.610935e+01
    endloop
  endfacet
  facet normal -6.257451e-02 -3.529214e-02 9.974161e-01
    outer loop
      vertex   -1.219776e+02 1.124305e+01 9.610935e+01
      vertex   -1.220534e+02 1.224057e+01 9.613989e+01
      vertex   -1.224799e+02 1.213366e+01 9.610935e+01
    endloop
  endfacet
  facet normal -1.852285e-01 -1.044692e-01 9.771267e-01
    outer loop
      vertex   -1.219776e+02 1.124305e+01 9.610935e+01
      vertex   -1.224799e+02 1.213366e+01 9.610935e+01
      vertex   -1.228502e+02 1.193928e+01 9.601837e+01
    endloop
  endfacet
  facet normal -1.911982e-01 -9.309477e-02 9.771267e-01
    outer loop
      vertex   -1.228502e+02 1.193928e+01 9.601837e+01
      vertex   -1.224799e+02 1.213366e+01 9.610935e+01
      vertex   -1.233089e+02 1.288131e+01 9.601837e+01
    endloop
  endfacet
  facet normal -6.358930e-02 -3.126449e-02 9.974863e-01
    outer loop
      vertex   -1.220534e+02 1.224057e+01 9.613989e+01
      vertex   -1.225286e+02 1.320699e+01 9.613989e+01
      vertex   -1.224799e+02 1.213366e+01 9.610935e+01
    endloop
  endfacet
  facet normal -6.427211e-02 -3.129421e-02 9.974416e-01
    outer loop
      vertex   -1.224799e+02 1.213366e+01 9.610935e+01
      vertex   -1.225286e+02 1.320699e+01 9.613989e+01
      vertex   -1.229275e+02 1.305297e+01 9.610935e+01
    endloop
  endfacet
  facet normal -1.911982e-01 -9.309477e-02 9.771267e-01
    outer loop
      vertex   -1.224799e+02 1.213366e+01 9.610935e+01
      vertex   -1.229275e+02 1.305297e+01 9.610935e+01
      vertex   -1.233089e+02 1.288131e+01 9.601837e+01
    endloop
  endfacet
  facet normal -1.964703e-01 -8.138066e-02 9.771267e-01
    outer loop
      vertex   -1.233089e+02 1.288131e+01 9.601837e+01
      vertex   -1.229275e+02 1.305297e+01 9.610935e+01
      vertex   -1.237098e+02 1.384931e+01 9.601837e+01
    endloop
  endfacet
  facet normal -6.582845e-02 -2.726704e-02 9.974583e-01
    outer loop
      vertex   -1.229275e+02 1.305297e+01 9.610935e+01
      vertex   -1.225286e+02 1.320699e+01 9.613989e+01
      vertex   -1.233188e+02 1.399762e+01 9.610935e+01
    endloop
  endfacet
  facet normal -6.569480e-02 -2.713298e-02 9.974708e-01
    outer loop
      vertex   -1.233188e+02 1.399762e+01 9.610935e+01
      vertex   -1.225286e+02 1.320699e+01 9.613989e+01
      vertex   -1.229397e+02 1.420236e+01 9.613989e+01
    endloop
  endfacet
  facet normal -6.772384e-02 -2.337005e-02 9.974304e-01
    outer loop
      vertex   -1.233188e+02 1.399762e+01 9.610935e+01
      vertex   -1.229397e+02 1.420236e+01 9.613989e+01
      vertex   -1.236523e+02 1.496418e+01 9.610935e+01
    endloop
  endfacet
  facet normal -6.698232e-02 -2.267378e-02 9.974965e-01
    outer loop
      vertex   -1.236523e+02 1.496418e+01 9.610935e+01
      vertex   -1.229397e+02 1.420236e+01 9.613989e+01
      vertex   -1.232850e+02 1.522242e+01 9.613989e+01
    endloop
  endfacet
  facet normal -6.932798e-02 -1.932662e-02 9.974067e-01
    outer loop
      vertex   -1.236523e+02 1.496418e+01 9.610935e+01
      vertex   -1.232850e+02 1.522242e+01 9.613989e+01
      vertex   -1.239269e+02 1.594912e+01 9.610935e+01
    endloop
  endfacet
  facet normal -6.803551e-02 -1.818034e-02 9.975172e-01
    outer loop
      vertex   -1.239269e+02 1.594912e+01 9.610935e+01
      vertex   -1.232850e+02 1.522242e+01 9.613989e+01
      vertex   -1.235630e+02 1.626283e+01 9.613989e+01
    endloop
  endfacet
  facet normal -7.062766e-02 -1.516109e-02 9.973875e-01
    outer loop
      vertex   -1.239269e+02 1.594912e+01 9.610935e+01
      vertex   -1.235630e+02 1.626283e+01 9.613989e+01
      vertex   -1.241415e+02 1.694883e+01 9.610935e+01
    endloop
  endfacet
  facet normal -6.885454e-02 -1.365941e-02 9.975332e-01
    outer loop
      vertex   -1.241415e+02 1.694883e+01 9.610935e+01
      vertex   -1.235630e+02 1.626283e+01 9.613989e+01
      vertex   -1.237726e+02 1.731916e+01 9.613989e+01
    endloop
  endfacet
  facet normal -7.161208e-02 -1.089916e-02 9.973730e-01
    outer loop
      vertex   -1.241415e+02 1.694883e+01 9.610935e+01
      vertex   -1.237726e+02 1.731916e+01 9.613989e+01
      vertex   -1.242953e+02 1.795968e+01 9.610935e+01
    endloop
  endfacet
  facet normal -6.943950e-02 -9.117798e-03 9.975445e-01
    outer loop
      vertex   -1.242953e+02 1.795968e+01 9.610935e+01
      vertex   -1.237726e+02 1.731916e+01 9.613989e+01
      vertex   -1.239128e+02 1.838692e+01 9.613989e+01
    endloop
  endfacet
  facet normal -7.227301e-02 -6.567576e-03 9.973633e-01
    outer loop
      vertex   -1.242953e+02 1.795968e+01 9.610935e+01
      vertex   -1.239128e+02 1.838692e+01 9.613989e+01
      vertex   -1.243879e+02 1.897798e+01 9.610935e+01
    endloop
  endfacet
  facet normal -6.979046e-02 -4.562359e-03 9.975512e-01
    outer loop
      vertex   -1.243879e+02 1.897798e+01 9.610935e+01
      vertex   -1.239128e+02 1.838692e+01 9.613989e+01
      vertex   -1.239830e+02 1.946154e+01 9.613989e+01
    endloop
  endfacet
  facet normal -7.260487e-02 -2.193888e-03 9.973584e-01
    outer loop
      vertex   -1.243879e+02 1.897798e+01 9.610935e+01
      vertex   -1.239830e+02 1.946154e+01 9.613989e+01
      vertex   -1.244187e+02 2.000000e+01 9.610935e+01
    endloop
  endfacet
  facet normal -6.990744e-02 0.000000e+00 9.975535e-01
    outer loop
      vertex   -1.244187e+02 2.000000e+01 9.610935e+01
      vertex   -1.239830e+02 1.946154e+01 9.613989e+01
      vertex   -1.239830e+02 2.053846e+01 9.613989e+01
    endloop
  endfacet
  facet normal -7.260487e-02 2.193888e-03 9.973584e-01
    outer loop
      vertex   -1.244187e+02 2.000000e+01 9.610935e+01
      vertex   -1.239830e+02 2.053846e+01 9.613989e+01
      vertex   -1.243879e+02 2.102202e+01 9.610935e+01
    endloop
  endfacet
  facet normal -6.979046e-02 4.562359e-03 9.975512e-01
    outer loop
      vertex   -1.243879e+02 2.102202e+01 9.610935e+01
      vertex   -1.239830e+02 2.053846e+01 9.613989e+01
      vertex   -1.239128e+02 2.161308e+01 9.613989e+01
    endloop
  endfacet
  facet normal -7.227301e-02 6.567576e-03 9.973633e-01
    outer loop
      vertex   -1.243879e+02 2.102202e+01 9.610935e+01
      vertex   -1.239128e+02 2.161308e+01 9.613989e+01
      vertex   -1.242953e+02 2.204032e+01 9.610935e+01
    endloop
  endfacet
  facet normal -6.943950e-02 9.117798e-03 9.975445e-01
    outer loop
      vertex   -1.242953e+02 2.204032e+01 9.610935e+01
      vertex   -1.239128e+02 2.161308e+01 9.613989e+01
      vertex   -1.237726e+02 2.268084e+01 9.613989e+01
    endloop
  endfacet
  facet normal -7.161208e-02 1.089916e-02 9.973730e-01
    outer loop
      vertex   -1.242953e+02 2.204032e+01 9.610935e+01
      vertex   -1.237726e+02 2.268084e+01 9.613989e+01
      vertex   -1.241415e+02 2.305117e+01 9.610935e+01
    endloop
  endfacet
  facet normal -6.885454e-02 1.365941e-02 9.975332e-01
    outer loop
      vertex   -1.241415e+02 2.305117e+01 9.610935e+01
      vertex   -1.237726e+02 2.268084e+01 9.613989e+01
      vertex   -1.235630e+02 2.373717e+01 9.613989e+01
    endloop
  endfacet
  facet normal -7.062766e-02 1.516109e-02 9.973875e-01
    outer loop
      vertex   -1.241415e+02 2.305117e+01 9.610935e+01
      vertex   -1.235630e+02 2.373717e+01 9.613989e+01
      vertex   -1.239269e+02 2.405088e+01 9.610935e+01
    endloop
  endfacet
  facet normal -6.803551e-02 1.818034e-02 9.975172e-01
    outer loop
      vertex   -1.239269e+02 2.405088e+01 9.610935e+01
      vertex   -1.235630e+02 2.373717e+01 9.613989e+01
      vertex   -1.232850e+02 2.477758e+01 9.613989e+01
    endloop
  endfacet
  facet normal -6.932798e-02 1.932662e-02 9.974067e-01
    outer loop
      vertex   -1.239269e+02 2.405088e+01 9.610935e+01
      vertex   -1.232850e+02 2.477758e+01 9.613989e+01
      vertex   -1.236523e+02 2.503582e+01 9.610935e+01
    endloop
  endfacet
  facet normal -6.698232e-02 2.267378e-02 9.974965e-01
    outer loop
      vertex   -1.236523e+02 2.503582e+01 9.610935e+01
      vertex   -1.232850e+02 2.477758e+01 9.613989e+01
      vertex   -1.229397e+02 2.579764e+01 9.613989e+01
    endloop
  endfacet
  facet normal -6.772384e-02 2.337005e-02 9.974304e-01
    outer loop
      vertex   -1.236523e+02 2.503582e+01 9.610935e+01
      vertex   -1.229397e+02 2.579764e+01 9.613989e+01
      vertex   -1.233188e+02 2.600238e+01 9.610935e+01
    endloop
  endfacet
  facet normal -6.569480e-02 2.713298e-02 9.974708e-01
    outer loop
      vertex   -1.233188e+02 2.600238e+01 9.610935e+01
      vertex   -1.229397e+02 2.579764e+01 9.613989e+01
      vertex   -1.225286e+02 2.679301e+01 9.613989e+01
    endloop
  endfacet
  facet normal -9.767212e-01 2.951340e-02 2.124727e-01
    outer loop
      vertex   -1.269613e+02 2.000000e+01 9.356683e+01
      vertex   -1.268703e+02 2.000000e+01 9.398508e+01
      vertex   -1.269257e+02 2.117554e+01 9.356683e+01
    endloop
  endfacet
  facet normal -9.767212e-01 2.951340e-02 2.124727e-01
    outer loop
      vertex   -1.269257e+02 2.117554e+01 9.356683e+01
      vertex   -1.268703e+02 2.000000e+01 9.398508e+01
      vertex   -1.268349e+02 2.117004e+01 9.398508e+01
    endloop
  endfacet
  facet normal -9.731573e-01 8.843252e-02 2.124727e-01
    outer loop
      vertex   -1.269257e+02 2.117554e+01 9.356683e+01
      vertex   -1.268349e+02 2.117004e+01 9.398508e+01
      vertex   -1.268193e+02 2.234678e+01 9.356683e+01
    endloop
  endfacet
  facet normal -9.731573e-01 8.843252e-02 2.124727e-01
    outer loop
      vertex   -1.268193e+02 2.234678e+01 9.356683e+01
      vertex   -1.268349e+02 2.117004e+01 9.398508e+01
      vertex   -1.267290e+02 2.233582e+01 9.398508e+01
    endloop
  endfacet
  facet normal -9.660424e-01 1.470289e-01 2.124727e-01
    outer loop
      vertex   -1.268193e+02 2.234678e+01 9.356683e+01
      vertex   -1.267290e+02 2.233582e+01 9.398508e+01
      vertex   -1.266424e+02 2.350947e+01 9.356683e+01
    endloop
  endfacet
  facet normal -9.660424e-01 1.470289e-01 2.124727e-01
    outer loop
      vertex   -1.266424e+02 2.350947e+01 9.356683e+01
      vertex   -1.267290e+02 2.233582e+01 9.398508e+01
      vertex   -1.265529e+02 2.349307e+01 9.398508e+01
    endloop
  endfacet
  facet normal -9.554025e-01 2.050889e-01 2.124727e-01
    outer loop
      vertex   -1.266424e+02 2.350947e+01 9.356683e+01
      vertex   -1.265529e+02 2.349307e+01 9.398508e+01
      vertex   -1.263955e+02 2.465935e+01 9.356683e+01
    endloop
  endfacet
  facet normal -9.554025e-01 2.050889e-01 2.124727e-01
    outer loop
      vertex   -1.263955e+02 2.465935e+01 9.356683e+01
      vertex   -1.265529e+02 2.349307e+01 9.398508e+01
      vertex   -1.263072e+02 2.463757e+01 9.398508e+01
    endloop
  endfacet
  facet normal -9.412764e-01 2.624005e-01 2.124727e-01
    outer loop
      vertex   -1.263955e+02 2.465935e+01 9.356683e+01
      vertex   -1.263072e+02 2.463757e+01 9.398508e+01
      vertex   -1.260797e+02 2.579223e+01 9.356683e+01
    endloop
  endfacet
  facet normal -9.412764e-01 2.624005e-01 2.124727e-01
    outer loop
      vertex   -1.260797e+02 2.579223e+01 9.356683e+01
      vertex   -1.263072e+02 2.463757e+01 9.398508e+01
      vertex   -1.259928e+02 2.576516e+01 9.398508e+01
    endloop
  endfacet
  facet normal -9.237158e-01 3.187546e-01 2.124727e-01
    outer loop
      vertex   -1.260797e+02 2.579223e+01 9.356683e+01
      vertex   -1.259928e+02 2.576516e+01 9.398508e+01
      vertex   -1.256961e+02 2.690397e+01 9.356683e+01
    endloop
  endfacet
  facet normal -9.237158e-01 3.187546e-01 2.124727e-01
    outer loop
      vertex   -1.256961e+02 2.690397e+01 9.356683e+01
      vertex   -1.259928e+02 2.576516e+01 9.398508e+01
      vertex   -1.256110e+02 2.687170e+01 9.398508e+01
    endloop
  endfacet
  facet normal -9.027846e-01 3.739456e-01 2.124727e-01
    outer loop
      vertex   -1.256961e+02 2.690397e+01 9.356683e+01
      vertex   -1.256110e+02 2.687170e+01 9.398508e+01
      vertex   -1.252460e+02 2.799052e+01 9.356683e+01
    endloop
  endfacet
  facet normal -9.027846e-01 3.739456e-01 2.124727e-01
    outer loop
      vertex   -1.252460e+02 2.799052e+01 9.356683e+01
      vertex   -1.256110e+02 2.687170e+01 9.398508e+01
      vertex   -1.251630e+02 2.795318e+01 9.398508e+01
    endloop
  endfacet
  facet normal -8.785592e-01 4.277722e-01 2.124727e-01
    outer loop
      vertex   -1.252460e+02 2.799052e+01 9.356683e+01
      vertex   -1.251630e+02 2.795318e+01 9.398508e+01
      vertex   -1.247312e+02 2.904791e+01 9.356683e+01
    endloop
  endfacet
  facet normal -8.785592e-01 4.277722e-01 2.124727e-01
    outer loop
      vertex   -1.247312e+02 2.904791e+01 9.356683e+01
      vertex   -1.251630e+02 2.795318e+01 9.398508e+01
      vertex   -1.246506e+02 2.900563e+01 9.398508e+01
    endloop
  endfacet
  facet normal -8.511281e-01 4.800378e-01 2.124727e-01
    outer loop
      vertex   -1.247312e+02 2.904791e+01 9.356683e+01
      vertex   -1.246506e+02 2.900563e+01 9.398508e+01
      vertex   -1.241534e+02 3.007229e+01 9.356683e+01
    endloop
  endfacet
  facet normal -8.511281e-01 4.800378e-01 2.124727e-01
    outer loop
      vertex   -1.241534e+02 3.007229e+01 9.356683e+01
      vertex   -1.246506e+02 2.900563e+01 9.398508e+01
      vertex   -1.240755e+02 3.002522e+01 9.398508e+01
    endloop
  endfacet
  facet normal -8.205913e-01 5.305518e-01 2.124727e-01
    outer loop
      vertex   -1.241534e+02 3.007229e+01 9.356683e+01
      vertex   -1.240755e+02 3.002522e+01 9.398508e+01
      vertex   -1.235149e+02 3.105992e+01 9.356683e+01
    endloop
  endfacet
  facet normal -8.205913e-01 5.305518e-01 2.124727e-01
    outer loop
      vertex   -1.235149e+02 3.105992e+01 9.356683e+01
      vertex   -1.240755e+02 3.002522e+01 9.398508e+01
      vertex   -1.234400e+02 3.100823e+01 9.398508e+01
    endloop
  endfacet
  facet normal -7.870603e-01 5.791299e-01 2.124727e-01
    outer loop
      vertex   -1.235149e+02 3.105992e+01 9.356683e+01
      vertex   -1.234400e+02 3.100823e+01 9.398508e+01
      vertex   -1.228178e+02 3.200719e+01 9.356683e+01
    endloop
  endfacet
  facet normal -7.870603e-01 5.791299e-01 2.124727e-01
    outer loop
      vertex   -1.228178e+02 3.200719e+01 9.356683e+01
      vertex   -1.234400e+02 3.100823e+01 9.398508e+01
      vertex   -1.227462e+02 3.195107e+01 9.398508e+01
    endloop
  endfacet
  facet normal -7.506573e-01 6.255949e-01 2.124727e-01
    outer loop
      vertex   -1.228178e+02 3.200719e+01 9.356683e+01
      vertex   -1.227462e+02 3.195107e+01 9.398508e+01
      vertex   -1.220649e+02 3.291064e+01 9.356683e+01
    endloop
  endfacet
  facet normal -7.506573e-01 6.255949e-01 2.124727e-01
    outer loop
      vertex   -1.220649e+02 3.291064e+01 9.356683e+01
      vertex   -1.227462e+02 3.195107e+01 9.398508e+01
      vertex   -1.219968e+02 3.285031e+01 9.398508e+01
    endloop
  endfacet
  facet normal -7.115153e-01 6.697771e-01 2.124727e-01
    outer loop
      vertex   -1.220649e+02 3.291064e+01 9.356683e+01
      vertex   -1.219968e+02 3.285031e+01 9.398508e+01
      vertex   -1.212588e+02 3.376699e+01 9.356683e+01
    endloop
  endfacet
  facet normal -7.115153e-01 6.697771e-01 2.124727e-01
    outer loop
      vertex   -1.212588e+02 3.376699e+01 9.356683e+01
      vertex   -1.219968e+02 3.285031e+01 9.398508e+01
      vertex   -1.211945e+02 3.370265e+01 9.398508e+01
    endloop
  endfacet
  facet normal -6.697771e-01 7.115153e-01 2.124727e-01
    outer loop
      vertex   -1.212588e+02 3.376699e+01 9.356683e+01
      vertex   -1.211945e+02 3.370265e+01 9.398508e+01
      vertex   -1.204024e+02 3.457310e+01 9.356683e+01
    endloop
  endfacet
  facet normal -6.697771e-01 7.115153e-01 2.124727e-01
    outer loop
      vertex   -1.204024e+02 3.457310e+01 9.356683e+01
      vertex   -1.211945e+02 3.370265e+01 9.398508e+01
      vertex   -1.203421e+02 3.450500e+01 9.398508e+01
    endloop
  endfacet
  facet normal -6.255949e-01 7.506573e-01 2.124727e-01
    outer loop
      vertex   -1.204024e+02 3.457310e+01 9.356683e+01
      vertex   -1.203421e+02 3.450500e+01 9.398508e+01
      vertex   -1.194990e+02 3.532604e+01 9.356683e+01
    endloop
  endfacet
  facet normal -6.255949e-01 7.506573e-01 2.124727e-01
    outer loop
      vertex   -1.194990e+02 3.532604e+01 9.356683e+01
      vertex   -1.203421e+02 3.450500e+01 9.398508e+01
      vertex   -1.194429e+02 3.525442e+01 9.398508e+01
    endloop
  endfacet
  facet normal -5.791299e-01 7.870603e-01 2.124727e-01
    outer loop
      vertex   -1.194990e+02 3.532604e+01 9.356683e+01
      vertex   -1.194429e+02 3.525442e+01 9.398508e+01
      vertex   -1.185517e+02 3.602306e+01 9.356683e+01
    endloop
  endfacet
  facet normal -5.791299e-01 7.870603e-01 2.124727e-01
    outer loop
      vertex   -1.185517e+02 3.602306e+01 9.356683e+01
      vertex   -1.194429e+02 3.525442e+01 9.398508e+01
      vertex   -1.185000e+02 3.594818e+01 9.398508e+01
    endloop
  endfacet
  facet normal -5.305518e-01 8.205913e-01 2.124727e-01
    outer loop
      vertex   -1.185517e+02 3.602306e+01 9.356683e+01
      vertex   -1.185000e+02 3.594818e+01 9.398508e+01
      vertex   -1.175641e+02 3.666160e+01 9.356683e+01
    endloop
  endfacet
  facet normal -5.305518e-01 8.205913e-01 2.124727e-01
    outer loop
      vertex   -1.175641e+02 3.666160e+01 9.356683e+01
      vertex   -1.185000e+02 3.594818e+01 9.398508e+01
      vertex   -1.175170e+02 3.658374e+01 9.398508e+01
    endloop
  endfacet
  facet normal -4.800378e-01 8.511281e-01 2.124727e-01
    outer loop
      vertex   -1.175641e+02 3.666160e+01 9.356683e+01
      vertex   -1.175170e+02 3.658374e+01 9.398508e+01
      vertex   -1.165397e+02 3.723935e+01 9.356683e+01
    endloop
  endfacet
  facet normal -4.800378e-01 8.511281e-01 2.124727e-01
    outer loop
      vertex   -1.165397e+02 3.723935e+01 9.356683e+01
      vertex   -1.175170e+02 3.658374e+01 9.398508e+01
      vertex   -1.164974e+02 3.715879e+01 9.398508e+01
    endloop
  endfacet
  facet normal -4.277722e-01 8.785592e-01 2.124727e-01
    outer loop
      vertex   -1.165397e+02 3.723935e+01 9.356683e+01
      vertex   -1.164974e+02 3.715879e+01 9.398508e+01
      vertex   -1.154823e+02 3.775420e+01 9.356683e+01
    endloop
  endfacet
  facet normal -4.277722e-01 8.785592e-01 2.124727e-01
    outer loop
      vertex   -1.154823e+02 3.775420e+01 9.356683e+01
      vertex   -1.164974e+02 3.715879e+01 9.398508e+01
      vertex   -1.154450e+02 3.767123e+01 9.398508e+01
    endloop
  endfacet
  facet normal -3.739456e-01 9.027846e-01 2.124727e-01
    outer loop
      vertex   -1.154823e+02 3.775420e+01 9.356683e+01
      vertex   -1.154450e+02 3.767123e+01 9.398508e+01
      vertex   -1.143958e+02 3.820427e+01 9.356683e+01
    endloop
  endfacet
  facet normal -3.739456e-01 9.027846e-01 2.124727e-01
    outer loop
      vertex   -1.143958e+02 3.820427e+01 9.356683e+01
      vertex   -1.154450e+02 3.767123e+01 9.398508e+01
      vertex   -1.143635e+02 3.811919e+01 9.398508e+01
    endloop
  endfacet
  facet normal -3.187546e-01 9.237158e-01 2.124727e-01
    outer loop
      vertex   -1.143958e+02 3.820427e+01 9.356683e+01
      vertex   -1.143635e+02 3.811919e+01 9.398508e+01
      vertex   -1.132840e+02 3.858790e+01 9.356683e+01
    endloop
  endfacet
  facet normal -3.187546e-01 9.237158e-01 2.124727e-01
    outer loop
      vertex   -1.132840e+02 3.858790e+01 9.356683e+01
      vertex   -1.143635e+02 3.811919e+01 9.398508e+01
      vertex   -1.132570e+02 3.850104e+01 9.398508e+01
    endloop
  endfacet
  facet normal -2.624005e-01 9.412764e-01 2.124727e-01
    outer loop
      vertex   -1.132840e+02 3.858790e+01 9.356683e+01
      vertex   -1.132570e+02 3.850104e+01 9.398508e+01
      vertex   -1.121512e+02 3.890372e+01 9.356683e+01
    endloop
  endfacet
  facet normal -2.624005e-01 9.412764e-01 2.124727e-01
    outer loop
      vertex   -1.121512e+02 3.890372e+01 9.356683e+01
      vertex   -1.132570e+02 3.850104e+01 9.398508e+01
      vertex   -1.121294e+02 3.881538e+01 9.398508e+01
    endloop
  endfacet
  facet normal -2.050889e-01 9.554025e-01 2.124727e-01
    outer loop
      vertex   -1.121512e+02 3.890372e+01 9.356683e+01
      vertex   -1.121294e+02 3.881538e+01 9.398508e+01
      vertex   -1.110013e+02 3.915055e+01 9.356683e+01
    endloop
  endfacet
  facet normal -2.050889e-01 9.554025e-01 2.124727e-01
    outer loop
      vertex   -1.110013e+02 3.915055e+01 9.356683e+01
      vertex   -1.121294e+02 3.881538e+01 9.398508e+01
      vertex   -1.109849e+02 3.906106e+01 9.398508e+01
    endloop
  endfacet
  facet normal -1.470289e-01 9.660424e-01 2.124727e-01
    outer loop
      vertex   -1.110013e+02 3.915055e+01 9.356683e+01
      vertex   -1.109849e+02 3.906106e+01 9.398508e+01
      vertex   -1.098386e+02 3.932751e+01 9.356683e+01
    endloop
  endfacet
  facet normal -1.470289e-01 9.660424e-01 2.124727e-01
    outer loop
      vertex   -1.098386e+02 3.932751e+01 9.356683e+01
      vertex   -1.109849e+02 3.906106e+01 9.398508e+01
      vertex   -1.098276e+02 3.923719e+01 9.398508e+01
    endloop
  endfacet
  facet normal -8.843252e-02 9.731573e-01 2.124727e-01
    outer loop
      vertex   -1.098386e+02 3.932751e+01 9.356683e+01
      vertex   -1.098276e+02 3.923719e+01 9.398508e+01
      vertex   -1.086673e+02 3.943394e+01 9.356683e+01
    endloop
  endfacet
  facet normal -8.843252e-02 9.731573e-01 2.124727e-01
    outer loop
      vertex   -1.086673e+02 3.943394e+01 9.356683e+01
      vertex   -1.098276e+02 3.923719e+01 9.398508e+01
      vertex   -1.086618e+02 3.934312e+01 9.398508e+01
    endloop
  endfacet
  facet normal -2.951340e-02 9.767212e-01 2.124727e-01
    outer loop
      vertex   -1.086673e+02 3.943394e+01 9.356683e+01
      vertex   -1.086618e+02 3.934312e+01 9.398508e+01
      vertex   -1.074918e+02 3.946946e+01 9.356683e+01
    endloop
  endfacet
  facet normal -2.951340e-02 9.767212e-01 2.124727e-01
    outer loop
      vertex   -1.074918e+02 3.946946e+01 9.356683e+01
      vertex   -1.086618e+02 3.934312e+01 9.398508e+01
      vertex   -1.074918e+02 3.937848e+01 9.398508e+01
    endloop
  endfacet
  facet normal 2.951340e-02 9.767212e-01 2.124727e-01
    outer loop
      vertex   -1.074918e+02 3.946946e+01 9.356683e+01
      vertex   -1.074918e+02 3.937848e+01 9.398508e+01
      vertex   -1.063163e+02 3.943394e+01 9.356683e+01
    endloop
  endfacet
  facet normal 2.951340e-02 9.767212e-01 2.124727e-01
    outer loop
      vertex   -1.063163e+02 3.943394e+01 9.356683e+01
      vertex   -1.074918e+02 3.937848e+01 9.398508e+01
      vertex   -1.063218e+02 3.934312e+01 9.398508e+01
    endloop
  endfacet
  facet normal 8.843252e-02 9.731573e-01 2.124727e-01
    outer loop
      vertex   -1.063163e+02 3.943394e+01 9.356683e+01
      vertex   -1.063218e+02 3.934312e+01 9.398508e+01
      vertex   -1.051450e+02 3.932751e+01 9.356683e+01
    endloop
  endfacet
  facet normal 8.843252e-02 9.731573e-01 2.124727e-01
    outer loop
      vertex   -1.051450e+02 3.932751e+01 9.356683e+01
      vertex   -1.063218e+02 3.934312e+01 9.398508e+01
      vertex   -1.051560e+02 3.923719e+01 9.398508e+01
    endloop
  endfacet
  facet normal 1.470289e-01 9.660424e-01 2.124727e-01
    outer loop
      vertex   -1.051450e+02 3.932751e+01 9.356683e+01
      vertex   -1.051560e+02 3.923719e+01 9.398508e+01
      vertex   -1.039823e+02 3.915055e+01 9.356683e+01
    endloop
  endfacet
  facet normal 1.470289e-01 9.660424e-01 2.124727e-01
    outer loop
      vertex   -1.039823e+02 3.915055e+01 9.356683e+01
      vertex   -1.051560e+02 3.923719e+01 9.398508e+01
      vertex   -1.039987e+02 3.906106e+01 9.398508e+01
    endloop
  endfacet
  facet normal 2.050889e-01 9.554025e-01 2.124727e-01
    outer loop
      vertex   -1.039823e+02 3.915055e+01 9.356683e+01
      vertex   -1.039987e+02 3.906106e+01 9.398508e+01
      vertex   -1.028325e+02 3.890372e+01 9.356683e+01
    endloop
  endfacet
  facet normal 2.050889e-01 9.554025e-01 2.124727e-01
    outer loop
      vertex   -1.028325e+02 3.890372e+01 9.356683e+01
      vertex   -1.039987e+02 3.906106e+01 9.398508e+01
      vertex   -1.028542e+02 3.881538e+01 9.398508e+01
    endloop
  endfacet
  facet normal 2.624005e-01 9.412764e-01 2.124727e-01
    outer loop
      vertex   -1.028325e+02 3.890372e+01 9.356683e+01
      vertex   -1.028542e+02 3.881538e+01 9.398508e+01
      vertex   -1.016996e+02 3.858790e+01 9.356683e+01
    endloop
  endfacet
  facet normal 2.624005e-01 9.412764e-01 2.124727e-01
    outer loop
      vertex   -1.016996e+02 3.858790e+01 9.356683e+01
      vertex   -1.028542e+02 3.881538e+01 9.398508e+01
      vertex   -1.017266e+02 3.850104e+01 9.398508e+01
    endloop
  endfacet
  facet normal 3.187546e-01 9.237158e-01 2.124727e-01
    outer loop
      vertex   -1.016996e+02 3.858790e+01 9.356683e+01
      vertex   -1.017266e+02 3.850104e+01 9.398508e+01
      vertex   -1.005878e+02 3.820427e+01 9.356683e+01
    endloop
  endfacet
  facet normal 3.187546e-01 9.237158e-01 2.124727e-01
    outer loop
      vertex   -1.005878e+02 3.820427e+01 9.356683e+01
      vertex   -1.017266e+02 3.850104e+01 9.398508e+01
      vertex   -1.006201e+02 3.811919e+01 9.398508e+01
    endloop
  endfacet
  facet normal 3.739014e-01 9.028028e-01 2.124730e-01
    outer loop
      vertex   -1.005878e+02 3.820427e+01 9.356683e+01
      vertex   -1.006201e+02 3.811919e+01 9.398508e+01
      vertex   -9.954036e+01 3.767201e+01 9.398508e+01
    endloop
  endfacet
  facet normal 3.585410e-01 8.657143e-01 3.492665e-01
    outer loop
      vertex   -9.954036e+01 3.767201e+01 9.398508e+01
      vertex   -1.006201e+02 3.811919e+01 9.398508e+01
      vertex   -9.960259e+01 3.753599e+01 9.438613e+01
    endloop
  endfacet
  facet normal 4.101178e-01 8.424579e-01 3.493824e-01
    outer loop
      vertex   -9.954036e+01 3.767201e+01 9.398508e+01
      vertex   -9.960259e+01 3.753599e+01 9.438613e+01
      vertex   -9.855569e+01 3.702634e+01 9.438613e+01
    endloop
  endfacet
  facet normal 3.842020e-01 7.892220e-01 4.790797e-01
    outer loop
      vertex   -9.855569e+01 3.702634e+01 9.438613e+01
      vertex   -9.960259e+01 3.753599e+01 9.438613e+01
      vertex   -9.865102e+01 3.684470e+01 9.476181e+01
    endloop
  endfacet
  facet normal 4.312090e-01 7.645526e-01 4.790805e-01
    outer loop
      vertex   -9.855569e+01 3.702634e+01 9.438613e+01
      vertex   -9.865102e+01 3.684470e+01 9.476181e+01
      vertex   -9.754397e+01 3.645573e+01 9.438613e+01
    endloop
  endfacet
  facet normal 4.312090e-01 7.645526e-01 4.790805e-01
    outer loop
      vertex   -9.754397e+01 3.645573e+01 9.438613e+01
      vertex   -9.865102e+01 3.684470e+01 9.476181e+01
      vertex   -9.765009e+01 3.628018e+01 9.476181e+01
    endloop
  endfacet
  facet normal 4.765848e-01 7.371219e-01 4.790805e-01
    outer loop
      vertex   -9.754397e+01 3.645573e+01 9.438613e+01
      vertex   -9.765009e+01 3.628018e+01 9.476181e+01
      vertex   -9.656855e+01 3.582507e+01 9.438613e+01
    endloop
  endfacet
  facet normal 4.765848e-01 7.371219e-01 4.790805e-01
    outer loop
      vertex   -9.656855e+01 3.582507e+01 9.438613e+01
      vertex   -9.765009e+01 3.628018e+01 9.476181e+01
      vertex   -9.668508e+01 3.565625e+01 9.476181e+01
    endloop
  endfacet
  facet normal 5.202217e-01 7.070016e-01 4.790805e-01
    outer loop
      vertex   -9.656855e+01 3.582507e+01 9.438613e+01
      vertex   -9.668508e+01 3.565625e+01 9.476181e+01
      vertex   -9.563298e+01 3.513667e+01 9.438613e+01
    endloop
  endfacet
  facet normal 5.202217e-01 7.070016e-01 4.790805e-01
    outer loop
      vertex   -9.563298e+01 3.513667e+01 9.438613e+01
      vertex   -9.668508e+01 3.565625e+01 9.476181e+01
      vertex   -9.575949e+01 3.497519e+01 9.476181e+01
    endloop
  endfacet
  facet normal 5.619602e-01 6.743015e-01 4.790805e-01
    outer loop
      vertex   -9.563298e+01 3.513667e+01 9.438613e+01
      vertex   -9.575949e+01 3.497519e+01 9.476181e+01
      vertex   -9.474069e+01 3.439304e+01 9.438613e+01
    endloop
  endfacet
  facet normal 5.619602e-01 6.743015e-01 4.790805e-01
    outer loop
      vertex   -9.474069e+01 3.439304e+01 9.438613e+01
      vertex   -9.575949e+01 3.497519e+01 9.476181e+01
      vertex   -9.487672e+01 3.423949e+01 9.476181e+01
    endloop
  endfacet
  facet normal 6.016483e-01 6.391410e-01 4.790805e-01
    outer loop
      vertex   -9.474069e+01 3.439304e+01 9.438613e+01
      vertex   -9.487672e+01 3.423949e+01 9.476181e+01
      vertex   -9.389492e+01 3.359688e+01 9.438613e+01
    endloop
  endfacet
  facet normal 6.016483e-01 6.391410e-01 4.790805e-01
    outer loop
      vertex   -9.389492e+01 3.359688e+01 9.438613e+01
      vertex   -9.487672e+01 3.423949e+01 9.476181e+01
      vertex   -9.403997e+01 3.345183e+01 9.476181e+01
    endloop
  endfacet
  facet normal 6.391410e-01 6.016483e-01 4.790805e-01
    outer loop
      vertex   -9.389492e+01 3.359688e+01 9.438613e+01
      vertex   -9.403997e+01 3.345183e+01 9.476181e+01
      vertex   -9.309877e+01 3.275112e+01 9.438613e+01
    endloop
  endfacet
  facet normal 6.391410e-01 6.016483e-01 4.790805e-01
    outer loop
      vertex   -9.309877e+01 3.275112e+01 9.438613e+01
      vertex   -9.403997e+01 3.345183e+01 9.476181e+01
      vertex   -9.325231e+01 3.261509e+01 9.476181e+01
    endloop
  endfacet
  facet normal 6.743015e-01 5.619602e-01 4.790805e-01
    outer loop
      vertex   -9.309877e+01 3.275112e+01 9.438613e+01
      vertex   -9.325231e+01 3.261509e+01 9.476181e+01
      vertex   -9.235513e+01 3.185882e+01 9.438613e+01
    endloop
  endfacet
  facet normal 6.743015e-01 5.619602e-01 4.790805e-01
    outer loop
      vertex   -9.235513e+01 3.185882e+01 9.438613e+01
      vertex   -9.325231e+01 3.261509e+01 9.476181e+01
      vertex   -9.251661e+01 3.173231e+01 9.476181e+01
    endloop
  endfacet
  facet normal 7.070016e-01 5.202217e-01 4.790805e-01
    outer loop
      vertex   -9.235513e+01 3.185882e+01 9.438613e+01
      vertex   -9.251661e+01 3.173231e+01 9.476181e+01
      vertex   -9.166673e+01 3.092326e+01 9.438613e+01
    endloop
  endfacet
  facet normal 7.070016e-01 5.202217e-01 4.790805e-01
    outer loop
      vertex   -9.166673e+01 3.092326e+01 9.438613e+01
      vertex   -9.251661e+01 3.173231e+01 9.476181e+01
      vertex   -9.183556e+01 3.080673e+01 9.476181e+01
    endloop
  endfacet
  facet normal 7.371219e-01 4.765848e-01 4.790805e-01
    outer loop
      vertex   -9.166673e+01 3.092326e+01 9.438613e+01
      vertex   -9.183556e+01 3.080673e+01 9.476181e+01
      vertex   -9.103608e+01 2.994784e+01 9.438613e+01
    endloop
  endfacet
  facet normal 7.371219e-01 4.765848e-01 4.790805e-01
    outer loop
      vertex   -9.103608e+01 2.994784e+01 9.438613e+01
      vertex   -9.183556e+01 3.080673e+01 9.476181e+01
      vertex   -9.121163e+01 2.984171e+01 9.476181e+01
    endloop
  endfacet
  facet normal 7.645526e-01 4.312090e-01 4.790805e-01
    outer loop
      vertex   -9.103608e+01 2.994784e+01 9.438613e+01
      vertex   -9.121163e+01 2.984171e+01 9.476181e+01
      vertex   -9.046546e+01 2.893611e+01 9.438613e+01
    endloop
  endfacet
  facet normal 7.645526e-01 4.312090e-01 4.790805e-01
    outer loop
      vertex   -9.046546e+01 2.893611e+01 9.438613e+01
      vertex   -9.121163e+01 2.984171e+01 9.476181e+01
      vertex   -9.064710e+01 2.884078e+01 9.476181e+01
    endloop
  endfacet
  facet normal 7.891934e-01 3.842598e-01 4.790805e-01
    outer loop
      vertex   -9.046546e+01 2.893611e+01 9.438613e+01
      vertex   -9.064710e+01 2.884078e+01 9.476181e+01
      vertex   -8.995698e+01 2.789179e+01 9.438613e+01
    endloop
  endfacet
  facet normal 7.891934e-01 3.842598e-01 4.790805e-01
    outer loop
      vertex   -8.995698e+01 2.789179e+01 9.438613e+01
      vertex   -9.064710e+01 2.884078e+01 9.476181e+01
      vertex   -9.014404e+01 2.780759e+01 9.476181e+01
    endloop
  endfacet
  facet normal 8.109741e-01 3.358622e-01 4.790799e-01
    outer loop
      vertex   -8.995698e+01 2.789179e+01 9.438613e+01
      vertex   -9.014404e+01 2.780759e+01 9.476181e+01
      vertex   -8.951170e+01 2.681661e+01 9.438613e+01
    endloop
  endfacet
  facet normal 8.109605e-01 3.358385e-01 4.791196e-01
    outer loop
      vertex   -8.951170e+01 2.681661e+01 9.438613e+01
      vertex   -9.014404e+01 2.780759e+01 9.476181e+01
      vertex   -8.970325e+01 2.674321e+01 9.476181e+01
    endloop
  endfacet
  facet normal 8.297930e-01 2.862908e-01 4.790419e-01
    outer loop
      vertex   -8.951170e+01 2.681661e+01 9.438613e+01
      vertex   -8.970325e+01 2.674321e+01 9.476181e+01
      vertex   -8.913358e+01 2.572066e+01 9.438613e+01
    endloop
  endfacet
  facet normal 8.297781e-01 2.862680e-01 4.790814e-01
    outer loop
      vertex   -8.913358e+01 2.572066e+01 9.438613e+01
      vertex   -8.970325e+01 2.674321e+01 9.476181e+01
      vertex   -8.932942e+01 2.565963e+01 9.476181e+01
    endloop
  endfacet
  facet normal 8.455311e-01 2.357095e-01 4.790805e-01
    outer loop
      vertex   -8.913358e+01 2.572066e+01 9.438613e+01
      vertex   -8.932942e+01 2.565963e+01 9.476181e+01
      vertex   -8.882166e+01 2.460178e+01 9.438613e+01
    endloop
  endfacet
  facet normal 8.455311e-01 2.357095e-01 4.790805e-01
    outer loop
      vertex   -8.882166e+01 2.460178e+01 9.438613e+01
      vertex   -8.932942e+01 2.565963e+01 9.476181e+01
      vertex   -8.902084e+01 2.455268e+01 9.476181e+01
    endloop
  endfacet
  facet normal 8.582203e-01 1.842275e-01 4.790805e-01
    outer loop
      vertex   -8.882166e+01 2.460178e+01 9.438613e+01
      vertex   -8.902084e+01 2.455268e+01 9.476181e+01
      vertex   -8.857788e+01 2.346611e+01 9.438613e+01
    endloop
  endfacet
  facet normal 8.582203e-01 1.842275e-01 4.790805e-01
    outer loop
      vertex   -8.857788e+01 2.346611e+01 9.438613e+01
      vertex   -8.902084e+01 2.455268e+01 9.476181e+01
      vertex   -8.877965e+01 2.342913e+01 9.476181e+01
    endloop
  endfacet
  facet normal 8.677779e-01 1.320734e-01 4.790805e-01
    outer loop
      vertex   -8.857788e+01 2.346611e+01 9.438613e+01
      vertex   -8.877965e+01 2.342913e+01 9.476181e+01
      vertex   -8.840311e+01 2.231779e+01 9.438613e+01
    endloop
  endfacet
  facet normal 8.677779e-01 1.320734e-01 4.790805e-01
    outer loop
      vertex   -8.840311e+01 2.231779e+01 9.438613e+01
      vertex   -8.877965e+01 2.342913e+01 9.476181e+01
      vertex   -8.860675e+01 2.229306e+01 9.476181e+01
    endloop
  endfacet
  facet normal 8.741691e-01 7.943728e-02 4.790805e-01
    outer loop
      vertex   -8.840311e+01 2.231779e+01 9.438613e+01
      vertex   -8.860675e+01 2.229306e+01 9.476181e+01
      vertex   -8.829799e+01 2.116101e+01 9.438613e+01
    endloop
  endfacet
  facet normal 8.741691e-01 7.943728e-02 4.790805e-01
    outer loop
      vertex   -8.829799e+01 2.116101e+01 9.438613e+01
      vertex   -8.860675e+01 2.229306e+01 9.476181e+01
      vertex   -8.850275e+01 2.114863e+01 9.476181e+01
    endloop
  endfacet
  facet normal 8.773705e-01 2.651134e-02 4.790805e-01
    outer loop
      vertex   -8.829799e+01 2.116101e+01 9.438613e+01
      vertex   -8.850275e+01 2.114863e+01 9.476181e+01
      vertex   -8.826291e+01 2.000000e+01 9.438613e+01
    endloop
  endfacet
  facet normal 8.773705e-01 2.651134e-02 4.790805e-01
    outer loop
      vertex   -8.826291e+01 2.000000e+01 9.438613e+01
      vertex   -8.850275e+01 2.114863e+01 9.476181e+01
      vertex   -8.846804e+01 2.000000e+01 9.476181e+01
    endloop
  endfacet
  facet normal 8.773705e-01 -2.651134e-02 4.790805e-01
    outer loop
      vertex   -8.826291e+01 2.000000e+01 9.438613e+01
      vertex   -8.846804e+01 2.000000e+01 9.476181e+01
      vertex   -8.829799e+01 1.883899e+01 9.438613e+01
    endloop
  endfacet
  facet normal 8.773705e-01 -2.651134e-02 4.790805e-01
    outer loop
      vertex   -8.829799e+01 1.883899e+01 9.438613e+01
      vertex   -8.846804e+01 2.000000e+01 9.476181e+01
      vertex   -8.850275e+01 1.885137e+01 9.476181e+01
    endloop
  endfacet
  facet normal 8.741691e-01 -7.943728e-02 4.790805e-01
    outer loop
      vertex   -8.829799e+01 1.883899e+01 9.438613e+01
      vertex   -8.850275e+01 1.885137e+01 9.476181e+01
      vertex   -8.840311e+01 1.768221e+01 9.438613e+01
    endloop
  endfacet
  facet normal 8.741691e-01 -7.943728e-02 4.790805e-01
    outer loop
      vertex   -8.840311e+01 1.768221e+01 9.438613e+01
      vertex   -8.850275e+01 1.885137e+01 9.476181e+01
      vertex   -8.860675e+01 1.770694e+01 9.476181e+01
    endloop
  endfacet
  facet normal 8.677779e-01 -1.320734e-01 4.790805e-01
    outer loop
      vertex   -8.840311e+01 1.768221e+01 9.438613e+01
      vertex   -8.860675e+01 1.770694e+01 9.476181e+01
      vertex   -8.857788e+01 1.653389e+01 9.438613e+01
    endloop
  endfacet
  facet normal 8.677779e-01 -1.320734e-01 4.790805e-01
    outer loop
      vertex   -8.857788e+01 1.653389e+01 9.438613e+01
      vertex   -8.860675e+01 1.770694e+01 9.476181e+01
      vertex   -8.877965e+01 1.657087e+01 9.476181e+01
    endloop
  endfacet
  facet normal 8.582203e-01 -1.842275e-01 4.790805e-01
    outer loop
      vertex   -8.857788e+01 1.653389e+01 9.438613e+01
      vertex   -8.877965e+01 1.657087e+01 9.476181e+01
      vertex   -8.882166e+01 1.539822e+01 9.438613e+01
    endloop
  endfacet
  facet normal 8.582203e-01 -1.842275e-01 4.790805e-01
    outer loop
      vertex   -8.882166e+01 1.539822e+01 9.438613e+01
      vertex   -8.877965e+01 1.657087e+01 9.476181e+01
      vertex   -8.902084e+01 1.544732e+01 9.476181e+01
    endloop
  endfacet
  facet normal 8.455311e-01 -2.357095e-01 4.790805e-01
    outer loop
      vertex   -8.882166e+01 1.539822e+01 9.438613e+01
      vertex   -8.902084e+01 1.544732e+01 9.476181e+01
      vertex   -8.913358e+01 1.427934e+01 9.438613e+01
    endloop
  endfacet
  facet normal 8.455311e-01 -2.357095e-01 4.790805e-01
    outer loop
      vertex   -8.913358e+01 1.427934e+01 9.438613e+01
      vertex   -8.902084e+01 1.544732e+01 9.476181e+01
      vertex   -8.932942e+01 1.434037e+01 9.476181e+01
    endloop
  endfacet
  facet normal 8.297567e-01 -2.863313e-01 4.790805e-01
    outer loop
      vertex   -8.913358e+01 1.427934e+01 9.438613e+01
      vertex   -8.932942e+01 1.434037e+01 9.476181e+01
      vertex   -8.951247e+01 1.318134e+01 9.438613e+01
    endloop
  endfacet
  facet normal 8.297567e-01 -2.863313e-01 4.790805e-01
    outer loop
      vertex   -8.951247e+01 1.318134e+01 9.438613e+01
      vertex   -8.932942e+01 1.434037e+01 9.476181e+01
      vertex   -8.970428e+01 1.325408e+01 9.476181e+01
    endloop
  endfacet
  facet normal 8.109546e-01 -3.359084e-01 4.790805e-01
    outer loop
      vertex   -8.951247e+01 1.318134e+01 9.438613e+01
      vertex   -8.970428e+01 1.325408e+01 9.476181e+01
      vertex   -8.995698e+01 1.210821e+01 9.438613e+01
    endloop
  endfacet
  facet normal 8.109546e-01 -3.359084e-01 4.790805e-01
    outer loop
      vertex   -8.995698e+01 1.210821e+01 9.438613e+01
      vertex   -8.970428e+01 1.325408e+01 9.476181e+01
      vertex   -9.014404e+01 1.219241e+01 9.476181e+01
    endloop
  endfacet
  facet normal 7.891934e-01 -3.842598e-01 4.790805e-01
    outer loop
      vertex   -8.995698e+01 1.210821e+01 9.438613e+01
      vertex   -9.014404e+01 1.219241e+01 9.476181e+01
      vertex   -9.046546e+01 1.106389e+01 9.438613e+01
    endloop
  endfacet
  facet normal 7.891934e-01 -3.842598e-01 4.790805e-01
    outer loop
      vertex   -9.046546e+01 1.106389e+01 9.438613e+01
      vertex   -9.014404e+01 1.219241e+01 9.476181e+01
      vertex   -9.064710e+01 1.115922e+01 9.476181e+01
    endloop
  endfacet
  facet normal 7.645526e-01 -4.312090e-01 4.790805e-01
    outer loop
      vertex   -9.046546e+01 1.106389e+01 9.438613e+01
      vertex   -9.064710e+01 1.115922e+01 9.476181e+01
      vertex   -9.103608e+01 1.005216e+01 9.438613e+01
    endloop
  endfacet
  facet normal 7.645526e-01 -4.312090e-01 4.790805e-01
    outer loop
      vertex   -9.103608e+01 1.005216e+01 9.438613e+01
      vertex   -9.064710e+01 1.115922e+01 9.476181e+01
      vertex   -9.121163e+01 1.015829e+01 9.476181e+01
    endloop
  endfacet
  facet normal 7.371219e-01 -4.765848e-01 4.790805e-01
    outer loop
      vertex   -9.103608e+01 1.005216e+01 9.438613e+01
      vertex   -9.121163e+01 1.015829e+01 9.476181e+01
      vertex   -9.166673e+01 9.076742e+00 9.438613e+01
    endloop
  endfacet
  facet normal 7.371219e-01 -4.765848e-01 4.790805e-01
    outer loop
      vertex   -9.166673e+01 9.076742e+00 9.438613e+01
      vertex   -9.121163e+01 1.015829e+01 9.476181e+01
      vertex   -9.183556e+01 9.193272e+00 9.476181e+01
    endloop
  endfacet
  facet normal 7.070016e-01 -5.202217e-01 4.790805e-01
    outer loop
      vertex   -9.166673e+01 9.076742e+00 9.438613e+01
      vertex   -9.183556e+01 9.193272e+00 9.476181e+01
      vertex   -9.235513e+01 8.141177e+00 9.438613e+01
    endloop
  endfacet
  facet normal 7.070016e-01 -5.202217e-01 4.790805e-01
    outer loop
      vertex   -9.235513e+01 8.141177e+00 9.438613e+01
      vertex   -9.183556e+01 9.193272e+00 9.476181e+01
      vertex   -9.251661e+01 8.267688e+00 9.476181e+01
    endloop
  endfacet
  facet normal 6.743015e-01 -5.619602e-01 4.790805e-01
    outer loop
      vertex   -9.235513e+01 8.141177e+00 9.438613e+01
      vertex   -9.251661e+01 8.267688e+00 9.476181e+01
      vertex   -9.309877e+01 7.248883e+00 9.438613e+01
    endloop
  endfacet
  facet normal 6.743015e-01 -5.619602e-01 4.790805e-01
    outer loop
      vertex   -9.309877e+01 7.248883e+00 9.438613e+01
      vertex   -9.251661e+01 8.267688e+00 9.476181e+01
      vertex   -9.325231e+01 7.384913e+00 9.476181e+01
    endloop
  endfacet
  facet normal 6.391410e-01 -6.016483e-01 4.790805e-01
    outer loop
      vertex   -9.309877e+01 7.248883e+00 9.438613e+01
      vertex   -9.325231e+01 7.384913e+00 9.476181e+01
      vertex   -9.389492e+01 6.403117e+00 9.438613e+01
    endloop
  endfacet
  facet normal 6.391410e-01 -6.016483e-01 4.790805e-01
    outer loop
      vertex   -9.389492e+01 6.403117e+00 9.438613e+01
      vertex   -9.325231e+01 7.384913e+00 9.476181e+01
      vertex   -9.403997e+01 6.548170e+00 9.476181e+01
    endloop
  endfacet
  facet normal 6.016483e-01 -6.391410e-01 4.790805e-01
    outer loop
      vertex   -9.389492e+01 6.403117e+00 9.438613e+01
      vertex   -9.403997e+01 6.548170e+00 9.476181e+01
      vertex   -9.474069e+01 5.606965e+00 9.438613e+01
    endloop
  endfacet
  facet normal 6.016483e-01 -6.391410e-01 4.790805e-01
    outer loop
      vertex   -9.474069e+01 5.606965e+00 9.438613e+01
      vertex   -9.403997e+01 6.548170e+00 9.476181e+01
      vertex   -9.487672e+01 5.760511e+00 9.476181e+01
    endloop
  endfacet
  facet normal 5.619602e-01 -6.743015e-01 4.790805e-01
    outer loop
      vertex   -9.474069e+01 5.606965e+00 9.438613e+01
      vertex   -9.487672e+01 5.760511e+00 9.476181e+01
      vertex   -9.563298e+01 4.863331e+00 9.438613e+01
    endloop
  endfacet
  facet normal 5.619602e-01 -6.743015e-01 4.790805e-01
    outer loop
      vertex   -9.563298e+01 4.863331e+00 9.438613e+01
      vertex   -9.487672e+01 5.760511e+00 9.476181e+01
      vertex   -9.575949e+01 5.024810e+00 9.476181e+01
    endloop
  endfacet
  facet normal 5.202217e-01 -7.070016e-01 4.790805e-01
    outer loop
      vertex   -9.563298e+01 4.863331e+00 9.438613e+01
      vertex   -9.575949e+01 5.024810e+00 9.476181e+01
      vertex   -9.656855e+01 4.174929e+00 9.438613e+01
    endloop
  endfacet
  facet normal 5.202217e-01 -7.070016e-01 4.790805e-01
    outer loop
      vertex   -9.656855e+01 4.174929e+00 9.438613e+01
      vertex   -9.575949e+01 5.024810e+00 9.476181e+01
      vertex   -9.668508e+01 4.343752e+00 9.476181e+01
    endloop
  endfacet
  facet normal 4.765848e-01 -7.371219e-01 4.790805e-01
    outer loop
      vertex   -9.656855e+01 4.174929e+00 9.438613e+01
      vertex   -9.668508e+01 4.343752e+00 9.476181e+01
      vertex   -9.754397e+01 3.544271e+00 9.438613e+01
    endloop
  endfacet
  facet normal 4.765848e-01 -7.371219e-01 4.790805e-01
    outer loop
      vertex   -9.754397e+01 3.544271e+00 9.438613e+01
      vertex   -9.668508e+01 4.343752e+00 9.476181e+01
      vertex   -9.765009e+01 3.719822e+00 9.476181e+01
    endloop
  endfacet
  facet normal 4.312090e-01 -7.645526e-01 4.790805e-01
    outer loop
      vertex   -9.754397e+01 3.544271e+00 9.438613e+01
      vertex   -9.765009e+01 3.719822e+00 9.476181e+01
      vertex   -9.855569e+01 2.973658e+00 9.438613e+01
    endloop
  endfacet
  facet normal 4.312090e-01 -7.645526e-01 4.790805e-01
    outer loop
      vertex   -9.855569e+01 2.973658e+00 9.438613e+01
      vertex   -9.765009e+01 3.719822e+00 9.476181e+01
      vertex   -9.865102e+01 3.155297e+00 9.476181e+01
    endloop
  endfacet
  facet normal 3.842598e-01 -7.891934e-01 4.790805e-01
    outer loop
      vertex   -9.855569e+01 2.973658e+00 9.438613e+01
      vertex   -9.865102e+01 3.155297e+00 9.476181e+01
      vertex   -9.960002e+01 2.465173e+00 9.438613e+01
    endloop
  endfacet
  facet normal 3.842598e-01 -7.891934e-01 4.790805e-01
    outer loop
      vertex   -9.960002e+01 2.465173e+00 9.438613e+01
      vertex   -9.865102e+01 3.155297e+00 9.476181e+01
      vertex   -9.968421e+01 2.652236e+00 9.476181e+01
    endloop
  endfacet
  facet normal 3.359084e-01 -8.109546e-01 4.790805e-01
    outer loop
      vertex   -9.960002e+01 2.465173e+00 9.438613e+01
      vertex   -9.968421e+01 2.652236e+00 9.476181e+01
      vertex   -1.006731e+02 2.020670e+00 9.438613e+01
    endloop
  endfacet
  facet normal 3.359084e-01 -8.109546e-01 4.790805e-01
    outer loop
      vertex   -1.006731e+02 2.020670e+00 9.438613e+01
      vertex   -9.968421e+01 2.652236e+00 9.476181e+01
      vertex   -1.007459e+02 2.212475e+00 9.476181e+01
    endloop
  endfacet
  facet normal 2.863313e-01 -8.297567e-01 4.790805e-01
    outer loop
      vertex   -1.006731e+02 2.020670e+00 9.438613e+01
      vertex   -1.007459e+02 2.212475e+00 9.476181e+01
      vertex   -1.017711e+02 1.641772e+00 9.438613e+01
    endloop
  endfacet
  facet normal 2.863313e-01 -8.297567e-01 4.790805e-01
    outer loop
      vertex   -1.017711e+02 1.641772e+00 9.438613e+01
      vertex   -1.007459e+02 2.212475e+00 9.476181e+01
      vertex   -1.018322e+02 1.837619e+00 9.476181e+01
    endloop
  endfacet
  facet normal 2.357095e-01 -8.455311e-01 4.790805e-01
    outer loop
      vertex   -1.017711e+02 1.641772e+00 9.438613e+01
      vertex   -1.018322e+02 1.837619e+00 9.476181e+01
      vertex   -1.028900e+02 1.329861e+00 9.438613e+01
    endloop
  endfacet
  facet normal 2.357095e-01 -8.455311e-01 4.790805e-01
    outer loop
      vertex   -1.028900e+02 1.329861e+00 9.438613e+01
      vertex   -1.018322e+02 1.837619e+00 9.476181e+01
      vertex   -1.029391e+02 1.529035e+00 9.476181e+01
    endloop
  endfacet
  facet normal 1.842275e-01 -8.582203e-01 4.790805e-01
    outer loop
      vertex   -1.028900e+02 1.329861e+00 9.438613e+01
      vertex   -1.029391e+02 1.529035e+00 9.476181e+01
      vertex   -1.040257e+02 1.086075e+00 9.438613e+01
    endloop
  endfacet
  facet normal 1.842275e-01 -8.582203e-01 4.790805e-01
    outer loop
      vertex   -1.040257e+02 1.086075e+00 9.438613e+01
      vertex   -1.029391e+02 1.529035e+00 9.476181e+01
      vertex   -1.040627e+02 1.287850e+00 9.476181e+01
    endloop
  endfacet
  facet normal 1.320734e-01 -8.677779e-01 4.790805e-01
    outer loop
      vertex   -1.040257e+02 1.086075e+00 9.438613e+01
      vertex   -1.040627e+02 1.287850e+00 9.476181e+01
      vertex   -1.051740e+02 9.113043e-01 9.438613e+01
    endloop
  endfacet
  facet normal 1.320734e-01 -8.677779e-01 4.790805e-01
    outer loop
      vertex   -1.051740e+02 9.113043e-01 9.438613e+01
      vertex   -1.040627e+02 1.287850e+00 9.476181e+01
      vertex   -1.051987e+02 1.114944e+00 9.476181e+01
    endloop
  endfacet
  facet normal 7.943728e-02 -8.741691e-01 4.790805e-01
    outer loop
      vertex   -1.051740e+02 9.113043e-01 9.438613e+01
      vertex   -1.051987e+02 1.114944e+00 9.476181e+01
      vertex   -1.063308e+02 8.061861e-01 9.438613e+01
    endloop
  endfacet
  facet normal 7.943728e-02 -8.741691e-01 4.790805e-01
    outer loop
      vertex   -1.063308e+02 8.061861e-01 9.438613e+01
      vertex   -1.051987e+02 1.114944e+00 9.476181e+01
      vertex   -1.063432e+02 1.010947e+00 9.476181e+01
    endloop
  endfacet
  facet normal 2.651134e-02 -8.773705e-01 4.790805e-01
    outer loop
      vertex   -1.063308e+02 8.061861e-01 9.438613e+01
      vertex   -1.063432e+02 1.010947e+00 9.476181e+01
      vertex   -1.074918e+02 7.711040e-01 9.438613e+01
    endloop
  endfacet
  facet normal 2.651134e-02 -8.773705e-01 4.790805e-01
    outer loop
      vertex   -1.074918e+02 7.711040e-01 9.438613e+01
      vertex   -1.063432e+02 1.010947e+00 9.476181e+01
      vertex   -1.074918e+02 9.762394e-01 9.476181e+01
    endloop
  endfacet
  facet normal -2.651134e-02 -8.773705e-01 4.790805e-01
    outer loop
      vertex   -1.074918e+02 7.711040e-01 9.438613e+01
      vertex   -1.074918e+02 9.762394e-01 9.476181e+01
      vertex   -1.086528e+02 8.061861e-01 9.438613e+01
    endloop
  endfacet
  facet normal -2.651134e-02 -8.773705e-01 4.790805e-01
    outer loop
      vertex   -1.086528e+02 8.061861e-01 9.438613e+01
      vertex   -1.074918e+02 9.762394e-01 9.476181e+01
      vertex   -1.086404e+02 1.010947e+00 9.476181e+01
    endloop
  endfacet
  facet normal -7.943728e-02 -8.741691e-01 4.790805e-01
    outer loop
      vertex   -1.086528e+02 8.061861e-01 9.438613e+01
      vertex   -1.086404e+02 1.010947e+00 9.476181e+01
      vertex   -1.098096e+02 9.113043e-01 9.438613e+01
    endloop
  endfacet
  facet normal -7.943728e-02 -8.741691e-01 4.790805e-01
    outer loop
      vertex   -1.098096e+02 9.113043e-01 9.438613e+01
      vertex   -1.086404e+02 1.010947e+00 9.476181e+01
      vertex   -1.097849e+02 1.114944e+00 9.476181e+01
    endloop
  endfacet
  facet normal -1.320734e-01 -8.677779e-01 4.790805e-01
    outer loop
      vertex   -1.098096e+02 9.113043e-01 9.438613e+01
      vertex   -1.097849e+02 1.114944e+00 9.476181e+01
      vertex   -1.109579e+02 1.086075e+00 9.438613e+01
    endloop
  endfacet
  facet normal -1.320734e-01 -8.677779e-01 4.790805e-01
    outer loop
      vertex   -1.109579e+02 1.086075e+00 9.438613e+01
      vertex   -1.097849e+02 1.114944e+00 9.476181e+01
      vertex   -1.109209e+02 1.287850e+00 9.476181e+01
    endloop
  endfacet
  facet normal -1.842275e-01 -8.582203e-01 4.790805e-01
    outer loop
      vertex   -1.109579e+02 1.086075e+00 9.438613e+01
      vertex   -1.109209e+02 1.287850e+00 9.476181e+01
      vertex   -1.120936e+02 1.329861e+00 9.438613e+01
    endloop
  endfacet
  facet normal -1.842275e-01 -8.582203e-01 4.790805e-01
    outer loop
      vertex   -1.120936e+02 1.329861e+00 9.438613e+01
      vertex   -1.109209e+02 1.287850e+00 9.476181e+01
      vertex   -1.120445e+02 1.529035e+00 9.476181e+01
    endloop
  endfacet
  facet normal -2.357095e-01 -8.455311e-01 4.790805e-01
    outer loop
      vertex   -1.120936e+02 1.329861e+00 9.438613e+01
      vertex   -1.120445e+02 1.529035e+00 9.476181e+01
      vertex   -1.132125e+02 1.641772e+00 9.438613e+01
    endloop
  endfacet
  facet normal -2.357095e-01 -8.455311e-01 4.790805e-01
    outer loop
      vertex   -1.132125e+02 1.641772e+00 9.438613e+01
      vertex   -1.120445e+02 1.529035e+00 9.476181e+01
      vertex   -1.131514e+02 1.837619e+00 9.476181e+01
    endloop
  endfacet
  facet normal -2.863313e-01 -8.297567e-01 4.790805e-01
    outer loop
      vertex   -1.132125e+02 1.641772e+00 9.438613e+01
      vertex   -1.131514e+02 1.837619e+00 9.476181e+01
      vertex   -1.143105e+02 2.020670e+00 9.438613e+01
    endloop
  endfacet
  facet normal -2.863313e-01 -8.297567e-01 4.790805e-01
    outer loop
      vertex   -1.143105e+02 2.020670e+00 9.438613e+01
      vertex   -1.131514e+02 1.837619e+00 9.476181e+01
      vertex   -1.142377e+02 2.212475e+00 9.476181e+01
    endloop
  endfacet
  facet normal -3.359084e-01 -8.109546e-01 4.790805e-01
    outer loop
      vertex   -1.143105e+02 2.020670e+00 9.438613e+01
      vertex   -1.142377e+02 2.212475e+00 9.476181e+01
      vertex   -1.153836e+02 2.465173e+00 9.438613e+01
    endloop
  endfacet
  facet normal -3.359084e-01 -8.109546e-01 4.790805e-01
    outer loop
      vertex   -1.153836e+02 2.465173e+00 9.438613e+01
      vertex   -1.142377e+02 2.212475e+00 9.476181e+01
      vertex   -1.152994e+02 2.652236e+00 9.476181e+01
    endloop
  endfacet
  facet normal -3.842598e-01 -7.891934e-01 4.790805e-01
    outer loop
      vertex   -1.153836e+02 2.465173e+00 9.438613e+01
      vertex   -1.152994e+02 2.652236e+00 9.476181e+01
      vertex   -1.164279e+02 2.973658e+00 9.438613e+01
    endloop
  endfacet
  facet normal -3.842598e-01 -7.891934e-01 4.790805e-01
    outer loop
      vertex   -1.164279e+02 2.973658e+00 9.438613e+01
      vertex   -1.152994e+02 2.652236e+00 9.476181e+01
      vertex   -1.163326e+02 3.155297e+00 9.476181e+01
    endloop
  endfacet
  facet normal -4.312090e-01 -7.645526e-01 4.790805e-01
    outer loop
      vertex   -1.164279e+02 2.973658e+00 9.438613e+01
      vertex   -1.163326e+02 3.155297e+00 9.476181e+01
      vertex   -1.174396e+02 3.544271e+00 9.438613e+01
    endloop
  endfacet
  facet normal -4.312090e-01 -7.645526e-01 4.790805e-01
    outer loop
      vertex   -1.174396e+02 3.544271e+00 9.438613e+01
      vertex   -1.163326e+02 3.155297e+00 9.476181e+01
      vertex   -1.173335e+02 3.719822e+00 9.476181e+01
    endloop
  endfacet
  facet normal -4.765848e-01 -7.371219e-01 4.790805e-01
    outer loop
      vertex   -1.174396e+02 3.544271e+00 9.438613e+01
      vertex   -1.173335e+02 3.719822e+00 9.476181e+01
      vertex   -1.184151e+02 4.174929e+00 9.438613e+01
    endloop
  endfacet
  facet normal -4.765848e-01 -7.371219e-01 4.790805e-01
    outer loop
      vertex   -1.184151e+02 4.174929e+00 9.438613e+01
      vertex   -1.173335e+02 3.719822e+00 9.476181e+01
      vertex   -1.182985e+02 4.343752e+00 9.476181e+01
    endloop
  endfacet
  facet normal -5.202217e-01 -7.070016e-01 4.790805e-01
    outer loop
      vertex   -1.184151e+02 4.174929e+00 9.438613e+01
      vertex   -1.182985e+02 4.343752e+00 9.476181e+01
      vertex   -1.193506e+02 4.863331e+00 9.438613e+01
    endloop
  endfacet
  facet normal -5.202217e-01 -7.070016e-01 4.790805e-01
    outer loop
      vertex   -1.193506e+02 4.863331e+00 9.438613e+01
      vertex   -1.182985e+02 4.343752e+00 9.476181e+01
      vertex   -1.192241e+02 5.024810e+00 9.476181e+01
    endloop
  endfacet
  facet normal -5.619602e-01 -6.743015e-01 4.790805e-01
    outer loop
      vertex   -1.193506e+02 4.863331e+00 9.438613e+01
      vertex   -1.192241e+02 5.024810e+00 9.476181e+01
      vertex   -1.202429e+02 5.606965e+00 9.438613e+01
    endloop
  endfacet
  facet normal -5.619602e-01 -6.743015e-01 4.790805e-01
    outer loop
      vertex   -1.202429e+02 5.606965e+00 9.438613e+01
      vertex   -1.192241e+02 5.024810e+00 9.476181e+01
      vertex   -1.201069e+02 5.760511e+00 9.476181e+01
    endloop
  endfacet
  facet normal -6.016483e-01 -6.391410e-01 4.790805e-01
    outer loop
      vertex   -1.202429e+02 5.606965e+00 9.438613e+01
      vertex   -1.201069e+02 5.760511e+00 9.476181e+01
      vertex   -1.210887e+02 6.403117e+00 9.438613e+01
    endloop
  endfacet
  facet normal -6.016483e-01 -6.391410e-01 4.790805e-01
    outer loop
      vertex   -1.210887e+02 6.403117e+00 9.438613e+01
      vertex   -1.201069e+02 5.760511e+00 9.476181e+01
      vertex   -1.209436e+02 6.548170e+00 9.476181e+01
    endloop
  endfacet
  facet normal -6.391410e-01 -6.016483e-01 4.790805e-01
    outer loop
      vertex   -1.210887e+02 6.403117e+00 9.438613e+01
      vertex   -1.209436e+02 6.548170e+00 9.476181e+01
      vertex   -1.218848e+02 7.248883e+00 9.438613e+01
    endloop
  endfacet
  facet normal -6.391410e-01 -6.016483e-01 4.790805e-01
    outer loop
      vertex   -1.218848e+02 7.248883e+00 9.438613e+01
      vertex   -1.209436e+02 6.548170e+00 9.476181e+01
      vertex   -1.217313e+02 7.384913e+00 9.476181e+01
    endloop
  endfacet
  facet normal -6.743015e-01 -5.619602e-01 4.790805e-01
    outer loop
      vertex   -1.218848e+02 7.248883e+00 9.438613e+01
      vertex   -1.217313e+02 7.384913e+00 9.476181e+01
      vertex   -1.226285e+02 8.141177e+00 9.438613e+01
    endloop
  endfacet
  facet normal -6.743015e-01 -5.619602e-01 4.790805e-01
    outer loop
      vertex   -1.226285e+02 8.141177e+00 9.438613e+01
      vertex   -1.217313e+02 7.384913e+00 9.476181e+01
      vertex   -1.224670e+02 8.267688e+00 9.476181e+01
    endloop
  endfacet
  facet normal -7.070016e-01 -5.202217e-01 4.790805e-01
    outer loop
      vertex   -1.226285e+02 8.141177e+00 9.438613e+01
      vertex   -1.224670e+02 8.267688e+00 9.476181e+01
      vertex   -1.233169e+02 9.076742e+00 9.438613e+01
    endloop
  endfacet
  facet normal -7.070016e-01 -5.202217e-01 4.790805e-01
    outer loop
      vertex   -1.233169e+02 9.076742e+00 9.438613e+01
      vertex   -1.224670e+02 8.267688e+00 9.476181e+01
      vertex   -1.231481e+02 9.193272e+00 9.476181e+01
    endloop
  endfacet
  facet normal -7.371219e-01 -4.765848e-01 4.790805e-01
    outer loop
      vertex   -1.233169e+02 9.076742e+00 9.438613e+01
      vertex   -1.231481e+02 9.193272e+00 9.476181e+01
      vertex   -1.239475e+02 1.005216e+01 9.438613e+01
    endloop
  endfacet
  facet normal -7.371219e-01 -4.765848e-01 4.790805e-01
    outer loop
      vertex   -1.239475e+02 1.005216e+01 9.438613e+01
      vertex   -1.231481e+02 9.193272e+00 9.476181e+01
      vertex   -1.237720e+02 1.015829e+01 9.476181e+01
    endloop
  endfacet
  facet normal -7.645526e-01 -4.312090e-01 4.790805e-01
    outer loop
      vertex   -1.239475e+02 1.005216e+01 9.438613e+01
      vertex   -1.237720e+02 1.015829e+01 9.476181e+01
      vertex   -1.245181e+02 1.106389e+01 9.438613e+01
    endloop
  endfacet
  facet normal -7.645526e-01 -4.312090e-01 4.790805e-01
    outer loop
      vertex   -1.245181e+02 1.106389e+01 9.438613e+01
      vertex   -1.237720e+02 1.015829e+01 9.476181e+01
      vertex   -1.243365e+02 1.115922e+01 9.476181e+01
    endloop
  endfacet
  facet normal -7.891934e-01 -3.842598e-01 4.790805e-01
    outer loop
      vertex   -1.245181e+02 1.106389e+01 9.438613e+01
      vertex   -1.243365e+02 1.115922e+01 9.476181e+01
      vertex   -1.250266e+02 1.210821e+01 9.438613e+01
    endloop
  endfacet
  facet normal -7.891934e-01 -3.842598e-01 4.790805e-01
    outer loop
      vertex   -1.250266e+02 1.210821e+01 9.438613e+01
      vertex   -1.243365e+02 1.115922e+01 9.476181e+01
      vertex   -1.248396e+02 1.219241e+01 9.476181e+01
    endloop
  endfacet
  facet normal -8.109546e-01 -3.359084e-01 4.790805e-01
    outer loop
      vertex   -1.250266e+02 1.210821e+01 9.438613e+01
      vertex   -1.248396e+02 1.219241e+01 9.476181e+01
      vertex   -1.254711e+02 1.318134e+01 9.438613e+01
    endloop
  endfacet
  facet normal -8.109546e-01 -3.359084e-01 4.790805e-01
    outer loop
      vertex   -1.254711e+02 1.318134e+01 9.438613e+01
      vertex   -1.248396e+02 1.219241e+01 9.476181e+01
      vertex   -1.252793e+02 1.325408e+01 9.476181e+01
    endloop
  endfacet
  facet normal -8.297567e-01 -2.863313e-01 4.790805e-01
    outer loop
      vertex   -1.254711e+02 1.318134e+01 9.438613e+01
      vertex   -1.252793e+02 1.325408e+01 9.476181e+01
      vertex   -1.258500e+02 1.427934e+01 9.438613e+01
    endloop
  endfacet
  facet normal -8.297567e-01 -2.863313e-01 4.790805e-01
    outer loop
      vertex   -1.258500e+02 1.427934e+01 9.438613e+01
      vertex   -1.252793e+02 1.325408e+01 9.476181e+01
      vertex   -1.256542e+02 1.434037e+01 9.476181e+01
    endloop
  endfacet
  facet normal -8.455311e-01 -2.357095e-01 4.790805e-01
    outer loop
      vertex   -1.258500e+02 1.427934e+01 9.438613e+01
      vertex   -1.256542e+02 1.434037e+01 9.476181e+01
      vertex   -1.261619e+02 1.539822e+01 9.438613e+01
    endloop
  endfacet
  facet normal -8.455311e-01 -2.357095e-01 4.790805e-01
    outer loop
      vertex   -1.261619e+02 1.539822e+01 9.438613e+01
      vertex   -1.256542e+02 1.434037e+01 9.476181e+01
      vertex   -1.259628e+02 1.544732e+01 9.476181e+01
    endloop
  endfacet
  facet normal -8.582203e-01 -1.842275e-01 4.790805e-01
    outer loop
      vertex   -1.261619e+02 1.539822e+01 9.438613e+01
      vertex   -1.259628e+02 1.544732e+01 9.476181e+01
      vertex   -1.264057e+02 1.653389e+01 9.438613e+01
    endloop
  endfacet
  facet normal -8.582203e-01 -1.842275e-01 4.790805e-01
    outer loop
      vertex   -1.264057e+02 1.653389e+01 9.438613e+01
      vertex   -1.259628e+02 1.544732e+01 9.476181e+01
      vertex   -1.262040e+02 1.657087e+01 9.476181e+01
    endloop
  endfacet
  facet normal -8.677779e-01 -1.320734e-01 4.790805e-01
    outer loop
      vertex   -1.264057e+02 1.653389e+01 9.438613e+01
      vertex   -1.262040e+02 1.657087e+01 9.476181e+01
      vertex   -1.265805e+02 1.768221e+01 9.438613e+01
    endloop
  endfacet
  facet normal -8.677779e-01 -1.320734e-01 4.790805e-01
    outer loop
      vertex   -1.265805e+02 1.768221e+01 9.438613e+01
      vertex   -1.262040e+02 1.657087e+01 9.476181e+01
      vertex   -1.263769e+02 1.770694e+01 9.476181e+01
    endloop
  endfacet
  facet normal -8.741691e-01 -7.943728e-02 4.790805e-01
    outer loop
      vertex   -1.265805e+02 1.768221e+01 9.438613e+01
      vertex   -1.263769e+02 1.770694e+01 9.476181e+01
      vertex   -1.266856e+02 1.883899e+01 9.438613e+01
    endloop
  endfacet
  facet normal -8.741691e-01 -7.943728e-02 4.790805e-01
    outer loop
      vertex   -1.266856e+02 1.883899e+01 9.438613e+01
      vertex   -1.263769e+02 1.770694e+01 9.476181e+01
      vertex   -1.264809e+02 1.885137e+01 9.476181e+01
    endloop
  endfacet
  facet normal -8.773705e-01 -2.651134e-02 4.790805e-01
    outer loop
      vertex   -1.266856e+02 1.883899e+01 9.438613e+01
      vertex   -1.264809e+02 1.885137e+01 9.476181e+01
      vertex   -1.267207e+02 2.000000e+01 9.438613e+01
    endloop
  endfacet
  facet normal -8.773705e-01 -2.651134e-02 4.790805e-01
    outer loop
      vertex   -1.267207e+02 2.000000e+01 9.438613e+01
      vertex   -1.264809e+02 1.885137e+01 9.476181e+01
      vertex   -1.265156e+02 2.000000e+01 9.476181e+01
    endloop
  endfacet
  facet normal -8.773705e-01 2.651134e-02 4.790805e-01
    outer loop
      vertex   -1.267207e+02 2.000000e+01 9.438613e+01
      vertex   -1.265156e+02 2.000000e+01 9.476181e+01
      vertex   -1.266856e+02 2.116101e+01 9.438613e+01
    endloop
  endfacet
  facet normal -8.773705e-01 2.651134e-02 4.790805e-01
    outer loop
      vertex   -1.266856e+02 2.116101e+01 9.438613e+01
      vertex   -1.265156e+02 2.000000e+01 9.476181e+01
      vertex   -1.264809e+02 2.114863e+01 9.476181e+01
    endloop
  endfacet
  facet normal -8.741691e-01 7.943728e-02 4.790805e-01
    outer loop
      vertex   -1.266856e+02 2.116101e+01 9.438613e+01
      vertex   -1.264809e+02 2.114863e+01 9.476181e+01
      vertex   -1.265805e+02 2.231779e+01 9.438613e+01
    endloop
  endfacet
  facet normal -8.741691e-01 7.943728e-02 4.790805e-01
    outer loop
      vertex   -1.265805e+02 2.231779e+01 9.438613e+01
      vertex   -1.264809e+02 2.114863e+01 9.476181e+01
      vertex   -1.263769e+02 2.229306e+01 9.476181e+01
    endloop
  endfacet
  facet normal -8.677779e-01 1.320734e-01 4.790805e-01
    outer loop
      vertex   -1.265805e+02 2.231779e+01 9.438613e+01
      vertex   -1.263769e+02 2.229306e+01 9.476181e+01
      vertex   -1.264057e+02 2.346611e+01 9.438613e+01
    endloop
  endfacet
  facet normal -8.677779e-01 1.320734e-01 4.790805e-01
    outer loop
      vertex   -1.264057e+02 2.346611e+01 9.438613e+01
      vertex   -1.263769e+02 2.229306e+01 9.476181e+01
      vertex   -1.262040e+02 2.342913e+01 9.476181e+01
    endloop
  endfacet
  facet normal -8.582203e-01 1.842275e-01 4.790805e-01
    outer loop
      vertex   -1.264057e+02 2.346611e+01 9.438613e+01
      vertex   -1.262040e+02 2.342913e+01 9.476181e+01
      vertex   -1.261619e+02 2.460178e+01 9.438613e+01
    endloop
  endfacet
  facet normal -8.582203e-01 1.842275e-01 4.790805e-01
    outer loop
      vertex   -1.261619e+02 2.460178e+01 9.438613e+01
      vertex   -1.262040e+02 2.342913e+01 9.476181e+01
      vertex   -1.259628e+02 2.455268e+01 9.476181e+01
    endloop
  endfacet
  facet normal -8.455311e-01 2.357095e-01 4.790805e-01
    outer loop
      vertex   -1.261619e+02 2.460178e+01 9.438613e+01
      vertex   -1.259628e+02 2.455268e+01 9.476181e+01
      vertex   -1.258500e+02 2.572066e+01 9.438613e+01
    endloop
  endfacet
  facet normal -8.455311e-01 2.357095e-01 4.790805e-01
    outer loop
      vertex   -1.258500e+02 2.572066e+01 9.438613e+01
      vertex   -1.259628e+02 2.455268e+01 9.476181e+01
      vertex   -1.256542e+02 2.565963e+01 9.476181e+01
    endloop
  endfacet
  facet normal -8.297567e-01 2.863313e-01 4.790805e-01
    outer loop
      vertex   -1.258500e+02 2.572066e+01 9.438613e+01
      vertex   -1.256542e+02 2.565963e+01 9.476181e+01
      vertex   -1.254711e+02 2.681866e+01 9.438613e+01
    endloop
  endfacet
  facet normal -8.297567e-01 2.863313e-01 4.790805e-01
    outer loop
      vertex   -1.254711e+02 2.681866e+01 9.438613e+01
      vertex   -1.256542e+02 2.565963e+01 9.476181e+01
      vertex   -1.252793e+02 2.674592e+01 9.476181e+01
    endloop
  endfacet
  facet normal -8.109546e-01 3.359084e-01 4.790805e-01
    outer loop
      vertex   -1.254711e+02 2.681866e+01 9.438613e+01
      vertex   -1.252793e+02 2.674592e+01 9.476181e+01
      vertex   -1.250266e+02 2.789179e+01 9.438613e+01
    endloop
  endfacet
  facet normal -8.109546e-01 3.359084e-01 4.790805e-01
    outer loop
      vertex   -1.250266e+02 2.789179e+01 9.438613e+01
      vertex   -1.252793e+02 2.674592e+01 9.476181e+01
      vertex   -1.248396e+02 2.780759e+01 9.476181e+01
    endloop
  endfacet
  facet normal -7.891934e-01 3.842598e-01 4.790805e-01
    outer loop
      vertex   -1.250266e+02 2.789179e+01 9.438613e+01
      vertex   -1.248396e+02 2.780759e+01 9.476181e+01
      vertex   -1.245181e+02 2.893611e+01 9.438613e+01
    endloop
  endfacet
  facet normal -7.891934e-01 3.842598e-01 4.790805e-01
    outer loop
      vertex   -1.245181e+02 2.893611e+01 9.438613e+01
      vertex   -1.248396e+02 2.780759e+01 9.476181e+01
      vertex   -1.243365e+02 2.884078e+01 9.476181e+01
    endloop
  endfacet
  facet normal -7.645526e-01 4.312090e-01 4.790805e-01
    outer loop
      vertex   -1.245181e+02 2.893611e+01 9.438613e+01
      vertex   -1.243365e+02 2.884078e+01 9.476181e+01
      vertex   -1.239475e+02 2.994784e+01 9.438613e+01
    endloop
  endfacet
  facet normal -7.645526e-01 4.312090e-01 4.790805e-01
    outer loop
      vertex   -1.239475e+02 2.994784e+01 9.438613e+01
      vertex   -1.243365e+02 2.884078e+01 9.476181e+01
      vertex   -1.237720e+02 2.984171e+01 9.476181e+01
    endloop
  endfacet
  facet normal -7.371219e-01 4.765848e-01 4.790805e-01
    outer loop
      vertex   -1.239475e+02 2.994784e+01 9.438613e+01
      vertex   -1.237720e+02 2.984171e+01 9.476181e+01
      vertex   -1.233169e+02 3.092326e+01 9.438613e+01
    endloop
  endfacet
  facet normal -7.371219e-01 4.765848e-01 4.790805e-01
    outer loop
      vertex   -1.233169e+02 3.092326e+01 9.438613e+01
      vertex   -1.237720e+02 2.984171e+01 9.476181e+01
      vertex   -1.231481e+02 3.080673e+01 9.476181e+01
    endloop
  endfacet
  facet normal -7.070016e-01 5.202217e-01 4.790805e-01
    outer loop
      vertex   -1.233169e+02 3.092326e+01 9.438613e+01
      vertex   -1.231481e+02 3.080673e+01 9.476181e+01
      vertex   -1.226285e+02 3.185882e+01 9.438613e+01
    endloop
  endfacet
  facet normal -7.070016e-01 5.202217e-01 4.790805e-01
    outer loop
      vertex   -1.226285e+02 3.185882e+01 9.438613e+01
      vertex   -1.231481e+02 3.080673e+01 9.476181e+01
      vertex   -1.224670e+02 3.173231e+01 9.476181e+01
    endloop
  endfacet
  facet normal -6.743015e-01 5.619602e-01 4.790805e-01
    outer loop
      vertex   -1.226285e+02 3.185882e+01 9.438613e+01
      vertex   -1.224670e+02 3.173231e+01 9.476181e+01
      vertex   -1.218848e+02 3.275112e+01 9.438613e+01
    endloop
  endfacet
  facet normal -6.743015e-01 5.619602e-01 4.790805e-01
    outer loop
      vertex   -1.218848e+02 3.275112e+01 9.438613e+01
      vertex   -1.224670e+02 3.173231e+01 9.476181e+01
      vertex   -1.217313e+02 3.261509e+01 9.476181e+01
    endloop
  endfacet
  facet normal -6.391410e-01 6.016483e-01 4.790805e-01
    outer loop
      vertex   -1.218848e+02 3.275112e+01 9.438613e+01
      vertex   -1.217313e+02 3.261509e+01 9.476181e+01
      vertex   -1.210887e+02 3.359688e+01 9.438613e+01
    endloop
  endfacet
  facet normal -6.391410e-01 6.016483e-01 4.790805e-01
    outer loop
      vertex   -1.210887e+02 3.359688e+01 9.438613e+01
      vertex   -1.217313e+02 3.261509e+01 9.476181e+01
      vertex   -1.209436e+02 3.345183e+01 9.476181e+01
    endloop
  endfacet
  facet normal -6.016483e-01 6.391410e-01 4.790805e-01
    outer loop
      vertex   -1.210887e+02 3.359688e+01 9.438613e+01
      vertex   -1.209436e+02 3.345183e+01 9.476181e+01
      vertex   -1.202429e+02 3.439304e+01 9.438613e+01
    endloop
  endfacet
  facet normal -6.016483e-01 6.391410e-01 4.790805e-01
    outer loop
      vertex   -1.202429e+02 3.439304e+01 9.438613e+01
      vertex   -1.209436e+02 3.345183e+01 9.476181e+01
      vertex   -1.201069e+02 3.423949e+01 9.476181e+01
    endloop
  endfacet
  facet normal -5.619602e-01 6.743015e-01 4.790805e-01
    outer loop
      vertex   -1.202429e+02 3.439304e+01 9.438613e+01
      vertex   -1.201069e+02 3.423949e+01 9.476181e+01
      vertex   -1.193506e+02 3.513667e+01 9.438613e+01
    endloop
  endfacet
  facet normal -5.619602e-01 6.743015e-01 4.790805e-01
    outer loop
      vertex   -1.193506e+02 3.513667e+01 9.438613e+01
      vertex   -1.201069e+02 3.423949e+01 9.476181e+01
      vertex   -1.192241e+02 3.497519e+01 9.476181e+01
    endloop
  endfacet
  facet normal -5.202217e-01 7.070016e-01 4.790805e-01
    outer loop
      vertex   -1.193506e+02 3.513667e+01 9.438613e+01
      vertex   -1.192241e+02 3.497519e+01 9.476181e+01
      vertex   -1.184151e+02 3.582507e+01 9.438613e+01
    endloop
  endfacet
  facet normal -5.202217e-01 7.070016e-01 4.790805e-01
    outer loop
      vertex   -1.184151e+02 3.582507e+01 9.438613e+01
      vertex   -1.192241e+02 3.497519e+01 9.476181e+01
      vertex   -1.182985e+02 3.565625e+01 9.476181e+01
    endloop
  endfacet
  facet normal -4.765848e-01 7.371219e-01 4.790805e-01
    outer loop
      vertex   -1.184151e+02 3.582507e+01 9.438613e+01
      vertex   -1.182985e+02 3.565625e+01 9.476181e+01
      vertex   -1.174396e+02 3.645573e+01 9.438613e+01
    endloop
  endfacet
  facet normal -4.765848e-01 7.371219e-01 4.790805e-01
    outer loop
      vertex   -1.174396e+02 3.645573e+01 9.438613e+01
      vertex   -1.182985e+02 3.565625e+01 9.476181e+01
      vertex   -1.173335e+02 3.628018e+01 9.476181e+01
    endloop
  endfacet
  facet normal -4.312090e-01 7.645526e-01 4.790805e-01
    outer loop
      vertex   -1.174396e+02 3.645573e+01 9.438613e+01
      vertex   -1.173335e+02 3.628018e+01 9.476181e+01
      vertex   -1.164279e+02 3.702634e+01 9.438613e+01
    endloop
  endfacet
  facet normal -4.312090e-01 7.645526e-01 4.790805e-01
    outer loop
      vertex   -1.164279e+02 3.702634e+01 9.438613e+01
      vertex   -1.173335e+02 3.628018e+01 9.476181e+01
      vertex   -1.163326e+02 3.684470e+01 9.476181e+01
    endloop
  endfacet
  facet normal -3.842598e-01 7.891934e-01 4.790805e-01
    outer loop
      vertex   -1.164279e+02 3.702634e+01 9.438613e+01
      vertex   -1.163326e+02 3.684470e+01 9.476181e+01
      vertex   -1.153836e+02 3.753483e+01 9.438613e+01
    endloop
  endfacet
  facet normal -3.842598e-01 7.891934e-01 4.790805e-01
    outer loop
      vertex   -1.153836e+02 3.753483e+01 9.438613e+01
      vertex   -1.163326e+02 3.684470e+01 9.476181e+01
      vertex   -1.152994e+02 3.734776e+01 9.476181e+01
    endloop
  endfacet
  facet normal -3.359084e-01 8.109546e-01 4.790805e-01
    outer loop
      vertex   -1.153836e+02 3.753483e+01 9.438613e+01
      vertex   -1.152994e+02 3.734776e+01 9.476181e+01
      vertex   -1.143105e+02 3.797933e+01 9.438613e+01
    endloop
  endfacet
  facet normal -3.359084e-01 8.109546e-01 4.790805e-01
    outer loop
      vertex   -1.143105e+02 3.797933e+01 9.438613e+01
      vertex   -1.152994e+02 3.734776e+01 9.476181e+01
      vertex   -1.142377e+02 3.778753e+01 9.476181e+01
    endloop
  endfacet
  facet normal -2.863313e-01 8.297567e-01 4.790805e-01
    outer loop
      vertex   -1.143105e+02 3.797933e+01 9.438613e+01
      vertex   -1.142377e+02 3.778753e+01 9.476181e+01
      vertex   -1.132125e+02 3.835823e+01 9.438613e+01
    endloop
  endfacet
  facet normal -2.863313e-01 8.297567e-01 4.790805e-01
    outer loop
      vertex   -1.132125e+02 3.835823e+01 9.438613e+01
      vertex   -1.142377e+02 3.778753e+01 9.476181e+01
      vertex   -1.131514e+02 3.816238e+01 9.476181e+01
    endloop
  endfacet
  facet normal -2.357095e-01 8.455311e-01 4.790805e-01
    outer loop
      vertex   -1.132125e+02 3.835823e+01 9.438613e+01
      vertex   -1.131514e+02 3.816238e+01 9.476181e+01
      vertex   -1.120936e+02 3.867014e+01 9.438613e+01
    endloop
  endfacet
  facet normal -2.357095e-01 8.455311e-01 4.790805e-01
    outer loop
      vertex   -1.120936e+02 3.867014e+01 9.438613e+01
      vertex   -1.131514e+02 3.816238e+01 9.476181e+01
      vertex   -1.120445e+02 3.847096e+01 9.476181e+01
    endloop
  endfacet
  facet normal -1.842275e-01 8.582203e-01 4.790805e-01
    outer loop
      vertex   -1.120936e+02 3.867014e+01 9.438613e+01
      vertex   -1.120445e+02 3.847096e+01 9.476181e+01
      vertex   -1.109579e+02 3.891392e+01 9.438613e+01
    endloop
  endfacet
  facet normal -1.842275e-01 8.582203e-01 4.790805e-01
    outer loop
      vertex   -1.109579e+02 3.891392e+01 9.438613e+01
      vertex   -1.120445e+02 3.847096e+01 9.476181e+01
      vertex   -1.109209e+02 3.871215e+01 9.476181e+01
    endloop
  endfacet
  facet normal -1.320734e-01 8.677779e-01 4.790805e-01
    outer loop
      vertex   -1.109579e+02 3.891392e+01 9.438613e+01
      vertex   -1.109209e+02 3.871215e+01 9.476181e+01
      vertex   -1.098096e+02 3.908870e+01 9.438613e+01
    endloop
  endfacet
  facet normal -1.320734e-01 8.677779e-01 4.790805e-01
    outer loop
      vertex   -1.098096e+02 3.908870e+01 9.438613e+01
      vertex   -1.109209e+02 3.871215e+01 9.476181e+01
      vertex   -1.097849e+02 3.888506e+01 9.476181e+01
    endloop
  endfacet
  facet normal -7.943728e-02 8.741691e-01 4.790805e-01
    outer loop
      vertex   -1.098096e+02 3.908870e+01 9.438613e+01
      vertex   -1.097849e+02 3.888506e+01 9.476181e+01
      vertex   -1.086528e+02 3.919381e+01 9.438613e+01
    endloop
  endfacet
  facet normal -7.943728e-02 8.741691e-01 4.790805e-01
    outer loop
      vertex   -1.086528e+02 3.919381e+01 9.438613e+01
      vertex   -1.097849e+02 3.888506e+01 9.476181e+01
      vertex   -1.086404e+02 3.898905e+01 9.476181e+01
    endloop
  endfacet
  facet normal -2.651134e-02 8.773705e-01 4.790805e-01
    outer loop
      vertex   -1.086528e+02 3.919381e+01 9.438613e+01
      vertex   -1.086404e+02 3.898905e+01 9.476181e+01
      vertex   -1.074918e+02 3.922890e+01 9.438613e+01
    endloop
  endfacet
  facet normal -2.651134e-02 8.773705e-01 4.790805e-01
    outer loop
      vertex   -1.074918e+02 3.922890e+01 9.438613e+01
      vertex   -1.086404e+02 3.898905e+01 9.476181e+01
      vertex   -1.074918e+02 3.902376e+01 9.476181e+01
    endloop
  endfacet
  facet normal 2.651134e-02 8.773705e-01 4.790805e-01
    outer loop
      vertex   -1.074918e+02 3.922890e+01 9.438613e+01
      vertex   -1.074918e+02 3.902376e+01 9.476181e+01
      vertex   -1.063308e+02 3.919381e+01 9.438613e+01
    endloop
  endfacet
  facet normal 2.651134e-02 8.773705e-01 4.790805e-01
    outer loop
      vertex   -1.063308e+02 3.919381e+01 9.438613e+01
      vertex   -1.074918e+02 3.902376e+01 9.476181e+01
      vertex   -1.063432e+02 3.898905e+01 9.476181e+01
    endloop
  endfacet
  facet normal 7.943728e-02 8.741691e-01 4.790805e-01
    outer loop
      vertex   -1.063308e+02 3.919381e+01 9.438613e+01
      vertex   -1.063432e+02 3.898905e+01 9.476181e+01
      vertex   -1.051740e+02 3.908870e+01 9.438613e+01
    endloop
  endfacet
  facet normal 7.943728e-02 8.741691e-01 4.790805e-01
    outer loop
      vertex   -1.051740e+02 3.908870e+01 9.438613e+01
      vertex   -1.063432e+02 3.898905e+01 9.476181e+01
      vertex   -1.051987e+02 3.888506e+01 9.476181e+01
    endloop
  endfacet
  facet normal 1.320734e-01 8.677779e-01 4.790805e-01
    outer loop
      vertex   -1.051740e+02 3.908870e+01 9.438613e+01
      vertex   -1.051987e+02 3.888506e+01 9.476181e+01
      vertex   -1.040257e+02 3.891392e+01 9.438613e+01
    endloop
  endfacet
  facet normal 1.320734e-01 8.677779e-01 4.790805e-01
    outer loop
      vertex   -1.040257e+02 3.891392e+01 9.438613e+01
      vertex   -1.051987e+02 3.888506e+01 9.476181e+01
      vertex   -1.040627e+02 3.871215e+01 9.476181e+01
    endloop
  endfacet
  facet normal 1.842275e-01 8.582203e-01 4.790805e-01
    outer loop
      vertex   -1.040257e+02 3.891392e+01 9.438613e+01
      vertex   -1.040627e+02 3.871215e+01 9.476181e+01
      vertex   -1.028900e+02 3.867014e+01 9.438613e+01
    endloop
  endfacet
  facet normal 1.842275e-01 8.582203e-01 4.790805e-01
    outer loop
      vertex   -1.028900e+02 3.867014e+01 9.438613e+01
      vertex   -1.040627e+02 3.871215e+01 9.476181e+01
      vertex   -1.029391e+02 3.847096e+01 9.476181e+01
    endloop
  endfacet
  facet normal 2.357095e-01 8.455311e-01 4.790805e-01
    outer loop
      vertex   -1.028900e+02 3.867014e+01 9.438613e+01
      vertex   -1.029391e+02 3.847096e+01 9.476181e+01
      vertex   -1.017711e+02 3.835823e+01 9.438613e+01
    endloop
  endfacet
  facet normal 2.357095e-01 8.455311e-01 4.790805e-01
    outer loop
      vertex   -1.017711e+02 3.835823e+01 9.438613e+01
      vertex   -1.029391e+02 3.847096e+01 9.476181e+01
      vertex   -1.018322e+02 3.816238e+01 9.476181e+01
    endloop
  endfacet
  facet normal 2.863313e-01 8.297567e-01 4.790805e-01
    outer loop
      vertex   -1.017711e+02 3.835823e+01 9.438613e+01
      vertex   -1.018322e+02 3.816238e+01 9.476181e+01
      vertex   -1.006731e+02 3.797933e+01 9.438613e+01
    endloop
  endfacet
  facet normal 2.863313e-01 8.297567e-01 4.790805e-01
    outer loop
      vertex   -1.006731e+02 3.797933e+01 9.438613e+01
      vertex   -1.018322e+02 3.816238e+01 9.476181e+01
      vertex   -1.007459e+02 3.778753e+01 9.476181e+01
    endloop
  endfacet
  facet normal 3.358288e-01 8.109869e-01 4.790816e-01
    outer loop
      vertex   -1.006731e+02 3.797933e+01 9.438613e+01
      vertex   -1.007459e+02 3.778753e+01 9.476181e+01
      vertex   -9.968761e+01 3.734929e+01 9.476181e+01
    endloop
  endfacet
  facet normal 3.063432e-01 7.397827e-01 5.990621e-01
    outer loop
      vertex   -9.968761e+01 3.734929e+01 9.476181e+01
      vertex   -1.007459e+02 3.778753e+01 9.476181e+01
      vertex   -9.979367e+01 3.711574e+01 9.510447e+01
    endloop
  endfacet
  facet normal 3.504070e-01 7.198905e-01 5.991433e-01
    outer loop
      vertex   -9.968761e+01 3.734929e+01 9.476181e+01
      vertex   -9.979367e+01 3.711574e+01 9.510447e+01
      vertex   -9.877023e+01 3.661757e+01 9.510447e+01
    endloop
  endfacet
  facet normal 3.095419e-01 6.359354e-01 7.069441e-01
    outer loop
      vertex   -9.877023e+01 3.661757e+01 9.510447e+01
      vertex   -9.979367e+01 3.711574e+01 9.510447e+01
      vertex   -9.891088e+01 3.634958e+01 9.540714e+01
    endloop
  endfacet
  facet normal 3.474487e-01 6.160418e-01 7.069454e-01
    outer loop
      vertex   -9.877023e+01 3.661757e+01 9.510447e+01
      vertex   -9.891088e+01 3.634958e+01 9.540714e+01
      vertex   -9.778280e+01 3.606066e+01 9.510447e+01
    endloop
  endfacet
  facet normal 3.474487e-01 6.160418e-01 7.069454e-01
    outer loop
      vertex   -9.778280e+01 3.606066e+01 9.510447e+01
      vertex   -9.891088e+01 3.634958e+01 9.540714e+01
      vertex   -9.793938e+01 3.580164e+01 9.540714e+01
    endloop
  endfacet
  facet normal 3.840105e-01 5.939395e-01 7.069454e-01
    outer loop
      vertex   -9.778280e+01 3.606066e+01 9.510447e+01
      vertex   -9.793938e+01 3.580164e+01 9.540714e+01
      vertex   -9.683079e+01 3.544514e+01 9.510447e+01
    endloop
  endfacet
  facet normal 3.840105e-01 5.939395e-01 7.069454e-01
    outer loop
      vertex   -9.683079e+01 3.544514e+01 9.510447e+01
      vertex   -9.793938e+01 3.580164e+01 9.540714e+01
      vertex   -9.700273e+01 3.519605e+01 9.540714e+01
    endloop
  endfacet
  facet normal 4.191711e-01 5.696699e-01 7.069454e-01
    outer loop
      vertex   -9.683079e+01 3.544514e+01 9.510447e+01
      vertex   -9.700273e+01 3.519605e+01 9.540714e+01
      vertex   -9.591769e+01 3.477327e+01 9.510447e+01
    endloop
  endfacet
  facet normal 4.191711e-01 5.696699e-01 7.069454e-01
    outer loop
      vertex   -9.591769e+01 3.477327e+01 9.510447e+01
      vertex   -9.700273e+01 3.519605e+01 9.540714e+01
      vertex   -9.610435e+01 3.453501e+01 9.540714e+01
    endloop
  endfacet
  facet normal 4.528021e-01 5.433216e-01 7.069454e-01
    outer loop
      vertex   -9.591769e+01 3.477327e+01 9.510447e+01
      vertex   -9.610435e+01 3.453501e+01 9.540714e+01
      vertex   -9.504682e+01 3.404749e+01 9.510447e+01
    endloop
  endfacet
  facet normal 4.528021e-01 5.433216e-01 7.069454e-01
    outer loop
      vertex   -9.504682e+01 3.404749e+01 9.510447e+01
      vertex   -9.610435e+01 3.453501e+01 9.540714e+01
      vertex   -9.524752e+01 3.382094e+01 9.540714e+01
    endloop
  endfacet
  facet normal 4.847809e-01 5.149909e-01 7.069454e-01
    outer loop
      vertex   -9.504682e+01 3.404749e+01 9.510447e+01
      vertex   -9.524752e+01 3.382094e+01 9.540714e+01
      vertex   -9.422136e+01 3.327045e+01 9.510447e+01
    endloop
  endfacet
  facet normal 4.847809e-01 5.149909e-01 7.069454e-01
    outer loop
      vertex   -9.422136e+01 3.327045e+01 9.510447e+01
      vertex   -9.524752e+01 3.382094e+01 9.540714e+01
      vertex   -9.443537e+01 3.305643e+01 9.540714e+01
    endloop
  endfacet
  facet normal 5.149909e-01 4.847809e-01 7.069454e-01
    outer loop
      vertex   -9.422136e+01 3.327045e+01 9.510447e+01
      vertex   -9.443537e+01 3.305643e+01 9.540714e+01
      vertex   -9.344432e+01 3.244499e+01 9.510447e+01
    endloop
  endfacet
  facet normal 5.149909e-01 4.847809e-01 7.069454e-01
    outer loop
      vertex   -9.344432e+01 3.244499e+01 9.510447e+01
      vertex   -9.443537e+01 3.305643e+01 9.540714e+01
      vertex   -9.367087e+01 3.224428e+01 9.540714e+01
    endloop
  endfacet
  facet normal 5.433216e-01 4.528021e-01 7.069454e-01
    outer loop
      vertex   -9.344432e+01 3.244499e+01 9.510447e+01
      vertex   -9.367087e+01 3.224428e+01 9.540714e+01
      vertex   -9.271854e+01 3.157412e+01 9.510447e+01
    endloop
  endfacet
  facet normal 5.433216e-01 4.528021e-01 7.069454e-01
    outer loop
      vertex   -9.271854e+01 3.157412e+01 9.510447e+01
      vertex   -9.367087e+01 3.224428e+01 9.540714e+01
      vertex   -9.295679e+01 3.138746e+01 9.540714e+01
    endloop
  endfacet
  facet normal 5.696699e-01 4.191711e-01 7.069454e-01
    outer loop
      vertex   -9.271854e+01 3.157412e+01 9.510447e+01
      vertex   -9.295679e+01 3.138746e+01 9.540714e+01
      vertex   -9.204666e+01 3.066101e+01 9.510447e+01
    endloop
  endfacet
  facet normal 5.696699e-01 4.191711e-01 7.069454e-01
    outer loop
      vertex   -9.204666e+01 3.066101e+01 9.510447e+01
      vertex   -9.295679e+01 3.138746e+01 9.540714e+01
      vertex   -9.229575e+01 3.048908e+01 9.540714e+01
    endloop
  endfacet
  facet normal 5.939395e-01 3.840105e-01 7.069454e-01
    outer loop
      vertex   -9.204666e+01 3.066101e+01 9.510447e+01
      vertex   -9.229575e+01 3.048908e+01 9.540714e+01
      vertex   -9.143114e+01 2.970901e+01 9.510447e+01
    endloop
  endfacet
  facet normal 5.939395e-01 3.840105e-01 7.069454e-01
    outer loop
      vertex   -9.143114e+01 2.970901e+01 9.510447e+01
      vertex   -9.229575e+01 3.048908e+01 9.540714e+01
      vertex   -9.169016e+01 2.955243e+01 9.540714e+01
    endloop
  endfacet
  facet normal 6.160418e-01 3.474487e-01 7.069454e-01
    outer loop
      vertex   -9.143114e+01 2.970901e+01 9.510447e+01
      vertex   -9.169016e+01 2.955243e+01 9.540714e+01
      vertex   -9.087423e+01 2.872158e+01 9.510447e+01
    endloop
  endfacet
  facet normal 6.160418e-01 3.474487e-01 7.069454e-01
    outer loop
      vertex   -9.087423e+01 2.872158e+01 9.510447e+01
      vertex   -9.169016e+01 2.955243e+01 9.540714e+01
      vertex   -9.114223e+01 2.858092e+01 9.540714e+01
    endloop
  endfacet
  facet normal 6.358963e-01 3.096191e-01 7.069454e-01
    outer loop
      vertex   -9.087423e+01 2.872158e+01 9.510447e+01
      vertex   -9.114223e+01 2.858092e+01 9.540714e+01
      vertex   -9.037795e+01 2.770232e+01 9.510447e+01
    endloop
  endfacet
  facet normal 6.358963e-01 3.096191e-01 7.069454e-01
    outer loop
      vertex   -9.037795e+01 2.770232e+01 9.510447e+01
      vertex   -9.114223e+01 2.858092e+01 9.540714e+01
      vertex   -9.065395e+01 2.757810e+01 9.540714e+01
    endloop
  endfacet
  facet normal 6.534572e-01 2.705980e-01 7.069444e-01
    outer loop
      vertex   -9.037795e+01 2.770232e+01 9.510447e+01
      vertex   -9.065395e+01 2.757810e+01 9.540714e+01
      vertex   -8.994286e+01 2.665162e+01 9.510447e+01
    endloop
  endfacet
  facet normal 6.534392e-01 2.705760e-01 7.069695e-01
    outer loop
      vertex   -8.994286e+01 2.665162e+01 9.510447e+01
      vertex   -9.065395e+01 2.757810e+01 9.540714e+01
      vertex   -9.022562e+01 2.654369e+01 9.540714e+01
    endloop
  endfacet
  facet normal 6.686248e-01 2.306569e-01 7.069217e-01
    outer loop
      vertex   -8.994286e+01 2.665162e+01 9.510447e+01
      vertex   -9.022562e+01 2.654369e+01 9.540714e+01
      vertex   -8.957432e+01 2.558331e+01 9.510447e+01
    endloop
  endfacet
  facet normal 6.686056e-01 2.306361e-01 7.069466e-01
    outer loop
      vertex   -8.957432e+01 2.558331e+01 9.510447e+01
      vertex   -9.022562e+01 2.654369e+01 9.540714e+01
      vertex   -8.986328e+01 2.549327e+01 9.540714e+01
    endloop
  endfacet
  facet normal 6.812907e-01 1.899240e-01 7.069454e-01
    outer loop
      vertex   -8.957432e+01 2.558331e+01 9.510447e+01
      vertex   -8.986328e+01 2.549327e+01 9.540714e+01
      vertex   -8.926990e+01 2.449130e+01 9.510447e+01
    endloop
  endfacet
  facet normal 6.812907e-01 1.899240e-01 7.069454e-01
    outer loop
      vertex   -8.926990e+01 2.449130e+01 9.510447e+01
      vertex   -8.986328e+01 2.549327e+01 9.540714e+01
      vertex   -8.956377e+01 2.441886e+01 9.540714e+01
    endloop
  endfacet
  facet normal 6.915151e-01 1.484422e-01 7.069454e-01
    outer loop
      vertex   -8.926990e+01 2.449130e+01 9.510447e+01
      vertex   -8.956377e+01 2.441886e+01 9.540714e+01
      vertex   -8.903196e+01 2.338289e+01 9.510447e+01
    endloop
  endfacet
  facet normal 6.915151e-01 1.484422e-01 7.069454e-01
    outer loop
      vertex   -8.903196e+01 2.338289e+01 9.510447e+01
      vertex   -8.956377e+01 2.441886e+01 9.540714e+01
      vertex   -8.932967e+01 2.332833e+01 9.540714e+01
    endloop
  endfacet
  facet normal 6.992161e-01 1.064187e-01 7.069454e-01
    outer loop
      vertex   -8.903196e+01 2.338289e+01 9.510447e+01
      vertex   -8.932967e+01 2.332833e+01 9.540714e+01
      vertex   -8.886139e+01 2.226214e+01 9.510447e+01
    endloop
  endfacet
  facet normal 6.992161e-01 1.064187e-01 7.069454e-01
    outer loop
      vertex   -8.886139e+01 2.226214e+01 9.510447e+01
      vertex   -8.932967e+01 2.332833e+01 9.540714e+01
      vertex   -8.916185e+01 2.222566e+01 9.540714e+01
    endloop
  endfacet
  facet normal 7.043659e-01 6.400697e-02 7.069454e-01
    outer loop
      vertex   -8.886139e+01 2.226214e+01 9.510447e+01
      vertex   -8.916185e+01 2.222566e+01 9.540714e+01
      vertex   -8.875880e+01 2.113314e+01 9.510447e+01
    endloop
  endfacet
  facet normal 7.043659e-01 6.400697e-02 7.069454e-01
    outer loop
      vertex   -8.875880e+01 2.113314e+01 9.510447e+01
      vertex   -8.916185e+01 2.222566e+01 9.540714e+01
      vertex   -8.906091e+01 2.111486e+01 9.540714e+01
    endloop
  endfacet
  facet normal 7.069454e-01 2.136164e-02 7.069454e-01
    outer loop
      vertex   -8.875880e+01 2.113314e+01 9.510447e+01
      vertex   -8.906091e+01 2.111486e+01 9.540714e+01
      vertex   -8.872456e+01 2.000000e+01 9.510447e+01
    endloop
  endfacet
  facet normal 7.069454e-01 2.136164e-02 7.069454e-01
    outer loop
      vertex   -8.872456e+01 2.000000e+01 9.510447e+01
      vertex   -8.906091e+01 2.111486e+01 9.540714e+01
      vertex   -8.902722e+01 2.000000e+01 9.540714e+01
    endloop
  endfacet
  facet normal 7.069454e-01 -2.136164e-02 7.069454e-01
    outer loop
      vertex   -8.872456e+01 2.000000e+01 9.510447e+01
      vertex   -8.902722e+01 2.000000e+01 9.540714e+01
      vertex   -8.875880e+01 1.886686e+01 9.510447e+01
    endloop
  endfacet
  facet normal 7.069454e-01 -2.136164e-02 7.069454e-01
    outer loop
      vertex   -8.875880e+01 1.886686e+01 9.510447e+01
      vertex   -8.902722e+01 2.000000e+01 9.540714e+01
      vertex   -8.906091e+01 1.888514e+01 9.540714e+01
    endloop
  endfacet
  facet normal 7.043659e-01 -6.400697e-02 7.069454e-01
    outer loop
      vertex   -8.875880e+01 1.886686e+01 9.510447e+01
      vertex   -8.906091e+01 1.888514e+01 9.540714e+01
      vertex   -8.886139e+01 1.773786e+01 9.510447e+01
    endloop
  endfacet
  facet normal 7.043659e-01 -6.400697e-02 7.069454e-01
    outer loop
      vertex   -8.886139e+01 1.773786e+01 9.510447e+01
      vertex   -8.906091e+01 1.888514e+01 9.540714e+01
      vertex   -8.916185e+01 1.777434e+01 9.540714e+01
    endloop
  endfacet
  facet normal 6.992161e-01 -1.064187e-01 7.069454e-01
    outer loop
      vertex   -8.886139e+01 1.773786e+01 9.510447e+01
      vertex   -8.916185e+01 1.777434e+01 9.540714e+01
      vertex   -8.903196e+01 1.661711e+01 9.510447e+01
    endloop
  endfacet
  facet normal 6.992161e-01 -1.064187e-01 7.069454e-01
    outer loop
      vertex   -8.903196e+01 1.661711e+01 9.510447e+01
      vertex   -8.916185e+01 1.777434e+01 9.540714e+01
      vertex   -8.932967e+01 1.667167e+01 9.540714e+01
    endloop
  endfacet
  facet normal 6.915151e-01 -1.484422e-01 7.069454e-01
    outer loop
      vertex   -8.903196e+01 1.661711e+01 9.510447e+01
      vertex   -8.932967e+01 1.667167e+01 9.540714e+01
      vertex   -8.926990e+01 1.550870e+01 9.510447e+01
    endloop
  endfacet
  facet normal 6.915151e-01 -1.484422e-01 7.069454e-01
    outer loop
      vertex   -8.926990e+01 1.550870e+01 9.510447e+01
      vertex   -8.932967e+01 1.667167e+01 9.540714e+01
      vertex   -8.956377e+01 1.558114e+01 9.540714e+01
    endloop
  endfacet
  facet normal 6.812907e-01 -1.899240e-01 7.069454e-01
    outer loop
      vertex   -8.926990e+01 1.550870e+01 9.510447e+01
      vertex   -8.956377e+01 1.558114e+01 9.540714e+01
      vertex   -8.957432e+01 1.441669e+01 9.510447e+01
    endloop
  endfacet
  facet normal 6.812907e-01 -1.899240e-01 7.069454e-01
    outer loop
      vertex   -8.957432e+01 1.441669e+01 9.510447e+01
      vertex   -8.956377e+01 1.558114e+01 9.540714e+01
      vertex   -8.986328e+01 1.450673e+01 9.540714e+01
    endloop
  endfacet
  facet normal 6.685804e-01 -2.307128e-01 7.069454e-01
    outer loop
      vertex   -8.957432e+01 1.441669e+01 9.510447e+01
      vertex   -8.986328e+01 1.450673e+01 9.540714e+01
      vertex   -8.994412e+01 1.334504e+01 9.510447e+01
    endloop
  endfacet
  facet normal 6.685804e-01 -2.307128e-01 7.069454e-01
    outer loop
      vertex   -8.994412e+01 1.334504e+01 9.510447e+01
      vertex   -8.986328e+01 1.450673e+01 9.540714e+01
      vertex   -9.022712e+01 1.345237e+01 9.540714e+01
    endloop
  endfacet
  facet normal 6.534305e-01 -2.706598e-01 7.069454e-01
    outer loop
      vertex   -8.994412e+01 1.334504e+01 9.510447e+01
      vertex   -9.022712e+01 1.345237e+01 9.540714e+01
      vertex   -9.037795e+01 1.229768e+01 9.510447e+01
    endloop
  endfacet
  facet normal 6.534305e-01 -2.706598e-01 7.069454e-01
    outer loop
      vertex   -9.037795e+01 1.229768e+01 9.510447e+01
      vertex   -9.022712e+01 1.345237e+01 9.540714e+01
      vertex   -9.065395e+01 1.242190e+01 9.540714e+01
    endloop
  endfacet
  facet normal 6.358963e-01 -3.096191e-01 7.069454e-01
    outer loop
      vertex   -9.037795e+01 1.229768e+01 9.510447e+01
      vertex   -9.065395e+01 1.242190e+01 9.540714e+01
      vertex   -9.087423e+01 1.127842e+01 9.510447e+01
    endloop
  endfacet
  facet normal 6.358963e-01 -3.096191e-01 7.069454e-01
    outer loop
      vertex   -9.087423e+01 1.127842e+01 9.510447e+01
      vertex   -9.065395e+01 1.242190e+01 9.540714e+01
      vertex   -9.114223e+01 1.141908e+01 9.540714e+01
    endloop
  endfacet
  facet normal 6.160418e-01 -3.474487e-01 7.069454e-01
    outer loop
      vertex   -9.087423e+01 1.127842e+01 9.510447e+01
      vertex   -9.114223e+01 1.141908e+01 9.540714e+01
      vertex   -9.143114e+01 1.029099e+01 9.510447e+01
    endloop
  endfacet
  facet normal 6.160418e-01 -3.474487e-01 7.069454e-01
    outer loop
      vertex   -9.143114e+01 1.029099e+01 9.510447e+01
      vertex   -9.114223e+01 1.141908e+01 9.540714e+01
      vertex   -9.169016e+01 1.044757e+01 9.540714e+01
    endloop
  endfacet
  facet normal 5.939395e-01 -3.840105e-01 7.069454e-01
    outer loop
      vertex   -9.143114e+01 1.029099e+01 9.510447e+01
      vertex   -9.169016e+01 1.044757e+01 9.540714e+01
      vertex   -9.204666e+01 9.338988e+00 9.510447e+01
    endloop
  endfacet
  facet normal 5.939395e-01 -3.840105e-01 7.069454e-01
    outer loop
      vertex   -9.204666e+01 9.338988e+00 9.510447e+01
      vertex   -9.169016e+01 1.044757e+01 9.540714e+01
      vertex   -9.229575e+01 9.510922e+00 9.540714e+01
    endloop
  endfacet
  facet normal 5.696699e-01 -4.191711e-01 7.069454e-01
    outer loop
      vertex   -9.204666e+01 9.338988e+00 9.510447e+01
      vertex   -9.229575e+01 9.510922e+00 9.540714e+01
      vertex   -9.271854e+01 8.425884e+00 9.510447e+01
    endloop
  endfacet
  facet normal 5.696699e-01 -4.191711e-01 7.069454e-01
    outer loop
      vertex   -9.271854e+01 8.425884e+00 9.510447e+01
      vertex   -9.229575e+01 9.510922e+00 9.540714e+01
      vertex   -9.295679e+01 8.612544e+00 9.540714e+01
    endloop
  endfacet
  facet normal 5.433216e-01 -4.528021e-01 7.069454e-01
    outer loop
      vertex   -9.271854e+01 8.425884e+00 9.510447e+01
      vertex   -9.295679e+01 8.612544e+00 9.540714e+01
      vertex   -9.344432e+01 7.555012e+00 9.510447e+01
    endloop
  endfacet
  facet normal 5.433216e-01 -4.528021e-01 7.069454e-01
    outer loop
      vertex   -9.344432e+01 7.555012e+00 9.510447e+01
      vertex   -9.295679e+01 8.612544e+00 9.540714e+01
      vertex   -9.367087e+01 7.755717e+00 9.540714e+01
    endloop
  endfacet
  facet normal 5.149909e-01 -4.847809e-01 7.069454e-01
    outer loop
      vertex   -9.344432e+01 7.555012e+00 9.510447e+01
      vertex   -9.367087e+01 7.755717e+00 9.540714e+01
      vertex   -9.422136e+01 6.729551e+00 9.510447e+01
    endloop
  endfacet
  facet normal 5.149909e-01 -4.847809e-01 7.069454e-01
    outer loop
      vertex   -9.422136e+01 6.729551e+00 9.510447e+01
      vertex   -9.367087e+01 7.755717e+00 9.540714e+01
      vertex   -9.443537e+01 6.943569e+00 9.540714e+01
    endloop
  endfacet
  facet normal 4.847809e-01 -5.149909e-01 7.069454e-01
    outer loop
      vertex   -9.422136e+01 6.729551e+00 9.510447e+01
      vertex   -9.443537e+01 6.943569e+00 9.540714e+01
      vertex   -9.504682e+01 5.952513e+00 9.510447e+01
    endloop
  endfacet
  facet normal 4.847809e-01 -5.149909e-01 7.069454e-01
    outer loop
      vertex   -9.504682e+01 5.952513e+00 9.510447e+01
      vertex   -9.443537e+01 6.943569e+00 9.540714e+01
      vertex   -9.524752e+01 6.179062e+00 9.540714e+01
    endloop
  endfacet
  facet normal 4.528021e-01 -5.433216e-01 7.069454e-01
    outer loop
      vertex   -9.504682e+01 5.952513e+00 9.510447e+01
      vertex   -9.524752e+01 6.179062e+00 9.540714e+01
      vertex   -9.591769e+01 5.226732e+00 9.510447e+01
    endloop
  endfacet
  facet normal 4.528021e-01 -5.433216e-01 7.069454e-01
    outer loop
      vertex   -9.591769e+01 5.226732e+00 9.510447e+01
      vertex   -9.524752e+01 6.179062e+00 9.540714e+01
      vertex   -9.610435e+01 5.464986e+00 9.540714e+01
    endloop
  endfacet
  facet normal 4.191711e-01 -5.696699e-01 7.069454e-01
    outer loop
      vertex   -9.591769e+01 5.226732e+00 9.510447e+01
      vertex   -9.610435e+01 5.464986e+00 9.540714e+01
      vertex   -9.683079e+01 4.554857e+00 9.510447e+01
    endloop
  endfacet
  facet normal 4.191711e-01 -5.696699e-01 7.069454e-01
    outer loop
      vertex   -9.683079e+01 4.554857e+00 9.510447e+01
      vertex   -9.610435e+01 5.464986e+00 9.540714e+01
      vertex   -9.700273e+01 4.803947e+00 9.540714e+01
    endloop
  endfacet
  facet normal 3.840105e-01 -5.939395e-01 7.069454e-01
    outer loop
      vertex   -9.683079e+01 4.554857e+00 9.510447e+01
      vertex   -9.700273e+01 4.803947e+00 9.540714e+01
      vertex   -9.778280e+01 3.939340e+00 9.510447e+01
    endloop
  endfacet
  facet normal 3.840105e-01 -5.939395e-01 7.069454e-01
    outer loop
      vertex   -9.778280e+01 3.939340e+00 9.510447e+01
      vertex   -9.700273e+01 4.803947e+00 9.540714e+01
      vertex   -9.793938e+01 4.198356e+00 9.540714e+01
    endloop
  endfacet
  facet normal 3.474487e-01 -6.160418e-01 7.069454e-01
    outer loop
      vertex   -9.778280e+01 3.939340e+00 9.510447e+01
      vertex   -9.793938e+01 4.198356e+00 9.540714e+01
      vertex   -9.877023e+01 3.382427e+00 9.510447e+01
    endloop
  endfacet
  facet normal 3.474487e-01 -6.160418e-01 7.069454e-01
    outer loop
      vertex   -9.877023e+01 3.382427e+00 9.510447e+01
      vertex   -9.793938e+01 4.198356e+00 9.540714e+01
      vertex   -9.891088e+01 3.650424e+00 9.540714e+01
    endloop
  endfacet
  facet normal 3.096191e-01 -6.358963e-01 7.069454e-01
    outer loop
      vertex   -9.877023e+01 3.382427e+00 9.510447e+01
      vertex   -9.891088e+01 3.650424e+00 9.540714e+01
      vertex   -9.978948e+01 2.886149e+00 9.510447e+01
    endloop
  endfacet
  facet normal 3.096191e-01 -6.358963e-01 7.069454e-01
    outer loop
      vertex   -9.978948e+01 2.886149e+00 9.510447e+01
      vertex   -9.891088e+01 3.650424e+00 9.540714e+01
      vertex   -9.991370e+01 3.162150e+00 9.540714e+01
    endloop
  endfacet
  facet normal 2.706598e-01 -6.534305e-01 7.069454e-01
    outer loop
      vertex   -9.978948e+01 2.886149e+00 9.510447e+01
      vertex   -9.991370e+01 3.162150e+00 9.540714e+01
      vertex   -1.008368e+02 2.452318e+00 9.510447e+01
    endloop
  endfacet
  facet normal 2.706598e-01 -6.534305e-01 7.069454e-01
    outer loop
      vertex   -1.008368e+02 2.452318e+00 9.510447e+01
      vertex   -9.991370e+01 3.162150e+00 9.540714e+01
      vertex   -1.009442e+02 2.735316e+00 9.540714e+01
    endloop
  endfacet
  facet normal 2.307128e-01 -6.685804e-01 7.069454e-01
    outer loop
      vertex   -1.008368e+02 2.452318e+00 9.510447e+01
      vertex   -1.009442e+02 2.735316e+00 9.540714e+01
      vertex   -1.019085e+02 2.082516e+00 9.510447e+01
    endloop
  endfacet
  facet normal 2.307128e-01 -6.685804e-01 7.069454e-01
    outer loop
      vertex   -1.019085e+02 2.082516e+00 9.510447e+01
      vertex   -1.009442e+02 2.735316e+00 9.540714e+01
      vertex   -1.019985e+02 2.371478e+00 9.540714e+01
    endloop
  endfacet
  facet normal 1.899240e-01 -6.812907e-01 7.069454e-01
    outer loop
      vertex   -1.019085e+02 2.082516e+00 9.510447e+01
      vertex   -1.019985e+02 2.371478e+00 9.540714e+01
      vertex   -1.030005e+02 1.778093e+00 9.510447e+01
    endloop
  endfacet
  facet normal 1.899240e-01 -6.812907e-01 7.069454e-01
    outer loop
      vertex   -1.030005e+02 1.778093e+00 9.510447e+01
      vertex   -1.019985e+02 2.371478e+00 9.540714e+01
      vertex   -1.030729e+02 2.071965e+00 9.540714e+01
    endloop
  endfacet
  facet normal 1.484422e-01 -6.915151e-01 7.069454e-01
    outer loop
      vertex   -1.030005e+02 1.778093e+00 9.510447e+01
      vertex   -1.030729e+02 2.071965e+00 9.540714e+01
      vertex   -1.041089e+02 1.540161e+00 9.510447e+01
    endloop
  endfacet
  facet normal 1.484422e-01 -6.915151e-01 7.069454e-01
    outer loop
      vertex   -1.041089e+02 1.540161e+00 9.510447e+01
      vertex   -1.030729e+02 2.071965e+00 9.540714e+01
      vertex   -1.041635e+02 1.837869e+00 9.540714e+01
    endloop
  endfacet
  facet normal 1.064187e-01 -6.992161e-01 7.069454e-01
    outer loop
      vertex   -1.041089e+02 1.540161e+00 9.510447e+01
      vertex   -1.041635e+02 1.837869e+00 9.540714e+01
      vertex   -1.052297e+02 1.369586e+00 9.510447e+01
    endloop
  endfacet
  facet normal 1.064187e-01 -6.992161e-01 7.069454e-01
    outer loop
      vertex   -1.052297e+02 1.369586e+00 9.510447e+01
      vertex   -1.041635e+02 1.837869e+00 9.540714e+01
      vertex   -1.052661e+02 1.670045e+00 9.540714e+01
    endloop
  endfacet
  facet normal 6.400697e-02 -7.043659e-01 7.069454e-01
    outer loop
      vertex   -1.052297e+02 1.369586e+00 9.510447e+01
      vertex   -1.052661e+02 1.670045e+00 9.540714e+01
      vertex   -1.063587e+02 1.266991e+00 9.510447e+01
    endloop
  endfacet
  facet normal 6.400697e-02 -7.043659e-01 7.069454e-01
    outer loop
      vertex   -1.063587e+02 1.266991e+00 9.510447e+01
      vertex   -1.052661e+02 1.670045e+00 9.540714e+01
      vertex   -1.063769e+02 1.569105e+00 9.540714e+01
    endloop
  endfacet
  facet normal 2.136164e-02 -7.069454e-01 7.069454e-01
    outer loop
      vertex   -1.063587e+02 1.266991e+00 9.510447e+01
      vertex   -1.063769e+02 1.569105e+00 9.540714e+01
      vertex   -1.074918e+02 1.232751e+00 9.510447e+01
    endloop
  endfacet
  facet normal 2.136164e-02 -7.069454e-01 7.069454e-01
    outer loop
      vertex   -1.074918e+02 1.232751e+00 9.510447e+01
      vertex   -1.063769e+02 1.569105e+00 9.540714e+01
      vertex   -1.074918e+02 1.535418e+00 9.540714e+01
    endloop
  endfacet
  facet normal -2.136164e-02 -7.069454e-01 7.069454e-01
    outer loop
      vertex   -1.074918e+02 1.232751e+00 9.510447e+01
      vertex   -1.074918e+02 1.535418e+00 9.540714e+01
      vertex   -1.086249e+02 1.266991e+00 9.510447e+01
    endloop
  endfacet
  facet normal -2.136164e-02 -7.069454e-01 7.069454e-01
    outer loop
      vertex   -1.086249e+02 1.266991e+00 9.510447e+01
      vertex   -1.074918e+02 1.535418e+00 9.540714e+01
      vertex   -1.086067e+02 1.569105e+00 9.540714e+01
    endloop
  endfacet
  facet normal -6.400697e-02 -7.043659e-01 7.069454e-01
    outer loop
      vertex   -1.086249e+02 1.266991e+00 9.510447e+01
      vertex   -1.086067e+02 1.569105e+00 9.540714e+01
      vertex   -1.097539e+02 1.369586e+00 9.510447e+01
    endloop
  endfacet
  facet normal -6.400697e-02 -7.043659e-01 7.069454e-01
    outer loop
      vertex   -1.097539e+02 1.369586e+00 9.510447e+01
      vertex   -1.086067e+02 1.569105e+00 9.540714e+01
      vertex   -1.097175e+02 1.670045e+00 9.540714e+01
    endloop
  endfacet
  facet normal -1.064187e-01 -6.992161e-01 7.069454e-01
    outer loop
      vertex   -1.097539e+02 1.369586e+00 9.510447e+01
      vertex   -1.097175e+02 1.670045e+00 9.540714e+01
      vertex   -1.108747e+02 1.540161e+00 9.510447e+01
    endloop
  endfacet
  facet normal -1.064187e-01 -6.992161e-01 7.069454e-01
    outer loop
      vertex   -1.108747e+02 1.540161e+00 9.510447e+01
      vertex   -1.097175e+02 1.670045e+00 9.540714e+01
      vertex   -1.108201e+02 1.837869e+00 9.540714e+01
    endloop
  endfacet
  facet normal -1.484422e-01 -6.915151e-01 7.069454e-01
    outer loop
      vertex   -1.108747e+02 1.540161e+00 9.510447e+01
      vertex   -1.108201e+02 1.837869e+00 9.540714e+01
      vertex   -1.119831e+02 1.778093e+00 9.510447e+01
    endloop
  endfacet
  facet normal -1.484422e-01 -6.915151e-01 7.069454e-01
    outer loop
      vertex   -1.119831e+02 1.778093e+00 9.510447e+01
      vertex   -1.108201e+02 1.837869e+00 9.540714e+01
      vertex   -1.119107e+02 2.071965e+00 9.540714e+01
    endloop
  endfacet
  facet normal -1.899240e-01 -6.812907e-01 7.069454e-01
    outer loop
      vertex   -1.119831e+02 1.778093e+00 9.510447e+01
      vertex   -1.119107e+02 2.071965e+00 9.540714e+01
      vertex   -1.130751e+02 2.082516e+00 9.510447e+01
    endloop
  endfacet
  facet normal -1.899240e-01 -6.812907e-01 7.069454e-01
    outer loop
      vertex   -1.130751e+02 2.082516e+00 9.510447e+01
      vertex   -1.119107e+02 2.071965e+00 9.540714e+01
      vertex   -1.129851e+02 2.371478e+00 9.540714e+01
    endloop
  endfacet
  facet normal -2.307128e-01 -6.685804e-01 7.069454e-01
    outer loop
      vertex   -1.130751e+02 2.082516e+00 9.510447e+01
      vertex   -1.129851e+02 2.371478e+00 9.540714e+01
      vertex   -1.141468e+02 2.452318e+00 9.510447e+01
    endloop
  endfacet
  facet normal -2.307128e-01 -6.685804e-01 7.069454e-01
    outer loop
      vertex   -1.141468e+02 2.452318e+00 9.510447e+01
      vertex   -1.129851e+02 2.371478e+00 9.540714e+01
      vertex   -1.140394e+02 2.735316e+00 9.540714e+01
    endloop
  endfacet
  facet normal -2.706598e-01 -6.534305e-01 7.069454e-01
    outer loop
      vertex   -1.141468e+02 2.452318e+00 9.510447e+01
      vertex   -1.140394e+02 2.735316e+00 9.540714e+01
      vertex   -1.151941e+02 2.886149e+00 9.510447e+01
    endloop
  endfacet
  facet normal -2.706598e-01 -6.534305e-01 7.069454e-01
    outer loop
      vertex   -1.151941e+02 2.886149e+00 9.510447e+01
      vertex   -1.140394e+02 2.735316e+00 9.540714e+01
      vertex   -1.150699e+02 3.162150e+00 9.540714e+01
    endloop
  endfacet
  facet normal -3.096191e-01 -6.358963e-01 7.069454e-01
    outer loop
      vertex   -1.151941e+02 2.886149e+00 9.510447e+01
      vertex   -1.150699e+02 3.162150e+00 9.540714e+01
      vertex   -1.162134e+02 3.382427e+00 9.510447e+01
    endloop
  endfacet
  facet normal -3.096191e-01 -6.358963e-01 7.069454e-01
    outer loop
      vertex   -1.162134e+02 3.382427e+00 9.510447e+01
      vertex   -1.150699e+02 3.162150e+00 9.540714e+01
      vertex   -1.160727e+02 3.650424e+00 9.540714e+01
    endloop
  endfacet
  facet normal -3.474487e-01 -6.160418e-01 7.069454e-01
    outer loop
      vertex   -1.162134e+02 3.382427e+00 9.510447e+01
      vertex   -1.160727e+02 3.650424e+00 9.540714e+01
      vertex   -1.172008e+02 3.939340e+00 9.510447e+01
    endloop
  endfacet
  facet normal -3.474487e-01 -6.160418e-01 7.069454e-01
    outer loop
      vertex   -1.172008e+02 3.939340e+00 9.510447e+01
      vertex   -1.160727e+02 3.650424e+00 9.540714e+01
      vertex   -1.170442e+02 4.198356e+00 9.540714e+01
    endloop
  endfacet
  facet normal -3.840105e-01 -5.939395e-01 7.069454e-01
    outer loop
      vertex   -1.172008e+02 3.939340e+00 9.510447e+01
      vertex   -1.170442e+02 4.198356e+00 9.540714e+01
      vertex   -1.181528e+02 4.554857e+00 9.510447e+01
    endloop
  endfacet
  facet normal -3.840105e-01 -5.939395e-01 7.069454e-01
    outer loop
      vertex   -1.181528e+02 4.554857e+00 9.510447e+01
      vertex   -1.170442e+02 4.198356e+00 9.540714e+01
      vertex   -1.179809e+02 4.803947e+00 9.540714e+01
    endloop
  endfacet
  facet normal -4.191711e-01 -5.696699e-01 7.069454e-01
    outer loop
      vertex   -1.181528e+02 4.554857e+00 9.510447e+01
      vertex   -1.179809e+02 4.803947e+00 9.540714e+01
      vertex   -1.190659e+02 5.226732e+00 9.510447e+01
    endloop
  endfacet
  facet normal -4.191711e-01 -5.696699e-01 7.069454e-01
    outer loop
      vertex   -1.190659e+02 5.226732e+00 9.510447e+01
      vertex   -1.179809e+02 4.803947e+00 9.540714e+01
      vertex   -1.188793e+02 5.464986e+00 9.540714e+01
    endloop
  endfacet
  facet normal -4.528021e-01 -5.433216e-01 7.069454e-01
    outer loop
      vertex   -1.190659e+02 5.226732e+00 9.510447e+01
      vertex   -1.188793e+02 5.464986e+00 9.540714e+01
      vertex   -1.199368e+02 5.952513e+00 9.510447e+01
    endloop
  endfacet
  facet normal -4.528021e-01 -5.433216e-01 7.069454e-01
    outer loop
      vertex   -1.199368e+02 5.952513e+00 9.510447e+01
      vertex   -1.188793e+02 5.464986e+00 9.540714e+01
      vertex   -1.197361e+02 6.179062e+00 9.540714e+01
    endloop
  endfacet
  facet normal -4.847809e-01 -5.149909e-01 7.069454e-01
    outer loop
      vertex   -1.199368e+02 5.952513e+00 9.510447e+01
      vertex   -1.197361e+02 6.179062e+00 9.540714e+01
      vertex   -1.207623e+02 6.729551e+00 9.510447e+01
    endloop
  endfacet
  facet normal -4.847809e-01 -5.149909e-01 7.069454e-01
    outer loop
      vertex   -1.207623e+02 6.729551e+00 9.510447e+01
      vertex   -1.197361e+02 6.179062e+00 9.540714e+01
      vertex   -1.205482e+02 6.943569e+00 9.540714e+01
    endloop
  endfacet
  facet normal -5.149909e-01 -4.847809e-01 7.069454e-01
    outer loop
      vertex   -1.207623e+02 6.729551e+00 9.510447e+01
      vertex   -1.205482e+02 6.943569e+00 9.540714e+01
      vertex   -1.215393e+02 7.555012e+00 9.510447e+01
    endloop
  endfacet
  facet normal -5.149909e-01 -4.847809e-01 7.069454e-01
    outer loop
      vertex   -1.215393e+02 7.555012e+00 9.510447e+01
      vertex   -1.205482e+02 6.943569e+00 9.540714e+01
      vertex   -1.213127e+02 7.755717e+00 9.540714e+01
    endloop
  endfacet
  facet normal -5.433216e-01 -4.528021e-01 7.069454e-01
    outer loop
      vertex   -1.215393e+02 7.555012e+00 9.510447e+01
      vertex   -1.213127e+02 7.755717e+00 9.540714e+01
      vertex   -1.222651e+02 8.425884e+00 9.510447e+01
    endloop
  endfacet
  facet normal -5.433216e-01 -4.528021e-01 7.069454e-01
    outer loop
      vertex   -1.222651e+02 8.425884e+00 9.510447e+01
      vertex   -1.213127e+02 7.755717e+00 9.540714e+01
      vertex   -1.220268e+02 8.612544e+00 9.540714e+01
    endloop
  endfacet
  facet normal -5.696699e-01 -4.191711e-01 7.069454e-01
    outer loop
      vertex   -1.222651e+02 8.425884e+00 9.510447e+01
      vertex   -1.220268e+02 8.612544e+00 9.540714e+01
      vertex   -1.229369e+02 9.338988e+00 9.510447e+01
    endloop
  endfacet
  facet normal -5.696699e-01 -4.191711e-01 7.069454e-01
    outer loop
      vertex   -1.229369e+02 9.338988e+00 9.510447e+01
      vertex   -1.220268e+02 8.612544e+00 9.540714e+01
      vertex   -1.226879e+02 9.510922e+00 9.540714e+01
    endloop
  endfacet
  facet normal -5.939395e-01 -3.840105e-01 7.069454e-01
    outer loop
      vertex   -1.229369e+02 9.338988e+00 9.510447e+01
      vertex   -1.226879e+02 9.510922e+00 9.540714e+01
      vertex   -1.235525e+02 1.029099e+01 9.510447e+01
    endloop
  endfacet
  facet normal -5.939395e-01 -3.840105e-01 7.069454e-01
    outer loop
      vertex   -1.235525e+02 1.029099e+01 9.510447e+01
      vertex   -1.226879e+02 9.510922e+00 9.540714e+01
      vertex   -1.232934e+02 1.044757e+01 9.540714e+01
    endloop
  endfacet
  facet normal -6.160418e-01 -3.474487e-01 7.069454e-01
    outer loop
      vertex   -1.235525e+02 1.029099e+01 9.510447e+01
      vertex   -1.232934e+02 1.044757e+01 9.540714e+01
      vertex   -1.241094e+02 1.127842e+01 9.510447e+01
    endloop
  endfacet
  facet normal -6.160418e-01 -3.474487e-01 7.069454e-01
    outer loop
      vertex   -1.241094e+02 1.127842e+01 9.510447e+01
      vertex   -1.232934e+02 1.044757e+01 9.540714e+01
      vertex   -1.238414e+02 1.141908e+01 9.540714e+01
    endloop
  endfacet
  facet normal -6.358963e-01 -3.096191e-01 7.069454e-01
    outer loop
      vertex   -1.241094e+02 1.127842e+01 9.510447e+01
      vertex   -1.238414e+02 1.141908e+01 9.540714e+01
      vertex   -1.246057e+02 1.229768e+01 9.510447e+01
    endloop
  endfacet
  facet normal -6.358963e-01 -3.096191e-01 7.069454e-01
    outer loop
      vertex   -1.246057e+02 1.229768e+01 9.510447e+01
      vertex   -1.238414e+02 1.141908e+01 9.540714e+01
      vertex   -1.243297e+02 1.242190e+01 9.540714e+01
    endloop
  endfacet
  facet normal -6.534305e-01 -2.706598e-01 7.069454e-01
    outer loop
      vertex   -1.246057e+02 1.229768e+01 9.510447e+01
      vertex   -1.243297e+02 1.242190e+01 9.540714e+01
      vertex   -1.250395e+02 1.334504e+01 9.510447e+01
    endloop
  endfacet
  facet normal -6.534305e-01 -2.706598e-01 7.069454e-01
    outer loop
      vertex   -1.250395e+02 1.334504e+01 9.510447e+01
      vertex   -1.243297e+02 1.242190e+01 9.540714e+01
      vertex   -1.247565e+02 1.345237e+01 9.540714e+01
    endloop
  endfacet
  facet normal -6.685804e-01 -2.307128e-01 7.069454e-01
    outer loop
      vertex   -1.250395e+02 1.334504e+01 9.510447e+01
      vertex   -1.247565e+02 1.345237e+01 9.540714e+01
      vertex   -1.254093e+02 1.441669e+01 9.510447e+01
    endloop
  endfacet
  facet normal -6.685804e-01 -2.307128e-01 7.069454e-01
    outer loop
      vertex   -1.254093e+02 1.441669e+01 9.510447e+01
      vertex   -1.247565e+02 1.345237e+01 9.540714e+01
      vertex   -1.251203e+02 1.450673e+01 9.540714e+01
    endloop
  endfacet
  facet normal -6.812907e-01 -1.899240e-01 7.069454e-01
    outer loop
      vertex   -1.254093e+02 1.441669e+01 9.510447e+01
      vertex   -1.251203e+02 1.450673e+01 9.540714e+01
      vertex   -1.257137e+02 1.550870e+01 9.510447e+01
    endloop
  endfacet
  facet normal -6.812907e-01 -1.899240e-01 7.069454e-01
    outer loop
      vertex   -1.257137e+02 1.550870e+01 9.510447e+01
      vertex   -1.251203e+02 1.450673e+01 9.540714e+01
      vertex   -1.254198e+02 1.558114e+01 9.540714e+01
    endloop
  endfacet
  facet normal -6.915151e-01 -1.484422e-01 7.069454e-01
    outer loop
      vertex   -1.257137e+02 1.550870e+01 9.510447e+01
      vertex   -1.254198e+02 1.558114e+01 9.540714e+01
      vertex   -1.259516e+02 1.661711e+01 9.510447e+01
    endloop
  endfacet
  facet normal -6.915151e-01 -1.484422e-01 7.069454e-01
    outer loop
      vertex   -1.259516e+02 1.661711e+01 9.510447e+01
      vertex   -1.254198e+02 1.558114e+01 9.540714e+01
      vertex   -1.256539e+02 1.667167e+01 9.540714e+01
    endloop
  endfacet
  facet normal -6.992161e-01 -1.064187e-01 7.069454e-01
    outer loop
      vertex   -1.259516e+02 1.661711e+01 9.510447e+01
      vertex   -1.256539e+02 1.667167e+01 9.540714e+01
      vertex   -1.261222e+02 1.773786e+01 9.510447e+01
    endloop
  endfacet
  facet normal -6.992161e-01 -1.064187e-01 7.069454e-01
    outer loop
      vertex   -1.261222e+02 1.773786e+01 9.510447e+01
      vertex   -1.256539e+02 1.667167e+01 9.540714e+01
      vertex   -1.258218e+02 1.777434e+01 9.540714e+01
    endloop
  endfacet
  facet normal -7.043659e-01 -6.400697e-02 7.069454e-01
    outer loop
      vertex   -1.261222e+02 1.773786e+01 9.510447e+01
      vertex   -1.258218e+02 1.777434e+01 9.540714e+01
      vertex   -1.262248e+02 1.886686e+01 9.510447e+01
    endloop
  endfacet
  facet normal -7.043659e-01 -6.400697e-02 7.069454e-01
    outer loop
      vertex   -1.262248e+02 1.886686e+01 9.510447e+01
      vertex   -1.258218e+02 1.777434e+01 9.540714e+01
      vertex   -1.259227e+02 1.888514e+01 9.540714e+01
    endloop
  endfacet
  facet normal -7.069454e-01 -2.136164e-02 7.069454e-01
    outer loop
      vertex   -1.262248e+02 1.886686e+01 9.510447e+01
      vertex   -1.259227e+02 1.888514e+01 9.540714e+01
      vertex   -1.262591e+02 2.000000e+01 9.510447e+01
    endloop
  endfacet
  facet normal -7.069454e-01 -2.136164e-02 7.069454e-01
    outer loop
      vertex   -1.262591e+02 2.000000e+01 9.510447e+01
      vertex   -1.259227e+02 1.888514e+01 9.540714e+01
      vertex   -1.259564e+02 2.000000e+01 9.540714e+01
    endloop
  endfacet
  facet normal -7.069454e-01 2.136164e-02 7.069454e-01
    outer loop
      vertex   -1.262591e+02 2.000000e+01 9.510447e+01
      vertex   -1.259564e+02 2.000000e+01 9.540714e+01
      vertex   -1.262248e+02 2.113314e+01 9.510447e+01
    endloop
  endfacet
  facet normal -7.069454e-01 2.136164e-02 7.069454e-01
    outer loop
      vertex   -1.262248e+02 2.113314e+01 9.510447e+01
      vertex   -1.259564e+02 2.000000e+01 9.540714e+01
      vertex   -1.259227e+02 2.111486e+01 9.540714e+01
    endloop
  endfacet
  facet normal -7.043659e-01 6.400697e-02 7.069454e-01
    outer loop
      vertex   -1.262248e+02 2.113314e+01 9.510447e+01
      vertex   -1.259227e+02 2.111486e+01 9.540714e+01
      vertex   -1.261222e+02 2.226214e+01 9.510447e+01
    endloop
  endfacet
  facet normal -7.043659e-01 6.400697e-02 7.069454e-01
    outer loop
      vertex   -1.261222e+02 2.226214e+01 9.510447e+01
      vertex   -1.259227e+02 2.111486e+01 9.540714e+01
      vertex   -1.258218e+02 2.222566e+01 9.540714e+01
    endloop
  endfacet
  facet normal -6.992161e-01 1.064187e-01 7.069454e-01
    outer loop
      vertex   -1.261222e+02 2.226214e+01 9.510447e+01
      vertex   -1.258218e+02 2.222566e+01 9.540714e+01
      vertex   -1.259516e+02 2.338289e+01 9.510447e+01
    endloop
  endfacet
  facet normal -6.992161e-01 1.064187e-01 7.069454e-01
    outer loop
      vertex   -1.259516e+02 2.338289e+01 9.510447e+01
      vertex   -1.258218e+02 2.222566e+01 9.540714e+01
      vertex   -1.256539e+02 2.332833e+01 9.540714e+01
    endloop
  endfacet
  facet normal -6.915151e-01 1.484422e-01 7.069454e-01
    outer loop
      vertex   -1.259516e+02 2.338289e+01 9.510447e+01
      vertex   -1.256539e+02 2.332833e+01 9.540714e+01
      vertex   -1.257137e+02 2.449130e+01 9.510447e+01
    endloop
  endfacet
  facet normal -6.915151e-01 1.484422e-01 7.069454e-01
    outer loop
      vertex   -1.257137e+02 2.449130e+01 9.510447e+01
      vertex   -1.256539e+02 2.332833e+01 9.540714e+01
      vertex   -1.254198e+02 2.441886e+01 9.540714e+01
    endloop
  endfacet
  facet normal -6.812907e-01 1.899240e-01 7.069454e-01
    outer loop
      vertex   -1.257137e+02 2.449130e+01 9.510447e+01
      vertex   -1.254198e+02 2.441886e+01 9.540714e+01
      vertex   -1.254093e+02 2.558331e+01 9.510447e+01
    endloop
  endfacet
  facet normal -6.812907e-01 1.899240e-01 7.069454e-01
    outer loop
      vertex   -1.254093e+02 2.558331e+01 9.510447e+01
      vertex   -1.254198e+02 2.441886e+01 9.540714e+01
      vertex   -1.251203e+02 2.549327e+01 9.540714e+01
    endloop
  endfacet
  facet normal -6.685804e-01 2.307128e-01 7.069454e-01
    outer loop
      vertex   -1.254093e+02 2.558331e+01 9.510447e+01
      vertex   -1.251203e+02 2.549327e+01 9.540714e+01
      vertex   -1.250395e+02 2.665496e+01 9.510447e+01
    endloop
  endfacet
  facet normal -6.685804e-01 2.307128e-01 7.069454e-01
    outer loop
      vertex   -1.250395e+02 2.665496e+01 9.510447e+01
      vertex   -1.251203e+02 2.549327e+01 9.540714e+01
      vertex   -1.247565e+02 2.654763e+01 9.540714e+01
    endloop
  endfacet
  facet normal -6.534305e-01 2.706598e-01 7.069454e-01
    outer loop
      vertex   -1.250395e+02 2.665496e+01 9.510447e+01
      vertex   -1.247565e+02 2.654763e+01 9.540714e+01
      vertex   -1.246057e+02 2.770232e+01 9.510447e+01
    endloop
  endfacet
  facet normal -6.534305e-01 2.706598e-01 7.069454e-01
    outer loop
      vertex   -1.246057e+02 2.770232e+01 9.510447e+01
      vertex   -1.247565e+02 2.654763e+01 9.540714e+01
      vertex   -1.243297e+02 2.757810e+01 9.540714e+01
    endloop
  endfacet
  facet normal -6.358963e-01 3.096191e-01 7.069454e-01
    outer loop
      vertex   -1.246057e+02 2.770232e+01 9.510447e+01
      vertex   -1.243297e+02 2.757810e+01 9.540714e+01
      vertex   -1.241094e+02 2.872158e+01 9.510447e+01
    endloop
  endfacet
  facet normal -6.358963e-01 3.096191e-01 7.069454e-01
    outer loop
      vertex   -1.241094e+02 2.872158e+01 9.510447e+01
      vertex   -1.243297e+02 2.757810e+01 9.540714e+01
      vertex   -1.238414e+02 2.858092e+01 9.540714e+01
    endloop
  endfacet
  facet normal -6.160418e-01 3.474487e-01 7.069454e-01
    outer loop
      vertex   -1.241094e+02 2.872158e+01 9.510447e+01
      vertex   -1.238414e+02 2.858092e+01 9.540714e+01
      vertex   -1.235525e+02 2.970901e+01 9.510447e+01
    endloop
  endfacet
  facet normal -6.160418e-01 3.474487e-01 7.069454e-01
    outer loop
      vertex   -1.235525e+02 2.970901e+01 9.510447e+01
      vertex   -1.238414e+02 2.858092e+01 9.540714e+01
      vertex   -1.232934e+02 2.955243e+01 9.540714e+01
    endloop
  endfacet
  facet normal -5.939395e-01 3.840105e-01 7.069454e-01
    outer loop
      vertex   -1.235525e+02 2.970901e+01 9.510447e+01
      vertex   -1.232934e+02 2.955243e+01 9.540714e+01
      vertex   -1.229369e+02 3.066101e+01 9.510447e+01
    endloop
  endfacet
  facet normal -5.939395e-01 3.840105e-01 7.069454e-01
    outer loop
      vertex   -1.229369e+02 3.066101e+01 9.510447e+01
      vertex   -1.232934e+02 2.955243e+01 9.540714e+01
      vertex   -1.226879e+02 3.048908e+01 9.540714e+01
    endloop
  endfacet
  facet normal -5.696699e-01 4.191711e-01 7.069454e-01
    outer loop
      vertex   -1.229369e+02 3.066101e+01 9.510447e+01
      vertex   -1.226879e+02 3.048908e+01 9.540714e+01
      vertex   -1.222651e+02 3.157412e+01 9.510447e+01
    endloop
  endfacet
  facet normal -5.696699e-01 4.191711e-01 7.069454e-01
    outer loop
      vertex   -1.222651e+02 3.157412e+01 9.510447e+01
      vertex   -1.226879e+02 3.048908e+01 9.540714e+01
      vertex   -1.220268e+02 3.138746e+01 9.540714e+01
    endloop
  endfacet
  facet normal -5.433216e-01 4.528021e-01 7.069454e-01
    outer loop
      vertex   -1.222651e+02 3.157412e+01 9.510447e+01
      vertex   -1.220268e+02 3.138746e+01 9.540714e+01
      vertex   -1.215393e+02 3.244499e+01 9.510447e+01
    endloop
  endfacet
  facet normal -5.433216e-01 4.528021e-01 7.069454e-01
    outer loop
      vertex   -1.215393e+02 3.244499e+01 9.510447e+01
      vertex   -1.220268e+02 3.138746e+01 9.540714e+01
      vertex   -1.213127e+02 3.224428e+01 9.540714e+01
    endloop
  endfacet
  facet normal -5.149909e-01 4.847809e-01 7.069454e-01
    outer loop
      vertex   -1.215393e+02 3.244499e+01 9.510447e+01
      vertex   -1.213127e+02 3.224428e+01 9.540714e+01
      vertex   -1.207623e+02 3.327045e+01 9.510447e+01
    endloop
  endfacet
  facet normal -5.149909e-01 4.847809e-01 7.069454e-01
    outer loop
      vertex   -1.207623e+02 3.327045e+01 9.510447e+01
      vertex   -1.213127e+02 3.224428e+01 9.540714e+01
      vertex   -1.205482e+02 3.305643e+01 9.540714e+01
    endloop
  endfacet
  facet normal -4.847809e-01 5.149909e-01 7.069454e-01
    outer loop
      vertex   -1.207623e+02 3.327045e+01 9.510447e+01
      vertex   -1.205482e+02 3.305643e+01 9.540714e+01
      vertex   -1.199368e+02 3.404749e+01 9.510447e+01
    endloop
  endfacet
  facet normal -4.847809e-01 5.149909e-01 7.069454e-01
    outer loop
      vertex   -1.199368e+02 3.404749e+01 9.510447e+01
      vertex   -1.205482e+02 3.305643e+01 9.540714e+01
      vertex   -1.197361e+02 3.382094e+01 9.540714e+01
    endloop
  endfacet
  facet normal -4.528021e-01 5.433216e-01 7.069454e-01
    outer loop
      vertex   -1.199368e+02 3.404749e+01 9.510447e+01
      vertex   -1.197361e+02 3.382094e+01 9.540714e+01
      vertex   -1.190659e+02 3.477327e+01 9.510447e+01
    endloop
  endfacet
  facet normal -4.528021e-01 5.433216e-01 7.069454e-01
    outer loop
      vertex   -1.190659e+02 3.477327e+01 9.510447e+01
      vertex   -1.197361e+02 3.382094e+01 9.540714e+01
      vertex   -1.188793e+02 3.453501e+01 9.540714e+01
    endloop
  endfacet
  facet normal -4.191711e-01 5.696699e-01 7.069454e-01
    outer loop
      vertex   -1.190659e+02 3.477327e+01 9.510447e+01
      vertex   -1.188793e+02 3.453501e+01 9.540714e+01
      vertex   -1.181528e+02 3.544514e+01 9.510447e+01
    endloop
  endfacet
  facet normal -4.191711e-01 5.696699e-01 7.069454e-01
    outer loop
      vertex   -1.181528e+02 3.544514e+01 9.510447e+01
      vertex   -1.188793e+02 3.453501e+01 9.540714e+01
      vertex   -1.179809e+02 3.519605e+01 9.540714e+01
    endloop
  endfacet
  facet normal -3.840105e-01 5.939395e-01 7.069454e-01
    outer loop
      vertex   -1.181528e+02 3.544514e+01 9.510447e+01
      vertex   -1.179809e+02 3.519605e+01 9.540714e+01
      vertex   -1.172008e+02 3.606066e+01 9.510447e+01
    endloop
  endfacet
  facet normal -3.840105e-01 5.939395e-01 7.069454e-01
    outer loop
      vertex   -1.172008e+02 3.606066e+01 9.510447e+01
      vertex   -1.179809e+02 3.519605e+01 9.540714e+01
      vertex   -1.170442e+02 3.580164e+01 9.540714e+01
    endloop
  endfacet
  facet normal -3.474487e-01 6.160418e-01 7.069454e-01
    outer loop
      vertex   -1.172008e+02 3.606066e+01 9.510447e+01
      vertex   -1.170442e+02 3.580164e+01 9.540714e+01
      vertex   -1.162134e+02 3.661757e+01 9.510447e+01
    endloop
  endfacet
  facet normal -3.474487e-01 6.160418e-01 7.069454e-01
    outer loop
      vertex   -1.162134e+02 3.661757e+01 9.510447e+01
      vertex   -1.170442e+02 3.580164e+01 9.540714e+01
      vertex   -1.160727e+02 3.634958e+01 9.540714e+01
    endloop
  endfacet
  facet normal -3.096191e-01 6.358963e-01 7.069454e-01
    outer loop
      vertex   -1.162134e+02 3.661757e+01 9.510447e+01
      vertex   -1.160727e+02 3.634958e+01 9.540714e+01
      vertex   -1.151941e+02 3.711385e+01 9.510447e+01
    endloop
  endfacet
  facet normal -3.096191e-01 6.358963e-01 7.069454e-01
    outer loop
      vertex   -1.151941e+02 3.711385e+01 9.510447e+01
      vertex   -1.160727e+02 3.634958e+01 9.540714e+01
      vertex   -1.150699e+02 3.683785e+01 9.540714e+01
    endloop
  endfacet
  facet normal -2.706598e-01 6.534305e-01 7.069454e-01
    outer loop
      vertex   -1.151941e+02 3.711385e+01 9.510447e+01
      vertex   -1.150699e+02 3.683785e+01 9.540714e+01
      vertex   -1.141468e+02 3.754768e+01 9.510447e+01
    endloop
  endfacet
  facet normal -2.706598e-01 6.534305e-01 7.069454e-01
    outer loop
      vertex   -1.141468e+02 3.754768e+01 9.510447e+01
      vertex   -1.150699e+02 3.683785e+01 9.540714e+01
      vertex   -1.140394e+02 3.726468e+01 9.540714e+01
    endloop
  endfacet
  facet normal -2.307128e-01 6.685804e-01 7.069454e-01
    outer loop
      vertex   -1.141468e+02 3.754768e+01 9.510447e+01
      vertex   -1.140394e+02 3.726468e+01 9.540714e+01
      vertex   -1.130751e+02 3.791748e+01 9.510447e+01
    endloop
  endfacet
  facet normal -2.307128e-01 6.685804e-01 7.069454e-01
    outer loop
      vertex   -1.130751e+02 3.791748e+01 9.510447e+01
      vertex   -1.140394e+02 3.726468e+01 9.540714e+01
      vertex   -1.129851e+02 3.762852e+01 9.540714e+01
    endloop
  endfacet
  facet normal -1.899240e-01 6.812907e-01 7.069454e-01
    outer loop
      vertex   -1.130751e+02 3.791748e+01 9.510447e+01
      vertex   -1.129851e+02 3.762852e+01 9.540714e+01
      vertex   -1.119831e+02 3.822191e+01 9.510447e+01
    endloop
  endfacet
  facet normal -1.899240e-01 6.812907e-01 7.069454e-01
    outer loop
      vertex   -1.119831e+02 3.822191e+01 9.510447e+01
      vertex   -1.129851e+02 3.762852e+01 9.540714e+01
      vertex   -1.119107e+02 3.792804e+01 9.540714e+01
    endloop
  endfacet
  facet normal -1.484422e-01 6.915151e-01 7.069454e-01
    outer loop
      vertex   -1.119831e+02 3.822191e+01 9.510447e+01
      vertex   -1.119107e+02 3.792804e+01 9.540714e+01
      vertex   -1.108747e+02 3.845984e+01 9.510447e+01
    endloop
  endfacet
  facet normal -1.484422e-01 6.915151e-01 7.069454e-01
    outer loop
      vertex   -1.108747e+02 3.845984e+01 9.510447e+01
      vertex   -1.119107e+02 3.792804e+01 9.540714e+01
      vertex   -1.108201e+02 3.816213e+01 9.540714e+01
    endloop
  endfacet
  facet normal -1.064187e-01 6.992161e-01 7.069454e-01
    outer loop
      vertex   -1.108747e+02 3.845984e+01 9.510447e+01
      vertex   -1.108201e+02 3.816213e+01 9.540714e+01
      vertex   -1.097539e+02 3.863041e+01 9.510447e+01
    endloop
  endfacet
  facet normal -1.064187e-01 6.992161e-01 7.069454e-01
    outer loop
      vertex   -1.097539e+02 3.863041e+01 9.510447e+01
      vertex   -1.108201e+02 3.816213e+01 9.540714e+01
      vertex   -1.097175e+02 3.832995e+01 9.540714e+01
    endloop
  endfacet
  facet normal -6.400697e-02 7.043659e-01 7.069454e-01
    outer loop
      vertex   -1.097539e+02 3.863041e+01 9.510447e+01
      vertex   -1.097175e+02 3.832995e+01 9.540714e+01
      vertex   -1.086249e+02 3.873301e+01 9.510447e+01
    endloop
  endfacet
  facet normal -6.400697e-02 7.043659e-01 7.069454e-01
    outer loop
      vertex   -1.086249e+02 3.873301e+01 9.510447e+01
      vertex   -1.097175e+02 3.832995e+01 9.540714e+01
      vertex   -1.086067e+02 3.843089e+01 9.540714e+01
    endloop
  endfacet
  facet normal -2.136164e-02 7.069454e-01 7.069454e-01
    outer loop
      vertex   -1.086249e+02 3.873301e+01 9.510447e+01
      vertex   -1.086067e+02 3.843089e+01 9.540714e+01
      vertex   -1.074918e+02 3.876725e+01 9.510447e+01
    endloop
  endfacet
  facet normal -2.136164e-02 7.069454e-01 7.069454e-01
    outer loop
      vertex   -1.074918e+02 3.876725e+01 9.510447e+01
      vertex   -1.086067e+02 3.843089e+01 9.540714e+01
      vertex   -1.074918e+02 3.846458e+01 9.540714e+01
    endloop
  endfacet
  facet normal 2.136164e-02 7.069454e-01 7.069454e-01
    outer loop
      vertex   -1.074918e+02 3.876725e+01 9.510447e+01
      vertex   -1.074918e+02 3.846458e+01 9.540714e+01
      vertex   -1.063587e+02 3.873301e+01 9.510447e+01
    endloop
  endfacet
  facet normal 2.136164e-02 7.069454e-01 7.069454e-01
    outer loop
      vertex   -1.063587e+02 3.873301e+01 9.510447e+01
      vertex   -1.074918e+02 3.846458e+01 9.540714e+01
      vertex   -1.063769e+02 3.843089e+01 9.540714e+01
    endloop
  endfacet
  facet normal 6.400697e-02 7.043659e-01 7.069454e-01
    outer loop
      vertex   -1.063587e+02 3.873301e+01 9.510447e+01
      vertex   -1.063769e+02 3.843089e+01 9.540714e+01
      vertex   -1.052297e+02 3.863041e+01 9.510447e+01
    endloop
  endfacet
  facet normal 6.400697e-02 7.043659e-01 7.069454e-01
    outer loop
      vertex   -1.052297e+02 3.863041e+01 9.510447e+01
      vertex   -1.063769e+02 3.843089e+01 9.540714e+01
      vertex   -1.052661e+02 3.832995e+01 9.540714e+01
    endloop
  endfacet
  facet normal 1.064187e-01 6.992161e-01 7.069454e-01
    outer loop
      vertex   -1.052297e+02 3.863041e+01 9.510447e+01
      vertex   -1.052661e+02 3.832995e+01 9.540714e+01
      vertex   -1.041089e+02 3.845984e+01 9.510447e+01
    endloop
  endfacet
  facet normal 1.064187e-01 6.992161e-01 7.069454e-01
    outer loop
      vertex   -1.041089e+02 3.845984e+01 9.510447e+01
      vertex   -1.052661e+02 3.832995e+01 9.540714e+01
      vertex   -1.041635e+02 3.816213e+01 9.540714e+01
    endloop
  endfacet
  facet normal 1.484422e-01 6.915151e-01 7.069454e-01
    outer loop
      vertex   -1.041089e+02 3.845984e+01 9.510447e+01
      vertex   -1.041635e+02 3.816213e+01 9.540714e+01
      vertex   -1.030005e+02 3.822191e+01 9.510447e+01
    endloop
  endfacet
  facet normal 1.484422e-01 6.915151e-01 7.069454e-01
    outer loop
      vertex   -1.030005e+02 3.822191e+01 9.510447e+01
      vertex   -1.041635e+02 3.816213e+01 9.540714e+01
      vertex   -1.030729e+02 3.792804e+01 9.540714e+01
    endloop
  endfacet
  facet normal 1.899240e-01 6.812907e-01 7.069454e-01
    outer loop
      vertex   -1.030005e+02 3.822191e+01 9.510447e+01
      vertex   -1.030729e+02 3.792804e+01 9.540714e+01
      vertex   -1.019085e+02 3.791748e+01 9.510447e+01
    endloop
  endfacet
  facet normal 1.899240e-01 6.812907e-01 7.069454e-01
    outer loop
      vertex   -1.019085e+02 3.791748e+01 9.510447e+01
      vertex   -1.030729e+02 3.792804e+01 9.540714e+01
      vertex   -1.019985e+02 3.762852e+01 9.540714e+01
    endloop
  endfacet
  facet normal 2.307128e-01 6.685804e-01 7.069454e-01
    outer loop
      vertex   -1.019085e+02 3.791748e+01 9.510447e+01
      vertex   -1.019985e+02 3.762852e+01 9.540714e+01
      vertex   -1.008368e+02 3.754768e+01 9.510447e+01
    endloop
  endfacet
  facet normal 2.307128e-01 6.685804e-01 7.069454e-01
    outer loop
      vertex   -1.008368e+02 3.754768e+01 9.510447e+01
      vertex   -1.019985e+02 3.762852e+01 9.540714e+01
      vertex   -1.009442e+02 3.726468e+01 9.540714e+01
    endloop
  endfacet
  facet normal 2.705632e-01 6.534688e-01 7.069470e-01
    outer loop
      vertex   -1.008368e+02 3.754768e+01 9.510447e+01
      vertex   -1.009442e+02 3.726468e+01 9.540714e+01
      vertex   -9.991865e+01 3.684007e+01 9.540714e+01
    endloop
  endfacet
  facet normal 2.293301e-01 5.538820e-01 8.003889e-01
    outer loop
      vertex   -9.991865e+01 3.684007e+01 9.540714e+01
      vertex   -1.009442e+02 3.726468e+01 9.540714e+01
      vertex   -1.000600e+02 3.652793e+01 9.566365e+01
    endloop
  endfacet
  facet normal 2.623162e-01 5.389801e-01 8.004316e-01
    outer loop
      vertex   -9.991865e+01 3.684007e+01 9.540714e+01
      vertex   -1.000600e+02 3.652793e+01 9.566365e+01
      vertex   -9.907013e+01 3.604617e+01 9.566365e+01
    endloop
  endfacet
  facet normal 2.098005e-01 4.310762e-01 8.775859e-01
    outer loop
      vertex   -9.907013e+01 3.604617e+01 9.566365e+01
      vertex   -1.000600e+02 3.652793e+01 9.566365e+01
      vertex   -9.924471e+01 3.571352e+01 9.586878e+01
    endloop
  endfacet
  facet normal 2.355160e-01 4.175803e-01 8.775870e-01
    outer loop
      vertex   -9.907013e+01 3.604617e+01 9.566365e+01
      vertex   -9.924471e+01 3.571352e+01 9.586878e+01
      vertex   -9.811665e+01 3.550840e+01 9.566365e+01
    endloop
  endfacet
  facet normal 2.355160e-01 4.175803e-01 8.775870e-01
    outer loop
      vertex   -9.811665e+01 3.550840e+01 9.566365e+01
      vertex   -9.924471e+01 3.571352e+01 9.586878e+01
      vertex   -9.831100e+01 3.518690e+01 9.586878e+01
    endloop
  endfacet
  facet normal 2.602992e-01 4.025983e-01 8.775870e-01
    outer loop
      vertex   -9.811665e+01 3.550840e+01 9.566365e+01
      vertex   -9.831100e+01 3.518690e+01 9.586878e+01
      vertex   -9.719738e+01 3.491405e+01 9.566365e+01
    endloop
  endfacet
  facet normal 2.602992e-01 4.025983e-01 8.775870e-01
    outer loop
      vertex   -9.719738e+01 3.491405e+01 9.566365e+01
      vertex   -9.831100e+01 3.518690e+01 9.586878e+01
      vertex   -9.741079e+01 3.460487e+01 9.586878e+01
    endloop
  endfacet
  facet normal 2.841326e-01 3.861473e-01 8.775870e-01
    outer loop
      vertex   -9.719738e+01 3.491405e+01 9.566365e+01
      vertex   -9.741079e+01 3.460487e+01 9.586878e+01
      vertex   -9.631567e+01 3.426528e+01 9.566365e+01
    endloop
  endfacet
  facet normal 2.841326e-01 3.861473e-01 8.775870e-01
    outer loop
      vertex   -9.631567e+01 3.426528e+01 9.566365e+01
      vertex   -9.741079e+01 3.460487e+01 9.586878e+01
      vertex   -9.654736e+01 3.396955e+01 9.586878e+01
    endloop
  endfacet
  facet normal 3.069292e-01 3.682873e-01 8.775870e-01
    outer loop
      vertex   -9.631567e+01 3.426528e+01 9.566365e+01
      vertex   -9.654736e+01 3.396955e+01 9.586878e+01
      vertex   -9.547475e+01 3.356445e+01 9.566365e+01
    endloop
  endfacet
  facet normal 3.069292e-01 3.682873e-01 8.775870e-01
    outer loop
      vertex   -9.547475e+01 3.356445e+01 9.566365e+01
      vertex   -9.654736e+01 3.396955e+01 9.586878e+01
      vertex   -9.572387e+01 3.328326e+01 9.586878e+01
    endloop
  endfacet
  facet normal 3.286059e-01 3.490835e-01 8.775870e-01
    outer loop
      vertex   -9.547475e+01 3.356445e+01 9.566365e+01
      vertex   -9.572387e+01 3.328326e+01 9.586878e+01
      vertex   -9.467767e+01 3.281413e+01 9.566365e+01
    endloop
  endfacet
  facet normal 3.286059e-01 3.490835e-01 8.775870e-01
    outer loop
      vertex   -9.467767e+01 3.281413e+01 9.566365e+01
      vertex   -9.572387e+01 3.328326e+01 9.586878e+01
      vertex   -9.494331e+01 3.254849e+01 9.586878e+01
    endloop
  endfacet
  facet normal 3.490835e-01 3.286059e-01 8.775870e-01
    outer loop
      vertex   -9.467767e+01 3.281413e+01 9.566365e+01
      vertex   -9.494331e+01 3.254849e+01 9.586878e+01
      vertex   -9.392735e+01 3.201706e+01 9.566365e+01
    endloop
  endfacet
  facet normal 3.490835e-01 3.286059e-01 8.775870e-01
    outer loop
      vertex   -9.392735e+01 3.201706e+01 9.566365e+01
      vertex   -9.494331e+01 3.254849e+01 9.586878e+01
      vertex   -9.420855e+01 3.176794e+01 9.586878e+01
    endloop
  endfacet
  facet normal 3.682873e-01 3.069292e-01 8.775870e-01
    outer loop
      vertex   -9.392735e+01 3.201706e+01 9.566365e+01
      vertex   -9.420855e+01 3.176794e+01 9.586878e+01
      vertex   -9.322653e+01 3.117613e+01 9.566365e+01
    endloop
  endfacet
  facet normal 3.682873e-01 3.069292e-01 8.775870e-01
    outer loop
      vertex   -9.322653e+01 3.117613e+01 9.566365e+01
      vertex   -9.420855e+01 3.176794e+01 9.586878e+01
      vertex   -9.352225e+01 3.094444e+01 9.586878e+01
    endloop
  endfacet
  facet normal 3.861473e-01 2.841326e-01 8.775870e-01
    outer loop
      vertex   -9.322653e+01 3.117613e+01 9.566365e+01
      vertex   -9.352225e+01 3.094444e+01 9.586878e+01
      vertex   -9.257775e+01 3.029443e+01 9.566365e+01
    endloop
  endfacet
  facet normal 3.861473e-01 2.841326e-01 8.775870e-01
    outer loop
      vertex   -9.257775e+01 3.029443e+01 9.566365e+01
      vertex   -9.352225e+01 3.094444e+01 9.586878e+01
      vertex   -9.288693e+01 3.008102e+01 9.586878e+01
    endloop
  endfacet
  facet normal 4.025983e-01 2.602992e-01 8.775870e-01
    outer loop
      vertex   -9.257775e+01 3.029443e+01 9.566365e+01
      vertex   -9.288693e+01 3.008102e+01 9.586878e+01
      vertex   -9.198340e+01 2.937516e+01 9.566365e+01
    endloop
  endfacet
  facet normal 4.025983e-01 2.602992e-01 8.775870e-01
    outer loop
      vertex   -9.198340e+01 2.937516e+01 9.566365e+01
      vertex   -9.288693e+01 3.008102e+01 9.586878e+01
      vertex   -9.230490e+01 2.918080e+01 9.586878e+01
    endloop
  endfacet
  facet normal 4.175803e-01 2.355160e-01 8.775870e-01
    outer loop
      vertex   -9.198340e+01 2.937516e+01 9.566365e+01
      vertex   -9.230490e+01 2.918080e+01 9.586878e+01
      vertex   -9.144564e+01 2.842168e+01 9.566365e+01
    endloop
  endfacet
  facet normal 4.175803e-01 2.355160e-01 8.775870e-01
    outer loop
      vertex   -9.144564e+01 2.842168e+01 9.566365e+01
      vertex   -9.230490e+01 2.918080e+01 9.586878e+01
      vertex   -9.177828e+01 2.824709e+01 9.586878e+01
    endloop
  endfacet
  facet normal 4.310385e-01 2.098735e-01 8.775870e-01
    outer loop
      vertex   -9.144564e+01 2.842168e+01 9.566365e+01
      vertex   -9.177828e+01 2.824709e+01 9.586878e+01
      vertex   -9.096643e+01 2.743747e+01 9.566365e+01
    endloop
  endfacet
  facet normal 4.310385e-01 2.098735e-01 8.775870e-01
    outer loop
      vertex   -9.096643e+01 2.743747e+01 9.566365e+01
      vertex   -9.177828e+01 2.824709e+01 9.586878e+01
      vertex   -9.130901e+01 2.728329e+01 9.586878e+01
    endloop
  endfacet
  facet normal 4.429498e-01 1.834067e-01 8.775862e-01
    outer loop
      vertex   -9.096643e+01 2.743747e+01 9.566365e+01
      vertex   -9.130901e+01 2.728329e+01 9.586878e+01
      vertex   -9.054580e+01 2.642161e+01 9.566365e+01
    endloop
  endfacet
  facet normal 4.429345e-01 1.833905e-01 8.775973e-01
    outer loop
      vertex   -9.054580e+01 2.642161e+01 9.566365e+01
      vertex   -9.130901e+01 2.728329e+01 9.586878e+01
      vertex   -9.089686e+01 2.628785e+01 9.586878e+01
    endloop
  endfacet
  facet normal 4.532315e-01 1.563330e-01 8.775769e-01
    outer loop
      vertex   -9.054580e+01 2.642161e+01 9.566365e+01
      vertex   -9.089686e+01 2.628785e+01 9.586878e+01
      vertex   -9.019043e+01 2.539133e+01 9.566365e+01
    endloop
  endfacet
  facet normal 4.532154e-01 1.563178e-01 8.775879e-01
    outer loop
      vertex   -9.019043e+01 2.539133e+01 9.566365e+01
      vertex   -9.089686e+01 2.628785e+01 9.586878e+01
      vertex   -9.054909e+01 2.527956e+01 9.586878e+01
    endloop
  endfacet
  facet normal 4.618088e-01 1.287389e-01 8.775870e-01
    outer loop
      vertex   -9.019043e+01 2.539133e+01 9.566365e+01
      vertex   -9.054909e+01 2.527956e+01 9.586878e+01
      vertex   -8.989647e+01 2.433686e+01 9.566365e+01
    endloop
  endfacet
  facet normal 4.618088e-01 1.287389e-01 8.775870e-01
    outer loop
      vertex   -8.989647e+01 2.433686e+01 9.566365e+01
      vertex   -9.054909e+01 2.527956e+01 9.586878e+01
      vertex   -9.026123e+01 2.424695e+01 9.586878e+01
    endloop
  endfacet
  facet normal 4.687394e-01 1.006207e-01 8.775870e-01
    outer loop
      vertex   -8.989647e+01 2.433686e+01 9.566365e+01
      vertex   -9.026123e+01 2.424695e+01 9.586878e+01
      vertex   -8.966672e+01 2.326657e+01 9.566365e+01
    endloop
  endfacet
  facet normal 4.687394e-01 1.006207e-01 8.775870e-01
    outer loop
      vertex   -8.966672e+01 2.326657e+01 9.566365e+01
      vertex   -9.026123e+01 2.424695e+01 9.586878e+01
      vertex   -9.003624e+01 2.319885e+01 9.586878e+01
    endloop
  endfacet
  facet normal 4.739595e-01 7.213531e-02 8.775870e-01
    outer loop
      vertex   -8.966672e+01 2.326657e+01 9.566365e+01
      vertex   -9.003624e+01 2.319885e+01 9.586878e+01
      vertex   -8.950201e+01 2.218436e+01 9.566365e+01
    endloop
  endfacet
  facet normal 4.739595e-01 7.213531e-02 8.775870e-01
    outer loop
      vertex   -8.950201e+01 2.218436e+01 9.566365e+01
      vertex   -9.003624e+01 2.319885e+01 9.586878e+01
      vertex   -8.987495e+01 2.213907e+01 9.586878e+01
    endloop
  endfacet
  facet normal 4.774502e-01 4.338674e-02 8.775870e-01
    outer loop
      vertex   -8.950201e+01 2.218436e+01 9.566365e+01
      vertex   -8.987495e+01 2.213907e+01 9.586878e+01
      vertex   -8.940294e+01 2.109417e+01 9.566365e+01
    endloop
  endfacet
  facet normal 4.774502e-01 4.338674e-02 8.775870e-01
    outer loop
      vertex   -8.940294e+01 2.109417e+01 9.566365e+01
      vertex   -8.987495e+01 2.213907e+01 9.586878e+01
      vertex   -8.977794e+01 2.107149e+01 9.586878e+01
    endloop
  endfacet
  facet normal 4.791987e-01 1.447986e-02 8.775870e-01
    outer loop
      vertex   -8.940294e+01 2.109417e+01 9.566365e+01
      vertex   -8.977794e+01 2.107149e+01 9.586878e+01
      vertex   -8.936988e+01 2.000000e+01 9.566365e+01
    endloop
  endfacet
  facet normal 4.791987e-01 1.447986e-02 8.775870e-01
    outer loop
      vertex   -8.936988e+01 2.000000e+01 9.566365e+01
      vertex   -8.977794e+01 2.107149e+01 9.586878e+01
      vertex   -8.974556e+01 2.000000e+01 9.586878e+01
    endloop
  endfacet
  facet normal 4.791987e-01 -1.447986e-02 8.775870e-01
    outer loop
      vertex   -8.936988e+01 2.000000e+01 9.566365e+01
      vertex   -8.974556e+01 2.000000e+01 9.586878e+01
      vertex   -8.940294e+01 1.890583e+01 9.566365e+01
    endloop
  endfacet
  facet normal 4.791987e-01 -1.447986e-02 8.775870e-01
    outer loop
      vertex   -8.940294e+01 1.890583e+01 9.566365e+01
      vertex   -8.974556e+01 2.000000e+01 9.586878e+01
      vertex   -8.977794e+01 1.892851e+01 9.586878e+01
    endloop
  endfacet
  facet normal 4.774502e-01 -4.338674e-02 8.775870e-01
    outer loop
      vertex   -8.940294e+01 1.890583e+01 9.566365e+01
      vertex   -8.977794e+01 1.892851e+01 9.586878e+01
      vertex   -8.950201e+01 1.781564e+01 9.566365e+01
    endloop
  endfacet
  facet normal 4.774502e-01 -4.338674e-02 8.775870e-01
    outer loop
      vertex   -8.950201e+01 1.781564e+01 9.566365e+01
      vertex   -8.977794e+01 1.892851e+01 9.586878e+01
      vertex   -8.987495e+01 1.786093e+01 9.586878e+01
    endloop
  endfacet
  facet normal 4.739595e-01 -7.213531e-02 8.775870e-01
    outer loop
      vertex   -8.950201e+01 1.781564e+01 9.566365e+01
      vertex   -8.987495e+01 1.786093e+01 9.586878e+01
      vertex   -8.966672e+01 1.673343e+01 9.566365e+01
    endloop
  endfacet
  facet normal 4.739595e-01 -7.213531e-02 8.775870e-01
    outer loop
      vertex   -8.966672e+01 1.673343e+01 9.566365e+01
      vertex   -8.987495e+01 1.786093e+01 9.586878e+01
      vertex   -9.003624e+01 1.680115e+01 9.586878e+01
    endloop
  endfacet
  facet normal 4.687394e-01 -1.006207e-01 8.775870e-01
    outer loop
      vertex   -8.966672e+01 1.673343e+01 9.566365e+01
      vertex   -9.003624e+01 1.680115e+01 9.586878e+01
      vertex   -8.989647e+01 1.566314e+01 9.566365e+01
    endloop
  endfacet
  facet normal 4.687394e-01 -1.006207e-01 8.775870e-01
    outer loop
      vertex   -8.989647e+01 1.566314e+01 9.566365e+01
      vertex   -9.003624e+01 1.680115e+01 9.586878e+01
      vertex   -9.026123e+01 1.575305e+01 9.586878e+01
    endloop
  endfacet
  facet normal 4.618088e-01 -1.287389e-01 8.775870e-01
    outer loop
      vertex   -8.989647e+01 1.566314e+01 9.566365e+01
      vertex   -9.026123e+01 1.575305e+01 9.586878e+01
      vertex   -9.019043e+01 1.460867e+01 9.566365e+01
    endloop
  endfacet
  facet normal 4.618088e-01 -1.287389e-01 8.775870e-01
    outer loop
      vertex   -9.019043e+01 1.460867e+01 9.566365e+01
      vertex   -9.026123e+01 1.575305e+01 9.586878e+01
      vertex   -9.054909e+01 1.472044e+01 9.586878e+01
    endloop
  endfacet
  facet normal 4.531932e-01 -1.563873e-01 8.775870e-01
    outer loop
      vertex   -9.019043e+01 1.460867e+01 9.566365e+01
      vertex   -9.054909e+01 1.472044e+01 9.586878e+01
      vertex   -9.054751e+01 1.357388e+01 9.566365e+01
    endloop
  endfacet
  facet normal 4.531932e-01 -1.563873e-01 8.775870e-01
    outer loop
      vertex   -9.054751e+01 1.357388e+01 9.566365e+01
      vertex   -9.054909e+01 1.472044e+01 9.586878e+01
      vertex   -9.089878e+01 1.370709e+01 9.586878e+01
    endloop
  endfacet
  facet normal 4.429240e-01 -1.834651e-01 8.775870e-01
    outer loop
      vertex   -9.054751e+01 1.357388e+01 9.566365e+01
      vertex   -9.089878e+01 1.370709e+01 9.586878e+01
      vertex   -9.096643e+01 1.256253e+01 9.566365e+01
    endloop
  endfacet
  facet normal 4.429240e-01 -1.834651e-01 8.775870e-01
    outer loop
      vertex   -9.096643e+01 1.256253e+01 9.566365e+01
      vertex   -9.089878e+01 1.370709e+01 9.586878e+01
      vertex   -9.130901e+01 1.271671e+01 9.586878e+01
    endloop
  endfacet
  facet normal 4.310385e-01 -2.098735e-01 8.775870e-01
    outer loop
      vertex   -9.096643e+01 1.256253e+01 9.566365e+01
      vertex   -9.130901e+01 1.271671e+01 9.586878e+01
      vertex   -9.144564e+01 1.157832e+01 9.566365e+01
    endloop
  endfacet
  facet normal 4.310385e-01 -2.098735e-01 8.775870e-01
    outer loop
      vertex   -9.144564e+01 1.157832e+01 9.566365e+01
      vertex   -9.130901e+01 1.271671e+01 9.586878e+01
      vertex   -9.177828e+01 1.175291e+01 9.586878e+01
    endloop
  endfacet
  facet normal 4.175803e-01 -2.355160e-01 8.775870e-01
    outer loop
      vertex   -9.144564e+01 1.157832e+01 9.566365e+01
      vertex   -9.177828e+01 1.175291e+01 9.586878e+01
      vertex   -9.198340e+01 1.062484e+01 9.566365e+01
    endloop
  endfacet
  facet normal 4.175803e-01 -2.355160e-01 8.775870e-01
    outer loop
      vertex   -9.198340e+01 1.062484e+01 9.566365e+01
      vertex   -9.177828e+01 1.175291e+01 9.586878e+01
      vertex   -9.230490e+01 1.081920e+01 9.586878e+01
    endloop
  endfacet
  facet normal 4.025983e-01 -2.602992e-01 8.775870e-01
    outer loop
      vertex   -9.198340e+01 1.062484e+01 9.566365e+01
      vertex   -9.230490e+01 1.081920e+01 9.586878e+01
      vertex   -9.257775e+01 9.705575e+00 9.566365e+01
    endloop
  endfacet
  facet normal 4.025983e-01 -2.602992e-01 8.775870e-01
    outer loop
      vertex   -9.257775e+01 9.705575e+00 9.566365e+01
      vertex   -9.230490e+01 1.081920e+01 9.586878e+01
      vertex   -9.288693e+01 9.918984e+00 9.586878e+01
    endloop
  endfacet
  facet normal 3.861473e-01 -2.841326e-01 8.775870e-01
    outer loop
      vertex   -9.257775e+01 9.705575e+00 9.566365e+01
      vertex   -9.288693e+01 9.918984e+00 9.586878e+01
      vertex   -9.322653e+01 8.823868e+00 9.566365e+01
    endloop
  endfacet
  facet normal 3.861473e-01 -2.841326e-01 8.775870e-01
    outer loop
      vertex   -9.322653e+01 8.823868e+00 9.566365e+01
      vertex   -9.288693e+01 9.918984e+00 9.586878e+01
      vertex   -9.352225e+01 9.055556e+00 9.586878e+01
    endloop
  endfacet
  facet normal 3.682873e-01 -3.069292e-01 8.775870e-01
    outer loop
      vertex   -9.322653e+01 8.823868e+00 9.566365e+01
      vertex   -9.352225e+01 9.055556e+00 9.586878e+01
      vertex   -9.392735e+01 7.982943e+00 9.566365e+01
    endloop
  endfacet
  facet normal 3.682873e-01 -3.069292e-01 8.775870e-01
    outer loop
      vertex   -9.392735e+01 7.982943e+00 9.566365e+01
      vertex   -9.352225e+01 9.055556e+00 9.586878e+01
      vertex   -9.420855e+01 8.232063e+00 9.586878e+01
    endloop
  endfacet
  facet normal 3.490835e-01 -3.286059e-01 8.775870e-01
    outer loop
      vertex   -9.392735e+01 7.982943e+00 9.566365e+01
      vertex   -9.420855e+01 8.232063e+00 9.586878e+01
      vertex   -9.467767e+01 7.185866e+00 9.566365e+01
    endloop
  endfacet
  facet normal 3.490835e-01 -3.286059e-01 8.775870e-01
    outer loop
      vertex   -9.467767e+01 7.185866e+00 9.566365e+01
      vertex   -9.420855e+01 8.232063e+00 9.586878e+01
      vertex   -9.494331e+01 7.451510e+00 9.586878e+01
    endloop
  endfacet
  facet normal 3.286059e-01 -3.490835e-01 8.775870e-01
    outer loop
      vertex   -9.467767e+01 7.185866e+00 9.566365e+01
      vertex   -9.494331e+01 7.451510e+00 9.586878e+01
      vertex   -9.547475e+01 6.435546e+00 9.566365e+01
    endloop
  endfacet
  facet normal 3.286059e-01 -3.490835e-01 8.775870e-01
    outer loop
      vertex   -9.547475e+01 6.435546e+00 9.566365e+01
      vertex   -9.494331e+01 7.451510e+00 9.586878e+01
      vertex   -9.572387e+01 6.716745e+00 9.586878e+01
    endloop
  endfacet
  facet normal 3.069292e-01 -3.682873e-01 8.775870e-01
    outer loop
      vertex   -9.547475e+01 6.435546e+00 9.566365e+01
      vertex   -9.572387e+01 6.716745e+00 9.586878e+01
      vertex   -9.631567e+01 5.734722e+00 9.566365e+01
    endloop
  endfacet
  facet normal 3.069292e-01 -3.682873e-01 8.775870e-01
    outer loop
      vertex   -9.631567e+01 5.734722e+00 9.566365e+01
      vertex   -9.572387e+01 6.716745e+00 9.586878e+01
      vertex   -9.654736e+01 6.030449e+00 9.586878e+01
    endloop
  endfacet
  facet normal 2.841326e-01 -3.861473e-01 8.775870e-01
    outer loop
      vertex   -9.631567e+01 5.734722e+00 9.566365e+01
      vertex   -9.654736e+01 6.030449e+00 9.586878e+01
      vertex   -9.719738e+01 5.085950e+00 9.566365e+01
    endloop
  endfacet
  facet normal 2.841326e-01 -3.861473e-01 8.775870e-01
    outer loop
      vertex   -9.719738e+01 5.085950e+00 9.566365e+01
      vertex   -9.654736e+01 6.030449e+00 9.586878e+01
      vertex   -9.741079e+01 5.395127e+00 9.586878e+01
    endloop
  endfacet
  facet normal 2.602992e-01 -4.025983e-01 8.775870e-01
    outer loop
      vertex   -9.719738e+01 5.085950e+00 9.566365e+01
      vertex   -9.741079e+01 5.395127e+00 9.586878e+01
      vertex   -9.811665e+01 4.491598e+00 9.566365e+01
    endloop
  endfacet
  facet normal 2.602992e-01 -4.025983e-01 8.775870e-01
    outer loop
      vertex   -9.811665e+01 4.491598e+00 9.566365e+01
      vertex   -9.741079e+01 5.395127e+00 9.586878e+01
      vertex   -9.831100e+01 4.813096e+00 9.586878e+01
    endloop
  endfacet
  facet normal 2.355160e-01 -4.175803e-01 8.775870e-01
    outer loop
      vertex   -9.811665e+01 4.491598e+00 9.566365e+01
      vertex   -9.831100e+01 4.813096e+00 9.586878e+01
      vertex   -9.907013e+01 3.953835e+00 9.566365e+01
    endloop
  endfacet
  facet normal 2.355160e-01 -4.175803e-01 8.775870e-01
    outer loop
      vertex   -9.907013e+01 3.953835e+00 9.566365e+01
      vertex   -9.831100e+01 4.813096e+00 9.586878e+01
      vertex   -9.924471e+01 4.286480e+00 9.586878e+01
    endloop
  endfacet
  facet normal 2.098735e-01 -4.310385e-01 8.775870e-01
    outer loop
      vertex   -9.907013e+01 3.953835e+00 9.566365e+01
      vertex   -9.924471e+01 4.286480e+00 9.586878e+01
      vertex   -1.000543e+02 3.474622e+00 9.566365e+01
    endloop
  endfacet
  facet normal 2.098735e-01 -4.310385e-01 8.775870e-01
    outer loop
      vertex   -1.000543e+02 3.474622e+00 9.566365e+01
      vertex   -9.924471e+01 4.286480e+00 9.586878e+01
      vertex   -1.002085e+02 3.817202e+00 9.586878e+01
    endloop
  endfacet
  facet normal 1.834651e-01 -4.429240e-01 8.775870e-01
    outer loop
      vertex   -1.000543e+02 3.474622e+00 9.566365e+01
      vertex   -1.002085e+02 3.817202e+00 9.586878e+01
      vertex   -1.010657e+02 3.055708e+00 9.566365e+01
    endloop
  endfacet
  facet normal 1.834651e-01 -4.429240e-01 8.775870e-01
    outer loop
      vertex   -1.010657e+02 3.055708e+00 9.566365e+01
      vertex   -1.002085e+02 3.817202e+00 9.586878e+01
      vertex   -1.011989e+02 3.406973e+00 9.586878e+01
    endloop
  endfacet
  facet normal 1.563873e-01 -4.531932e-01 8.775870e-01
    outer loop
      vertex   -1.010657e+02 3.055708e+00 9.566365e+01
      vertex   -1.011989e+02 3.406973e+00 9.586878e+01
      vertex   -1.021005e+02 2.698622e+00 9.566365e+01
    endloop
  endfacet
  facet normal 1.563873e-01 -4.531932e-01 8.775870e-01
    outer loop
      vertex   -1.021005e+02 2.698622e+00 9.566365e+01
      vertex   -1.011989e+02 3.406973e+00 9.586878e+01
      vertex   -1.022122e+02 3.057290e+00 9.586878e+01
    endloop
  endfacet
  facet normal 1.287389e-01 -4.618088e-01 8.775870e-01
    outer loop
      vertex   -1.021005e+02 2.698622e+00 9.566365e+01
      vertex   -1.022122e+02 3.057290e+00 9.586878e+01
      vertex   -1.031549e+02 2.404668e+00 9.566365e+01
    endloop
  endfacet
  facet normal 1.287389e-01 -4.618088e-01 8.775870e-01
    outer loop
      vertex   -1.031549e+02 2.404668e+00 9.566365e+01
      vertex   -1.022122e+02 3.057290e+00 9.586878e+01
      vertex   -1.032448e+02 2.769429e+00 9.586878e+01
    endloop
  endfacet
  facet normal 1.006207e-01 -4.687394e-01 8.775870e-01
    outer loop
      vertex   -1.031549e+02 2.404668e+00 9.566365e+01
      vertex   -1.032448e+02 2.769429e+00 9.586878e+01
      vertex   -1.042252e+02 2.174916e+00 9.566365e+01
    endloop
  endfacet
  facet normal 1.006207e-01 -4.687394e-01 8.775870e-01
    outer loop
      vertex   -1.042252e+02 2.174916e+00 9.566365e+01
      vertex   -1.032448e+02 2.769429e+00 9.586878e+01
      vertex   -1.042930e+02 2.544440e+00 9.586878e+01
    endloop
  endfacet
  facet normal 7.213531e-02 -4.739595e-01 8.775870e-01
    outer loop
      vertex   -1.042252e+02 2.174916e+00 9.566365e+01
      vertex   -1.042930e+02 2.544440e+00 9.586878e+01
      vertex   -1.053074e+02 2.010207e+00 9.566365e+01
    endloop
  endfacet
  facet normal 7.213531e-02 -4.739595e-01 8.775870e-01
    outer loop
      vertex   -1.053074e+02 2.010207e+00 9.566365e+01
      vertex   -1.042930e+02 2.544440e+00 9.586878e+01
      vertex   -1.053527e+02 2.383145e+00 9.586878e+01
    endloop
  endfacet
  facet normal 4.338674e-02 -4.774502e-01 8.775870e-01
    outer loop
      vertex   -1.053074e+02 2.010207e+00 9.566365e+01
      vertex   -1.053527e+02 2.383145e+00 9.586878e+01
      vertex   -1.063976e+02 1.911140e+00 9.566365e+01
    endloop
  endfacet
  facet normal 4.338674e-02 -4.774502e-01 8.775870e-01
    outer loop
      vertex   -1.063976e+02 1.911140e+00 9.566365e+01
      vertex   -1.053527e+02 2.383145e+00 9.586878e+01
      vertex   -1.064203e+02 2.286132e+00 9.586878e+01
    endloop
  endfacet
  facet normal 1.447986e-02 -4.791987e-01 8.775870e-01
    outer loop
      vertex   -1.063976e+02 1.911140e+00 9.566365e+01
      vertex   -1.064203e+02 2.286132e+00 9.586878e+01
      vertex   -1.074918e+02 1.878078e+00 9.566365e+01
    endloop
  endfacet
  facet normal 1.447986e-02 -4.791987e-01 8.775870e-01
    outer loop
      vertex   -1.074918e+02 1.878078e+00 9.566365e+01
      vertex   -1.064203e+02 2.286132e+00 9.586878e+01
      vertex   -1.074918e+02 2.253755e+00 9.586878e+01
    endloop
  endfacet
  facet normal -1.447986e-02 -4.791987e-01 8.775870e-01
    outer loop
      vertex   -1.074918e+02 1.878078e+00 9.566365e+01
      vertex   -1.074918e+02 2.253755e+00 9.586878e+01
      vertex   -1.085860e+02 1.911140e+00 9.566365e+01
    endloop
  endfacet
  facet normal -1.447986e-02 -4.791987e-01 8.775870e-01
    outer loop
      vertex   -1.085860e+02 1.911140e+00 9.566365e+01
      vertex   -1.074918e+02 2.253755e+00 9.586878e+01
      vertex   -1.085633e+02 2.286132e+00 9.586878e+01
    endloop
  endfacet
  facet normal -4.338674e-02 -4.774502e-01 8.775870e-01
    outer loop
      vertex   -1.085860e+02 1.911140e+00 9.566365e+01
      vertex   -1.085633e+02 2.286132e+00 9.586878e+01
      vertex   -1.096762e+02 2.010207e+00 9.566365e+01
    endloop
  endfacet
  facet normal -4.338674e-02 -4.774502e-01 8.775870e-01
    outer loop
      vertex   -1.096762e+02 2.010207e+00 9.566365e+01
      vertex   -1.085633e+02 2.286132e+00 9.586878e+01
      vertex   -1.096309e+02 2.383145e+00 9.586878e+01
    endloop
  endfacet
  facet normal -7.213531e-02 -4.739595e-01 8.775870e-01
    outer loop
      vertex   -1.096762e+02 2.010207e+00 9.566365e+01
      vertex   -1.096309e+02 2.383145e+00 9.586878e+01
      vertex   -1.107584e+02 2.174916e+00 9.566365e+01
    endloop
  endfacet
  facet normal -7.213531e-02 -4.739595e-01 8.775870e-01
    outer loop
      vertex   -1.107584e+02 2.174916e+00 9.566365e+01
      vertex   -1.096309e+02 2.383145e+00 9.586878e+01
      vertex   -1.106907e+02 2.544440e+00 9.586878e+01
    endloop
  endfacet
  facet normal -1.006207e-01 -4.687394e-01 8.775870e-01
    outer loop
      vertex   -1.107584e+02 2.174916e+00 9.566365e+01
      vertex   -1.106907e+02 2.544440e+00 9.586878e+01
      vertex   -1.118287e+02 2.404668e+00 9.566365e+01
    endloop
  endfacet
  facet normal -1.006207e-01 -4.687394e-01 8.775870e-01
    outer loop
      vertex   -1.118287e+02 2.404668e+00 9.566365e+01
      vertex   -1.106907e+02 2.544440e+00 9.586878e+01
      vertex   -1.117388e+02 2.769429e+00 9.586878e+01
    endloop
  endfacet
  facet normal -1.287389e-01 -4.618088e-01 8.775870e-01
    outer loop
      vertex   -1.118287e+02 2.404668e+00 9.566365e+01
      vertex   -1.117388e+02 2.769429e+00 9.586878e+01
      vertex   -1.128831e+02 2.698622e+00 9.566365e+01
    endloop
  endfacet
  facet normal -1.287389e-01 -4.618088e-01 8.775870e-01
    outer loop
      vertex   -1.128831e+02 2.698622e+00 9.566365e+01
      vertex   -1.117388e+02 2.769429e+00 9.586878e+01
      vertex   -1.127714e+02 3.057290e+00 9.586878e+01
    endloop
  endfacet
  facet normal -1.563873e-01 -4.531932e-01 8.775870e-01
    outer loop
      vertex   -1.128831e+02 2.698622e+00 9.566365e+01
      vertex   -1.127714e+02 3.057290e+00 9.586878e+01
      vertex   -1.139179e+02 3.055708e+00 9.566365e+01
    endloop
  endfacet
  facet normal -1.563873e-01 -4.531932e-01 8.775870e-01
    outer loop
      vertex   -1.139179e+02 3.055708e+00 9.566365e+01
      vertex   -1.127714e+02 3.057290e+00 9.586878e+01
      vertex   -1.137847e+02 3.406973e+00 9.586878e+01
    endloop
  endfacet
  facet normal -1.834651e-01 -4.429240e-01 8.775870e-01
    outer loop
      vertex   -1.139179e+02 3.055708e+00 9.566365e+01
      vertex   -1.137847e+02 3.406973e+00 9.586878e+01
      vertex   -1.149293e+02 3.474622e+00 9.566365e+01
    endloop
  endfacet
  facet normal -1.834651e-01 -4.429240e-01 8.775870e-01
    outer loop
      vertex   -1.149293e+02 3.474622e+00 9.566365e+01
      vertex   -1.137847e+02 3.406973e+00 9.586878e+01
      vertex   -1.147751e+02 3.817202e+00 9.586878e+01
    endloop
  endfacet
  facet normal -2.098735e-01 -4.310385e-01 8.775870e-01
    outer loop
      vertex   -1.149293e+02 3.474622e+00 9.566365e+01
      vertex   -1.147751e+02 3.817202e+00 9.586878e+01
      vertex   -1.159135e+02 3.953835e+00 9.566365e+01
    endloop
  endfacet
  facet normal -2.098735e-01 -4.310385e-01 8.775870e-01
    outer loop
      vertex   -1.159135e+02 3.953835e+00 9.566365e+01
      vertex   -1.147751e+02 3.817202e+00 9.586878e+01
      vertex   -1.157389e+02 4.286480e+00 9.586878e+01
    endloop
  endfacet
  facet normal -2.355160e-01 -4.175803e-01 8.775870e-01
    outer loop
      vertex   -1.159135e+02 3.953835e+00 9.566365e+01
      vertex   -1.157389e+02 4.286480e+00 9.586878e+01
      vertex   -1.168670e+02 4.491598e+00 9.566365e+01
    endloop
  endfacet
  facet normal -2.355160e-01 -4.175803e-01 8.775870e-01
    outer loop
      vertex   -1.168670e+02 4.491598e+00 9.566365e+01
      vertex   -1.157389e+02 4.286480e+00 9.586878e+01
      vertex   -1.166726e+02 4.813096e+00 9.586878e+01
    endloop
  endfacet
  facet normal -2.602992e-01 -4.025983e-01 8.775870e-01
    outer loop
      vertex   -1.168670e+02 4.491598e+00 9.566365e+01
      vertex   -1.166726e+02 4.813096e+00 9.586878e+01
      vertex   -1.177862e+02 5.085950e+00 9.566365e+01
    endloop
  endfacet
  facet normal -2.602992e-01 -4.025983e-01 8.775870e-01
    outer loop
      vertex   -1.177862e+02 5.085950e+00 9.566365e+01
      vertex   -1.166726e+02 4.813096e+00 9.586878e+01
      vertex   -1.175728e+02 5.395127e+00 9.586878e+01
    endloop
  endfacet
  facet normal -2.841326e-01 -3.861473e-01 8.775870e-01
    outer loop
      vertex   -1.177862e+02 5.085950e+00 9.566365e+01
      vertex   -1.175728e+02 5.395127e+00 9.586878e+01
      vertex   -1.186679e+02 5.734722e+00 9.566365e+01
    endloop
  endfacet
  facet normal -2.841326e-01 -3.861473e-01 8.775870e-01
    outer loop
      vertex   -1.186679e+02 5.734722e+00 9.566365e+01
      vertex   -1.175728e+02 5.395127e+00 9.586878e+01
      vertex   -1.184362e+02 6.030449e+00 9.586878e+01
    endloop
  endfacet
  facet normal -3.069292e-01 -3.682873e-01 8.775870e-01
    outer loop
      vertex   -1.186679e+02 5.734722e+00 9.566365e+01
      vertex   -1.184362e+02 6.030449e+00 9.586878e+01
      vertex   -1.195089e+02 6.435546e+00 9.566365e+01
    endloop
  endfacet
  facet normal -3.069292e-01 -3.682873e-01 8.775870e-01
    outer loop
      vertex   -1.195089e+02 6.435546e+00 9.566365e+01
      vertex   -1.184362e+02 6.030449e+00 9.586878e+01
      vertex   -1.192597e+02 6.716745e+00 9.586878e+01
    endloop
  endfacet
  facet normal -3.286059e-01 -3.490835e-01 8.775870e-01
    outer loop
      vertex   -1.195089e+02 6.435546e+00 9.566365e+01
      vertex   -1.192597e+02 6.716745e+00 9.586878e+01
      vertex   -1.203059e+02 7.185866e+00 9.566365e+01
    endloop
  endfacet
  facet normal -3.286059e-01 -3.490835e-01 8.775870e-01
    outer loop
      vertex   -1.203059e+02 7.185866e+00 9.566365e+01
      vertex   -1.192597e+02 6.716745e+00 9.586878e+01
      vertex   -1.200403e+02 7.451510e+00 9.586878e+01
    endloop
  endfacet
  facet normal -3.490835e-01 -3.286059e-01 8.775870e-01
    outer loop
      vertex   -1.203059e+02 7.185866e+00 9.566365e+01
      vertex   -1.200403e+02 7.451510e+00 9.586878e+01
      vertex   -1.210563e+02 7.982943e+00 9.566365e+01
    endloop
  endfacet
  facet normal -3.490835e-01 -3.286059e-01 8.775870e-01
    outer loop
      vertex   -1.210563e+02 7.982943e+00 9.566365e+01
      vertex   -1.200403e+02 7.451510e+00 9.586878e+01
      vertex   -1.207751e+02 8.232063e+00 9.586878e+01
    endloop
  endfacet
  facet normal -3.682873e-01 -3.069292e-01 8.775870e-01
    outer loop
      vertex   -1.210563e+02 7.982943e+00 9.566365e+01
      vertex   -1.207751e+02 8.232063e+00 9.586878e+01
      vertex   -1.217571e+02 8.823868e+00 9.566365e+01
    endloop
  endfacet
  facet normal -3.682873e-01 -3.069292e-01 8.775870e-01
    outer loop
      vertex   -1.217571e+02 8.823868e+00 9.566365e+01
      vertex   -1.207751e+02 8.232063e+00 9.586878e+01
      vertex   -1.214614e+02 9.055556e+00 9.586878e+01
    endloop
  endfacet
  facet normal -3.861473e-01 -2.841326e-01 8.775870e-01
    outer loop
      vertex   -1.217571e+02 8.823868e+00 9.566365e+01
      vertex   -1.214614e+02 9.055556e+00 9.586878e+01
      vertex   -1.224059e+02 9.705575e+00 9.566365e+01
    endloop
  endfacet
  facet normal -3.861473e-01 -2.841326e-01 8.775870e-01
    outer loop
      vertex   -1.224059e+02 9.705575e+00 9.566365e+01
      vertex   -1.214614e+02 9.055556e+00 9.586878e+01
      vertex   -1.220967e+02 9.918984e+00 9.586878e+01
    endloop
  endfacet
  facet normal -4.025983e-01 -2.602992e-01 8.775870e-01
    outer loop
      vertex   -1.224059e+02 9.705575e+00 9.566365e+01
      vertex   -1.220967e+02 9.918984e+00 9.586878e+01
      vertex   -1.230002e+02 1.062484e+01 9.566365e+01
    endloop
  endfacet
  facet normal -4.025983e-01 -2.602992e-01 8.775870e-01
    outer loop
      vertex   -1.230002e+02 1.062484e+01 9.566365e+01
      vertex   -1.220967e+02 9.918984e+00 9.586878e+01
      vertex   -1.226787e+02 1.081920e+01 9.586878e+01
    endloop
  endfacet
  facet normal -4.175803e-01 -2.355160e-01 8.775870e-01
    outer loop
      vertex   -1.230002e+02 1.062484e+01 9.566365e+01
      vertex   -1.226787e+02 1.081920e+01 9.586878e+01
      vertex   -1.235380e+02 1.157832e+01 9.566365e+01
    endloop
  endfacet
  facet normal -4.175803e-01 -2.355160e-01 8.775870e-01
    outer loop
      vertex   -1.235380e+02 1.157832e+01 9.566365e+01
      vertex   -1.226787e+02 1.081920e+01 9.586878e+01
      vertex   -1.232053e+02 1.175291e+01 9.586878e+01
    endloop
  endfacet
  facet normal -4.310385e-01 -2.098735e-01 8.775870e-01
    outer loop
      vertex   -1.235380e+02 1.157832e+01 9.566365e+01
      vertex   -1.232053e+02 1.175291e+01 9.586878e+01
      vertex   -1.240172e+02 1.256253e+01 9.566365e+01
    endloop
  endfacet
  facet normal -4.310385e-01 -2.098735e-01 8.775870e-01
    outer loop
      vertex   -1.240172e+02 1.256253e+01 9.566365e+01
      vertex   -1.232053e+02 1.175291e+01 9.586878e+01
      vertex   -1.236746e+02 1.271671e+01 9.586878e+01
    endloop
  endfacet
  facet normal -4.429240e-01 -1.834651e-01 8.775870e-01
    outer loop
      vertex   -1.240172e+02 1.256253e+01 9.566365e+01
      vertex   -1.236746e+02 1.271671e+01 9.586878e+01
      vertex   -1.244361e+02 1.357388e+01 9.566365e+01
    endloop
  endfacet
  facet normal -4.429240e-01 -1.834651e-01 8.775870e-01
    outer loop
      vertex   -1.244361e+02 1.357388e+01 9.566365e+01
      vertex   -1.236746e+02 1.271671e+01 9.586878e+01
      vertex   -1.240848e+02 1.370709e+01 9.586878e+01
    endloop
  endfacet
  facet normal -4.531932e-01 -1.563873e-01 8.775870e-01
    outer loop
      vertex   -1.244361e+02 1.357388e+01 9.566365e+01
      vertex   -1.240848e+02 1.370709e+01 9.586878e+01
      vertex   -1.247932e+02 1.460867e+01 9.566365e+01
    endloop
  endfacet
  facet normal -4.531932e-01 -1.563873e-01 8.775870e-01
    outer loop
      vertex   -1.247932e+02 1.460867e+01 9.566365e+01
      vertex   -1.240848e+02 1.370709e+01 9.586878e+01
      vertex   -1.244345e+02 1.472044e+01 9.586878e+01
    endloop
  endfacet
  facet normal -4.618088e-01 -1.287389e-01 8.775870e-01
    outer loop
      vertex   -1.247932e+02 1.460867e+01 9.566365e+01
      vertex   -1.244345e+02 1.472044e+01 9.586878e+01
      vertex   -1.250871e+02 1.566314e+01 9.566365e+01
    endloop
  endfacet
  facet normal -4.618088e-01 -1.287389e-01 8.775870e-01
    outer loop
      vertex   -1.250871e+02 1.566314e+01 9.566365e+01
      vertex   -1.244345e+02 1.472044e+01 9.586878e+01
      vertex   -1.247224e+02 1.575305e+01 9.586878e+01
    endloop
  endfacet
  facet normal -4.687394e-01 -1.006207e-01 8.775870e-01
    outer loop
      vertex   -1.250871e+02 1.566314e+01 9.566365e+01
      vertex   -1.247224e+02 1.575305e+01 9.586878e+01
      vertex   -1.253169e+02 1.673343e+01 9.566365e+01
    endloop
  endfacet
  facet normal -4.687394e-01 -1.006207e-01 8.775870e-01
    outer loop
      vertex   -1.253169e+02 1.673343e+01 9.566365e+01
      vertex   -1.247224e+02 1.575305e+01 9.586878e+01
      vertex   -1.249474e+02 1.680115e+01 9.586878e+01
    endloop
  endfacet
  facet normal -4.739595e-01 -7.213531e-02 8.775870e-01
    outer loop
      vertex   -1.253169e+02 1.673343e+01 9.566365e+01
      vertex   -1.249474e+02 1.680115e+01 9.586878e+01
      vertex   -1.254816e+02 1.781564e+01 9.566365e+01
    endloop
  endfacet
  facet normal -4.739595e-01 -7.213531e-02 8.775870e-01
    outer loop
      vertex   -1.254816e+02 1.781564e+01 9.566365e+01
      vertex   -1.249474e+02 1.680115e+01 9.586878e+01
      vertex   -1.251087e+02 1.786093e+01 9.586878e+01
    endloop
  endfacet
  facet normal -4.774502e-01 -4.338674e-02 8.775870e-01
    outer loop
      vertex   -1.254816e+02 1.781564e+01 9.566365e+01
      vertex   -1.251087e+02 1.786093e+01 9.586878e+01
      vertex   -1.255807e+02 1.890583e+01 9.566365e+01
    endloop
  endfacet
  facet normal -4.774502e-01 -4.338674e-02 8.775870e-01
    outer loop
      vertex   -1.255807e+02 1.890583e+01 9.566365e+01
      vertex   -1.251087e+02 1.786093e+01 9.586878e+01
      vertex   -1.252057e+02 1.892851e+01 9.586878e+01
    endloop
  endfacet
  facet normal -4.791987e-01 -1.447986e-02 8.775870e-01
    outer loop
      vertex   -1.255807e+02 1.890583e+01 9.566365e+01
      vertex   -1.252057e+02 1.892851e+01 9.586878e+01
      vertex   -1.256137e+02 2.000000e+01 9.566365e+01
    endloop
  endfacet
  facet normal -4.791987e-01 -1.447986e-02 8.775870e-01
    outer loop
      vertex   -1.256137e+02 2.000000e+01 9.566365e+01
      vertex   -1.252057e+02 1.892851e+01 9.586878e+01
      vertex   -1.252380e+02 2.000000e+01 9.586878e+01
    endloop
  endfacet
  facet normal -4.791987e-01 1.447986e-02 8.775870e-01
    outer loop
      vertex   -1.256137e+02 2.000000e+01 9.566365e+01
      vertex   -1.252380e+02 2.000000e+01 9.586878e+01
      vertex   -1.255807e+02 2.109417e+01 9.566365e+01
    endloop
  endfacet
  facet normal -4.791987e-01 1.447986e-02 8.775870e-01
    outer loop
      vertex   -1.255807e+02 2.109417e+01 9.566365e+01
      vertex   -1.252380e+02 2.000000e+01 9.586878e+01
      vertex   -1.252057e+02 2.107149e+01 9.586878e+01
    endloop
  endfacet
  facet normal -4.774502e-01 4.338674e-02 8.775870e-01
    outer loop
      vertex   -1.255807e+02 2.109417e+01 9.566365e+01
      vertex   -1.252057e+02 2.107149e+01 9.586878e+01
      vertex   -1.254816e+02 2.218436e+01 9.566365e+01
    endloop
  endfacet
  facet normal -4.774502e-01 4.338674e-02 8.775870e-01
    outer loop
      vertex   -1.254816e+02 2.218436e+01 9.566365e+01
      vertex   -1.252057e+02 2.107149e+01 9.586878e+01
      vertex   -1.251087e+02 2.213907e+01 9.586878e+01
    endloop
  endfacet
  facet normal -4.739595e-01 7.213531e-02 8.775870e-01
    outer loop
      vertex   -1.254816e+02 2.218436e+01 9.566365e+01
      vertex   -1.251087e+02 2.213907e+01 9.586878e+01
      vertex   -1.253169e+02 2.326657e+01 9.566365e+01
    endloop
  endfacet
  facet normal -4.739595e-01 7.213531e-02 8.775870e-01
    outer loop
      vertex   -1.253169e+02 2.326657e+01 9.566365e+01
      vertex   -1.251087e+02 2.213907e+01 9.586878e+01
      vertex   -1.249474e+02 2.319885e+01 9.586878e+01
    endloop
  endfacet
  facet normal -4.687394e-01 1.006207e-01 8.775870e-01
    outer loop
      vertex   -1.253169e+02 2.326657e+01 9.566365e+01
      vertex   -1.249474e+02 2.319885e+01 9.586878e+01
      vertex   -1.250871e+02 2.433686e+01 9.566365e+01
    endloop
  endfacet
  facet normal -4.687394e-01 1.006207e-01 8.775870e-01
    outer loop
      vertex   -1.250871e+02 2.433686e+01 9.566365e+01
      vertex   -1.249474e+02 2.319885e+01 9.586878e+01
      vertex   -1.247224e+02 2.424695e+01 9.586878e+01
    endloop
  endfacet
  facet normal -4.618088e-01 1.287389e-01 8.775870e-01
    outer loop
      vertex   -1.250871e+02 2.433686e+01 9.566365e+01
      vertex   -1.247224e+02 2.424695e+01 9.586878e+01
      vertex   -1.247932e+02 2.539133e+01 9.566365e+01
    endloop
  endfacet
  facet normal -4.618088e-01 1.287389e-01 8.775870e-01
    outer loop
      vertex   -1.247932e+02 2.539133e+01 9.566365e+01
      vertex   -1.247224e+02 2.424695e+01 9.586878e+01
      vertex   -1.244345e+02 2.527956e+01 9.586878e+01
    endloop
  endfacet
  facet normal -4.531932e-01 1.563873e-01 8.775870e-01
    outer loop
      vertex   -1.247932e+02 2.539133e+01 9.566365e+01
      vertex   -1.244345e+02 2.527956e+01 9.586878e+01
      vertex   -1.244361e+02 2.642612e+01 9.566365e+01
    endloop
  endfacet
  facet normal -4.531932e-01 1.563873e-01 8.775870e-01
    outer loop
      vertex   -1.244361e+02 2.642612e+01 9.566365e+01
      vertex   -1.244345e+02 2.527956e+01 9.586878e+01
      vertex   -1.240848e+02 2.629291e+01 9.586878e+01
    endloop
  endfacet
  facet normal -4.429240e-01 1.834651e-01 8.775870e-01
    outer loop
      vertex   -1.244361e+02 2.642612e+01 9.566365e+01
      vertex   -1.240848e+02 2.629291e+01 9.586878e+01
      vertex   -1.240172e+02 2.743747e+01 9.566365e+01
    endloop
  endfacet
  facet normal -4.429240e-01 1.834651e-01 8.775870e-01
    outer loop
      vertex   -1.240172e+02 2.743747e+01 9.566365e+01
      vertex   -1.240848e+02 2.629291e+01 9.586878e+01
      vertex   -1.236746e+02 2.728329e+01 9.586878e+01
    endloop
  endfacet
  facet normal -4.310385e-01 2.098735e-01 8.775870e-01
    outer loop
      vertex   -1.240172e+02 2.743747e+01 9.566365e+01
      vertex   -1.236746e+02 2.728329e+01 9.586878e+01
      vertex   -1.235380e+02 2.842168e+01 9.566365e+01
    endloop
  endfacet
  facet normal -4.310385e-01 2.098735e-01 8.775870e-01
    outer loop
      vertex   -1.235380e+02 2.842168e+01 9.566365e+01
      vertex   -1.236746e+02 2.728329e+01 9.586878e+01
      vertex   -1.232053e+02 2.824709e+01 9.586878e+01
    endloop
  endfacet
  facet normal -4.175803e-01 2.355160e-01 8.775870e-01
    outer loop
      vertex   -1.235380e+02 2.842168e+01 9.566365e+01
      vertex   -1.232053e+02 2.824709e+01 9.586878e+01
      vertex   -1.230002e+02 2.937516e+01 9.566365e+01
    endloop
  endfacet
  facet normal -4.175803e-01 2.355160e-01 8.775870e-01
    outer loop
      vertex   -1.230002e+02 2.937516e+01 9.566365e+01
      vertex   -1.232053e+02 2.824709e+01 9.586878e+01
      vertex   -1.226787e+02 2.918080e+01 9.586878e+01
    endloop
  endfacet
  facet normal -4.025983e-01 2.602992e-01 8.775870e-01
    outer loop
      vertex   -1.230002e+02 2.937516e+01 9.566365e+01
      vertex   -1.226787e+02 2.918080e+01 9.586878e+01
      vertex   -1.224059e+02 3.029443e+01 9.566365e+01
    endloop
  endfacet
  facet normal -4.025983e-01 2.602992e-01 8.775870e-01
    outer loop
      vertex   -1.224059e+02 3.029443e+01 9.566365e+01
      vertex   -1.226787e+02 2.918080e+01 9.586878e+01
      vertex   -1.220967e+02 3.008102e+01 9.586878e+01
    endloop
  endfacet
  facet normal -3.861473e-01 2.841326e-01 8.775870e-01
    outer loop
      vertex   -1.224059e+02 3.029443e+01 9.566365e+01
      vertex   -1.220967e+02 3.008102e+01 9.586878e+01
      vertex   -1.217571e+02 3.117613e+01 9.566365e+01
    endloop
  endfacet
  facet normal -3.861473e-01 2.841326e-01 8.775870e-01
    outer loop
      vertex   -1.217571e+02 3.117613e+01 9.566365e+01
      vertex   -1.220967e+02 3.008102e+01 9.586878e+01
      vertex   -1.214614e+02 3.094444e+01 9.586878e+01
    endloop
  endfacet
  facet normal -3.682873e-01 3.069292e-01 8.775870e-01
    outer loop
      vertex   -1.217571e+02 3.117613e+01 9.566365e+01
      vertex   -1.214614e+02 3.094444e+01 9.586878e+01
      vertex   -1.210563e+02 3.201706e+01 9.566365e+01
    endloop
  endfacet
  facet normal -3.682873e-01 3.069292e-01 8.775870e-01
    outer loop
      vertex   -1.210563e+02 3.201706e+01 9.566365e+01
      vertex   -1.214614e+02 3.094444e+01 9.586878e+01
      vertex   -1.207751e+02 3.176794e+01 9.586878e+01
    endloop
  endfacet
  facet normal -3.490835e-01 3.286059e-01 8.775870e-01
    outer loop
      vertex   -1.210563e+02 3.201706e+01 9.566365e+01
      vertex   -1.207751e+02 3.176794e+01 9.586878e+01
      vertex   -1.203059e+02 3.281413e+01 9.566365e+01
    endloop
  endfacet
  facet normal -3.490835e-01 3.286059e-01 8.775870e-01
    outer loop
      vertex   -1.203059e+02 3.281413e+01 9.566365e+01
      vertex   -1.207751e+02 3.176794e+01 9.586878e+01
      vertex   -1.200403e+02 3.254849e+01 9.586878e+01
    endloop
  endfacet
  facet normal -3.286059e-01 3.490835e-01 8.775870e-01
    outer loop
      vertex   -1.203059e+02 3.281413e+01 9.566365e+01
      vertex   -1.200403e+02 3.254849e+01 9.586878e+01
      vertex   -1.195089e+02 3.356445e+01 9.566365e+01
    endloop
  endfacet
  facet normal -3.286059e-01 3.490835e-01 8.775870e-01
    outer loop
      vertex   -1.195089e+02 3.356445e+01 9.566365e+01
      vertex   -1.200403e+02 3.254849e+01 9.586878e+01
      vertex   -1.192597e+02 3.328326e+01 9.586878e+01
    endloop
  endfacet
  facet normal -3.069292e-01 3.682873e-01 8.775870e-01
    outer loop
      vertex   -1.195089e+02 3.356445e+01 9.566365e+01
      vertex   -1.192597e+02 3.328326e+01 9.586878e+01
      vertex   -1.186679e+02 3.426528e+01 9.566365e+01
    endloop
  endfacet
  facet normal -3.069292e-01 3.682873e-01 8.775870e-01
    outer loop
      vertex   -1.186679e+02 3.426528e+01 9.566365e+01
      vertex   -1.192597e+02 3.328326e+01 9.586878e+01
      vertex   -1.184362e+02 3.396955e+01 9.586878e+01
    endloop
  endfacet
  facet normal -2.841326e-01 3.861473e-01 8.775870e-01
    outer loop
      vertex   -1.186679e+02 3.426528e+01 9.566365e+01
      vertex   -1.184362e+02 3.396955e+01 9.586878e+01
      vertex   -1.177862e+02 3.491405e+01 9.566365e+01
    endloop
  endfacet
  facet normal -2.841326e-01 3.861473e-01 8.775870e-01
    outer loop
      vertex   -1.177862e+02 3.491405e+01 9.566365e+01
      vertex   -1.184362e+02 3.396955e+01 9.586878e+01
      vertex   -1.175728e+02 3.460487e+01 9.586878e+01
    endloop
  endfacet
  facet normal -2.602992e-01 4.025983e-01 8.775870e-01
    outer loop
      vertex   -1.177862e+02 3.491405e+01 9.566365e+01
      vertex   -1.175728e+02 3.460487e+01 9.586878e+01
      vertex   -1.168670e+02 3.550840e+01 9.566365e+01
    endloop
  endfacet
  facet normal -2.602992e-01 4.025983e-01 8.775870e-01
    outer loop
      vertex   -1.168670e+02 3.550840e+01 9.566365e+01
      vertex   -1.175728e+02 3.460487e+01 9.586878e+01
      vertex   -1.166726e+02 3.518690e+01 9.586878e+01
    endloop
  endfacet
  facet normal -2.355160e-01 4.175803e-01 8.775870e-01
    outer loop
      vertex   -1.168670e+02 3.550840e+01 9.566365e+01
      vertex   -1.166726e+02 3.518690e+01 9.586878e+01
      vertex   -1.159135e+02 3.604617e+01 9.566365e+01
    endloop
  endfacet
  facet normal -2.355160e-01 4.175803e-01 8.775870e-01
    outer loop
      vertex   -1.159135e+02 3.604617e+01 9.566365e+01
      vertex   -1.166726e+02 3.518690e+01 9.586878e+01
      vertex   -1.157389e+02 3.571352e+01 9.586878e+01
    endloop
  endfacet
  facet normal -2.098735e-01 4.310385e-01 8.775870e-01
    outer loop
      vertex   -1.159135e+02 3.604617e+01 9.566365e+01
      vertex   -1.157389e+02 3.571352e+01 9.586878e+01
      vertex   -1.149293e+02 3.652538e+01 9.566365e+01
    endloop
  endfacet
  facet normal -2.098735e-01 4.310385e-01 8.775870e-01
    outer loop
      vertex   -1.149293e+02 3.652538e+01 9.566365e+01
      vertex   -1.157389e+02 3.571352e+01 9.586878e+01
      vertex   -1.147751e+02 3.618280e+01 9.586878e+01
    endloop
  endfacet
  facet normal -1.834651e-01 4.429240e-01 8.775870e-01
    outer loop
      vertex   -1.149293e+02 3.652538e+01 9.566365e+01
      vertex   -1.147751e+02 3.618280e+01 9.586878e+01
      vertex   -1.139179e+02 3.694429e+01 9.566365e+01
    endloop
  endfacet
  facet normal -1.834651e-01 4.429240e-01 8.775870e-01
    outer loop
      vertex   -1.139179e+02 3.694429e+01 9.566365e+01
      vertex   -1.147751e+02 3.618280e+01 9.586878e+01
      vertex   -1.137847e+02 3.659303e+01 9.586878e+01
    endloop
  endfacet
  facet normal -1.563873e-01 4.531932e-01 8.775870e-01
    outer loop
      vertex   -1.139179e+02 3.694429e+01 9.566365e+01
      vertex   -1.137847e+02 3.659303e+01 9.586878e+01
      vertex   -1.128831e+02 3.730138e+01 9.566365e+01
    endloop
  endfacet
  facet normal -1.563873e-01 4.531932e-01 8.775870e-01
    outer loop
      vertex   -1.128831e+02 3.730138e+01 9.566365e+01
      vertex   -1.137847e+02 3.659303e+01 9.586878e+01
      vertex   -1.127714e+02 3.694271e+01 9.586878e+01
    endloop
  endfacet
  facet normal -1.287389e-01 4.618088e-01 8.775870e-01
    outer loop
      vertex   -1.128831e+02 3.730138e+01 9.566365e+01
      vertex   -1.127714e+02 3.694271e+01 9.586878e+01
      vertex   -1.118287e+02 3.759533e+01 9.566365e+01
    endloop
  endfacet
  facet normal -1.287389e-01 4.618088e-01 8.775870e-01
    outer loop
      vertex   -1.118287e+02 3.759533e+01 9.566365e+01
      vertex   -1.127714e+02 3.694271e+01 9.586878e+01
      vertex   -1.117388e+02 3.723057e+01 9.586878e+01
    endloop
  endfacet
  facet normal -1.006207e-01 4.687394e-01 8.775870e-01
    outer loop
      vertex   -1.118287e+02 3.759533e+01 9.566365e+01
      vertex   -1.117388e+02 3.723057e+01 9.586878e+01
      vertex   -1.107584e+02 3.782508e+01 9.566365e+01
    endloop
  endfacet
  facet normal -1.006207e-01 4.687394e-01 8.775870e-01
    outer loop
      vertex   -1.107584e+02 3.782508e+01 9.566365e+01
      vertex   -1.117388e+02 3.723057e+01 9.586878e+01
      vertex   -1.106907e+02 3.745556e+01 9.586878e+01
    endloop
  endfacet
  facet normal -7.213531e-02 4.739595e-01 8.775870e-01
    outer loop
      vertex   -1.107584e+02 3.782508e+01 9.566365e+01
      vertex   -1.106907e+02 3.745556e+01 9.586878e+01
      vertex   -1.096762e+02 3.798979e+01 9.566365e+01
    endloop
  endfacet
  facet normal -7.213531e-02 4.739595e-01 8.775870e-01
    outer loop
      vertex   -1.096762e+02 3.798979e+01 9.566365e+01
      vertex   -1.106907e+02 3.745556e+01 9.586878e+01
      vertex   -1.096309e+02 3.761685e+01 9.586878e+01
    endloop
  endfacet
  facet normal -4.338674e-02 4.774502e-01 8.775870e-01
    outer loop
      vertex   -1.096762e+02 3.798979e+01 9.566365e+01
      vertex   -1.096309e+02 3.761685e+01 9.586878e+01
      vertex   -1.085860e+02 3.808886e+01 9.566365e+01
    endloop
  endfacet
  facet normal -4.338674e-02 4.774502e-01 8.775870e-01
    outer loop
      vertex   -1.085860e+02 3.808886e+01 9.566365e+01
      vertex   -1.096309e+02 3.761685e+01 9.586878e+01
      vertex   -1.085633e+02 3.771387e+01 9.586878e+01
    endloop
  endfacet
  facet normal -1.447986e-02 4.791987e-01 8.775870e-01
    outer loop
      vertex   -1.085860e+02 3.808886e+01 9.566365e+01
      vertex   -1.085633e+02 3.771387e+01 9.586878e+01
      vertex   -1.074918e+02 3.812192e+01 9.566365e+01
    endloop
  endfacet
  facet normal -1.447986e-02 4.791987e-01 8.775870e-01
    outer loop
      vertex   -1.074918e+02 3.812192e+01 9.566365e+01
      vertex   -1.085633e+02 3.771387e+01 9.586878e+01
      vertex   -1.074918e+02 3.774625e+01 9.586878e+01
    endloop
  endfacet
  facet normal 1.447986e-02 4.791987e-01 8.775870e-01
    outer loop
      vertex   -1.074918e+02 3.812192e+01 9.566365e+01
      vertex   -1.074918e+02 3.774625e+01 9.586878e+01
      vertex   -1.063976e+02 3.808886e+01 9.566365e+01
    endloop
  endfacet
  facet normal 1.447986e-02 4.791987e-01 8.775870e-01
    outer loop
      vertex   -1.063976e+02 3.808886e+01 9.566365e+01
      vertex   -1.074918e+02 3.774625e+01 9.586878e+01
      vertex   -1.064203e+02 3.771387e+01 9.586878e+01
    endloop
  endfacet
  facet normal 4.338674e-02 4.774502e-01 8.775870e-01
    outer loop
      vertex   -1.063976e+02 3.808886e+01 9.566365e+01
      vertex   -1.064203e+02 3.771387e+01 9.586878e+01
      vertex   -1.053074e+02 3.798979e+01 9.566365e+01
    endloop
  endfacet
  facet normal 4.338674e-02 4.774502e-01 8.775870e-01
    outer loop
      vertex   -1.053074e+02 3.798979e+01 9.566365e+01
      vertex   -1.064203e+02 3.771387e+01 9.586878e+01
      vertex   -1.053527e+02 3.761685e+01 9.586878e+01
    endloop
  endfacet
  facet normal 7.213531e-02 4.739595e-01 8.775870e-01
    outer loop
      vertex   -1.053074e+02 3.798979e+01 9.566365e+01
      vertex   -1.053527e+02 3.761685e+01 9.586878e+01
      vertex   -1.042252e+02 3.782508e+01 9.566365e+01
    endloop
  endfacet
  facet normal 7.213531e-02 4.739595e-01 8.775870e-01
    outer loop
      vertex   -1.042252e+02 3.782508e+01 9.566365e+01
      vertex   -1.053527e+02 3.761685e+01 9.586878e+01
      vertex   -1.042930e+02 3.745556e+01 9.586878e+01
    endloop
  endfacet
  facet normal 1.006207e-01 4.687394e-01 8.775870e-01
    outer loop
      vertex   -1.042252e+02 3.782508e+01 9.566365e+01
      vertex   -1.042930e+02 3.745556e+01 9.586878e+01
      vertex   -1.031549e+02 3.759533e+01 9.566365e+01
    endloop
  endfacet
  facet normal 1.006207e-01 4.687394e-01 8.775870e-01
    outer loop
      vertex   -1.031549e+02 3.759533e+01 9.566365e+01
      vertex   -1.042930e+02 3.745556e+01 9.586878e+01
      vertex   -1.032448e+02 3.723057e+01 9.586878e+01
    endloop
  endfacet
  facet normal 1.287389e-01 4.618088e-01 8.775870e-01
    outer loop
      vertex   -1.031549e+02 3.759533e+01 9.566365e+01
      vertex   -1.032448e+02 3.723057e+01 9.586878e+01
      vertex   -1.021005e+02 3.730138e+01 9.566365e+01
    endloop
  endfacet
  facet normal 1.287389e-01 4.618088e-01 8.775870e-01
    outer loop
      vertex   -1.021005e+02 3.730138e+01 9.566365e+01
      vertex   -1.032448e+02 3.723057e+01 9.586878e+01
      vertex   -1.022122e+02 3.694271e+01 9.586878e+01
    endloop
  endfacet
  facet normal 1.563873e-01 4.531932e-01 8.775870e-01
    outer loop
      vertex   -1.021005e+02 3.730138e+01 9.566365e+01
      vertex   -1.022122e+02 3.694271e+01 9.586878e+01
      vertex   -1.010657e+02 3.694429e+01 9.566365e+01
    endloop
  endfacet
  facet normal 1.563873e-01 4.531932e-01 8.775870e-01
    outer loop
      vertex   -1.010657e+02 3.694429e+01 9.566365e+01
      vertex   -1.022122e+02 3.694271e+01 9.586878e+01
      vertex   -1.011989e+02 3.659303e+01 9.586878e+01
    endloop
  endfacet
  facet normal 1.833776e-01 4.429579e-01 8.775882e-01
    outer loop
      vertex   -1.010657e+02 3.694429e+01 9.566365e+01
      vertex   -1.011989e+02 3.659303e+01 9.586878e+01
      vertex   -1.002149e+02 3.618565e+01 9.586878e+01
    endloop
  endfacet
  facet normal 1.337312e-01 3.230347e-01 9.368909e-01
    outer loop
      vertex   -1.002149e+02 3.618565e+01 9.586878e+01
      vertex   -1.011989e+02 3.659303e+01 9.586878e+01
      vertex   -1.003801e+02 3.582022e+01 9.601837e+01
    endloop
  endfacet
  facet normal 1.529682e-01 3.143423e-01 9.369043e-01
    outer loop
      vertex   -1.002149e+02 3.618565e+01 9.586878e+01
      vertex   -1.003801e+02 3.582022e+01 9.601837e+01
      vertex   -9.943109e+01 3.535841e+01 9.601837e+01
    endloop
  endfacet
  facet normal 9.305324e-02 1.912199e-01 9.771264e-01
    outer loop
      vertex   -9.943109e+01 3.535841e+01 9.601837e+01
      vertex   -1.003801e+02 3.582022e+01 9.601837e+01
      vertex   -9.962546e+01 3.498807e+01 9.610935e+01
    endloop
  endfacet
  facet normal 1.044692e-01 1.852285e-01 9.771267e-01
    outer loop
      vertex   -9.943109e+01 3.535841e+01 9.601837e+01
      vertex   -9.962546e+01 3.498807e+01 9.610935e+01
      vertex   -9.851848e+01 3.484370e+01 9.601837e+01
    endloop
  endfacet
  facet normal 1.044692e-01 1.852285e-01 9.771267e-01
    outer loop
      vertex   -9.851848e+01 3.484370e+01 9.601837e+01
      vertex   -9.962546e+01 3.498807e+01 9.610935e+01
      vertex   -9.873486e+01 3.448576e+01 9.610935e+01
    endloop
  endfacet
  facet normal 1.154624e-01 1.785828e-01 9.771267e-01
    outer loop
      vertex   -9.851848e+01 3.484370e+01 9.601837e+01
      vertex   -9.873486e+01 3.448576e+01 9.610935e+01
      vertex   -9.763861e+01 3.427482e+01 9.601837e+01
    endloop
  endfacet
  facet normal 1.154624e-01 1.785828e-01 9.771267e-01
    outer loop
      vertex   -9.763861e+01 3.427482e+01 9.601837e+01
      vertex   -9.873486e+01 3.448576e+01 9.610935e+01
      vertex   -9.787620e+01 3.393060e+01 9.610935e+01
    endloop
  endfacet
  facet normal 1.260343e-01 1.712856e-01 9.771267e-01
    outer loop
      vertex   -9.763861e+01 3.427482e+01 9.601837e+01
      vertex   -9.787620e+01 3.393060e+01 9.610935e+01
      vertex   -9.679469e+01 3.365385e+01 9.601837e+01
    endloop
  endfacet
  facet normal 1.260343e-01 1.712856e-01 9.771267e-01
    outer loop
      vertex   -9.679469e+01 3.365385e+01 9.601837e+01
      vertex   -9.787620e+01 3.393060e+01 9.610935e+01
      vertex   -9.705264e+01 3.332461e+01 9.610935e+01
    endloop
  endfacet
  facet normal 1.361463e-01 1.633633e-01 9.771267e-01
    outer loop
      vertex   -9.679469e+01 3.365385e+01 9.601837e+01
      vertex   -9.705264e+01 3.332461e+01 9.610935e+01
      vertex   -9.598981e+01 3.298307e+01 9.601837e+01
    endloop
  endfacet
  facet normal 1.361463e-01 1.633633e-01 9.771267e-01
    outer loop
      vertex   -9.598981e+01 3.298307e+01 9.601837e+01
      vertex   -9.705264e+01 3.332461e+01 9.610935e+01
      vertex   -9.626716e+01 3.267000e+01 9.610935e+01
    endloop
  endfacet
  facet normal 1.457616e-01 1.548449e-01 9.771267e-01
    outer loop
      vertex   -9.598981e+01 3.298307e+01 9.601837e+01
      vertex   -9.626716e+01 3.267000e+01 9.610935e+01
      vertex   -9.522690e+01 3.226491e+01 9.601837e+01
    endloop
  endfacet
  facet normal 1.457616e-01 1.548449e-01 9.771267e-01
    outer loop
      vertex   -9.522690e+01 3.226491e+01 9.601837e+01
      vertex   -9.626716e+01 3.267000e+01 9.610935e+01
      vertex   -9.552265e+01 3.196916e+01 9.610935e+01
    endloop
  endfacet
  facet normal 1.548449e-01 1.457616e-01 9.771267e-01
    outer loop
      vertex   -9.522690e+01 3.226491e+01 9.601837e+01
      vertex   -9.552265e+01 3.196916e+01 9.610935e+01
      vertex   -9.450874e+01 3.150199e+01 9.601837e+01
    endloop
  endfacet
  facet normal 1.548449e-01 1.457616e-01 9.771267e-01
    outer loop
      vertex   -9.450874e+01 3.150199e+01 9.601837e+01
      vertex   -9.552265e+01 3.196916e+01 9.610935e+01
      vertex   -9.482180e+01 3.122464e+01 9.610935e+01
    endloop
  endfacet
  facet normal 1.633633e-01 1.361463e-01 9.771267e-01
    outer loop
      vertex   -9.450874e+01 3.150199e+01 9.601837e+01
      vertex   -9.482180e+01 3.122464e+01 9.610935e+01
      vertex   -9.383795e+01 3.069711e+01 9.601837e+01
    endloop
  endfacet
  facet normal 1.633633e-01 1.361463e-01 9.771267e-01
    outer loop
      vertex   -9.383795e+01 3.069711e+01 9.601837e+01
      vertex   -9.482180e+01 3.122464e+01 9.610935e+01
      vertex   -9.416719e+01 3.043917e+01 9.610935e+01
    endloop
  endfacet
  facet normal 1.712856e-01 1.260343e-01 9.771267e-01
    outer loop
      vertex   -9.383795e+01 3.069711e+01 9.601837e+01
      vertex   -9.416719e+01 3.043917e+01 9.610935e+01
      vertex   -9.321699e+01 2.985320e+01 9.601837e+01
    endloop
  endfacet
  facet normal 1.712856e-01 1.260343e-01 9.771267e-01
    outer loop
      vertex   -9.321699e+01 2.985320e+01 9.601837e+01
      vertex   -9.416719e+01 3.043917e+01 9.610935e+01
      vertex   -9.356120e+01 2.961560e+01 9.610935e+01
    endloop
  endfacet
  facet normal 1.785828e-01 1.154624e-01 9.771267e-01
    outer loop
      vertex   -9.321699e+01 2.985320e+01 9.601837e+01
      vertex   -9.356120e+01 2.961560e+01 9.610935e+01
      vertex   -9.264811e+01 2.897333e+01 9.601837e+01
    endloop
  endfacet
  facet normal 1.785828e-01 1.154624e-01 9.771267e-01
    outer loop
      vertex   -9.264811e+01 2.897333e+01 9.601837e+01
      vertex   -9.356120e+01 2.961560e+01 9.610935e+01
      vertex   -9.300604e+01 2.875695e+01 9.610935e+01
    endloop
  endfacet
  facet normal 1.852285e-01 1.044692e-01 9.771267e-01
    outer loop
      vertex   -9.264811e+01 2.897333e+01 9.601837e+01
      vertex   -9.300604e+01 2.875695e+01 9.610935e+01
      vertex   -9.213339e+01 2.806072e+01 9.601837e+01
    endloop
  endfacet
  facet normal 1.852285e-01 1.044692e-01 9.771267e-01
    outer loop
      vertex   -9.213339e+01 2.806072e+01 9.601837e+01
      vertex   -9.300604e+01 2.875695e+01 9.610935e+01
      vertex   -9.250374e+01 2.786634e+01 9.610935e+01
    endloop
  endfacet
  facet normal 1.911982e-01 9.309477e-02 9.771267e-01
    outer loop
      vertex   -9.213339e+01 2.806072e+01 9.601837e+01
      vertex   -9.250374e+01 2.786634e+01 9.610935e+01
      vertex   -9.167472e+01 2.711869e+01 9.601837e+01
    endloop
  endfacet
  facet normal 1.911982e-01 9.309477e-02 9.771267e-01
    outer loop
      vertex   -9.167472e+01 2.711869e+01 9.601837e+01
      vertex   -9.250374e+01 2.786634e+01 9.610935e+01
      vertex   -9.205613e+01 2.694703e+01 9.610935e+01
    endloop
  endfacet
  facet normal 1.964852e-01 8.134741e-02 9.771265e-01
    outer loop
      vertex   -9.167472e+01 2.711869e+01 9.601837e+01
      vertex   -9.205613e+01 2.694703e+01 9.610935e+01
      vertex   -9.127166e+01 2.614514e+01 9.601837e+01
    endloop
  endfacet
  facet normal 1.964779e-01 8.133999e-02 9.771286e-01
    outer loop
      vertex   -9.127166e+01 2.614514e+01 9.601837e+01
      vertex   -9.205613e+01 2.694703e+01 9.610935e+01
      vertex   -9.166255e+01 2.599635e+01 9.610935e+01
    endloop
  endfacet
  facet normal 2.010453e-01 6.933789e-02 9.771249e-01
    outer loop
      vertex   -9.127166e+01 2.614514e+01 9.601837e+01
      vertex   -9.166255e+01 2.599635e+01 9.610935e+01
      vertex   -9.093198e+01 2.516025e+01 9.601837e+01
    endloop
  endfacet
  facet normal -9.767212e-01 -2.951340e-02 2.124727e-01
    outer loop
      vertex   -1.268703e+02 2.000000e+01 9.398508e+01
      vertex   -1.269613e+02 2.000000e+01 9.356683e+01
      vertex   -1.268349e+02 1.882996e+01 9.398508e+01
    endloop
  endfacet
  facet normal -9.767212e-01 -2.951340e-02 2.124727e-01
    outer loop
      vertex   -1.268349e+02 1.882996e+01 9.398508e+01
      vertex   -1.269613e+02 2.000000e+01 9.356683e+01
      vertex   -1.269257e+02 1.882446e+01 9.356683e+01
    endloop
  endfacet
  facet normal -9.731573e-01 -8.843252e-02 2.124727e-01
    outer loop
      vertex   -1.268349e+02 1.882996e+01 9.398508e+01
      vertex   -1.269257e+02 1.882446e+01 9.356683e+01
      vertex   -1.267290e+02 1.766418e+01 9.398508e+01
    endloop
  endfacet
  facet normal -9.731573e-01 -8.843252e-02 2.124727e-01
    outer loop
      vertex   -1.267290e+02 1.766418e+01 9.398508e+01
      vertex   -1.269257e+02 1.882446e+01 9.356683e+01
      vertex   -1.268193e+02 1.765322e+01 9.356683e+01
    endloop
  endfacet
  facet normal -9.660424e-01 -1.470289e-01 2.124727e-01
    outer loop
      vertex   -1.267290e+02 1.766418e+01 9.398508e+01
      vertex   -1.268193e+02 1.765322e+01 9.356683e+01
      vertex   -1.265529e+02 1.650693e+01 9.398508e+01
    endloop
  endfacet
  facet normal -9.660424e-01 -1.470289e-01 2.124727e-01
    outer loop
      vertex   -1.265529e+02 1.650693e+01 9.398508e+01
      vertex   -1.268193e+02 1.765322e+01 9.356683e+01
      vertex   -1.266424e+02 1.649053e+01 9.356683e+01
    endloop
  endfacet
  facet normal -9.554025e-01 -2.050889e-01 2.124727e-01
    outer loop
      vertex   -1.265529e+02 1.650693e+01 9.398508e+01
      vertex   -1.266424e+02 1.649053e+01 9.356683e+01
      vertex   -1.263072e+02 1.536243e+01 9.398508e+01
    endloop
  endfacet
  facet normal -9.554025e-01 -2.050889e-01 2.124727e-01
    outer loop
      vertex   -1.263072e+02 1.536243e+01 9.398508e+01
      vertex   -1.266424e+02 1.649053e+01 9.356683e+01
      vertex   -1.263955e+02 1.534065e+01 9.356683e+01
    endloop
  endfacet
  facet normal -9.412764e-01 -2.624005e-01 2.124727e-01
    outer loop
      vertex   -1.263072e+02 1.536243e+01 9.398508e+01
      vertex   -1.263955e+02 1.534065e+01 9.356683e+01
      vertex   -1.259928e+02 1.423484e+01 9.398508e+01
    endloop
  endfacet
  facet normal -9.412764e-01 -2.624005e-01 2.124727e-01
    outer loop
      vertex   -1.259928e+02 1.423484e+01 9.398508e+01
      vertex   -1.263955e+02 1.534065e+01 9.356683e+01
      vertex   -1.260797e+02 1.420777e+01 9.356683e+01
    endloop
  endfacet
  facet normal -9.237158e-01 -3.187546e-01 2.124727e-01
    outer loop
      vertex   -1.259928e+02 1.423484e+01 9.398508e+01
      vertex   -1.260797e+02 1.420777e+01 9.356683e+01
      vertex   -1.256110e+02 1.312830e+01 9.398508e+01
    endloop
  endfacet
  facet normal -9.237158e-01 -3.187546e-01 2.124727e-01
    outer loop
      vertex   -1.256110e+02 1.312830e+01 9.398508e+01
      vertex   -1.260797e+02 1.420777e+01 9.356683e+01
      vertex   -1.256961e+02 1.309603e+01 9.356683e+01
    endloop
  endfacet
  facet normal -9.027846e-01 -3.739456e-01 2.124727e-01
    outer loop
      vertex   -1.256110e+02 1.312830e+01 9.398508e+01
      vertex   -1.256961e+02 1.309603e+01 9.356683e+01
      vertex   -1.251630e+02 1.204682e+01 9.398508e+01
    endloop
  endfacet
  facet normal -9.027846e-01 -3.739456e-01 2.124727e-01
    outer loop
      vertex   -1.251630e+02 1.204682e+01 9.398508e+01
      vertex   -1.256961e+02 1.309603e+01 9.356683e+01
      vertex   -1.252460e+02 1.200948e+01 9.356683e+01
    endloop
  endfacet
  facet normal -8.785592e-01 -4.277722e-01 2.124727e-01
    outer loop
      vertex   -1.251630e+02 1.204682e+01 9.398508e+01
      vertex   -1.252460e+02 1.200948e+01 9.356683e+01
      vertex   -1.246506e+02 1.099437e+01 9.398508e+01
    endloop
  endfacet
  facet normal -8.785592e-01 -4.277722e-01 2.124727e-01
    outer loop
      vertex   -1.246506e+02 1.099437e+01 9.398508e+01
      vertex   -1.252460e+02 1.200948e+01 9.356683e+01
      vertex   -1.247312e+02 1.095209e+01 9.356683e+01
    endloop
  endfacet
  facet normal -8.511281e-01 -4.800378e-01 2.124727e-01
    outer loop
      vertex   -1.246506e+02 1.099437e+01 9.398508e+01
      vertex   -1.247312e+02 1.095209e+01 9.356683e+01
      vertex   -1.240755e+02 9.974780e+00 9.398508e+01
    endloop
  endfacet
  facet normal -8.511281e-01 -4.800378e-01 2.124727e-01
    outer loop
      vertex   -1.240755e+02 9.974780e+00 9.398508e+01
      vertex   -1.247312e+02 1.095209e+01 9.356683e+01
      vertex   -1.241534e+02 9.927710e+00 9.356683e+01
    endloop
  endfacet
  facet normal -8.205913e-01 -5.305518e-01 2.124727e-01
    outer loop
      vertex   -1.240755e+02 9.974780e+00 9.398508e+01
      vertex   -1.241534e+02 9.927710e+00 9.356683e+01
      vertex   -1.234400e+02 8.991769e+00 9.398508e+01
    endloop
  endfacet
  facet normal -8.205913e-01 -5.305518e-01 2.124727e-01
    outer loop
      vertex   -1.234400e+02 8.991769e+00 9.398508e+01
      vertex   -1.241534e+02 9.927710e+00 9.356683e+01
      vertex   -1.235149e+02 8.940084e+00 9.356683e+01
    endloop
  endfacet
  facet normal -7.870603e-01 -5.791299e-01 2.124727e-01
    outer loop
      vertex   -1.234400e+02 8.991769e+00 9.398508e+01
      vertex   -1.235149e+02 8.940084e+00 9.356683e+01
      vertex   -1.227462e+02 8.048926e+00 9.398508e+01
    endloop
  endfacet
  facet normal -7.870603e-01 -5.791299e-01 2.124727e-01
    outer loop
      vertex   -1.227462e+02 8.048926e+00 9.398508e+01
      vertex   -1.235149e+02 8.940084e+00 9.356683e+01
      vertex   -1.228178e+02 7.992814e+00 9.356683e+01
    endloop
  endfacet
  facet normal -7.506573e-01 -6.255949e-01 2.124727e-01
    outer loop
      vertex   -1.227462e+02 8.048926e+00 9.398508e+01
      vertex   -1.228178e+02 7.992814e+00 9.356683e+01
      vertex   -1.219968e+02 7.149692e+00 9.398508e+01
    endloop
  endfacet
  facet normal -7.506573e-01 -6.255949e-01 2.124727e-01
    outer loop
      vertex   -1.219968e+02 7.149692e+00 9.398508e+01
      vertex   -1.228178e+02 7.992814e+00 9.356683e+01
      vertex   -1.220649e+02 7.089357e+00 9.356683e+01
    endloop
  endfacet
  facet normal -7.115153e-01 -6.697771e-01 2.124727e-01
    outer loop
      vertex   -1.219968e+02 7.149692e+00 9.398508e+01
      vertex   -1.220649e+02 7.089357e+00 9.356683e+01
      vertex   -1.211945e+02 6.297346e+00 9.398508e+01
    endloop
  endfacet
  facet normal -7.115153e-01 -6.697771e-01 2.124727e-01
    outer loop
      vertex   -1.211945e+02 6.297346e+00 9.398508e+01
      vertex   -1.220649e+02 7.089357e+00 9.356683e+01
      vertex   -1.212588e+02 6.233010e+00 9.356683e+01
    endloop
  endfacet
  facet normal -6.697771e-01 -7.115153e-01 2.124727e-01
    outer loop
      vertex   -1.211945e+02 6.297346e+00 9.398508e+01
      vertex   -1.212588e+02 6.233010e+00 9.356683e+01
      vertex   -1.203421e+02 5.495000e+00 9.398508e+01
    endloop
  endfacet
  facet normal -6.697771e-01 -7.115153e-01 2.124727e-01
    outer loop
      vertex   -1.203421e+02 5.495000e+00 9.398508e+01
      vertex   -1.212588e+02 6.233010e+00 9.356683e+01
      vertex   -1.204024e+02 5.426897e+00 9.356683e+01
    endloop
  endfacet
  facet normal -6.255949e-01 -7.506573e-01 2.124727e-01
    outer loop
      vertex   -1.203421e+02 5.495000e+00 9.398508e+01
      vertex   -1.204024e+02 5.426897e+00 9.356683e+01
      vertex   -1.194429e+02 4.745582e+00 9.398508e+01
    endloop
  endfacet
  facet normal -6.255949e-01 -7.506573e-01 2.124727e-01
    outer loop
      vertex   -1.194429e+02 4.745582e+00 9.398508e+01
      vertex   -1.204024e+02 5.426897e+00 9.356683e+01
      vertex   -1.194990e+02 4.673959e+00 9.356683e+01
    endloop
  endfacet
  facet normal -5.791299e-01 -7.870603e-01 2.124727e-01
    outer loop
      vertex   -1.194429e+02 4.745582e+00 9.398508e+01
      vertex   -1.194990e+02 4.673959e+00 9.356683e+01
      vertex   -1.185000e+02 4.051825e+00 9.398508e+01
    endloop
  endfacet
  facet normal -5.791299e-01 -7.870603e-01 2.124727e-01
    outer loop
      vertex   -1.185000e+02 4.051825e+00 9.398508e+01
      vertex   -1.194990e+02 4.673959e+00 9.356683e+01
      vertex   -1.185517e+02 3.976945e+00 9.356683e+01
    endloop
  endfacet
  facet normal -5.305518e-01 -8.205913e-01 2.124727e-01
    outer loop
      vertex   -1.185000e+02 4.051825e+00 9.398508e+01
      vertex   -1.185517e+02 3.976945e+00 9.356683e+01
      vertex   -1.175170e+02 3.416261e+00 9.398508e+01
    endloop
  endfacet
  facet normal -5.305518e-01 -8.205913e-01 2.124727e-01
    outer loop
      vertex   -1.175170e+02 3.416261e+00 9.398508e+01
      vertex   -1.185517e+02 3.976945e+00 9.356683e+01
      vertex   -1.175641e+02 3.338397e+00 9.356683e+01
    endloop
  endfacet
  facet normal -4.800378e-01 -8.511281e-01 2.124727e-01
    outer loop
      vertex   -1.175170e+02 3.416261e+00 9.398508e+01
      vertex   -1.175641e+02 3.338397e+00 9.356683e+01
      vertex   -1.164974e+02 2.841209e+00 9.398508e+01
    endloop
  endfacet
  facet normal -4.800378e-01 -8.511281e-01 2.124727e-01
    outer loop
      vertex   -1.164974e+02 2.841209e+00 9.398508e+01
      vertex   -1.175641e+02 3.338397e+00 9.356683e+01
      vertex   -1.165397e+02 2.760645e+00 9.356683e+01
    endloop
  endfacet
  facet normal -4.277722e-01 -8.785592e-01 2.124727e-01
    outer loop
      vertex   -1.164974e+02 2.841209e+00 9.398508e+01
      vertex   -1.165397e+02 2.760645e+00 9.356683e+01
      vertex   -1.154450e+02 2.328768e+00 9.398508e+01
    endloop
  endfacet
  facet normal -4.277722e-01 -8.785592e-01 2.124727e-01
    outer loop
      vertex   -1.154450e+02 2.328768e+00 9.398508e+01
      vertex   -1.165397e+02 2.760645e+00 9.356683e+01
      vertex   -1.154823e+02 2.245798e+00 9.356683e+01
    endloop
  endfacet
  facet normal -3.739456e-01 -9.027846e-01 2.124727e-01
    outer loop
      vertex   -1.154450e+02 2.328768e+00 9.398508e+01
      vertex   -1.154823e+02 2.245798e+00 9.356683e+01
      vertex   -1.143635e+02 1.880807e+00 9.398508e+01
    endloop
  endfacet
  facet normal -3.739456e-01 -9.027846e-01 2.124727e-01
    outer loop
      vertex   -1.143635e+02 1.880807e+00 9.398508e+01
      vertex   -1.154823e+02 2.245798e+00 9.356683e+01
      vertex   -1.143958e+02 1.795735e+00 9.356683e+01
    endloop
  endfacet
  facet normal -3.187546e-01 -9.237158e-01 2.124727e-01
    outer loop
      vertex   -1.143635e+02 1.880807e+00 9.398508e+01
      vertex   -1.143958e+02 1.795735e+00 9.356683e+01
      vertex   -1.132570e+02 1.498962e+00 9.398508e+01
    endloop
  endfacet
  facet normal -3.187546e-01 -9.237158e-01 2.124727e-01
    outer loop
      vertex   -1.132570e+02 1.498962e+00 9.398508e+01
      vertex   -1.143958e+02 1.795735e+00 9.356683e+01
      vertex   -1.132840e+02 1.412096e+00 9.356683e+01
    endloop
  endfacet
  facet normal -2.624005e-01 -9.412764e-01 2.124727e-01
    outer loop
      vertex   -1.132570e+02 1.498962e+00 9.398508e+01
      vertex   -1.132840e+02 1.412096e+00 9.356683e+01
      vertex   -1.121294e+02 1.184624e+00 9.398508e+01
    endloop
  endfacet
  facet normal -2.624005e-01 -9.412764e-01 2.124727e-01
    outer loop
      vertex   -1.121294e+02 1.184624e+00 9.398508e+01
      vertex   -1.132840e+02 1.412096e+00 9.356683e+01
      vertex   -1.121512e+02 1.096283e+00 9.356683e+01
    endloop
  endfacet
  facet normal -2.050889e-01 -9.554025e-01 2.124727e-01
    outer loop
      vertex   -1.121294e+02 1.184624e+00 9.398508e+01
      vertex   -1.121512e+02 1.096283e+00 9.356683e+01
      vertex   -1.109849e+02 9.389424e-01 9.398508e+01
    endloop
  endfacet
  facet normal -2.050889e-01 -9.554025e-01 2.124727e-01
    outer loop
      vertex   -1.109849e+02 9.389424e-01 9.398508e+01
      vertex   -1.121512e+02 1.096283e+00 9.356683e+01
      vertex   -1.110013e+02 8.494473e-01 9.356683e+01
    endloop
  endfacet
  facet normal -1.470289e-01 -9.660424e-01 2.124727e-01
    outer loop
      vertex   -1.109849e+02 9.389424e-01 9.398508e+01
      vertex   -1.110013e+02 8.494473e-01 9.356683e+01
      vertex   -1.098276e+02 7.628120e-01 9.398508e+01
    endloop
  endfacet
  facet normal -1.470289e-01 -9.660424e-01 2.124727e-01
    outer loop
      vertex   -1.098276e+02 7.628120e-01 9.398508e+01
      vertex   -1.110013e+02 8.494473e-01 9.356683e+01
      vertex   -1.098386e+02 6.724900e-01 9.356683e+01
    endloop
  endfacet
  facet normal -8.843252e-02 -9.731573e-01 2.124727e-01
    outer loop
      vertex   -1.098276e+02 7.628120e-01 9.398508e+01
      vertex   -1.098386e+02 6.724900e-01 9.356683e+01
      vertex   -1.086618e+02 6.568761e-01 9.398508e+01
    endloop
  endfacet
  facet normal -8.843252e-02 -9.731573e-01 2.124727e-01
    outer loop
      vertex   -1.086618e+02 6.568761e-01 9.398508e+01
      vertex   -1.098386e+02 6.724900e-01 9.356683e+01
      vertex   -1.086673e+02 5.660567e-01 9.356683e+01
    endloop
  endfacet
  facet normal -2.951340e-02 -9.767212e-01 2.124727e-01
    outer loop
      vertex   -1.086618e+02 6.568761e-01 9.398508e+01
      vertex   -1.086673e+02 5.660567e-01 9.356683e+01
      vertex   -1.074918e+02 6.215211e-01 9.398508e+01
    endloop
  endfacet
  facet normal -2.951340e-02 -9.767212e-01 2.124727e-01
    outer loop
      vertex   -1.074918e+02 6.215211e-01 9.398508e+01
      vertex   -1.086673e+02 5.660567e-01 9.356683e+01
      vertex   -1.074918e+02 5.305357e-01 9.356683e+01
    endloop
  endfacet
  facet normal 2.951340e-02 -9.767212e-01 2.124727e-01
    outer loop
      vertex   -1.074918e+02 6.215211e-01 9.398508e+01
      vertex   -1.074918e+02 5.305357e-01 9.356683e+01
      vertex   -1.063218e+02 6.568761e-01 9.398508e+01
    endloop
  endfacet
  facet normal 2.951340e-02 -9.767212e-01 2.124727e-01
    outer loop
      vertex   -1.063218e+02 6.568761e-01 9.398508e+01
      vertex   -1.074918e+02 5.305357e-01 9.356683e+01
      vertex   -1.063163e+02 5.660567e-01 9.356683e+01
    endloop
  endfacet
  facet normal 8.843252e-02 -9.731573e-01 2.124727e-01
    outer loop
      vertex   -1.063218e+02 6.568761e-01 9.398508e+01
      vertex   -1.063163e+02 5.660567e-01 9.356683e+01
      vertex   -1.051560e+02 7.628120e-01 9.398508e+01
    endloop
  endfacet
  facet normal 8.843252e-02 -9.731573e-01 2.124727e-01
    outer loop
      vertex   -1.051560e+02 7.628120e-01 9.398508e+01
      vertex   -1.063163e+02 5.660567e-01 9.356683e+01
      vertex   -1.051450e+02 6.724900e-01 9.356683e+01
    endloop
  endfacet
  facet normal 1.470289e-01 -9.660424e-01 2.124727e-01
    outer loop
      vertex   -1.051560e+02 7.628120e-01 9.398508e+01
      vertex   -1.051450e+02 6.724900e-01 9.356683e+01
      vertex   -1.039987e+02 9.389424e-01 9.398508e+01
    endloop
  endfacet
  facet normal 1.470289e-01 -9.660424e-01 2.124727e-01
    outer loop
      vertex   -1.039987e+02 9.389424e-01 9.398508e+01
      vertex   -1.051450e+02 6.724900e-01 9.356683e+01
      vertex   -1.039823e+02 8.494473e-01 9.356683e+01
    endloop
  endfacet
  facet normal 2.050889e-01 -9.554025e-01 2.124727e-01
    outer loop
      vertex   -1.039987e+02 9.389424e-01 9.398508e+01
      vertex   -1.039823e+02 8.494473e-01 9.356683e+01
      vertex   -1.028542e+02 1.184624e+00 9.398508e+01
    endloop
  endfacet
  facet normal 2.050889e-01 -9.554025e-01 2.124727e-01
    outer loop
      vertex   -1.028542e+02 1.184624e+00 9.398508e+01
      vertex   -1.039823e+02 8.494473e-01 9.356683e+01
      vertex   -1.028325e+02 1.096283e+00 9.356683e+01
    endloop
  endfacet
  facet normal 2.624005e-01 -9.412764e-01 2.124727e-01
    outer loop
      vertex   -1.028542e+02 1.184624e+00 9.398508e+01
      vertex   -1.028325e+02 1.096283e+00 9.356683e+01
      vertex   -1.017266e+02 1.498962e+00 9.398508e+01
    endloop
  endfacet
  facet normal 2.624005e-01 -9.412764e-01 2.124727e-01
    outer loop
      vertex   -1.017266e+02 1.498962e+00 9.398508e+01
      vertex   -1.028325e+02 1.096283e+00 9.356683e+01
      vertex   -1.016996e+02 1.412096e+00 9.356683e+01
    endloop
  endfacet
  facet normal 3.187546e-01 -9.237158e-01 2.124727e-01
    outer loop
      vertex   -1.017266e+02 1.498962e+00 9.398508e+01
      vertex   -1.016996e+02 1.412096e+00 9.356683e+01
      vertex   -1.006201e+02 1.880807e+00 9.398508e+01
    endloop
  endfacet
  facet normal 3.187546e-01 -9.237158e-01 2.124727e-01
    outer loop
      vertex   -1.006201e+02 1.880807e+00 9.398508e+01
      vertex   -1.016996e+02 1.412096e+00 9.356683e+01
      vertex   -1.005878e+02 1.795735e+00 9.356683e+01
    endloop
  endfacet
  facet normal 3.739456e-01 -9.027846e-01 2.124727e-01
    outer loop
      vertex   -1.006201e+02 1.880807e+00 9.398508e+01
      vertex   -1.005878e+02 1.795735e+00 9.356683e+01
      vertex   -9.953863e+01 2.328768e+00 9.398508e+01
    endloop
  endfacet
  facet normal 3.739456e-01 -9.027846e-01 2.124727e-01
    outer loop
      vertex   -9.953863e+01 2.328768e+00 9.398508e+01
      vertex   -1.005878e+02 1.795735e+00 9.356683e+01
      vertex   -9.950129e+01 2.245798e+00 9.356683e+01
    endloop
  endfacet
  facet normal 4.277722e-01 -8.785592e-01 2.124727e-01
    outer loop
      vertex   -9.953863e+01 2.328768e+00 9.398508e+01
      vertex   -9.950129e+01 2.245798e+00 9.356683e+01
      vertex   -9.848618e+01 2.841209e+00 9.398508e+01
    endloop
  endfacet
  facet normal 4.277722e-01 -8.785592e-01 2.124727e-01
    outer loop
      vertex   -9.848618e+01 2.841209e+00 9.398508e+01
      vertex   -9.950129e+01 2.245798e+00 9.356683e+01
      vertex   -9.844389e+01 2.760645e+00 9.356683e+01
    endloop
  endfacet
  facet normal 4.800378e-01 -8.511281e-01 2.124727e-01
    outer loop
      vertex   -9.848618e+01 2.841209e+00 9.398508e+01
      vertex   -9.844389e+01 2.760645e+00 9.356683e+01
      vertex   -9.746658e+01 3.416261e+00 9.398508e+01
    endloop
  endfacet
  facet normal 4.800378e-01 -8.511281e-01 2.124727e-01
    outer loop
      vertex   -9.746658e+01 3.416261e+00 9.398508e+01
      vertex   -9.844389e+01 2.760645e+00 9.356683e+01
      vertex   -9.741951e+01 3.338397e+00 9.356683e+01
    endloop
  endfacet
  facet normal 5.305518e-01 -8.205913e-01 2.124727e-01
    outer loop
      vertex   -9.746658e+01 3.416261e+00 9.398508e+01
      vertex   -9.741951e+01 3.338397e+00 9.356683e+01
      vertex   -9.648357e+01 4.051825e+00 9.398508e+01
    endloop
  endfacet
  facet normal 5.305518e-01 -8.205913e-01 2.124727e-01
    outer loop
      vertex   -9.648357e+01 4.051825e+00 9.398508e+01
      vertex   -9.741951e+01 3.338397e+00 9.356683e+01
      vertex   -9.643189e+01 3.976945e+00 9.356683e+01
    endloop
  endfacet
  facet normal 5.791299e-01 -7.870603e-01 2.124727e-01
    outer loop
      vertex   -9.648357e+01 4.051825e+00 9.398508e+01
      vertex   -9.643189e+01 3.976945e+00 9.356683e+01
      vertex   -9.554073e+01 4.745582e+00 9.398508e+01
    endloop
  endfacet
  facet normal 5.791299e-01 -7.870603e-01 2.124727e-01
    outer loop
      vertex   -9.554073e+01 4.745582e+00 9.398508e+01
      vertex   -9.643189e+01 3.976945e+00 9.356683e+01
      vertex   -9.548462e+01 4.673959e+00 9.356683e+01
    endloop
  endfacet
  facet normal 6.255949e-01 -7.506573e-01 2.124727e-01
    outer loop
      vertex   -9.554073e+01 4.745582e+00 9.398508e+01
      vertex   -9.548462e+01 4.673959e+00 9.356683e+01
      vertex   -9.464150e+01 5.495000e+00 9.398508e+01
    endloop
  endfacet
  facet normal 6.255949e-01 -7.506573e-01 2.124727e-01
    outer loop
      vertex   -9.464150e+01 5.495000e+00 9.398508e+01
      vertex   -9.548462e+01 4.673959e+00 9.356683e+01
      vertex   -9.458116e+01 5.426897e+00 9.356683e+01
    endloop
  endfacet
  facet normal 6.697771e-01 -7.115153e-01 2.124727e-01
    outer loop
      vertex   -9.464150e+01 5.495000e+00 9.398508e+01
      vertex   -9.458116e+01 5.426897e+00 9.356683e+01
      vertex   -9.378915e+01 6.297346e+00 9.398508e+01
    endloop
  endfacet
  facet normal 6.697771e-01 -7.115153e-01 2.124727e-01
    outer loop
      vertex   -9.378915e+01 6.297346e+00 9.398508e+01
      vertex   -9.458116e+01 5.426897e+00 9.356683e+01
      vertex   -9.372481e+01 6.233010e+00 9.356683e+01
    endloop
  endfacet
  facet normal 7.115153e-01 -6.697771e-01 2.124727e-01
    outer loop
      vertex   -9.378915e+01 6.297346e+00 9.398508e+01
      vertex   -9.372481e+01 6.233010e+00 9.356683e+01
      vertex   -9.298680e+01 7.149692e+00 9.398508e+01
    endloop
  endfacet
  facet normal 7.115153e-01 -6.697771e-01 2.124727e-01
    outer loop
      vertex   -9.298680e+01 7.149692e+00 9.398508e+01
      vertex   -9.372481e+01 6.233010e+00 9.356683e+01
      vertex   -9.291870e+01 7.089357e+00 9.356683e+01
    endloop
  endfacet
  facet normal 7.506573e-01 -6.255949e-01 2.124727e-01
    outer loop
      vertex   -9.298680e+01 7.149692e+00 9.398508e+01
      vertex   -9.291870e+01 7.089357e+00 9.356683e+01
      vertex   -9.223739e+01 8.048926e+00 9.398508e+01
    endloop
  endfacet
  facet normal 7.506573e-01 -6.255949e-01 2.124727e-01
    outer loop
      vertex   -9.223739e+01 8.048926e+00 9.398508e+01
      vertex   -9.291870e+01 7.089357e+00 9.356683e+01
      vertex   -9.216576e+01 7.992814e+00 9.356683e+01
    endloop
  endfacet
  facet normal 7.870603e-01 -5.791299e-01 2.124727e-01
    outer loop
      vertex   -9.223739e+01 8.048926e+00 9.398508e+01
      vertex   -9.216576e+01 7.992814e+00 9.356683e+01
      vertex   -9.154363e+01 8.991769e+00 9.398508e+01
    endloop
  endfacet
  facet normal 7.870603e-01 -5.791299e-01 2.124727e-01
    outer loop
      vertex   -9.154363e+01 8.991769e+00 9.398508e+01
      vertex   -9.216576e+01 7.992814e+00 9.356683e+01
      vertex   -9.146875e+01 8.940084e+00 9.356683e+01
    endloop
  endfacet
  facet normal 8.205913e-01 -5.305518e-01 2.124727e-01
    outer loop
      vertex   -9.154363e+01 8.991769e+00 9.398508e+01
      vertex   -9.146875e+01 8.940084e+00 9.356683e+01
      vertex   -9.090806e+01 9.974780e+00 9.398508e+01
    endloop
  endfacet
  facet normal 8.205913e-01 -5.305518e-01 2.124727e-01
    outer loop
      vertex   -9.090806e+01 9.974780e+00 9.398508e+01
      vertex   -9.146875e+01 8.940084e+00 9.356683e+01
      vertex   -9.083020e+01 9.927710e+00 9.356683e+01
    endloop
  endfacet
  facet normal 8.511281e-01 -4.800378e-01 2.124727e-01
    outer loop
      vertex   -9.090806e+01 9.974780e+00 9.398508e+01
      vertex   -9.083020e+01 9.927710e+00 9.356683e+01
      vertex   -9.033301e+01 1.099437e+01 9.398508e+01
    endloop
  endfacet
  facet normal 8.511281e-01 -4.800378e-01 2.124727e-01
    outer loop
      vertex   -9.033301e+01 1.099437e+01 9.398508e+01
      vertex   -9.083020e+01 9.927710e+00 9.356683e+01
      vertex   -9.025245e+01 1.095209e+01 9.356683e+01
    endloop
  endfacet
  facet normal 8.785592e-01 -4.277722e-01 2.124727e-01
    outer loop
      vertex   -9.033301e+01 1.099437e+01 9.398508e+01
      vertex   -9.025245e+01 1.095209e+01 9.356683e+01
      vertex   -8.982057e+01 1.204682e+01 9.398508e+01
    endloop
  endfacet
  facet normal 8.785592e-01 -4.277722e-01 2.124727e-01
    outer loop
      vertex   -8.982057e+01 1.204682e+01 9.398508e+01
      vertex   -9.025245e+01 1.095209e+01 9.356683e+01
      vertex   -8.973760e+01 1.200948e+01 9.356683e+01
    endloop
  endfacet
  facet normal 9.027846e-01 -3.739456e-01 2.124727e-01
    outer loop
      vertex   -8.982057e+01 1.204682e+01 9.398508e+01
      vertex   -8.973760e+01 1.200948e+01 9.356683e+01
      vertex   -8.937261e+01 1.312830e+01 9.398508e+01
    endloop
  endfacet
  facet normal 9.027846e-01 -3.739456e-01 2.124727e-01
    outer loop
      vertex   -8.937261e+01 1.312830e+01 9.398508e+01
      vertex   -8.973760e+01 1.200948e+01 9.356683e+01
      vertex   -8.928754e+01 1.309603e+01 9.356683e+01
    endloop
  endfacet
  facet normal 9.237158e-01 -3.187546e-01 2.124727e-01
    outer loop
      vertex   -8.937261e+01 1.312830e+01 9.398508e+01
      vertex   -8.928754e+01 1.309603e+01 9.356683e+01
      vertex   -8.899077e+01 1.423484e+01 9.398508e+01
    endloop
  endfacet
  facet normal 9.237158e-01 -3.187546e-01 2.124727e-01
    outer loop
      vertex   -8.899077e+01 1.423484e+01 9.398508e+01
      vertex   -8.928754e+01 1.309603e+01 9.356683e+01
      vertex   -8.890390e+01 1.420777e+01 9.356683e+01
    endloop
  endfacet
  facet normal 9.412764e-01 -2.624005e-01 2.124727e-01
    outer loop
      vertex   -8.899077e+01 1.423484e+01 9.398508e+01
      vertex   -8.890390e+01 1.420777e+01 9.356683e+01
      vertex   -8.867643e+01 1.536243e+01 9.398508e+01
    endloop
  endfacet
  facet normal 9.412764e-01 -2.624005e-01 2.124727e-01
    outer loop
      vertex   -8.867643e+01 1.536243e+01 9.398508e+01
      vertex   -8.890390e+01 1.420777e+01 9.356683e+01
      vertex   -8.858809e+01 1.534065e+01 9.356683e+01
    endloop
  endfacet
  facet normal 9.554025e-01 -2.050889e-01 2.124727e-01
    outer loop
      vertex   -8.867643e+01 1.536243e+01 9.398508e+01
      vertex   -8.858809e+01 1.534065e+01 9.356683e+01
      vertex   -8.843075e+01 1.650693e+01 9.398508e+01
    endloop
  endfacet
  facet normal 9.554025e-01 -2.050889e-01 2.124727e-01
    outer loop
      vertex   -8.843075e+01 1.650693e+01 9.398508e+01
      vertex   -8.858809e+01 1.534065e+01 9.356683e+01
      vertex   -8.834125e+01 1.649053e+01 9.356683e+01
    endloop
  endfacet
  facet normal 9.660424e-01 -1.470289e-01 2.124727e-01
    outer loop
      vertex   -8.843075e+01 1.650693e+01 9.398508e+01
      vertex   -8.834125e+01 1.649053e+01 9.356683e+01
      vertex   -8.825462e+01 1.766418e+01 9.398508e+01
    endloop
  endfacet
  facet normal 9.660424e-01 -1.470289e-01 2.124727e-01
    outer loop
      vertex   -8.825462e+01 1.766418e+01 9.398508e+01
      vertex   -8.834125e+01 1.649053e+01 9.356683e+01
      vertex   -8.816429e+01 1.765322e+01 9.356683e+01
    endloop
  endfacet
  facet normal 9.731573e-01 -8.843252e-02 2.124727e-01
    outer loop
      vertex   -8.825462e+01 1.766418e+01 9.398508e+01
      vertex   -8.816429e+01 1.765322e+01 9.356683e+01
      vertex   -8.814868e+01 1.882996e+01 9.398508e+01
    endloop
  endfacet
  facet normal 9.731573e-01 -8.843252e-02 2.124727e-01
    outer loop
      vertex   -8.814868e+01 1.882996e+01 9.398508e+01
      vertex   -8.816429e+01 1.765322e+01 9.356683e+01
      vertex   -8.805786e+01 1.882446e+01 9.356683e+01
    endloop
  endfacet
  facet normal 9.767212e-01 -2.951340e-02 2.124727e-01
    outer loop
      vertex   -8.814868e+01 1.882996e+01 9.398508e+01
      vertex   -8.805786e+01 1.882446e+01 9.356683e+01
      vertex   -8.811333e+01 2.000000e+01 9.398508e+01
    endloop
  endfacet
  facet normal 9.767212e-01 -2.951340e-02 2.124727e-01
    outer loop
      vertex   -8.811333e+01 2.000000e+01 9.398508e+01
      vertex   -8.805786e+01 1.882446e+01 9.356683e+01
      vertex   -8.802234e+01 2.000000e+01 9.356683e+01
    endloop
  endfacet
  facet normal 9.767212e-01 2.951340e-02 2.124727e-01
    outer loop
      vertex   -8.811333e+01 2.000000e+01 9.398508e+01
      vertex   -8.802234e+01 2.000000e+01 9.356683e+01
      vertex   -8.814868e+01 2.117004e+01 9.398508e+01
    endloop
  endfacet
  facet normal 9.767212e-01 2.951340e-02 2.124727e-01
    outer loop
      vertex   -8.814868e+01 2.117004e+01 9.398508e+01
      vertex   -8.802234e+01 2.000000e+01 9.356683e+01
      vertex   -8.805786e+01 2.117554e+01 9.356683e+01
    endloop
  endfacet
  facet normal 9.731573e-01 8.843252e-02 2.124727e-01
    outer loop
      vertex   -8.814868e+01 2.117004e+01 9.398508e+01
      vertex   -8.805786e+01 2.117554e+01 9.356683e+01
      vertex   -8.825462e+01 2.233582e+01 9.398508e+01
    endloop
  endfacet
  facet normal 9.731573e-01 8.843252e-02 2.124727e-01
    outer loop
      vertex   -8.825462e+01 2.233582e+01 9.398508e+01
      vertex   -8.805786e+01 2.117554e+01 9.356683e+01
      vertex   -8.816429e+01 2.234678e+01 9.356683e+01
    endloop
  endfacet
  facet normal 9.660424e-01 1.470289e-01 2.124727e-01
    outer loop
      vertex   -8.825462e+01 2.233582e+01 9.398508e+01
      vertex   -8.816429e+01 2.234678e+01 9.356683e+01
      vertex   -8.843075e+01 2.349307e+01 9.398508e+01
    endloop
  endfacet
  facet normal 9.660424e-01 1.470289e-01 2.124727e-01
    outer loop
      vertex   -8.843075e+01 2.349307e+01 9.398508e+01
      vertex   -8.816429e+01 2.234678e+01 9.356683e+01
      vertex   -8.834125e+01 2.350947e+01 9.356683e+01
    endloop
  endfacet
  facet normal 9.554025e-01 2.050889e-01 2.124727e-01
    outer loop
      vertex   -8.843075e+01 2.349307e+01 9.398508e+01
      vertex   -8.834125e+01 2.350947e+01 9.356683e+01
      vertex   -8.867643e+01 2.463757e+01 9.398508e+01
    endloop
  endfacet
  facet normal 9.554025e-01 2.050889e-01 2.124727e-01
    outer loop
      vertex   -8.867643e+01 2.463757e+01 9.398508e+01
      vertex   -8.834125e+01 2.350947e+01 9.356683e+01
      vertex   -8.858809e+01 2.465935e+01 9.356683e+01
    endloop
  endfacet
  facet normal 9.412764e-01 2.624005e-01 2.124727e-01
    outer loop
      vertex   -8.867643e+01 2.463757e+01 9.398508e+01
      vertex   -8.858809e+01 2.465935e+01 9.356683e+01
      vertex   -8.899077e+01 2.576516e+01 9.398508e+01
    endloop
  endfacet
  facet normal 9.412764e-01 2.624005e-01 2.124727e-01
    outer loop
      vertex   -8.899077e+01 2.576516e+01 9.398508e+01
      vertex   -8.858809e+01 2.465935e+01 9.356683e+01
      vertex   -8.890390e+01 2.579223e+01 9.356683e+01
    endloop
  endfacet
  facet normal 9.237279e-01 3.187194e-01 2.124729e-01
    outer loop
      vertex   -8.899077e+01 2.576516e+01 9.398508e+01
      vertex   -8.890390e+01 2.579223e+01 9.356683e+01
      vertex   -8.937209e+01 2.687032e+01 9.398508e+01
    endloop
  endfacet
  facet normal 9.237320e-01 3.187405e-01 2.124232e-01
    outer loop
      vertex   -8.937209e+01 2.687032e+01 9.398508e+01
      vertex   -8.890390e+01 2.579223e+01 9.356683e+01
      vertex   -8.928728e+01 2.690327e+01 9.356683e+01
    endloop
  endfacet
  facet normal 9.027888e-01 3.739071e-01 2.125224e-01
    outer loop
      vertex   -8.937209e+01 2.687032e+01 9.398508e+01
      vertex   -8.928728e+01 2.690327e+01 9.356683e+01
      vertex   -8.982057e+01 2.795318e+01 9.398508e+01
    endloop
  endfacet
  facet normal 9.027917e-01 3.739285e-01 2.124726e-01
    outer loop
      vertex   -8.982057e+01 2.795318e+01 9.398508e+01
      vertex   -8.928728e+01 2.690327e+01 9.356683e+01
      vertex   -8.973760e+01 2.799052e+01 9.356683e+01
    endloop
  endfacet
  facet normal 8.785592e-01 4.277722e-01 2.124727e-01
    outer loop
      vertex   -8.982057e+01 2.795318e+01 9.398508e+01
      vertex   -8.973760e+01 2.799052e+01 9.356683e+01
      vertex   -9.033301e+01 2.900563e+01 9.398508e+01
    endloop
  endfacet
  facet normal 8.785592e-01 4.277722e-01 2.124727e-01
    outer loop
      vertex   -9.033301e+01 2.900563e+01 9.398508e+01
      vertex   -8.973760e+01 2.799052e+01 9.356683e+01
      vertex   -9.025245e+01 2.904791e+01 9.356683e+01
    endloop
  endfacet
  facet normal 8.511281e-01 4.800378e-01 2.124727e-01
    outer loop
      vertex   -9.033301e+01 2.900563e+01 9.398508e+01
      vertex   -9.025245e+01 2.904791e+01 9.356683e+01
      vertex   -9.090806e+01 3.002522e+01 9.398508e+01
    endloop
  endfacet
  facet normal 8.511281e-01 4.800378e-01 2.124727e-01
    outer loop
      vertex   -9.090806e+01 3.002522e+01 9.398508e+01
      vertex   -9.025245e+01 2.904791e+01 9.356683e+01
      vertex   -9.083020e+01 3.007229e+01 9.356683e+01
    endloop
  endfacet
  facet normal 8.205913e-01 5.305518e-01 2.124727e-01
    outer loop
      vertex   -9.090806e+01 3.002522e+01 9.398508e+01
      vertex   -9.083020e+01 3.007229e+01 9.356683e+01
      vertex   -9.154363e+01 3.100823e+01 9.398508e+01
    endloop
  endfacet
  facet normal 8.205913e-01 5.305518e-01 2.124727e-01
    outer loop
      vertex   -9.154363e+01 3.100823e+01 9.398508e+01
      vertex   -9.083020e+01 3.007229e+01 9.356683e+01
      vertex   -9.146875e+01 3.105992e+01 9.356683e+01
    endloop
  endfacet
  facet normal 7.870603e-01 5.791299e-01 2.124727e-01
    outer loop
      vertex   -9.154363e+01 3.100823e+01 9.398508e+01
      vertex   -9.146875e+01 3.105992e+01 9.356683e+01
      vertex   -9.223739e+01 3.195107e+01 9.398508e+01
    endloop
  endfacet
  facet normal 7.870603e-01 5.791299e-01 2.124727e-01
    outer loop
      vertex   -9.223739e+01 3.195107e+01 9.398508e+01
      vertex   -9.146875e+01 3.105992e+01 9.356683e+01
      vertex   -9.216576e+01 3.200719e+01 9.356683e+01
    endloop
  endfacet
  facet normal 7.506573e-01 6.255949e-01 2.124727e-01
    outer loop
      vertex   -9.223739e+01 3.195107e+01 9.398508e+01
      vertex   -9.216576e+01 3.200719e+01 9.356683e+01
      vertex   -9.298680e+01 3.285031e+01 9.398508e+01
    endloop
  endfacet
  facet normal 7.506573e-01 6.255949e-01 2.124727e-01
    outer loop
      vertex   -9.298680e+01 3.285031e+01 9.398508e+01
      vertex   -9.216576e+01 3.200719e+01 9.356683e+01
      vertex   -9.291870e+01 3.291064e+01 9.356683e+01
    endloop
  endfacet
  facet normal 7.115153e-01 6.697771e-01 2.124727e-01
    outer loop
      vertex   -9.298680e+01 3.285031e+01 9.398508e+01
      vertex   -9.291870e+01 3.291064e+01 9.356683e+01
      vertex   -9.378915e+01 3.370265e+01 9.398508e+01
    endloop
  endfacet
  facet normal 7.115153e-01 6.697771e-01 2.124727e-01
    outer loop
      vertex   -9.378915e+01 3.370265e+01 9.398508e+01
      vertex   -9.291870e+01 3.291064e+01 9.356683e+01
      vertex   -9.372481e+01 3.376699e+01 9.356683e+01
    endloop
  endfacet
  facet normal 6.697771e-01 7.115153e-01 2.124727e-01
    outer loop
      vertex   -9.378915e+01 3.370265e+01 9.398508e+01
      vertex   -9.372481e+01 3.376699e+01 9.356683e+01
      vertex   -9.464150e+01 3.450500e+01 9.398508e+01
    endloop
  endfacet
  facet normal 6.697771e-01 7.115153e-01 2.124727e-01
    outer loop
      vertex   -9.464150e+01 3.450500e+01 9.398508e+01
      vertex   -9.372481e+01 3.376699e+01 9.356683e+01
      vertex   -9.458116e+01 3.457310e+01 9.356683e+01
    endloop
  endfacet
  facet normal 6.255949e-01 7.506573e-01 2.124727e-01
    outer loop
      vertex   -9.464150e+01 3.450500e+01 9.398508e+01
      vertex   -9.458116e+01 3.457310e+01 9.356683e+01
      vertex   -9.554073e+01 3.525442e+01 9.398508e+01
    endloop
  endfacet
  facet normal 6.255949e-01 7.506573e-01 2.124727e-01
    outer loop
      vertex   -9.554073e+01 3.525442e+01 9.398508e+01
      vertex   -9.458116e+01 3.457310e+01 9.356683e+01
      vertex   -9.548462e+01 3.532604e+01 9.356683e+01
    endloop
  endfacet
  facet normal 5.791299e-01 7.870603e-01 2.124727e-01
    outer loop
      vertex   -9.554073e+01 3.525442e+01 9.398508e+01
      vertex   -9.548462e+01 3.532604e+01 9.356683e+01
      vertex   -9.648357e+01 3.594818e+01 9.398508e+01
    endloop
  endfacet
  facet normal 5.791299e-01 7.870603e-01 2.124727e-01
    outer loop
      vertex   -9.648357e+01 3.594818e+01 9.398508e+01
      vertex   -9.548462e+01 3.532604e+01 9.356683e+01
      vertex   -9.643189e+01 3.602306e+01 9.356683e+01
    endloop
  endfacet
  facet normal 5.305518e-01 8.205913e-01 2.124727e-01
    outer loop
      vertex   -9.648357e+01 3.594818e+01 9.398508e+01
      vertex   -9.643189e+01 3.602306e+01 9.356683e+01
      vertex   -9.746658e+01 3.658374e+01 9.398508e+01
    endloop
  endfacet
  facet normal 5.305518e-01 8.205913e-01 2.124727e-01
    outer loop
      vertex   -9.746658e+01 3.658374e+01 9.398508e+01
      vertex   -9.643189e+01 3.602306e+01 9.356683e+01
      vertex   -9.741951e+01 3.666160e+01 9.356683e+01
    endloop
  endfacet
  facet normal 4.800378e-01 8.511281e-01 2.124727e-01
    outer loop
      vertex   -9.746658e+01 3.658374e+01 9.398508e+01
      vertex   -9.741951e+01 3.666160e+01 9.356683e+01
      vertex   -9.848618e+01 3.715879e+01 9.398508e+01
    endloop
  endfacet
  facet normal 4.800378e-01 8.511281e-01 2.124727e-01
    outer loop
      vertex   -9.848618e+01 3.715879e+01 9.398508e+01
      vertex   -9.741951e+01 3.666160e+01 9.356683e+01
      vertex   -9.844389e+01 3.723935e+01 9.356683e+01
    endloop
  endfacet
  facet normal 4.277507e-01 8.785697e-01 2.124725e-01
    outer loop
      vertex   -9.848618e+01 3.715879e+01 9.398508e+01
      vertex   -9.844389e+01 3.723935e+01 9.356683e+01
      vertex   -9.950216e+01 3.775459e+01 9.356683e+01
    endloop
  endfacet
  facet normal -2.125609e-01 6.422913e-03 9.771267e-01
    outer loop
      vertex   -1.248370e+02 2.000000e+01 9.601837e+01
      vertex   -1.244187e+02 2.000000e+01 9.610935e+01
      vertex   -1.248054e+02 2.104728e+01 9.601837e+01
    endloop
  endfacet
  facet normal -2.125609e-01 6.422913e-03 9.771267e-01
    outer loop
      vertex   -1.248054e+02 2.104728e+01 9.601837e+01
      vertex   -1.244187e+02 2.000000e+01 9.610935e+01
      vertex   -1.243879e+02 2.102202e+01 9.610935e+01
    endloop
  endfacet
  facet normal -2.117853e-01 1.924530e-02 9.771267e-01
    outer loop
      vertex   -1.248054e+02 2.104728e+01 9.601837e+01
      vertex   -1.243879e+02 2.102202e+01 9.610935e+01
      vertex   -1.247105e+02 2.209073e+01 9.601837e+01
    endloop
  endfacet
  facet normal -2.117853e-01 1.924530e-02 9.771267e-01
    outer loop
      vertex   -1.247105e+02 2.209073e+01 9.601837e+01
      vertex   -1.243879e+02 2.102202e+01 9.610935e+01
      vertex   -1.242953e+02 2.204032e+01 9.610935e+01
    endloop
  endfacet
  facet normal -2.102369e-01 3.199747e-02 9.771267e-01
    outer loop
      vertex   -1.247105e+02 2.209073e+01 9.601837e+01
      vertex   -1.242953e+02 2.204032e+01 9.610935e+01
      vertex   -1.245529e+02 2.312656e+01 9.601837e+01
    endloop
  endfacet
  facet normal -2.102369e-01 3.199747e-02 9.771267e-01
    outer loop
      vertex   -1.245529e+02 2.312656e+01 9.601837e+01
      vertex   -1.242953e+02 2.204032e+01 9.610935e+01
      vertex   -1.241415e+02 2.305117e+01 9.610935e+01
    endloop
  endfacet
  facet normal -2.079214e-01 4.463288e-02 9.771267e-01
    outer loop
      vertex   -1.245529e+02 2.312656e+01 9.601837e+01
      vertex   -1.241415e+02 2.305117e+01 9.610935e+01
      vertex   -1.243330e+02 2.415098e+01 9.601837e+01
    endloop
  endfacet
  facet normal -2.079214e-01 4.463288e-02 9.771267e-01
    outer loop
      vertex   -1.243330e+02 2.415098e+01 9.601837e+01
      vertex   -1.241415e+02 2.305117e+01 9.610935e+01
      vertex   -1.239269e+02 2.405088e+01 9.610935e+01
    endloop
  endfacet
  facet normal -2.048472e-01 5.710543e-02 9.771267e-01
    outer loop
      vertex   -1.243330e+02 2.415098e+01 9.601837e+01
      vertex   -1.239269e+02 2.405088e+01 9.610935e+01
      vertex   -1.240516e+02 2.516025e+01 9.601837e+01
    endloop
  endfacet
  facet normal -2.048472e-01 5.710543e-02 9.771267e-01
    outer loop
      vertex   -1.240516e+02 2.516025e+01 9.601837e+01
      vertex   -1.239269e+02 2.405088e+01 9.610935e+01
      vertex   -1.236523e+02 2.503582e+01 9.610935e+01
    endloop
  endfacet
  facet normal -2.010255e-01 6.936961e-02 9.771267e-01
    outer loop
      vertex   -1.240516e+02 2.516025e+01 9.601837e+01
      vertex   -1.236523e+02 2.503582e+01 9.610935e+01
      vertex   -1.237098e+02 2.615069e+01 9.601837e+01
    endloop
  endfacet
  facet normal -2.010255e-01 6.936961e-02 9.771267e-01
    outer loop
      vertex   -1.237098e+02 2.615069e+01 9.601837e+01
      vertex   -1.236523e+02 2.503582e+01 9.610935e+01
      vertex   -1.233188e+02 2.600238e+01 9.610935e+01
    endloop
  endfacet
  facet normal -2.125609e-01 -6.422913e-03 9.771267e-01
    outer loop
      vertex   -1.244187e+02 2.000000e+01 9.610935e+01
      vertex   -1.248370e+02 2.000000e+01 9.601837e+01
      vertex   -1.243879e+02 1.897798e+01 9.610935e+01
    endloop
  endfacet
  facet normal -2.125609e-01 -6.422913e-03 9.771267e-01
    outer loop
      vertex   -1.243879e+02 1.897798e+01 9.610935e+01
      vertex   -1.248370e+02 2.000000e+01 9.601837e+01
      vertex   -1.248054e+02 1.895272e+01 9.601837e+01
    endloop
  endfacet
  facet normal -2.117853e-01 -1.924530e-02 9.771267e-01
    outer loop
      vertex   -1.243879e+02 1.897798e+01 9.610935e+01
      vertex   -1.248054e+02 1.895272e+01 9.601837e+01
      vertex   -1.242953e+02 1.795968e+01 9.610935e+01
    endloop
  endfacet
  facet normal -2.117853e-01 -1.924530e-02 9.771267e-01
    outer loop
      vertex   -1.242953e+02 1.795968e+01 9.610935e+01
      vertex   -1.248054e+02 1.895272e+01 9.601837e+01
      vertex   -1.247105e+02 1.790927e+01 9.601837e+01
    endloop
  endfacet
  facet normal -2.102369e-01 -3.199747e-02 9.771267e-01
    outer loop
      vertex   -1.242953e+02 1.795968e+01 9.610935e+01
      vertex   -1.247105e+02 1.790927e+01 9.601837e+01
      vertex   -1.241415e+02 1.694883e+01 9.610935e+01
    endloop
  endfacet
  facet normal -2.102369e-01 -3.199747e-02 9.771267e-01
    outer loop
      vertex   -1.241415e+02 1.694883e+01 9.610935e+01
      vertex   -1.247105e+02 1.790927e+01 9.601837e+01
      vertex   -1.245529e+02 1.687344e+01 9.601837e+01
    endloop
  endfacet
  facet normal -2.079214e-01 -4.463288e-02 9.771267e-01
    outer loop
      vertex   -1.241415e+02 1.694883e+01 9.610935e+01
      vertex   -1.245529e+02 1.687344e+01 9.601837e+01
      vertex   -1.239269e+02 1.594912e+01 9.610935e+01
    endloop
  endfacet
  facet normal -2.079214e-01 -4.463288e-02 9.771267e-01
    outer loop
      vertex   -1.239269e+02 1.594912e+01 9.610935e+01
      vertex   -1.245529e+02 1.687344e+01 9.601837e+01
      vertex   -1.243330e+02 1.584902e+01 9.601837e+01
    endloop
  endfacet
  facet normal -2.048472e-01 -5.710543e-02 9.771267e-01
    outer loop
      vertex   -1.239269e+02 1.594912e+01 9.610935e+01
      vertex   -1.243330e+02 1.584902e+01 9.601837e+01
      vertex   -1.236523e+02 1.496418e+01 9.610935e+01
    endloop
  endfacet
  facet normal -2.048472e-01 -5.710543e-02 9.771267e-01
    outer loop
      vertex   -1.236523e+02 1.496418e+01 9.610935e+01
      vertex   -1.243330e+02 1.584902e+01 9.601837e+01
      vertex   -1.240516e+02 1.483975e+01 9.601837e+01
    endloop
  endfacet
  facet normal -2.010255e-01 -6.936961e-02 9.771267e-01
    outer loop
      vertex   -1.236523e+02 1.496418e+01 9.610935e+01
      vertex   -1.240516e+02 1.483975e+01 9.601837e+01
      vertex   -1.233188e+02 1.399762e+01 9.610935e+01
    endloop
  endfacet
  facet normal -2.010255e-01 -6.936961e-02 9.771267e-01
    outer loop
      vertex   -1.233188e+02 1.399762e+01 9.610935e+01
      vertex   -1.240516e+02 1.483975e+01 9.601837e+01
      vertex   -1.237098e+02 1.384931e+01 9.601837e+01
    endloop
  endfacet
  facet normal -1.964703e-01 -8.138066e-02 9.771267e-01
    outer loop
      vertex   -1.233188e+02 1.399762e+01 9.610935e+01
      vertex   -1.237098e+02 1.384931e+01 9.601837e+01
      vertex   -1.229275e+02 1.305297e+01 9.610935e+01
    endloop
  endfacet
  facet normal -6.936961e-02 2.010255e-01 9.771267e-01
    outer loop
      vertex   -1.134942e+02 3.582697e+01 9.610935e+01
      vertex   -1.126521e+02 3.655982e+01 9.601837e+01
      vertex   -1.136425e+02 3.621804e+01 9.601837e+01
    endloop
  endfacet
  facet normal -8.138066e-02 1.964703e-01 9.771267e-01
    outer loop
      vertex   -1.144388e+02 3.543568e+01 9.610935e+01
      vertex   -1.134942e+02 3.582697e+01 9.610935e+01
      vertex   -1.136425e+02 3.621804e+01 9.601837e+01
    endloop
  endfacet
  facet normal -8.138066e-02 1.964703e-01 9.771267e-01
    outer loop
      vertex   -1.144388e+02 3.543568e+01 9.610935e+01
      vertex   -1.136425e+02 3.621804e+01 9.601837e+01
      vertex   -1.146105e+02 3.581708e+01 9.601837e+01
    endloop
  endfacet
  facet normal -9.309477e-02 1.911982e-01 9.771267e-01
    outer loop
      vertex   -1.153581e+02 3.498807e+01 9.610935e+01
      vertex   -1.144388e+02 3.543568e+01 9.610935e+01
      vertex   -1.146105e+02 3.581708e+01 9.601837e+01
    endloop
  endfacet
  facet normal -9.309477e-02 1.911982e-01 9.771267e-01
    outer loop
      vertex   -1.153581e+02 3.498807e+01 9.610935e+01
      vertex   -1.146105e+02 3.581708e+01 9.601837e+01
      vertex   -1.155525e+02 3.535841e+01 9.601837e+01
    endloop
  endfacet
  facet normal -1.044692e-01 1.852285e-01 9.771267e-01
    outer loop
      vertex   -1.162488e+02 3.448576e+01 9.610935e+01
      vertex   -1.153581e+02 3.498807e+01 9.610935e+01
      vertex   -1.155525e+02 3.535841e+01 9.601837e+01
    endloop
  endfacet
  facet normal -1.044692e-01 1.852285e-01 9.771267e-01
    outer loop
      vertex   -1.162488e+02 3.448576e+01 9.610935e+01
      vertex   -1.155525e+02 3.535841e+01 9.601837e+01
      vertex   -1.164651e+02 3.484370e+01 9.601837e+01
    endloop
  endfacet
  facet normal -1.154624e-01 1.785828e-01 9.771267e-01
    outer loop
      vertex   -1.171074e+02 3.393060e+01 9.610935e+01
      vertex   -1.162488e+02 3.448576e+01 9.610935e+01
      vertex   -1.164651e+02 3.484370e+01 9.601837e+01
    endloop
  endfacet
  facet normal -1.154624e-01 1.785828e-01 9.771267e-01
    outer loop
      vertex   -1.171074e+02 3.393060e+01 9.610935e+01
      vertex   -1.164651e+02 3.484370e+01 9.601837e+01
      vertex   -1.173450e+02 3.427482e+01 9.601837e+01
    endloop
  endfacet
  facet normal -1.260343e-01 1.712856e-01 9.771267e-01
    outer loop
      vertex   -1.179310e+02 3.332461e+01 9.610935e+01
      vertex   -1.171074e+02 3.393060e+01 9.610935e+01
      vertex   -1.173450e+02 3.427482e+01 9.601837e+01
    endloop
  endfacet
  facet normal -1.260343e-01 1.712856e-01 9.771267e-01
    outer loop
      vertex   -1.179310e+02 3.332461e+01 9.610935e+01
      vertex   -1.173450e+02 3.427482e+01 9.601837e+01
      vertex   -1.181889e+02 3.365385e+01 9.601837e+01
    endloop
  endfacet
  facet normal -1.361463e-01 1.633633e-01 9.771267e-01
    outer loop
      vertex   -1.187164e+02 3.267000e+01 9.610935e+01
      vertex   -1.179310e+02 3.332461e+01 9.610935e+01
      vertex   -1.181889e+02 3.365385e+01 9.601837e+01
    endloop
  endfacet
  facet normal -1.361463e-01 1.633633e-01 9.771267e-01
    outer loop
      vertex   -1.187164e+02 3.267000e+01 9.610935e+01
      vertex   -1.181889e+02 3.365385e+01 9.601837e+01
      vertex   -1.189938e+02 3.298307e+01 9.601837e+01
    endloop
  endfacet
  facet normal -1.457616e-01 1.548449e-01 9.771267e-01
    outer loop
      vertex   -1.194610e+02 3.196916e+01 9.610935e+01
      vertex   -1.187164e+02 3.267000e+01 9.610935e+01
      vertex   -1.189938e+02 3.298307e+01 9.601837e+01
    endloop
  endfacet
  facet normal -1.457616e-01 1.548449e-01 9.771267e-01
    outer loop
      vertex   -1.194610e+02 3.196916e+01 9.610935e+01
      vertex   -1.189938e+02 3.298307e+01 9.601837e+01
      vertex   -1.197567e+02 3.226491e+01 9.601837e+01
    endloop
  endfacet
  facet normal -1.548449e-01 1.457616e-01 9.771267e-01
    outer loop
      vertex   -1.201618e+02 3.122464e+01 9.610935e+01
      vertex   -1.194610e+02 3.196916e+01 9.610935e+01
      vertex   -1.197567e+02 3.226491e+01 9.601837e+01
    endloop
  endfacet
  facet normal -1.548449e-01 1.457616e-01 9.771267e-01
    outer loop
      vertex   -1.201618e+02 3.122464e+01 9.610935e+01
      vertex   -1.197567e+02 3.226491e+01 9.601837e+01
      vertex   -1.204749e+02 3.150199e+01 9.601837e+01
    endloop
  endfacet
  facet normal -1.633633e-01 1.361463e-01 9.771267e-01
    outer loop
      vertex   -1.208164e+02 3.043917e+01 9.610935e+01
      vertex   -1.201618e+02 3.122464e+01 9.610935e+01
      vertex   -1.204749e+02 3.150199e+01 9.601837e+01
    endloop
  endfacet
  facet normal -1.633633e-01 1.361463e-01 9.771267e-01
    outer loop
      vertex   -1.208164e+02 3.043917e+01 9.610935e+01
      vertex   -1.204749e+02 3.150199e+01 9.601837e+01
      vertex   -1.211457e+02 3.069711e+01 9.601837e+01
    endloop
  endfacet
  facet normal -1.712856e-01 1.260343e-01 9.771267e-01
    outer loop
      vertex   -1.214224e+02 2.961560e+01 9.610935e+01
      vertex   -1.208164e+02 3.043917e+01 9.610935e+01
      vertex   -1.211457e+02 3.069711e+01 9.601837e+01
    endloop
  endfacet
  facet normal -1.712856e-01 1.260343e-01 9.771267e-01
    outer loop
      vertex   -1.214224e+02 2.961560e+01 9.610935e+01
      vertex   -1.211457e+02 3.069711e+01 9.601837e+01
      vertex   -1.217666e+02 2.985320e+01 9.601837e+01
    endloop
  endfacet
  facet normal -1.785828e-01 1.154624e-01 9.771267e-01
    outer loop
      vertex   -1.219776e+02 2.875695e+01 9.610935e+01
      vertex   -1.214224e+02 2.961560e+01 9.610935e+01
      vertex   -1.217666e+02 2.985320e+01 9.601837e+01
    endloop
  endfacet
  facet normal -1.785828e-01 1.154624e-01 9.771267e-01
    outer loop
      vertex   -1.219776e+02 2.875695e+01 9.610935e+01
      vertex   -1.217666e+02 2.985320e+01 9.601837e+01
      vertex   -1.223355e+02 2.897333e+01 9.601837e+01
    endloop
  endfacet
  facet normal -1.852285e-01 1.044692e-01 9.771267e-01
    outer loop
      vertex   -1.224799e+02 2.786634e+01 9.610935e+01
      vertex   -1.219776e+02 2.875695e+01 9.610935e+01
      vertex   -1.223355e+02 2.897333e+01 9.601837e+01
    endloop
  endfacet
  facet normal -1.852285e-01 1.044692e-01 9.771267e-01
    outer loop
      vertex   -1.224799e+02 2.786634e+01 9.610935e+01
      vertex   -1.223355e+02 2.897333e+01 9.601837e+01
      vertex   -1.228502e+02 2.806072e+01 9.601837e+01
    endloop
  endfacet
  facet normal -1.911982e-01 9.309477e-02 9.771267e-01
    outer loop
      vertex   -1.229275e+02 2.694703e+01 9.610935e+01
      vertex   -1.224799e+02 2.786634e+01 9.610935e+01
      vertex   -1.228502e+02 2.806072e+01 9.601837e+01
    endloop
  endfacet
  facet normal -1.911982e-01 9.309477e-02 9.771267e-01
    outer loop
      vertex   -1.229275e+02 2.694703e+01 9.610935e+01
      vertex   -1.228502e+02 2.806072e+01 9.601837e+01
      vertex   -1.233089e+02 2.711869e+01 9.601837e+01
    endloop
  endfacet
  facet normal -1.785828e-01 -1.154624e-01 9.771267e-01
    outer loop
      vertex   -1.214224e+02 1.038440e+01 9.610935e+01
      vertex   -1.223355e+02 1.102667e+01 9.601837e+01
      vertex   -1.217666e+02 1.014680e+01 9.601837e+01
    endloop
  endfacet
  facet normal -1.712856e-01 -1.260343e-01 9.771267e-01
    outer loop
      vertex   -1.208164e+02 9.560834e+00 9.610935e+01
      vertex   -1.214224e+02 1.038440e+01 9.610935e+01
      vertex   -1.217666e+02 1.014680e+01 9.601837e+01
    endloop
  endfacet
  facet normal -1.712856e-01 -1.260343e-01 9.771267e-01
    outer loop
      vertex   -1.208164e+02 9.560834e+00 9.610935e+01
      vertex   -1.217666e+02 1.014680e+01 9.601837e+01
      vertex   -1.211457e+02 9.302889e+00 9.601837e+01
    endloop
  endfacet
  facet normal -1.633633e-01 -1.361463e-01 9.771267e-01
    outer loop
      vertex   -1.201618e+02 8.775360e+00 9.610935e+01
      vertex   -1.208164e+02 9.560834e+00 9.610935e+01
      vertex   -1.211457e+02 9.302889e+00 9.601837e+01
    endloop
  endfacet
  facet normal -1.633633e-01 -1.361463e-01 9.771267e-01
    outer loop
      vertex   -1.201618e+02 8.775360e+00 9.610935e+01
      vertex   -1.211457e+02 9.302889e+00 9.601837e+01
      vertex   -1.204749e+02 8.498006e+00 9.601837e+01
    endloop
  endfacet
  facet normal -1.548449e-01 -1.457616e-01 9.771267e-01
    outer loop
      vertex   -1.194610e+02 8.030843e+00 9.610935e+01
      vertex   -1.201618e+02 8.775360e+00 9.610935e+01
      vertex   -1.204749e+02 8.498006e+00 9.601837e+01
    endloop
  endfacet
  facet normal -1.548449e-01 -1.457616e-01 9.771267e-01
    outer loop
      vertex   -1.194610e+02 8.030843e+00 9.610935e+01
      vertex   -1.204749e+02 8.498006e+00 9.601837e+01
      vertex   -1.197567e+02 7.735093e+00 9.601837e+01
    endloop
  endfacet
  facet normal -1.457616e-01 -1.548449e-01 9.771267e-01
    outer loop
      vertex   -1.187164e+02 7.330000e+00 9.610935e+01
      vertex   -1.194610e+02 8.030843e+00 9.610935e+01
      vertex   -1.197567e+02 7.735093e+00 9.601837e+01
    endloop
  endfacet
  facet normal -1.457616e-01 -1.548449e-01 9.771267e-01
    outer loop
      vertex   -1.187164e+02 7.330000e+00 9.610935e+01
      vertex   -1.197567e+02 7.735093e+00 9.601837e+01
      vertex   -1.189938e+02 7.016933e+00 9.601837e+01
    endloop
  endfacet
  facet normal -1.361463e-01 -1.633633e-01 9.771267e-01
    outer loop
      vertex   -1.179310e+02 6.675389e+00 9.610935e+01
      vertex   -1.187164e+02 7.330000e+00 9.610935e+01
      vertex   -1.189938e+02 7.016933e+00 9.601837e+01
    endloop
  endfacet
  facet normal -1.361463e-01 -1.633633e-01 9.771267e-01
    outer loop
      vertex   -1.179310e+02 6.675389e+00 9.610935e+01
      vertex   -1.189938e+02 7.016933e+00 9.601837e+01
      vertex   -1.181889e+02 6.346147e+00 9.601837e+01
    endloop
  endfacet
  facet normal -1.260343e-01 -1.712856e-01 9.771267e-01
    outer loop
      vertex   -1.171074e+02 6.069398e+00 9.610935e+01
      vertex   -1.179310e+02 6.675389e+00 9.610935e+01
      vertex   -1.181889e+02 6.346147e+00 9.601837e+01
    endloop
  endfacet
  facet normal -1.260343e-01 -1.712856e-01 9.771267e-01
    outer loop
      vertex   -1.171074e+02 6.069398e+00 9.610935e+01
      vertex   -1.181889e+02 6.346147e+00 9.601837e+01
      vertex   -1.173450e+02 5.725182e+00 9.601837e+01
    endloop
  endfacet
  facet normal -1.154624e-01 -1.785828e-01 9.771267e-01
    outer loop
      vertex   -1.162488e+02 5.514238e+00 9.610935e+01
      vertex   -1.171074e+02 6.069398e+00 9.610935e+01
      vertex   -1.173450e+02 5.725182e+00 9.601837e+01
    endloop
  endfacet
  facet normal -1.154624e-01 -1.785828e-01 9.771267e-01
    outer loop
      vertex   -1.162488e+02 5.514238e+00 9.610935e+01
      vertex   -1.173450e+02 5.725182e+00 9.601837e+01
      vertex   -1.164651e+02 5.156305e+00 9.601837e+01
    endloop
  endfacet
  facet normal -1.044692e-01 -1.852285e-01 9.771267e-01
    outer loop
      vertex   -1.153581e+02 5.011935e+00 9.610935e+01
      vertex   -1.162488e+02 5.514238e+00 9.610935e+01
      vertex   -1.164651e+02 5.156305e+00 9.601837e+01
    endloop
  endfacet
  facet normal -1.044692e-01 -1.852285e-01 9.771267e-01
    outer loop
      vertex   -1.153581e+02 5.011935e+00 9.610935e+01
      vertex   -1.164651e+02 5.156305e+00 9.601837e+01
      vertex   -1.155525e+02 4.641590e+00 9.601837e+01
    endloop
  endfacet
  facet normal -9.309477e-02 -1.911982e-01 9.771267e-01
    outer loop
      vertex   -1.144388e+02 4.564322e+00 9.610935e+01
      vertex   -1.153581e+02 5.011935e+00 9.610935e+01
      vertex   -1.155525e+02 4.641590e+00 9.601837e+01
    endloop
  endfacet
  facet normal -9.309477e-02 -1.911982e-01 9.771267e-01
    outer loop
      vertex   -1.144388e+02 4.564322e+00 9.610935e+01
      vertex   -1.155525e+02 4.641590e+00 9.601837e+01
      vertex   -1.146105e+02 4.182917e+00 9.601837e+01
    endloop
  endfacet
  facet normal -8.138066e-02 -1.964703e-01 9.771267e-01
    outer loop
      vertex   -1.134942e+02 4.173032e+00 9.610935e+01
      vertex   -1.144388e+02 4.564322e+00 9.610935e+01
      vertex   -1.146105e+02 4.182917e+00 9.601837e+01
    endloop
  endfacet
  facet normal 6.936961e-02 -2.010255e-01 9.771267e-01
    outer loop
      vertex   -1.014894e+02 4.173032e+00 9.610935e+01
      vertex   -1.023316e+02 3.440178e+00 9.601837e+01
      vertex   -1.013411e+02 3.781958e+00 9.601837e+01
    endloop
  endfacet
  facet normal 8.138066e-02 -1.964703e-01 9.771267e-01
    outer loop
      vertex   -1.005448e+02 4.564322e+00 9.610935e+01
      vertex   -1.014894e+02 4.173032e+00 9.610935e+01
      vertex   -1.013411e+02 3.781958e+00 9.601837e+01
    endloop
  endfacet
  facet normal 8.138066e-02 -1.964703e-01 9.771267e-01
    outer loop
      vertex   -1.005448e+02 4.564322e+00 9.610935e+01
      vertex   -1.013411e+02 3.781958e+00 9.601837e+01
      vertex   -1.003731e+02 4.182917e+00 9.601837e+01
    endloop
  endfacet
  facet normal 9.309477e-02 -1.911982e-01 9.771267e-01
    outer loop
      vertex   -9.962546e+01 5.011935e+00 9.610935e+01
      vertex   -1.005448e+02 4.564322e+00 9.610935e+01
      vertex   -1.003731e+02 4.182917e+00 9.601837e+01
    endloop
  endfacet
  facet normal 9.309477e-02 -1.911982e-01 9.771267e-01
    outer loop
      vertex   -9.962546e+01 5.011935e+00 9.610935e+01
      vertex   -1.003731e+02 4.182917e+00 9.601837e+01
      vertex   -9.943109e+01 4.641590e+00 9.601837e+01
    endloop
  endfacet
  facet normal 1.044692e-01 -1.852285e-01 9.771267e-01
    outer loop
      vertex   -9.873486e+01 5.514238e+00 9.610935e+01
      vertex   -9.962546e+01 5.011935e+00 9.610935e+01
      vertex   -9.943109e+01 4.641590e+00 9.601837e+01
    endloop
  endfacet
  facet normal 1.044692e-01 -1.852285e-01 9.771267e-01
    outer loop
      vertex   -9.873486e+01 5.514238e+00 9.610935e+01
      vertex   -9.943109e+01 4.641590e+00 9.601837e+01
      vertex   -9.851848e+01 5.156305e+00 9.601837e+01
    endloop
  endfacet
  facet normal 1.154624e-01 -1.785828e-01 9.771267e-01
    outer loop
      vertex   -9.787620e+01 6.069398e+00 9.610935e+01
      vertex   -9.873486e+01 5.514238e+00 9.610935e+01
      vertex   -9.851848e+01 5.156305e+00 9.601837e+01
    endloop
  endfacet
  facet normal 1.154624e-01 -1.785828e-01 9.771267e-01
    outer loop
      vertex   -9.787620e+01 6.069398e+00 9.610935e+01
      vertex   -9.851848e+01 5.156305e+00 9.601837e+01
      vertex   -9.763861e+01 5.725182e+00 9.601837e+01
    endloop
  endfacet
  facet normal 1.260343e-01 -1.712856e-01 9.771267e-01
    outer loop
      vertex   -9.705264e+01 6.675389e+00 9.610935e+01
      vertex   -9.787620e+01 6.069398e+00 9.610935e+01
      vertex   -9.763861e+01 5.725182e+00 9.601837e+01
    endloop
  endfacet
  facet normal 1.260343e-01 -1.712856e-01 9.771267e-01
    outer loop
      vertex   -9.705264e+01 6.675389e+00 9.610935e+01
      vertex   -9.763861e+01 5.725182e+00 9.601837e+01
      vertex   -9.679469e+01 6.346147e+00 9.601837e+01
    endloop
  endfacet
  facet normal 1.361463e-01 -1.633633e-01 9.771267e-01
    outer loop
      vertex   -9.626716e+01 7.330000e+00 9.610935e+01
      vertex   -9.705264e+01 6.675389e+00 9.610935e+01
      vertex   -9.679469e+01 6.346147e+00 9.601837e+01
    endloop
  endfacet
  facet normal 1.361463e-01 -1.633633e-01 9.771267e-01
    outer loop
      vertex   -9.626716e+01 7.330000e+00 9.610935e+01
      vertex   -9.679469e+01 6.346147e+00 9.601837e+01
      vertex   -9.598981e+01 7.016933e+00 9.601837e+01
    endloop
  endfacet
  facet normal 1.457616e-01 -1.548449e-01 9.771267e-01
    outer loop
      vertex   -9.552265e+01 8.030843e+00 9.610935e+01
      vertex   -9.626716e+01 7.330000e+00 9.610935e+01
      vertex   -9.598981e+01 7.016933e+00 9.601837e+01
    endloop
  endfacet
  facet normal 1.457616e-01 -1.548449e-01 9.771267e-01
    outer loop
      vertex   -9.552265e+01 8.030843e+00 9.610935e+01
      vertex   -9.598981e+01 7.016933e+00 9.601837e+01
      vertex   -9.522690e+01 7.735093e+00 9.601837e+01
    endloop
  endfacet
  facet normal 1.548449e-01 -1.457616e-01 9.771267e-01
    outer loop
      vertex   -9.482180e+01 8.775360e+00 9.610935e+01
      vertex   -9.552265e+01 8.030843e+00 9.610935e+01
      vertex   -9.522690e+01 7.735093e+00 9.601837e+01
    endloop
  endfacet
  facet normal 1.548449e-01 -1.457616e-01 9.771267e-01
    outer loop
      vertex   -9.482180e+01 8.775360e+00 9.610935e+01
      vertex   -9.522690e+01 7.735093e+00 9.601837e+01
      vertex   -9.450874e+01 8.498006e+00 9.601837e+01
    endloop
  endfacet
  facet normal 1.633633e-01 -1.361463e-01 9.771267e-01
    outer loop
      vertex   -9.416719e+01 9.560834e+00 9.610935e+01
      vertex   -9.482180e+01 8.775360e+00 9.610935e+01
      vertex   -9.450874e+01 8.498006e+00 9.601837e+01
    endloop
  endfacet
  facet normal 1.633633e-01 -1.361463e-01 9.771267e-01
    outer loop
      vertex   -9.416719e+01 9.560834e+00 9.610935e+01
      vertex   -9.450874e+01 8.498006e+00 9.601837e+01
      vertex   -9.383795e+01 9.302889e+00 9.601837e+01
    endloop
  endfacet
  facet normal 1.712856e-01 -1.260343e-01 9.771267e-01
    outer loop
      vertex   -9.356120e+01 1.038440e+01 9.610935e+01
      vertex   -9.416719e+01 9.560834e+00 9.610935e+01
      vertex   -9.383795e+01 9.302889e+00 9.601837e+01
    endloop
  endfacet
  facet normal 1.712856e-01 -1.260343e-01 9.771267e-01
    outer loop
      vertex   -9.356120e+01 1.038440e+01 9.610935e+01
      vertex   -9.383795e+01 9.302889e+00 9.601837e+01
      vertex   -9.321699e+01 1.014680e+01 9.601837e+01
    endloop
  endfacet
  facet normal 1.785828e-01 -1.154624e-01 9.771267e-01
    outer loop
      vertex   -9.300604e+01 1.124305e+01 9.610935e+01
      vertex   -9.356120e+01 1.038440e+01 9.610935e+01
      vertex   -9.321699e+01 1.014680e+01 9.601837e+01
    endloop
  endfacet
  facet normal 1.785828e-01 -1.154624e-01 9.771267e-01
    outer loop
      vertex   -9.300604e+01 1.124305e+01 9.610935e+01
      vertex   -9.321699e+01 1.014680e+01 9.601837e+01
      vertex   -9.264811e+01 1.102667e+01 9.601837e+01
    endloop
  endfacet
  facet normal 1.852285e-01 -1.044692e-01 9.771267e-01
    outer loop
      vertex   -9.250374e+01 1.213366e+01 9.610935e+01
      vertex   -9.300604e+01 1.124305e+01 9.610935e+01
      vertex   -9.264811e+01 1.102667e+01 9.601837e+01
    endloop
  endfacet
  facet normal 1.852285e-01 -1.044692e-01 9.771267e-01
    outer loop
      vertex   -9.250374e+01 1.213366e+01 9.610935e+01
      vertex   -9.264811e+01 1.102667e+01 9.601837e+01
      vertex   -9.213339e+01 1.193928e+01 9.601837e+01
    endloop
  endfacet
  facet normal 1.911982e-01 -9.309477e-02 9.771267e-01
    outer loop
      vertex   -9.205613e+01 1.305297e+01 9.610935e+01
      vertex   -9.250374e+01 1.213366e+01 9.610935e+01
      vertex   -9.213339e+01 1.193928e+01 9.601837e+01
    endloop
  endfacet
  facet normal 9.994295e-01 -3.377414e-02 2.399797e-17
    outer loop
      vertex   -1.229564e+02 2.104640e+01 8.313989e+01
      vertex   -1.229564e+02 2.104640e+01 9.313989e+01
      vertex   -1.229918e+02 2.000000e+01 8.313989e+01
    endloop
  endfacet
  facet normal 9.994295e-01 -3.377414e-02 0.000000e+00
    outer loop
      vertex   -1.229918e+02 2.000000e+01 8.313989e+01
      vertex   -1.229564e+02 2.104640e+01 9.313989e+01
      vertex   -1.229918e+02 2.000000e+01 9.313989e+01
    endloop
  endfacet
  facet normal 9.994295e-01 3.377414e-02 -0.000000e+00
    outer loop
      vertex   -1.229918e+02 2.000000e+01 8.313989e+01
      vertex   -1.229918e+02 2.000000e+01 9.313989e+01
      vertex   -1.229564e+02 1.895360e+01 8.313989e+01
    endloop
  endfacet
  facet normal 9.994295e-01 3.377414e-02 -2.399797e-17
    outer loop
      vertex   -1.229564e+02 1.895360e+01 8.313989e+01
      vertex   -1.229918e+02 2.000000e+01 9.313989e+01
      vertex   -1.229564e+02 1.895360e+01 9.313989e+01
    endloop
  endfacet
  facet normal 9.948693e-01 1.011683e-01 -7.188442e-17
    outer loop
      vertex   -1.229564e+02 1.895360e+01 8.313989e+01
      vertex   -1.229564e+02 1.895360e+01 9.313989e+01
      vertex   -1.228505e+02 1.791197e+01 8.313989e+01
    endloop
  endfacet
  facet normal 9.948693e-01 1.011683e-01 3.594221e-17
    outer loop
      vertex   -1.228505e+02 1.791197e+01 8.313989e+01
      vertex   -1.229564e+02 1.895360e+01 9.313989e+01
      vertex   -1.228505e+02 1.791197e+01 9.313989e+01
    endloop
  endfacet
  facet normal 9.857698e-01 1.681009e-01 5.972143e-17
    outer loop
      vertex   -1.228505e+02 1.791197e+01 8.313989e+01
      vertex   -1.228505e+02 1.791197e+01 9.313989e+01
      vertex   -1.226745e+02 1.687987e+01 8.313989e+01
    endloop
  endfacet
  facet normal 9.857698e-01 1.681009e-01 -0.000000e+00
    outer loop
      vertex   -1.226745e+02 1.687987e+01 8.313989e+01
      vertex   -1.228505e+02 1.791197e+01 9.313989e+01
      vertex   -1.226745e+02 1.687987e+01 9.313989e+01
    endloop
  endfacet
  facet normal 9.721724e-01 2.342665e-01 -0.000000e+00
    outer loop
      vertex   -1.226745e+02 1.687987e+01 8.313989e+01
      vertex   -1.226745e+02 1.687987e+01 9.313989e+01
      vertex   -1.224292e+02 1.586201e+01 8.313989e+01
    endloop
  endfacet
  facet normal 9.721724e-01 2.342665e-01 -2.080704e-16
    outer loop
      vertex   -1.224292e+02 1.586201e+01 8.313989e+01
      vertex   -1.226745e+02 1.687987e+01 9.313989e+01
      vertex   -1.224292e+02 1.586201e+01 9.313989e+01
    endloop
  endfacet
  facet normal 9.541393e-01 2.993631e-01 -2.658879e-16
    outer loop
      vertex   -1.224292e+02 1.586201e+01 8.313989e+01
      vertex   -1.224292e+02 1.586201e+01 9.313989e+01
      vertex   -1.221158e+02 1.486303e+01 8.313989e+01
    endloop
  endfacet
  facet normal 9.541393e-01 2.993631e-01 -0.000000e+00
    outer loop
      vertex   -1.221158e+02 1.486303e+01 8.313989e+01
      vertex   -1.224292e+02 1.586201e+01 9.313989e+01
      vertex   -1.221158e+02 1.486303e+01 9.313989e+01
    endloop
  endfacet
  facet normal 9.317526e-01 3.630939e-01 -0.000000e+00
    outer loop
      vertex   -1.221158e+02 1.486303e+01 8.313989e+01
      vertex   -1.221158e+02 1.486303e+01 9.313989e+01
      vertex   -1.217357e+02 1.388748e+01 8.313989e+01
    endloop
  endfacet
  facet normal 9.317526e-01 3.630939e-01 -0.000000e+00
    outer loop
      vertex   -1.217357e+02 1.388748e+01 8.313989e+01
      vertex   -1.221158e+02 1.486303e+01 9.313989e+01
      vertex   -1.217357e+02 1.388748e+01 9.313989e+01
    endloop
  endfacet
  facet normal 9.051145e-01 4.251679e-01 -0.000000e+00
    outer loop
      vertex   -1.217357e+02 1.388748e+01 8.313989e+01
      vertex   -1.217357e+02 1.388748e+01 9.313989e+01
      vertex   -1.212905e+02 1.293983e+01 8.313989e+01
    endloop
  endfacet
  facet normal 9.051145e-01 4.251679e-01 -2.265750e-16
    outer loop
      vertex   -1.212905e+02 1.293983e+01 8.313989e+01
      vertex   -1.217357e+02 1.388748e+01 9.313989e+01
      vertex   -1.212905e+02 1.293983e+01 9.313989e+01
    endloop
  endfacet
  facet normal 8.743466e-01 4.853020e-01 -2.586208e-16
    outer loop
      vertex   -1.212905e+02 1.293983e+01 8.313989e+01
      vertex   -1.212905e+02 1.293983e+01 9.313989e+01
      vertex   -1.207824e+02 1.202439e+01 8.313989e+01
    endloop
  endfacet
  facet normal 8.743466e-01 4.853020e-01 -0.000000e+00
    outer loop
      vertex   -1.207824e+02 1.202439e+01 8.313989e+01
      vertex   -1.212905e+02 1.293983e+01 9.313989e+01
      vertex   -1.207824e+02 1.202439e+01 9.313989e+01
    endloop
  endfacet
  facet normal 8.395893e-01 5.432217e-01 -0.000000e+00
    outer loop
      vertex   -1.207824e+02 1.202439e+01 8.313989e+01
      vertex   -1.207824e+02 1.202439e+01 9.313989e+01
      vertex   -1.202136e+02 1.114534e+01 8.313989e+01
    endloop
  endfacet
  facet normal 8.395893e-01 5.432217e-01 -0.000000e+00
    outer loop
      vertex   -1.202136e+02 1.114534e+01 8.313989e+01
      vertex   -1.207824e+02 1.202439e+01 9.313989e+01
      vertex   -1.202136e+02 1.114534e+01 9.313989e+01
    endloop
  endfacet
  facet normal 8.010011e-01 5.986629e-01 -0.000000e+00
    outer loop
      vertex   -1.202136e+02 1.114534e+01 8.313989e+01
      vertex   -1.202136e+02 1.114534e+01 9.313989e+01
      vertex   -1.195868e+02 1.030670e+01 8.313989e+01
    endloop
  endfacet
  facet normal 8.010011e-01 5.986629e-01 7.129155e-16
    outer loop
      vertex   -1.195868e+02 1.030670e+01 8.313989e+01
      vertex   -1.202136e+02 1.114534e+01 9.313989e+01
      vertex   -1.195868e+02 1.030670e+01 9.313989e+01
    endloop
  endfacet
  facet normal 7.587581e-01 6.513725e-01 6.154322e-16
    outer loop
      vertex   -1.195868e+02 1.030670e+01 8.313989e+01
      vertex   -1.195868e+02 1.030670e+01 9.313989e+01
      vertex   -1.189049e+02 9.512277e+00 8.313989e+01
    endloop
  endfacet
  facet normal 7.587581e-01 6.513725e-01 -0.000000e+00
    outer loop
      vertex   -1.189049e+02 9.512277e+00 8.313989e+01
      vertex   -1.195868e+02 1.030670e+01 9.313989e+01
      vertex   -1.189049e+02 9.512277e+00 9.313989e+01
    endloop
  endfacet
  facet normal 7.130531e-01 7.011100e-01 -0.000000e+00
    outer loop
      vertex   -1.189049e+02 9.512277e+00 8.313989e+01
      vertex   -1.189049e+02 9.512277e+00 9.313989e+01
      vertex   -1.181708e+02 8.765712e+00 8.313989e+01
    endloop
  endfacet
  facet normal 7.130531e-01 7.011100e-01 -0.000000e+00
    outer loop
      vertex   -1.181708e+02 8.765712e+00 8.313989e+01
      vertex   -1.189049e+02 9.512277e+00 9.313989e+01
      vertex   -1.181708e+02 8.765712e+00 9.313989e+01
    endloop
  endfacet
  facet normal 6.640946e-01 7.476486e-01 -0.000000e+00
    outer loop
      vertex   -1.181708e+02 8.765712e+00 8.313989e+01
      vertex   -1.181708e+02 8.765712e+00 9.313989e+01
      vertex   -1.173880e+02 8.070406e+00 8.313989e+01
    endloop
  endfacet
  facet normal 6.640946e-01 7.476486e-01 1.754661e-15
    outer loop
      vertex   -1.173880e+02 8.070406e+00 8.313989e+01
      vertex   -1.181708e+02 8.765712e+00 9.313989e+01
      vertex   -1.173880e+02 8.070406e+00 9.313989e+01
    endloop
  endfacet
  facet normal 6.121060e-01 7.907757e-01 1.599240e-15
    outer loop
      vertex   -1.173880e+02 8.070406e+00 8.313989e+01
      vertex   -1.173880e+02 8.070406e+00 9.313989e+01
      vertex   -1.165601e+02 7.429532e+00 8.313989e+01
    endloop
  endfacet
  facet normal 6.121060e-01 7.907757e-01 -0.000000e+00
    outer loop
      vertex   -1.165601e+02 7.429532e+00 8.313989e+01
      vertex   -1.173880e+02 8.070406e+00 9.313989e+01
      vertex   -1.165601e+02 7.429532e+00 9.313989e+01
    endloop
  endfacet
  facet normal 5.573245e-01 8.302948e-01 -0.000000e+00
    outer loop
      vertex   -1.165601e+02 7.429532e+00 8.313989e+01
      vertex   -1.165601e+02 7.429532e+00 9.313989e+01
      vertex   -1.156907e+02 6.846014e+00 8.313989e+01
    endloop
  endfacet
  facet normal 5.573245e-01 8.302948e-01 -0.000000e+00
    outer loop
      vertex   -1.156907e+02 6.846014e+00 8.313989e+01
      vertex   -1.165601e+02 7.429532e+00 9.313989e+01
      vertex   -1.156907e+02 6.846014e+00 9.313989e+01
    endloop
  endfacet
  facet normal 5.000000e-01 8.660254e-01 -0.000000e+00
    outer loop
      vertex   -1.156907e+02 6.846014e+00 8.313989e+01
      vertex   -1.156907e+02 6.846014e+00 9.313989e+01
      vertex   -1.147840e+02 6.322515e+00 8.313989e+01
    endloop
  endfacet
  facet normal 5.000000e-01 8.660254e-01 1.538370e-16
    outer loop
      vertex   -1.147840e+02 6.322515e+00 8.313989e+01
      vertex   -1.156907e+02 6.846014e+00 9.313989e+01
      vertex   -1.147840e+02 6.322515e+00 9.313989e+01
    endloop
  endfacet
  facet normal 4.403942e-01 8.978045e-01 1.594821e-16
    outer loop
      vertex   -1.147840e+02 6.322515e+00 8.313989e+01
      vertex   -1.147840e+02 6.322515e+00 9.313989e+01
      vertex   -1.138440e+02 5.861423e+00 8.313989e+01
    endloop
  endfacet
  facet normal 4.403942e-01 8.978045e-01 -0.000000e+00
    outer loop
      vertex   -1.138440e+02 5.861423e+00 8.313989e+01
      vertex   -1.147840e+02 6.322515e+00 9.313989e+01
      vertex   -1.138440e+02 5.861423e+00 9.313989e+01
    endloop
  endfacet
  facet normal 3.787789e-01 9.254872e-01 -0.000000e+00
    outer loop
      vertex   -1.138440e+02 5.861423e+00 8.313989e+01
      vertex   -1.138440e+02 5.861423e+00 9.313989e+01
      vertex   -1.128750e+02 5.464842e+00 8.313989e+01
    endloop
  endfacet
  facet normal 3.787789e-01 9.254872e-01 -1.643996e-16
    outer loop
      vertex   -1.128750e+02 5.464842e+00 8.313989e+01
      vertex   -1.138440e+02 5.861423e+00 9.313989e+01
      vertex   -1.128750e+02 5.464842e+00 9.313989e+01
    endloop
  endfacet
  facet normal 3.154353e-01 9.489471e-01 -1.685669e-16
    outer loop
      vertex   -1.128750e+02 5.464842e+00 8.313989e+01
      vertex   -1.128750e+02 5.464842e+00 9.313989e+01
      vertex   -1.118815e+02 5.134582e+00 8.313989e+01
    endloop
  endfacet
  facet normal 3.154353e-01 9.489471e-01 2.528503e-16
    outer loop
      vertex   -1.118815e+02 5.134582e+00 8.313989e+01
      vertex   -1.128750e+02 5.464842e+00 9.313989e+01
      vertex   -1.118815e+02 5.134582e+00 9.313989e+01
    endloop
  endfacet
  facet normal 2.506525e-01 9.680771e-01 2.579476e-16
    outer loop
      vertex   -1.118815e+02 5.134582e+00 8.313989e+01
      vertex   -1.118815e+02 5.134582e+00 9.313989e+01
      vertex   -1.108679e+02 4.872149e+00 8.313989e+01
    endloop
  endfacet
  facet normal 2.506525e-01 9.680771e-01 -0.000000e+00
    outer loop
      vertex   -1.108679e+02 4.872149e+00 8.313989e+01
      vertex   -1.118815e+02 5.134582e+00 9.313989e+01
      vertex   -1.108679e+02 4.872149e+00 9.313989e+01
    endloop
  endfacet
  facet normal 1.847261e-01 9.827901e-01 -0.000000e+00
    outer loop
      vertex   -1.108679e+02 4.872149e+00 8.313989e+01
      vertex   -1.108679e+02 4.872149e+00 9.313989e+01
      vertex   -1.098389e+02 4.678741e+00 8.313989e+01
    endloop
  endfacet
  facet normal 1.847261e-01 9.827901e-01 -0.000000e+00
    outer loop
      vertex   -1.098389e+02 4.678741e+00 8.313989e+01
      vertex   -1.108679e+02 4.872149e+00 9.313989e+01
      vertex   -1.098389e+02 4.678741e+00 9.313989e+01
    endloop
  endfacet
  facet normal 1.179567e-01 9.930187e-01 -0.000000e+00
    outer loop
      vertex   -1.098389e+02 4.678741e+00 8.313989e+01
      vertex   -1.098389e+02 4.678741e+00 9.313989e+01
      vertex   -1.087992e+02 4.555240e+00 8.313989e+01
    endloop
  endfacet
  facet normal 1.179567e-01 9.930187e-01 -1.676266e-16
    outer loop
      vertex   -1.087992e+02 4.555240e+00 8.313989e+01
      vertex   -1.098389e+02 4.678741e+00 9.313989e+01
      vertex   -1.087992e+02 4.555240e+00 9.313989e+01
    endloop
  endfacet
  facet normal 5.064917e-02 9.987165e-01 -7.197680e-17
    outer loop
      vertex   -1.087992e+02 4.555240e+00 8.313989e+01
      vertex   -1.087992e+02 4.555240e+00 9.313989e+01
      vertex   -1.077536e+02 4.502211e+00 8.313989e+01
    endloop
  endfacet
  facet normal 5.064917e-02 9.987165e-01 -0.000000e+00
    outer loop
      vertex   -1.077536e+02 4.502211e+00 8.313989e+01
      vertex   -1.087992e+02 4.555240e+00 9.313989e+01
      vertex   -1.077536e+02 4.502211e+00 9.313989e+01
    endloop
  endfacet
  facet normal -1.688948e-02 9.998574e-01 0.000000e+00
    outer loop
      vertex   -1.077536e+02 4.502211e+00 8.313989e+01
      vertex   -1.077536e+02 4.502211e+00 9.313989e+01
      vertex   -1.067067e+02 4.519894e+00 8.313989e+01
    endloop
  endfacet
  facet normal -1.688948e-02 9.998574e-01 2.664155e-16
    outer loop
      vertex   -1.067067e+02 4.519894e+00 8.313989e+01
      vertex   -1.077536e+02 4.502211e+00 9.313989e+01
      vertex   -1.067067e+02 4.519894e+00 9.313989e+01
    endloop
  endfacet
  facet normal -8.435107e-02 9.964361e-01 2.655039e-16
    outer loop
      vertex   -1.067067e+02 4.519894e+00 8.313989e+01
      vertex   -1.067067e+02 4.519894e+00 9.313989e+01
      vertex   -1.056635e+02 4.608210e+00 8.313989e+01
    endloop
  endfacet
  facet normal -8.435107e-02 9.964361e-01 2.397401e-16
    outer loop
      vertex   -1.056635e+02 4.608210e+00 8.313989e+01
      vertex   -1.067067e+02 4.519894e+00 9.313989e+01
      vertex   -1.056635e+02 4.608210e+00 9.313989e+01
    endloop
  endfacet
  facet normal -1.514278e-01 9.884683e-01 4.303836e-16
    outer loop
      vertex   -1.056635e+02 4.608210e+00 8.313989e+01
      vertex   -1.056635e+02 4.608210e+00 9.313989e+01
      vertex   -1.046286e+02 4.766754e+00 8.313989e+01
    endloop
  endfacet
  facet normal -1.514278e-01 9.884683e-01 0.000000e+00
    outer loop
      vertex   -1.046286e+02 4.766754e+00 8.313989e+01
      vertex   -1.056635e+02 4.608210e+00 9.313989e+01
      vertex   -1.046286e+02 4.766754e+00 9.313989e+01
    endloop
  endfacet
  facet normal -2.178136e-01 9.759904e-01 0.000000e+00
    outer loop
      vertex   -1.046286e+02 4.766754e+00 8.313989e+01
      vertex   -1.046286e+02 4.766754e+00 9.313989e+01
      vertex   -1.036067e+02 4.994805e+00 8.313989e+01
    endloop
  endfacet
  facet normal -2.178136e-01 9.759904e-01 2.600561e-16
    outer loop
      vertex   -1.036067e+02 4.994805e+00 8.313989e+01
      vertex   -1.046286e+02 4.766754e+00 9.313989e+01
      vertex   -1.036067e+02 4.994805e+00 9.313989e+01
    endloop
  endfacet
  facet normal -2.832055e-01 9.590592e-01 2.555447e-16
    outer loop
      vertex   -1.036067e+02 4.994805e+00 8.313989e+01
      vertex   -1.036067e+02 4.994805e+00 9.313989e+01
      vertex   -1.026026e+02 5.291320e+00 8.313989e+01
    endloop
  endfacet
  facet normal -2.832055e-01 9.590592e-01 -1.703631e-16
    outer loop
      vertex   -1.026026e+02 5.291320e+00 8.313989e+01
      vertex   -1.036067e+02 4.994805e+00 9.313989e+01
      vertex   -1.026026e+02 5.291320e+00 9.313989e+01
    endloop
  endfacet
  facet normal -3.473053e-01 9.377521e-01 -1.665782e-16
    outer loop
      vertex   -1.026026e+02 5.291320e+00 8.313989e+01
      vertex   -1.026026e+02 5.291320e+00 9.313989e+01
      vertex   -1.016207e+02 5.654948e+00 8.313989e+01
    endloop
  endfacet
  facet normal -3.473053e-01 9.377521e-01 0.000000e+00
    outer loop
      vertex   -1.016207e+02 5.654948e+00 8.313989e+01
      vertex   -1.026026e+02 5.291320e+00 9.313989e+01
      vertex   -1.016207e+02 5.654948e+00 9.313989e+01
    endloop
  endfacet
  facet normal -4.098203e-01 9.121663e-01 0.000000e+00
    outer loop
      vertex   -1.016207e+02 5.654948e+00 8.313989e+01
      vertex   -1.016207e+02 5.654948e+00 9.313989e+01
      vertex   -1.006657e+02 6.084030e+00 8.313989e+01
    endloop
  endfacet
  facet normal -4.098203e-01 9.121663e-01 4.860998e-16
    outer loop
      vertex   -1.006657e+02 6.084030e+00 8.313989e+01
      vertex   -1.016207e+02 5.654948e+00 9.313989e+01
      vertex   -1.006657e+02 6.084030e+00 9.313989e+01
    endloop
  endfacet
  facet normal -4.704655e-01 8.824184e-01 4.702470e-16
    outer loop
      vertex   -1.006657e+02 6.084030e+00 8.313989e+01
      vertex   -1.006657e+02 6.084030e+00 9.313989e+01
      vertex   -9.974180e+01 6.576606e+00 8.313989e+01
    endloop
  endfacet
  facet normal -4.704655e-01 8.824184e-01 -3.134980e-16
    outer loop
      vertex   -9.974180e+01 6.576606e+00 8.313989e+01
      vertex   -1.006657e+02 6.084030e+00 9.313989e+01
      vertex   -9.974180e+01 6.576606e+00 9.313989e+01
    endloop
  endfacet
  facet normal -5.289640e-01 8.486443e-01 -3.014990e-16
    outer loop
      vertex   -9.974180e+01 6.576606e+00 8.313989e+01
      vertex   -9.974180e+01 6.576606e+00 9.313989e+01
      vertex   -9.885327e+01 7.130431e+00 8.313989e+01
    endloop
  endfacet
  facet normal -5.289640e-01 8.486443e-01 0.000000e+00
    outer loop
      vertex   -9.885327e+01 7.130431e+00 8.313989e+01
      vertex   -9.974180e+01 6.576606e+00 9.313989e+01
      vertex   -9.885327e+01 7.130431e+00 9.313989e+01
    endloop
  endfacet
  facet normal -5.850490e-01 8.109979e-01 0.000000e+00
    outer loop
      vertex   -9.885327e+01 7.130431e+00 8.313989e+01
      vertex   -9.885327e+01 7.130431e+00 9.313989e+01
      vertex   -9.800416e+01 7.742976e+00 8.313989e+01
    endloop
  endfacet
  facet normal -5.850490e-01 8.109979e-01 -6.153114e-16
    outer loop
      vertex   -9.800416e+01 7.742976e+00 8.313989e+01
      vertex   -9.885327e+01 7.130431e+00 9.313989e+01
      vertex   -9.800416e+01 7.742976e+00 9.313989e+01
    endloop
  endfacet
  facet normal -6.384645e-01 7.696512e-01 -7.022364e-16
    outer loop
      vertex   -9.800416e+01 7.742976e+00 8.313989e+01
      vertex   -9.800416e+01 7.742976e+00 9.313989e+01
      vertex   -9.719834e+01 8.411447e+00 8.313989e+01
    endloop
  endfacet
  facet normal -6.384645e-01 7.696512e-01 0.000000e+00
    outer loop
      vertex   -9.719834e+01 8.411447e+00 8.313989e+01
      vertex   -9.800416e+01 7.742976e+00 9.313989e+01
      vertex   -9.719834e+01 8.411447e+00 9.313989e+01
    endloop
  endfacet
  facet normal -6.889669e-01 7.247928e-01 0.000000e+00
    outer loop
      vertex   -9.719834e+01 8.411447e+00 8.313989e+01
      vertex   -9.719834e+01 8.411447e+00 9.313989e+01
      vertex   -9.643948e+01 9.132795e+00 8.313989e+01
    endloop
  endfacet
  facet normal -6.889669e-01 7.247928e-01 0.000000e+00
    outer loop
      vertex   -9.643948e+01 9.132795e+00 8.313989e+01
      vertex   -9.719834e+01 8.411447e+00 9.313989e+01
      vertex   -9.643948e+01 9.132795e+00 9.313989e+01
    endloop
  endfacet
  facet normal -7.363257e-01 6.766273e-01 0.000000e+00
    outer loop
      vertex   -9.643948e+01 9.132795e+00 8.313989e+01
      vertex   -9.643948e+01 9.132795e+00 9.313989e+01
      vertex   -9.573105e+01 9.903727e+00 8.313989e+01
    endloop
  endfacet
  facet normal -7.363257e-01 6.766273e-01 0.000000e+00
    outer loop
      vertex   -9.573105e+01 9.903727e+00 8.313989e+01
      vertex   -9.643948e+01 9.132795e+00 9.313989e+01
      vertex   -9.573105e+01 9.903727e+00 9.313989e+01
    endloop
  endfacet
  facet normal -7.803248e-01 6.253745e-01 0.000000e+00
    outer loop
      vertex   -9.573105e+01 9.903727e+00 8.313989e+01
      vertex   -9.573105e+01 9.903727e+00 9.313989e+01
      vertex   -9.507629e+01 1.072073e+01 8.313989e+01
    endloop
  endfacet
  facet normal -7.803248e-01 6.253745e-01 -4.443553e-16
    outer loop
      vertex   -9.507629e+01 1.072073e+01 8.313989e+01
      vertex   -9.573105e+01 9.903727e+00 9.313989e+01
      vertex   -9.507629e+01 1.072073e+01 9.313989e+01
    endloop
  endfacet
  facet normal -8.207634e-01 5.712682e-01 -4.059105e-16
    outer loop
      vertex   -9.507629e+01 1.072073e+01 8.313989e+01
      vertex   -9.507629e+01 1.072073e+01 9.313989e+01
      vertex   -9.447817e+01 1.158006e+01 8.313989e+01
    endloop
  endfacet
  facet normal -8.207634e-01 5.712682e-01 0.000000e+00
    outer loop
      vertex   -9.447817e+01 1.158006e+01 8.313989e+01
      vertex   -9.507629e+01 1.072073e+01 9.313989e+01
      vertex   -9.447817e+01 1.158006e+01 9.313989e+01
    endloop
  endfacet
  facet normal -8.574571e-01 5.145554e-01 0.000000e+00
    outer loop
      vertex   -9.447817e+01 1.158006e+01 8.313989e+01
      vertex   -9.447817e+01 1.158006e+01 9.313989e+01
      vertex   -9.393943e+01 1.247782e+01 8.313989e+01
    endloop
  endfacet
  facet normal -8.574571e-01 5.145554e-01 0.000000e+00
    outer loop
      vertex   -9.393943e+01 1.247782e+01 8.313989e+01
      vertex   -9.447817e+01 1.158006e+01 9.313989e+01
      vertex   -9.393943e+01 1.247782e+01 9.313989e+01
    endloop
  endfacet
  facet normal -8.902385e-01 4.554948e-01 0.000000e+00
    outer loop
      vertex   -9.393943e+01 1.247782e+01 8.313989e+01
      vertex   -9.393943e+01 1.247782e+01 9.313989e+01
      vertex   -9.346253e+01 1.340990e+01 8.313989e+01
    endloop
  endfacet
  facet normal -8.902385e-01 4.554948e-01 0.000000e+00
    outer loop
      vertex   -9.346253e+01 1.340990e+01 8.313989e+01
      vertex   -9.393943e+01 1.247782e+01 9.313989e+01
      vertex   -9.346253e+01 1.340990e+01 9.313989e+01
    endloop
  endfacet
  facet normal -9.189578e-01 3.943559e-01 0.000000e+00
    outer loop
      vertex   -9.346253e+01 1.340990e+01 8.313989e+01
      vertex   -9.346253e+01 1.340990e+01 9.313989e+01
      vertex   -9.304964e+01 1.437205e+01 8.313989e+01
    endloop
  endfacet
  facet normal -9.189578e-01 3.943559e-01 0.000000e+00
    outer loop
      vertex   -9.304964e+01 1.437205e+01 8.313989e+01
      vertex   -9.346253e+01 1.340990e+01 9.313989e+01
      vertex   -9.304964e+01 1.437205e+01 9.313989e+01
    endloop
  endfacet
  facet normal -9.434842e-01 3.314176e-01 0.000000e+00
    outer loop
      vertex   -9.304964e+01 1.437205e+01 8.313989e+01
      vertex   -9.304964e+01 1.437205e+01 9.313989e+01
      vertex   -9.270265e+01 1.535987e+01 8.313989e+01
    endloop
  endfacet
  facet normal -9.434842e-01 3.314176e-01 0.000000e+00
    outer loop
      vertex   -9.270265e+01 1.535987e+01 8.313989e+01
      vertex   -9.304964e+01 1.437205e+01 9.313989e+01
      vertex   -9.270265e+01 1.535987e+01 9.313989e+01
    endloop
  endfacet
  facet normal -9.637056e-01 2.669671e-01 0.000000e+00
    outer loop
      vertex   -9.270265e+01 1.535987e+01 8.313989e+01
      vertex   -9.270265e+01 1.535987e+01 9.313989e+01
      vertex   -9.242313e+01 1.636887e+01 8.313989e+01
    endloop
  endfacet
  facet normal -9.637056e-01 2.669671e-01 0.000000e+00
    outer loop
      vertex   -9.242313e+01 1.636887e+01 8.313989e+01
      vertex   -9.270265e+01 1.535987e+01 9.313989e+01
      vertex   -9.242313e+01 1.636887e+01 9.313989e+01
    endloop
  endfacet
  facet normal -9.795299e-01 2.012985e-01 0.000000e+00
    outer loop
      vertex   -9.242313e+01 1.636887e+01 8.313989e+01
      vertex   -9.242313e+01 1.636887e+01 9.313989e+01
      vertex   -9.221237e+01 1.739444e+01 8.313989e+01
    endloop
  endfacet
  facet normal -9.795299e-01 2.012985e-01 0.000000e+00
    outer loop
      vertex   -9.221237e+01 1.739444e+01 8.313989e+01
      vertex   -9.242313e+01 1.636887e+01 9.313989e+01
      vertex   -9.221237e+01 1.739444e+01 9.313989e+01
    endloop
  endfacet
  facet normal -9.908849e-01 1.347115e-01 0.000000e+00
    outer loop
      vertex   -9.221237e+01 1.739444e+01 8.313989e+01
      vertex   -9.221237e+01 1.739444e+01 9.313989e+01
      vertex   -9.207133e+01 1.843189e+01 8.313989e+01
    endloop
  endfacet
  facet normal -9.908849e-01 1.347115e-01 0.000000e+00
    outer loop
      vertex   -9.207133e+01 1.843189e+01 8.313989e+01
      vertex   -9.221237e+01 1.739444e+01 9.313989e+01
      vertex   -9.207133e+01 1.843189e+01 9.313989e+01
    endloop
  endfacet
  facet normal -9.977186e-01 6.750975e-02 0.000000e+00
    outer loop
      vertex   -9.207133e+01 1.843189e+01 8.313989e+01
      vertex   -9.207133e+01 1.843189e+01 9.313989e+01
      vertex   -9.200065e+01 1.947650e+01 8.313989e+01
    endloop
  endfacet
  facet normal -9.977186e-01 6.750975e-02 0.000000e+00
    outer loop
      vertex   -9.200065e+01 1.947650e+01 8.313989e+01
      vertex   -9.207133e+01 1.843189e+01 9.313989e+01
      vertex   -9.200065e+01 1.947650e+01 9.313989e+01
    endloop
  endfacet
  facet normal -1.000000e+00 0.000000e+00 0.000000e+00
    outer loop
      vertex   -9.200065e+01 1.947650e+01 8.313989e+01
      vertex   -9.200065e+01 1.947650e+01 9.313989e+01
      vertex   -9.200065e+01 2.052350e+01 8.313989e+01
    endloop
  endfacet
  facet normal -1.000000e+00 0.000000e+00 0.000000e+00
    outer loop
      vertex   -9.200065e+01 2.052350e+01 8.313989e+01
      vertex   -9.200065e+01 1.947650e+01 9.313989e+01
      vertex   -9.200065e+01 2.052350e+01 9.313989e+01
    endloop
  endfacet
  facet normal -9.977186e-01 -6.750975e-02 0.000000e+00
    outer loop
      vertex   -9.200065e+01 2.052350e+01 8.313989e+01
      vertex   -9.200065e+01 2.052350e+01 9.313989e+01
      vertex   -9.207133e+01 2.156811e+01 8.313989e+01
    endloop
  endfacet
  facet normal -9.977186e-01 -6.750975e-02 0.000000e+00
    outer loop
      vertex   -9.207133e+01 2.156811e+01 8.313989e+01
      vertex   -9.200065e+01 2.052350e+01 9.313989e+01
      vertex   -9.207133e+01 2.156811e+01 9.313989e+01
    endloop
  endfacet
  facet normal -9.908849e-01 -1.347115e-01 0.000000e+00
    outer loop
      vertex   -9.207133e+01 2.156811e+01 8.313989e+01
      vertex   -9.207133e+01 2.156811e+01 9.313989e+01
      vertex   -9.221237e+01 2.260556e+01 8.313989e+01
    endloop
  endfacet
  facet normal -9.908849e-01 -1.347115e-01 0.000000e+00
    outer loop
      vertex   -9.221237e+01 2.260556e+01 8.313989e+01
      vertex   -9.207133e+01 2.156811e+01 9.313989e+01
      vertex   -9.221237e+01 2.260556e+01 9.313989e+01
    endloop
  endfacet
  facet normal -9.795299e-01 -2.012985e-01 0.000000e+00
    outer loop
      vertex   -9.221237e+01 2.260556e+01 8.313989e+01
      vertex   -9.221237e+01 2.260556e+01 9.313989e+01
      vertex   -9.242313e+01 2.363113e+01 8.313989e+01
    endloop
  endfacet
  facet normal -9.795299e-01 -2.012985e-01 0.000000e+00
    outer loop
      vertex   -9.242313e+01 2.363113e+01 8.313989e+01
      vertex   -9.221237e+01 2.260556e+01 9.313989e+01
      vertex   -9.242313e+01 2.363113e+01 9.313989e+01
    endloop
  endfacet
  facet normal -9.637056e-01 -2.669671e-01 0.000000e+00
    outer loop
      vertex   -9.242313e+01 2.363113e+01 8.313989e+01
      vertex   -9.242313e+01 2.363113e+01 9.313989e+01
      vertex   -9.270265e+01 2.464013e+01 8.313989e+01
    endloop
  endfacet
  facet normal -9.637056e-01 -2.669671e-01 0.000000e+00
    outer loop
      vertex   -9.270265e+01 2.464013e+01 8.313989e+01
      vertex   -9.242313e+01 2.363113e+01 9.313989e+01
      vertex   -9.270265e+01 2.464013e+01 9.313989e+01
    endloop
  endfacet
  facet normal -9.434842e-01 -3.314176e-01 0.000000e+00
    outer loop
      vertex   -9.270265e+01 2.464013e+01 8.313989e+01
      vertex   -9.270265e+01 2.464013e+01 9.313989e+01
      vertex   -9.304964e+01 2.562795e+01 8.313989e+01
    endloop
  endfacet
  facet normal -9.434842e-01 -3.314176e-01 0.000000e+00
    outer loop
      vertex   -9.304964e+01 2.562795e+01 8.313989e+01
      vertex   -9.270265e+01 2.464013e+01 9.313989e+01
      vertex   -9.304964e+01 2.562795e+01 9.313989e+01
    endloop
  endfacet
  facet normal -9.189578e-01 -3.943559e-01 0.000000e+00
    outer loop
      vertex   -9.304964e+01 2.562795e+01 8.313989e+01
      vertex   -9.304964e+01 2.562795e+01 9.313989e+01
      vertex   -9.346253e+01 2.659010e+01 8.313989e+01
    endloop
  endfacet
  facet normal -9.189578e-01 -3.943559e-01 0.000000e+00
    outer loop
      vertex   -9.346253e+01 2.659010e+01 8.313989e+01
      vertex   -9.304964e+01 2.562795e+01 9.313989e+01
      vertex   -9.346253e+01 2.659010e+01 9.313989e+01
    endloop
  endfacet
  facet normal -8.902385e-01 -4.554948e-01 0.000000e+00
    outer loop
      vertex   -9.346253e+01 2.659010e+01 8.313989e+01
      vertex   -9.346253e+01 2.659010e+01 9.313989e+01
      vertex   -9.393943e+01 2.752218e+01 8.313989e+01
    endloop
  endfacet
  facet normal -8.902385e-01 -4.554948e-01 0.000000e+00
    outer loop
      vertex   -9.393943e+01 2.752218e+01 8.313989e+01
      vertex   -9.346253e+01 2.659010e+01 9.313989e+01
      vertex   -9.393943e+01 2.752218e+01 9.313989e+01
    endloop
  endfacet
  facet normal -8.574571e-01 -5.145554e-01 0.000000e+00
    outer loop
      vertex   -9.393943e+01 2.752218e+01 8.313989e+01
      vertex   -9.393943e+01 2.752218e+01 9.313989e+01
      vertex   -9.447817e+01 2.841994e+01 8.313989e+01
    endloop
  endfacet
  facet normal -8.574571e-01 -5.145554e-01 0.000000e+00
    outer loop
      vertex   -9.447817e+01 2.841994e+01 8.313989e+01
      vertex   -9.393943e+01 2.752218e+01 9.313989e+01
      vertex   -9.447817e+01 2.841994e+01 9.313989e+01
    endloop
  endfacet
  facet normal -8.207634e-01 -5.712682e-01 0.000000e+00
    outer loop
      vertex   -9.447817e+01 2.841994e+01 8.313989e+01
      vertex   -9.447817e+01 2.841994e+01 9.313989e+01
      vertex   -9.507629e+01 2.927927e+01 8.313989e+01
    endloop
  endfacet
  facet normal -8.207634e-01 -5.712682e-01 4.059105e-16
    outer loop
      vertex   -9.507629e+01 2.927927e+01 8.313989e+01
      vertex   -9.447817e+01 2.841994e+01 9.313989e+01
      vertex   -9.507629e+01 2.927927e+01 9.313989e+01
    endloop
  endfacet
  facet normal -7.803248e-01 -6.253745e-01 4.443553e-16
    outer loop
      vertex   -9.507629e+01 2.927927e+01 8.313989e+01
      vertex   -9.507629e+01 2.927927e+01 9.313989e+01
      vertex   -9.573105e+01 3.009627e+01 8.313989e+01
    endloop
  endfacet
  facet normal -7.803248e-01 -6.253745e-01 0.000000e+00
    outer loop
      vertex   -9.573105e+01 3.009627e+01 8.313989e+01
      vertex   -9.507629e+01 2.927927e+01 9.313989e+01
      vertex   -9.573105e+01 3.009627e+01 9.313989e+01
    endloop
  endfacet
  facet normal -7.363257e-01 -6.766273e-01 0.000000e+00
    outer loop
      vertex   -9.573105e+01 3.009627e+01 8.313989e+01
      vertex   -9.573105e+01 3.009627e+01 9.313989e+01
      vertex   -9.643948e+01 3.086721e+01 8.313989e+01
    endloop
  endfacet
  facet normal -7.363257e-01 -6.766273e-01 0.000000e+00
    outer loop
      vertex   -9.643948e+01 3.086721e+01 8.313989e+01
      vertex   -9.573105e+01 3.009627e+01 9.313989e+01
      vertex   -9.643948e+01 3.086721e+01 9.313989e+01
    endloop
  endfacet
  facet normal -6.889669e-01 -7.247928e-01 0.000000e+00
    outer loop
      vertex   -9.643948e+01 3.086721e+01 8.313989e+01
      vertex   -9.643948e+01 3.086721e+01 9.313989e+01
      vertex   -9.719834e+01 3.158855e+01 8.313989e+01
    endloop
  endfacet
  facet normal -6.889669e-01 -7.247928e-01 0.000000e+00
    outer loop
      vertex   -9.719834e+01 3.158855e+01 8.313989e+01
      vertex   -9.643948e+01 3.086721e+01 9.313989e+01
      vertex   -9.719834e+01 3.158855e+01 9.313989e+01
    endloop
  endfacet
  facet normal -6.384645e-01 -7.696512e-01 0.000000e+00
    outer loop
      vertex   -9.719834e+01 3.158855e+01 8.313989e+01
      vertex   -9.719834e+01 3.158855e+01 9.313989e+01
      vertex   -9.800416e+01 3.225702e+01 8.313989e+01
    endloop
  endfacet
  facet normal -6.384645e-01 -7.696512e-01 3.604426e-16
    outer loop
      vertex   -9.800416e+01 3.225702e+01 8.313989e+01
      vertex   -9.719834e+01 3.158855e+01 9.313989e+01
      vertex   -9.800416e+01 3.225702e+01 9.313989e+01
    endloop
  endfacet
  facet normal -5.850490e-01 -8.109979e-01 2.551559e-16
    outer loop
      vertex   -9.800416e+01 3.225702e+01 8.313989e+01
      vertex   -9.800416e+01 3.225702e+01 9.313989e+01
      vertex   -9.885327e+01 3.286957e+01 8.313989e+01
    endloop
  endfacet
  facet normal -5.850490e-01 -8.109979e-01 0.000000e+00
    outer loop
      vertex   -9.885327e+01 3.286957e+01 8.313989e+01
      vertex   -9.800416e+01 3.225702e+01 9.313989e+01
      vertex   -9.885327e+01 3.286957e+01 9.313989e+01
    endloop
  endfacet
  facet normal -5.289640e-01 -8.486443e-01 0.000000e+00
    outer loop
      vertex   -9.885327e+01 3.286957e+01 8.313989e+01
      vertex   -9.885327e+01 3.286957e+01 9.313989e+01
      vertex   -9.974180e+01 3.342339e+01 8.313989e+01
    endloop
  endfacet
  facet normal -5.289640e-01 -8.486443e-01 0.000000e+00
    outer loop
      vertex   -9.974180e+01 3.342339e+01 8.313989e+01
      vertex   -9.885327e+01 3.286957e+01 9.313989e+01
      vertex   -9.974180e+01 3.342339e+01 9.313989e+01
    endloop
  endfacet
  facet normal -4.704655e-01 -8.824184e-01 0.000000e+00
    outer loop
      vertex   -9.974180e+01 3.342339e+01 8.313989e+01
      vertex   -9.974180e+01 3.342339e+01 9.313989e+01
      vertex   -1.006657e+02 3.391597e+01 8.313989e+01
    endloop
  endfacet
  facet normal -4.704655e-01 -8.824184e-01 -1.253992e-15
    outer loop
      vertex   -1.006657e+02 3.391597e+01 8.313989e+01
      vertex   -9.974180e+01 3.342339e+01 9.313989e+01
      vertex   -1.006657e+02 3.391597e+01 9.313989e+01
    endloop
  endfacet
  facet normal -4.098203e-01 -9.121663e-01 -1.296266e-15
    outer loop
      vertex   -1.006657e+02 3.391597e+01 8.313989e+01
      vertex   -1.006657e+02 3.391597e+01 9.313989e+01
      vertex   -1.016207e+02 3.434505e+01 8.313989e+01
    endloop
  endfacet
  facet normal -4.098203e-01 -9.121663e-01 0.000000e+00
    outer loop
      vertex   -1.016207e+02 3.434505e+01 8.313989e+01
      vertex   -1.006657e+02 3.391597e+01 9.313989e+01
      vertex   -1.016207e+02 3.434505e+01 9.313989e+01
    endloop
  endfacet
  facet normal -3.473053e-01 -9.377521e-01 0.000000e+00
    outer loop
      vertex   -1.016207e+02 3.434505e+01 8.313989e+01
      vertex   -1.016207e+02 3.434505e+01 9.313989e+01
      vertex   -1.026026e+02 3.470868e+01 8.313989e+01
    endloop
  endfacet
  facet normal -3.473053e-01 -9.377521e-01 0.000000e+00
    outer loop
      vertex   -1.026026e+02 3.470868e+01 8.313989e+01
      vertex   -1.016207e+02 3.434505e+01 9.313989e+01
      vertex   -1.026026e+02 3.470868e+01 9.313989e+01
    endloop
  endfacet
  facet normal -2.832055e-01 -9.590592e-01 0.000000e+00
    outer loop
      vertex   -1.026026e+02 3.470868e+01 8.313989e+01
      vertex   -1.026026e+02 3.470868e+01 9.313989e+01
      vertex   -1.036067e+02 3.500520e+01 8.313989e+01
    endloop
  endfacet
  facet normal -2.832055e-01 -9.590592e-01 -6.814526e-16
    outer loop
      vertex   -1.036067e+02 3.500520e+01 8.313989e+01
      vertex   -1.026026e+02 3.470868e+01 9.313989e+01
      vertex   -1.036067e+02 3.500520e+01 9.313989e+01
    endloop
  endfacet
  facet normal -2.178136e-01 -9.759904e-01 -6.934829e-16
    outer loop
      vertex   -1.036067e+02 3.500520e+01 8.313989e+01
      vertex   -1.036067e+02 3.500520e+01 9.313989e+01
      vertex   -1.046286e+02 3.523325e+01 8.313989e+01
    endloop
  endfacet
  facet normal -2.178136e-01 -9.759904e-01 0.000000e+00
    outer loop
      vertex   -1.046286e+02 3.523325e+01 8.313989e+01
      vertex   -1.036067e+02 3.500520e+01 9.313989e+01
      vertex   -1.046286e+02 3.523325e+01 9.313989e+01
    endloop
  endfacet
  facet normal -1.514278e-01 -9.884683e-01 0.000000e+00
    outer loop
      vertex   -1.046286e+02 3.523325e+01 8.313989e+01
      vertex   -1.046286e+02 3.523325e+01 9.313989e+01
      vertex   -1.056635e+02 3.539179e+01 8.313989e+01
    endloop
  endfacet
  facet normal -1.514278e-01 -9.884683e-01 -4.303836e-16
    outer loop
      vertex   -1.056635e+02 3.539179e+01 8.313989e+01
      vertex   -1.046286e+02 3.523325e+01 9.313989e+01
      vertex   -1.056635e+02 3.539179e+01 9.313989e+01
    endloop
  endfacet
  facet normal -8.435107e-02 -9.964361e-01 -2.397401e-16
    outer loop
      vertex   -1.056635e+02 3.539179e+01 8.313989e+01
      vertex   -1.056635e+02 3.539179e+01 9.313989e+01
      vertex   -1.067067e+02 3.548011e+01 8.313989e+01
    endloop
  endfacet
  facet normal -8.435107e-02 -9.964361e-01 -7.080104e-16
    outer loop
      vertex   -1.067067e+02 3.548011e+01 8.313989e+01
      vertex   -1.056635e+02 3.539179e+01 9.313989e+01
      vertex   -1.067067e+02 3.548011e+01 9.313989e+01
    endloop
  endfacet
  facet normal -1.688948e-02 -9.998574e-01 -7.104414e-16
    outer loop
      vertex   -1.067067e+02 3.548011e+01 8.313989e+01
      vertex   -1.067067e+02 3.548011e+01 9.313989e+01
      vertex   -1.077536e+02 3.549779e+01 8.313989e+01
    endloop
  endfacet
  facet normal -1.688948e-02 -9.998574e-01 0.000000e+00
    outer loop
      vertex   -1.077536e+02 3.549779e+01 8.313989e+01
      vertex   -1.067067e+02 3.548011e+01 9.313989e+01
      vertex   -1.077536e+02 3.549779e+01 9.313989e+01
    endloop
  endfacet
  facet normal 5.064917e-02 -9.987165e-01 0.000000e+00
    outer loop
      vertex   -1.077536e+02 3.549779e+01 8.313989e+01
      vertex   -1.077536e+02 3.549779e+01 9.313989e+01
      vertex   -1.087992e+02 3.544476e+01 8.313989e+01
    endloop
  endfacet
  facet normal 5.064917e-02 -9.987165e-01 7.197680e-17
    outer loop
      vertex   -1.087992e+02 3.544476e+01 8.313989e+01
      vertex   -1.077536e+02 3.549779e+01 9.313989e+01
      vertex   -1.087992e+02 3.544476e+01 9.313989e+01
    endloop
  endfacet
  facet normal 1.179567e-01 -9.930187e-01 1.676266e-16
    outer loop
      vertex   -1.087992e+02 3.544476e+01 8.313989e+01
      vertex   -1.087992e+02 3.544476e+01 9.313989e+01
      vertex   -1.098389e+02 3.532126e+01 8.313989e+01
    endloop
  endfacet
  facet normal 1.179567e-01 -9.930187e-01 0.000000e+00
    outer loop
      vertex   -1.098389e+02 3.532126e+01 8.313989e+01
      vertex   -1.087992e+02 3.544476e+01 9.313989e+01
      vertex   -1.098389e+02 3.532126e+01 9.313989e+01
    endloop
  endfacet
  facet normal 1.847261e-01 -9.827901e-01 0.000000e+00
    outer loop
      vertex   -1.098389e+02 3.532126e+01 8.313989e+01
      vertex   -1.098389e+02 3.532126e+01 9.313989e+01
      vertex   -1.108679e+02 3.512785e+01 8.313989e+01
    endloop
  endfacet
  facet normal 1.847261e-01 -9.827901e-01 0.000000e+00
    outer loop
      vertex   -1.108679e+02 3.512785e+01 8.313989e+01
      vertex   -1.098389e+02 3.532126e+01 9.313989e+01
      vertex   -1.108679e+02 3.512785e+01 9.313989e+01
    endloop
  endfacet
  facet normal 2.506525e-01 -9.680771e-01 0.000000e+00
    outer loop
      vertex   -1.108679e+02 3.512785e+01 8.313989e+01
      vertex   -1.108679e+02 3.512785e+01 9.313989e+01
      vertex   -1.118815e+02 3.486542e+01 8.313989e+01
    endloop
  endfacet
  facet normal 2.506525e-01 -9.680771e-01 -6.878602e-16
    outer loop
      vertex   -1.118815e+02 3.486542e+01 8.313989e+01
      vertex   -1.108679e+02 3.512785e+01 9.313989e+01
      vertex   -1.118815e+02 3.486542e+01 9.313989e+01
    endloop
  endfacet
  facet normal 3.154353e-01 -9.489471e-01 -6.742674e-16
    outer loop
      vertex   -1.118815e+02 3.486542e+01 8.313989e+01
      vertex   -1.118815e+02 3.486542e+01 9.313989e+01
      vertex   -1.128750e+02 3.453516e+01 8.313989e+01
    endloop
  endfacet
  facet normal 3.154353e-01 -9.489471e-01 0.000000e+00
    outer loop
      vertex   -1.128750e+02 3.453516e+01 8.313989e+01
      vertex   -1.118815e+02 3.486542e+01 9.313989e+01
      vertex   -1.128750e+02 3.453516e+01 9.313989e+01
    endloop
  endfacet
  facet normal 3.787789e-01 -9.254872e-01 0.000000e+00
    outer loop
      vertex   -1.128750e+02 3.453516e+01 8.313989e+01
      vertex   -1.128750e+02 3.453516e+01 9.313989e+01
      vertex   -1.138440e+02 3.413858e+01 8.313989e+01
    endloop
  endfacet
  facet normal 3.787789e-01 -9.254872e-01 0.000000e+00
    outer loop
      vertex   -1.138440e+02 3.413858e+01 8.313989e+01
      vertex   -1.128750e+02 3.453516e+01 9.313989e+01
      vertex   -1.138440e+02 3.413858e+01 9.313989e+01
    endloop
  endfacet
  facet normal 4.403942e-01 -8.978045e-01 0.000000e+00
    outer loop
      vertex   -1.138440e+02 3.413858e+01 8.313989e+01
      vertex   -1.138440e+02 3.413858e+01 9.313989e+01
      vertex   -1.147840e+02 3.367749e+01 8.313989e+01
    endloop
  endfacet
  facet normal 4.403942e-01 -8.978045e-01 0.000000e+00
    outer loop
      vertex   -1.147840e+02 3.367749e+01 8.313989e+01
      vertex   -1.138440e+02 3.413858e+01 9.313989e+01
      vertex   -1.147840e+02 3.367749e+01 9.313989e+01
    endloop
  endfacet
  facet normal 5.000000e-01 -8.660254e-01 0.000000e+00
    outer loop
      vertex   -1.147840e+02 3.367749e+01 8.313989e+01
      vertex   -1.147840e+02 3.367749e+01 9.313989e+01
      vertex   -1.156907e+02 3.315399e+01 8.313989e+01
    endloop
  endfacet
  facet normal 5.000000e-01 -8.660254e-01 0.000000e+00
    outer loop
      vertex   -1.156907e+02 3.315399e+01 8.313989e+01
      vertex   -1.147840e+02 3.367749e+01 9.313989e+01
      vertex   -1.156907e+02 3.315399e+01 9.313989e+01
    endloop
  endfacet
  facet normal 5.573245e-01 -8.302948e-01 0.000000e+00
    outer loop
      vertex   -1.156907e+02 3.315399e+01 8.313989e+01
      vertex   -1.156907e+02 3.315399e+01 9.313989e+01
      vertex   -1.165601e+02 3.257047e+01 8.313989e+01
    endloop
  endfacet
  facet normal 5.573245e-01 -8.302948e-01 0.000000e+00
    outer loop
      vertex   -1.165601e+02 3.257047e+01 8.313989e+01
      vertex   -1.156907e+02 3.315399e+01 9.313989e+01
      vertex   -1.165601e+02 3.257047e+01 9.313989e+01
    endloop
  endfacet
  facet normal 6.121060e-01 -7.907757e-01 0.000000e+00
    outer loop
      vertex   -1.165601e+02 3.257047e+01 8.313989e+01
      vertex   -1.165601e+02 3.257047e+01 9.313989e+01
      vertex   -1.173880e+02 3.192959e+01 8.313989e+01
    endloop
  endfacet
  facet normal 6.121060e-01 -7.907757e-01 -1.458770e-15
    outer loop
      vertex   -1.173880e+02 3.192959e+01 8.313989e+01
      vertex   -1.165601e+02 3.257047e+01 9.313989e+01
      vertex   -1.173880e+02 3.192959e+01 9.313989e+01
    endloop
  endfacet
  facet normal 6.640946e-01 -7.476486e-01 -1.621852e-15
    outer loop
      vertex   -1.173880e+02 3.192959e+01 8.313989e+01
      vertex   -1.173880e+02 3.192959e+01 9.313989e+01
      vertex   -1.181708e+02 3.123429e+01 8.313989e+01
    endloop
  endfacet
  facet normal 6.640946e-01 -7.476486e-01 0.000000e+00
    outer loop
      vertex   -1.181708e+02 3.123429e+01 8.313989e+01
      vertex   -1.173880e+02 3.192959e+01 9.313989e+01
      vertex   -1.181708e+02 3.123429e+01 9.313989e+01
    endloop
  endfacet
  facet normal 7.130531e-01 -7.011100e-01 0.000000e+00
    outer loop
      vertex   -1.181708e+02 3.123429e+01 8.313989e+01
      vertex   -1.181708e+02 3.123429e+01 9.313989e+01
      vertex   -1.189049e+02 3.048772e+01 8.313989e+01
    endloop
  endfacet
  facet normal 7.130531e-01 -7.011100e-01 0.000000e+00
    outer loop
      vertex   -1.189049e+02 3.048772e+01 8.313989e+01
      vertex   -1.181708e+02 3.123429e+01 9.313989e+01
      vertex   -1.189049e+02 3.048772e+01 9.313989e+01
    endloop
  endfacet
  facet normal 7.587581e-01 -6.513725e-01 0.000000e+00
    outer loop
      vertex   -1.189049e+02 3.048772e+01 8.313989e+01
      vertex   -1.189049e+02 3.048772e+01 9.313989e+01
      vertex   -1.195868e+02 2.969330e+01 8.313989e+01
    endloop
  endfacet
  facet normal 7.587581e-01 -6.513725e-01 -6.154322e-16
    outer loop
      vertex   -1.195868e+02 2.969330e+01 8.313989e+01
      vertex   -1.189049e+02 3.048772e+01 9.313989e+01
      vertex   -1.195868e+02 2.969330e+01 9.313989e+01
    endloop
  endfacet
  facet normal 8.010011e-01 -5.986629e-01 -7.129155e-16
    outer loop
      vertex   -1.195868e+02 2.969330e+01 8.313989e+01
      vertex   -1.195868e+02 2.969330e+01 9.313989e+01
      vertex   -1.202136e+02 2.885466e+01 8.313989e+01
    endloop
  endfacet
  facet normal 8.010011e-01 -5.986629e-01 0.000000e+00
    outer loop
      vertex   -1.202136e+02 2.885466e+01 8.313989e+01
      vertex   -1.195868e+02 2.969330e+01 9.313989e+01
      vertex   -1.202136e+02 2.885466e+01 9.313989e+01
    endloop
  endfacet
  facet normal 8.395893e-01 -5.432217e-01 0.000000e+00
    outer loop
      vertex   -1.202136e+02 2.885466e+01 8.313989e+01
      vertex   -1.202136e+02 2.885466e+01 9.313989e+01
      vertex   -1.207824e+02 2.797561e+01 8.313989e+01
    endloop
  endfacet
  facet normal 8.395893e-01 -5.432217e-01 0.000000e+00
    outer loop
      vertex   -1.207824e+02 2.797561e+01 8.313989e+01
      vertex   -1.202136e+02 2.885466e+01 9.313989e+01
      vertex   -1.207824e+02 2.797561e+01 9.313989e+01
    endloop
  endfacet
  facet normal 8.743466e-01 -4.853020e-01 0.000000e+00
    outer loop
      vertex   -1.207824e+02 2.797561e+01 8.313989e+01
      vertex   -1.207824e+02 2.797561e+01 9.313989e+01
      vertex   -1.212905e+02 2.706017e+01 8.313989e+01
    endloop
  endfacet
  facet normal 8.743466e-01 -4.853020e-01 3.448278e-16
    outer loop
      vertex   -1.212905e+02 2.706017e+01 8.313989e+01
      vertex   -1.207824e+02 2.797561e+01 9.313989e+01
      vertex   -1.212905e+02 2.706017e+01 9.313989e+01
    endloop
  endfacet
  facet normal 9.051145e-01 -4.251679e-01 3.021000e-16
    outer loop
      vertex   -1.212905e+02 2.706017e+01 8.313989e+01
      vertex   -1.212905e+02 2.706017e+01 9.313989e+01
      vertex   -1.217357e+02 2.611252e+01 8.313989e+01
    endloop
  endfacet
  facet normal 9.051145e-01 -4.251679e-01 0.000000e+00
    outer loop
      vertex   -1.217357e+02 2.611252e+01 8.313989e+01
      vertex   -1.212905e+02 2.706017e+01 9.313989e+01
      vertex   -1.217357e+02 2.611252e+01 9.313989e+01
    endloop
  endfacet
  facet normal 9.317526e-01 -3.630939e-01 0.000000e+00
    outer loop
      vertex   -1.217357e+02 2.611252e+01 8.313989e+01
      vertex   -1.217357e+02 2.611252e+01 9.313989e+01
      vertex   -1.221158e+02 2.513697e+01 8.313989e+01
    endloop
  endfacet
  facet normal 9.317526e-01 -3.630939e-01 0.000000e+00
    outer loop
      vertex   -1.221158e+02 2.513697e+01 8.313989e+01
      vertex   -1.217357e+02 2.611252e+01 9.313989e+01
      vertex   -1.221158e+02 2.513697e+01 9.313989e+01
    endloop
  endfacet
  facet normal 9.541393e-01 -2.993631e-01 0.000000e+00
    outer loop
      vertex   -1.221158e+02 2.513697e+01 8.313989e+01
      vertex   -1.221158e+02 2.513697e+01 9.313989e+01
      vertex   -1.224292e+02 2.413799e+01 8.313989e+01
    endloop
  endfacet
  facet normal 9.541393e-01 -2.993631e-01 2.127103e-16
    outer loop
      vertex   -1.224292e+02 2.413799e+01 8.313989e+01
      vertex   -1.221158e+02 2.513697e+01 9.313989e+01
      vertex   -1.224292e+02 2.413799e+01 9.313989e+01
    endloop
  endfacet
  facet normal 9.721724e-01 -2.342665e-01 1.664563e-16
    outer loop
      vertex   -1.224292e+02 2.413799e+01 8.313989e+01
      vertex   -1.224292e+02 2.413799e+01 9.313989e+01
      vertex   -1.226745e+02 2.312013e+01 8.313989e+01
    endloop
  endfacet
  facet normal 9.721724e-01 -2.342665e-01 0.000000e+00
    outer loop
      vertex   -1.226745e+02 2.312013e+01 8.313989e+01
      vertex   -1.224292e+02 2.413799e+01 9.313989e+01
      vertex   -1.226745e+02 2.312013e+01 9.313989e+01
    endloop
  endfacet
  facet normal 9.857698e-01 -1.681009e-01 0.000000e+00
    outer loop
      vertex   -1.226745e+02 2.312013e+01 8.313989e+01
      vertex   -1.226745e+02 2.312013e+01 9.313989e+01
      vertex   -1.228505e+02 2.208803e+01 8.313989e+01
    endloop
  endfacet
  facet normal 9.857698e-01 -1.681009e-01 -1.194429e-16
    outer loop
      vertex   -1.228505e+02 2.208803e+01 8.313989e+01
      vertex   -1.226745e+02 2.312013e+01 9.313989e+01
      vertex   -1.228505e+02 2.208803e+01 9.313989e+01
    endloop
  endfacet
  facet normal 9.948693e-01 -1.011683e-01 -7.188442e-17
    outer loop
      vertex   -1.228505e+02 2.208803e+01 8.313989e+01
      vertex   -1.228505e+02 2.208803e+01 9.313989e+01
      vertex   -1.229564e+02 2.104640e+01 8.313989e+01
    endloop
  endfacet
  facet normal 9.948693e-01 -1.011683e-01 7.188442e-17
    outer loop
      vertex   -1.229564e+02 2.104640e+01 8.313989e+01
      vertex   -1.228505e+02 2.208803e+01 9.313989e+01
      vertex   -1.229564e+02 2.104640e+01 9.313989e+01
    endloop
  endfacet
  facet normal -9.994965e-01 -3.172793e-02 -3.381608e-17
    outer loop
      vertex   -1.249566e+02 1.889008e+01 8.313989e+01
      vertex   -1.249566e+02 1.889008e+01 9.313989e+01
      vertex   -1.249918e+02 2.000000e+01 8.313989e+01
    endloop
  endfacet
  facet normal -9.994965e-01 -3.172793e-02 0.000000e+00
    outer loop
      vertex   -1.249918e+02 2.000000e+01 8.313989e+01
      vertex   -1.249566e+02 1.889008e+01 9.313989e+01
      vertex   -1.249918e+02 2.000000e+01 9.313989e+01
    endloop
  endfacet
  facet normal -9.994965e-01 3.172793e-02 0.000000e+00
    outer loop
      vertex   -1.249918e+02 2.000000e+01 8.313989e+01
      vertex   -1.249918e+02 2.000000e+01 9.313989e+01
      vertex   -1.249566e+02 2.110992e+01 8.313989e+01
    endloop
  endfacet
  facet normal -9.994965e-01 3.172793e-02 1.127203e-17
    outer loop
      vertex   -1.249566e+02 2.110992e+01 8.313989e+01
      vertex   -1.249918e+02 2.000000e+01 9.313989e+01
      vertex   -1.249566e+02 2.110992e+01 9.313989e+01
    endloop
  endfacet
  facet normal -9.954719e-01 9.505604e-02 3.377069e-17
    outer loop
      vertex   -1.249566e+02 2.110992e+01 8.313989e+01
      vertex   -1.249566e+02 2.110992e+01 9.313989e+01
      vertex   -1.248510e+02 2.221537e+01 9.313989e+01
    endloop
  endfacet
  facet normal -9.954719e-01 -9.505604e-02 -1.013121e-16
    outer loop
      vertex   -1.249566e+02 1.889008e+01 8.313989e+01
      vertex   -1.248510e+02 1.778463e+01 8.313989e+01
      vertex   -1.249566e+02 1.889008e+01 9.313989e+01
    endloop
  endfacet
  facet normal -9.954719e-01 -9.505604e-02 -6.748452e-17
    outer loop
      vertex   -1.249566e+02 1.889008e+01 9.313989e+01
      vertex   -1.248510e+02 1.778463e+01 8.313989e+01
      vertex   -1.248510e+02 1.778463e+01 9.313989e+01
    endloop
  endfacet
  facet normal -9.874389e-01 -1.580014e-01 -1.122667e-16
    outer loop
      vertex   -1.248510e+02 1.778463e+01 9.313989e+01
      vertex   -1.248510e+02 1.778463e+01 8.313989e+01
      vertex   -1.246756e+02 1.668810e+01 8.313989e+01
    endloop
  endfacet
  facet normal -9.874389e-01 -1.580014e-01 -2.249484e-16
    outer loop
      vertex   -1.248510e+02 1.778463e+01 9.313989e+01
      vertex   -1.246756e+02 1.668810e+01 8.313989e+01
      vertex   -1.246756e+02 1.668810e+01 9.313989e+01
    endloop
  endfacet
  facet normal -9.754298e-01 -2.203105e-01 -3.130801e-16
    outer loop
      vertex   -1.246756e+02 1.668810e+01 9.313989e+01
      vertex   -1.246756e+02 1.668810e+01 8.313989e+01
      vertex   -1.244309e+02 1.560491e+01 8.313989e+01
    endloop
  endfacet
  facet normal -9.754298e-01 -2.203105e-01 0.000000e+00
    outer loop
      vertex   -1.246756e+02 1.668810e+01 9.313989e+01
      vertex   -1.244309e+02 1.560491e+01 8.313989e+01
      vertex   -1.244309e+02 1.560491e+01 9.313989e+01
    endloop
  endfacet
  facet normal -9.594930e-01 -2.817326e-01 -0.000000e+00
    outer loop
      vertex   -1.244309e+02 1.560491e+01 9.313989e+01
      vertex   -1.244309e+02 1.560491e+01 8.313989e+01
      vertex   -1.241180e+02 1.453941e+01 8.313989e+01
    endloop
  endfacet
  facet normal -9.594930e-01 -2.817326e-01 -1.499656e-16
    outer loop
      vertex   -1.244309e+02 1.560491e+01 9.313989e+01
      vertex   -1.241180e+02 1.453941e+01 8.313989e+01
      vertex   -1.241180e+02 1.453941e+01 9.313989e+01
    endloop
  endfacet
  facet normal -9.396926e-01 -3.420201e-01 -1.822649e-16
    outer loop
      vertex   -1.241180e+02 1.453941e+01 9.313989e+01
      vertex   -1.241180e+02 1.453941e+01 8.313989e+01
      vertex   -1.237382e+02 1.349591e+01 8.313989e+01
    endloop
  endfacet
  facet normal -9.396926e-01 -3.420201e-01 -3.649163e-16
    outer loop
      vertex   -1.241180e+02 1.453941e+01 9.313989e+01
      vertex   -1.237382e+02 1.349591e+01 8.313989e+01
      vertex   -1.237382e+02 1.349591e+01 9.313989e+01
    endloop
  endfacet
  facet normal -9.161085e-01 -4.009305e-01 -4.273174e-16
    outer loop
      vertex   -1.237382e+02 1.349591e+01 9.313989e+01
      vertex   -1.237382e+02 1.349591e+01 8.313989e+01
      vertex   -1.232930e+02 1.247859e+01 8.313989e+01
    endloop
  endfacet
  facet normal -9.161085e-01 -4.009305e-01 0.000000e+00
    outer loop
      vertex   -1.237382e+02 1.349591e+01 9.313989e+01
      vertex   -1.232930e+02 1.247859e+01 8.313989e+01
      vertex   -1.232930e+02 1.247859e+01 9.313989e+01
    endloop
  endfacet
  facet normal -8.888354e-01 -4.582265e-01 -0.000000e+00
    outer loop
      vertex   -1.232930e+02 1.247859e+01 9.313989e+01
      vertex   -1.232930e+02 1.247859e+01 8.313989e+01
      vertex   -1.227842e+02 1.149156e+01 8.313989e+01
    endloop
  endfacet
  facet normal -8.888354e-01 -4.582265e-01 0.000000e+00
    outer loop
      vertex   -1.232930e+02 1.247859e+01 9.313989e+01
      vertex   -1.227842e+02 1.149156e+01 8.313989e+01
      vertex   -1.227842e+02 1.149156e+01 9.313989e+01
    endloop
  endfacet
  facet normal -8.579834e-01 -5.136774e-01 -0.000000e+00
    outer loop
      vertex   -1.227842e+02 1.149156e+01 9.313989e+01
      vertex   -1.227842e+02 1.149156e+01 8.313989e+01
      vertex   -1.222137e+02 1.053879e+01 8.313989e+01
    endloop
  endfacet
  facet normal -8.579834e-01 -5.136774e-01 -4.598945e-16
    outer loop
      vertex   -1.227842e+02 1.149156e+01 9.313989e+01
      vertex   -1.222137e+02 1.053879e+01 8.313989e+01
      vertex   -1.222137e+02 1.053879e+01 9.313989e+01
    endloop
  endfacet
  facet normal -8.236766e-01 -5.670599e-01 -5.036503e-16
    outer loop
      vertex   -1.222137e+02 1.053879e+01 9.313989e+01
      vertex   -1.222137e+02 1.053879e+01 8.313989e+01
      vertex   -1.215840e+02 9.624111e+00 8.313989e+01
    endloop
  endfacet
  facet normal -8.236766e-01 -5.670599e-01 9.697776e-16
    outer loop
      vertex   -1.222137e+02 1.053879e+01 9.313989e+01
      vertex   -1.215840e+02 9.624111e+00 8.313989e+01
      vertex   -1.215840e+02 9.624111e+00 9.313989e+01
    endloop
  endfacet
  facet normal -7.860531e-01 -6.181590e-01 8.974344e-16
    outer loop
      vertex   -1.215840e+02 9.624111e+00 9.313989e+01
      vertex   -1.215840e+02 9.624111e+00 8.313989e+01
      vertex   -1.208976e+02 8.751217e+00 8.313989e+01
    endloop
  endfacet
  facet normal -7.860531e-01 -6.181590e-01 0.000000e+00
    outer loop
      vertex   -1.215840e+02 9.624111e+00 9.313989e+01
      vertex   -1.208976e+02 8.751217e+00 8.313989e+01
      vertex   -1.208976e+02 8.751217e+00 9.313989e+01
    endloop
  endfacet
  facet normal -7.452644e-01 -6.667690e-01 -0.000000e+00
    outer loop
      vertex   -1.208976e+02 8.751217e+00 9.313989e+01
      vertex   -1.208976e+02 8.751217e+00 8.313989e+01
      vertex   -1.201571e+02 7.923617e+00 8.313989e+01
    endloop
  endfacet
  facet normal -7.452644e-01 -6.667690e-01 0.000000e+00
    outer loop
      vertex   -1.208976e+02 8.751217e+00 9.313989e+01
      vertex   -1.201571e+02 7.923617e+00 8.313989e+01
      vertex   -1.201571e+02 7.923617e+00 9.313989e+01
    endloop
  endfacet
  facet normal -7.014749e-01 -7.126942e-01 -0.000000e+00
    outer loop
      vertex   -1.201571e+02 7.923617e+00 9.313989e+01
      vertex   -1.201571e+02 7.923617e+00 8.313989e+01
      vertex   -1.193657e+02 7.144645e+00 8.313989e+01
    endloop
  endfacet
  facet normal -7.014749e-01 -7.126942e-01 6.798441e-16
    outer loop
      vertex   -1.201571e+02 7.923617e+00 9.313989e+01
      vertex   -1.193657e+02 7.144645e+00 8.313989e+01
      vertex   -1.193657e+02 7.144645e+00 9.313989e+01
    endloop
  endfacet
  facet normal -6.548607e-01 -7.557496e-01 5.949928e-16
    outer loop
      vertex   -1.193657e+02 7.144645e+00 9.313989e+01
      vertex   -1.193657e+02 7.144645e+00 8.313989e+01
      vertex   -1.185265e+02 6.417437e+00 8.313989e+01
    endloop
  endfacet
  facet normal -6.548607e-01 -7.557496e-01 -8.098143e-16
    outer loop
      vertex   -1.193657e+02 7.144645e+00 9.313989e+01
      vertex   -1.185265e+02 6.417437e+00 8.313989e+01
      vertex   -1.185265e+02 6.417437e+00 9.313989e+01
    endloop
  endfacet
  facet normal -6.056097e-01 -7.957618e-01 -8.481342e-16
    outer loop
      vertex   -1.185265e+02 6.417437e+00 9.313989e+01
      vertex   -1.185265e+02 6.417437e+00 8.313989e+01
      vertex   -1.176428e+02 5.744921e+00 8.313989e+01
    endloop
  endfacet
  facet normal -6.056097e-01 -7.957618e-01 0.000000e+00
    outer loop
      vertex   -1.185265e+02 6.417437e+00 9.313989e+01
      vertex   -1.176428e+02 5.744921e+00 8.313989e+01
      vertex   -1.176428e+02 5.744921e+00 9.313989e+01
    endloop
  endfacet
  facet normal -5.539201e-01 -8.325699e-01 -0.000000e+00
    outer loop
      vertex   -1.176428e+02 5.744921e+00 9.313989e+01
      vertex   -1.176428e+02 5.744921e+00 8.313989e+01
      vertex   -1.167182e+02 5.129805e+00 8.313989e+01
    endloop
  endfacet
  facet normal -5.539201e-01 -8.325699e-01 0.000000e+00
    outer loop
      vertex   -1.176428e+02 5.744921e+00 9.313989e+01
      vertex   -1.167182e+02 5.129805e+00 8.313989e+01
      vertex   -1.167182e+02 5.129805e+00 9.313989e+01
    endloop
  endfacet
  facet normal -5.000000e-01 -8.660254e-01 -0.000000e+00
    outer loop
      vertex   -1.167182e+02 5.129805e+00 9.313989e+01
      vertex   -1.167182e+02 5.129805e+00 8.313989e+01
      vertex   -1.157565e+02 4.574566e+00 8.313989e+01
    endloop
  endfacet
  facet normal -5.000000e-01 -8.660254e-01 -3.899106e-16
    outer loop
      vertex   -1.167182e+02 5.129805e+00 9.313989e+01
      vertex   -1.157565e+02 4.574566e+00 8.313989e+01
      vertex   -1.157565e+02 4.574566e+00 9.313989e+01
    endloop
  endfacet
  facet normal -4.440666e-01 -8.959938e-01 -3.979012e-16
    outer loop
      vertex   -1.157565e+02 4.574566e+00 9.313989e+01
      vertex   -1.157565e+02 4.574566e+00 8.313989e+01
      vertex   -1.147616e+02 4.081440e+00 8.313989e+01
    endloop
  endfacet
  facet normal -4.440666e-01 -8.959938e-01 -5.598716e-16
    outer loop
      vertex   -1.157565e+02 4.574566e+00 9.313989e+01
      vertex   -1.147616e+02 4.081440e+00 8.313989e+01
      vertex   -1.147616e+02 4.081440e+00 9.313989e+01
    endloop
  endfacet
  facet normal -3.863451e-01 -9.223543e-01 -5.734506e-16
    outer loop
      vertex   -1.147616e+02 4.081440e+00 9.313989e+01
      vertex   -1.147616e+02 4.081440e+00 8.313989e+01
      vertex   -1.137373e+02 3.652412e+00 8.313989e+01
    endloop
  endfacet
  facet normal -3.863451e-01 -9.223543e-01 0.000000e+00
    outer loop
      vertex   -1.147616e+02 4.081440e+00 9.313989e+01
      vertex   -1.137373e+02 3.652412e+00 8.313989e+01
      vertex   -1.137373e+02 3.652412e+00 9.313989e+01
    endloop
  endfacet
  facet normal -3.270680e-01 -9.450008e-01 -0.000000e+00
    outer loop
      vertex   -1.137373e+02 3.652412e+00 9.313989e+01
      vertex   -1.137373e+02 3.652412e+00 8.313989e+01
      vertex   -1.126879e+02 3.289211e+00 8.313989e+01
    endloop
  endfacet
  facet normal -3.270680e-01 -9.450008e-01 0.000000e+00
    outer loop
      vertex   -1.137373e+02 3.652412e+00 9.313989e+01
      vertex   -1.126879e+02 3.289211e+00 8.313989e+01
      vertex   -1.126879e+02 3.289211e+00 9.313989e+01
    endloop
  endfacet
  facet normal -2.664738e-01 -9.638422e-01 -0.000000e+00
    outer loop
      vertex   -1.126879e+02 3.289211e+00 9.313989e+01
      vertex   -1.126879e+02 3.289211e+00 8.313989e+01
      vertex   -1.116176e+02 2.993298e+00 8.313989e+01
    endloop
  endfacet
  facet normal -2.664738e-01 -9.638422e-01 -2.149507e-16
    outer loop
      vertex   -1.126879e+02 3.289211e+00 9.313989e+01
      vertex   -1.116176e+02 2.993298e+00 8.313989e+01
      vertex   -1.116176e+02 2.993298e+00 9.313989e+01
    endloop
  endfacet
  facet normal -2.048067e-01 -9.788024e-01 -2.173378e-16
    outer loop
      vertex   -1.116176e+02 2.993298e+00 9.313989e+01
      vertex   -1.116176e+02 2.993298e+00 8.313989e+01
      vertex   -1.105306e+02 2.765864e+00 8.313989e+01
    endloop
  endfacet
  facet normal -2.048067e-01 -9.788024e-01 -7.498280e-17
    outer loop
      vertex   -1.116176e+02 2.993298e+00 9.313989e+01
      vertex   -1.105306e+02 2.765864e+00 8.313989e+01
      vertex   -1.105306e+02 2.765864e+00 9.313989e+01
    endloop
  endfacet
  facet normal -1.423148e-01 -9.898214e-01 1.754296e-17
    outer loop
      vertex   -1.105306e+02 2.765864e+00 9.313989e+01
      vertex   -1.105306e+02 2.765864e+00 8.313989e+01
      vertex   -1.094315e+02 2.607827e+00 8.313989e+01
    endloop
  endfacet
  facet normal -1.423148e-01 -9.898214e-01 0.000000e+00
    outer loop
      vertex   -1.105306e+02 2.765864e+00 9.313989e+01
      vertex   -1.094315e+02 2.607827e+00 8.313989e+01
      vertex   -1.094315e+02 2.607827e+00 9.313989e+01
    endloop
  endfacet
  facet normal -7.924996e-02 -9.968548e-01 -0.000000e+00
    outer loop
      vertex   -1.094315e+02 2.607827e+00 9.313989e+01
      vertex   -1.094315e+02 2.607827e+00 8.313989e+01
      vertex   -1.083245e+02 2.519822e+00 8.313989e+01
    endloop
  endfacet
  facet normal -7.924996e-02 -9.968548e-01 0.000000e+00
    outer loop
      vertex   -1.094315e+02 2.607827e+00 9.313989e+01
      vertex   -1.083245e+02 2.519822e+00 8.313989e+01
      vertex   -1.083245e+02 2.519822e+00 9.313989e+01
    endloop
  endfacet
  facet normal -1.586596e-02 -9.998741e-01 -0.000000e+00
    outer loop
      vertex   -1.083245e+02 2.519822e+00 9.313989e+01
      vertex   -1.083245e+02 2.519822e+00 8.313989e+01
      vertex   -1.072141e+02 2.502203e+00 8.313989e+01
    endloop
  endfacet
  facet normal -1.586596e-02 -9.998741e-01 2.249484e-17
    outer loop
      vertex   -1.083245e+02 2.519822e+00 9.313989e+01
      vertex   -1.072141e+02 2.502203e+00 8.313989e+01
      vertex   -1.072141e+02 2.502203e+00 9.313989e+01
    endloop
  endfacet
  facet normal 4.758192e-02 -9.988673e-01 -6.761797e-17
    outer loop
      vertex   -1.072141e+02 2.502203e+00 9.313989e+01
      vertex   -1.072141e+02 2.502203e+00 8.313989e+01
      vertex   -1.061049e+02 2.555041e+00 8.313989e+01
    endloop
  endfacet
  facet normal 4.758192e-02 -9.988673e-01 0.000000e+00
    outer loop
      vertex   -1.072141e+02 2.502203e+00 9.313989e+01
      vertex   -1.061049e+02 2.555041e+00 8.313989e+01
      vertex   -1.061049e+02 2.555041e+00 9.313989e+01
    endloop
  endfacet
  facet normal 1.108382e-01 -9.938385e-01 0.000000e+00
    outer loop
      vertex   -1.061049e+02 2.555041e+00 9.313989e+01
      vertex   -1.061049e+02 2.555041e+00 8.313989e+01
      vertex   -1.050013e+02 2.678125e+00 8.313989e+01
    endloop
  endfacet
  facet normal 1.108382e-01 -9.938385e-01 0.000000e+00
    outer loop
      vertex   -1.061049e+02 2.555041e+00 9.313989e+01
      vertex   -1.050013e+02 2.678125e+00 8.313989e+01
      vertex   -1.050013e+02 2.678125e+00 9.313989e+01
    endloop
  endfacet
  facet normal 1.736482e-01 -9.848078e-01 0.000000e+00
    outer loop
      vertex   -1.050013e+02 2.678125e+00 9.313989e+01
      vertex   -1.050013e+02 2.678125e+00 8.313989e+01
      vertex   -1.039077e+02 2.870957e+00 8.313989e+01
    endloop
  endfacet
  facet normal 1.736482e-01 -9.848078e-01 0.000000e+00
    outer loop
      vertex   -1.050013e+02 2.678125e+00 9.313989e+01
      vertex   -1.039077e+02 2.870957e+00 8.313989e+01
      vertex   -1.039077e+02 2.870957e+00 9.313989e+01
    endloop
  endfacet
  facet normal 2.357589e-01 -9.718116e-01 0.000000e+00
    outer loop
      vertex   -1.039077e+02 2.870957e+00 9.313989e+01
      vertex   -1.039077e+02 2.870957e+00 8.313989e+01
      vertex   -1.028285e+02 3.132762e+00 8.313989e+01
    endloop
  endfacet
  facet normal 2.357589e-01 -9.718116e-01 2.149507e-16
    outer loop
      vertex   -1.039077e+02 2.870957e+00 9.313989e+01
      vertex   -1.028285e+02 3.132762e+00 8.313989e+01
      vertex   -1.028285e+02 3.132762e+00 9.313989e+01
    endloop
  endfacet
  facet normal 2.969204e-01 -9.549022e-01 2.120309e-16
    outer loop
      vertex   -1.028285e+02 3.132762e+00 9.313989e+01
      vertex   -1.028285e+02 3.132762e+00 8.313989e+01
      vertex   -1.017681e+02 3.462486e+00 8.313989e+01
    endloop
  endfacet
  facet normal 2.969204e-01 -9.549022e-01 0.000000e+00
    outer loop
      vertex   -1.028285e+02 3.132762e+00 9.313989e+01
      vertex   -1.017681e+02 3.462486e+00 8.313989e+01
      vertex   -1.017681e+02 3.462486e+00 9.313989e+01
    endloop
  endfacet
  facet normal 3.568862e-01 -9.341479e-01 0.000000e+00
    outer loop
      vertex   -1.017681e+02 3.462486e+00 9.313989e+01
      vertex   -1.017681e+02 3.462486e+00 8.313989e+01
      vertex   -1.007308e+02 3.858800e+00 8.313989e+01
    endloop
  endfacet
  facet normal 3.568862e-01 -9.341479e-01 2.099518e-16
    outer loop
      vertex   -1.017681e+02 3.462486e+00 9.313989e+01
      vertex   -1.007308e+02 3.858800e+00 8.313989e+01
      vertex   -1.007308e+02 3.858800e+00 9.313989e+01
    endloop
  endfacet
  facet normal 4.154150e-01 -9.096320e-01 2.019789e-16
    outer loop
      vertex   -1.007308e+02 3.858800e+00 9.313989e+01
      vertex   -1.007308e+02 3.858800e+00 8.313989e+01
      vertex   -9.972064e+01 4.320109e+00 8.313989e+01
    endloop
  endfacet
  facet normal 4.154150e-01 -9.096320e-01 -1.019766e-15
    outer loop
      vertex   -1.007308e+02 3.858800e+00 9.313989e+01
      vertex   -9.972064e+01 4.320109e+00 8.313989e+01
      vertex   -9.972064e+01 4.320109e+00 9.313989e+01
    endloop
  endfacet
  facet normal 4.722711e-01 -8.814534e-01 -1.185698e-15
    outer loop
      vertex   -9.972064e+01 4.320109e+00 9.313989e+01
      vertex   -9.972064e+01 4.320109e+00 8.313989e+01
      vertex   -9.874180e+01 4.844555e+00 8.313989e+01
    endloop
  endfacet
  facet normal 4.722711e-01 -8.814534e-01 6.298555e-16
    outer loop
      vertex   -9.972064e+01 4.320109e+00 9.313989e+01
      vertex   -9.874180e+01 4.844555e+00 8.313989e+01
      vertex   -9.874180e+01 4.844555e+00 9.313989e+01
    endloop
  endfacet
  facet normal 5.272255e-01 -8.497254e-01 6.037662e-16
    outer loop
      vertex   -9.874180e+01 4.844555e+00 9.313989e+01
      vertex   -9.874180e+01 4.844555e+00 8.313989e+01
      vertex   -9.779820e+01 5.430028e+00 8.313989e+01
    endloop
  endfacet
  facet normal 5.272255e-01 -8.497254e-01 0.000000e+00
    outer loop
      vertex   -9.874180e+01 4.844555e+00 9.313989e+01
      vertex   -9.779820e+01 5.430028e+00 8.313989e+01
      vertex   -9.779820e+01 5.430028e+00 9.313989e+01
    endloop
  endfacet
  facet normal 5.800569e-01 -8.145760e-01 0.000000e+00
    outer loop
      vertex   -9.779820e+01 5.430028e+00 9.313989e+01
      vertex   -9.779820e+01 5.430028e+00 8.313989e+01
      vertex   -9.689363e+01 6.074168e+00 8.313989e+01
    endloop
  endfacet
  facet normal 5.800569e-01 -8.145760e-01 -5.398762e-16
    outer loop
      vertex   -9.779820e+01 5.430028e+00 9.313989e+01
      vertex   -9.689363e+01 6.074168e+00 8.313989e+01
      vertex   -9.689363e+01 6.074168e+00 9.313989e+01
    endloop
  endfacet
  facet normal 6.305527e-01 -7.761465e-01 -6.203266e-16
    outer loop
      vertex   -9.689363e+01 6.074168e+00 9.313989e+01
      vertex   -9.689363e+01 6.074168e+00 8.313989e+01
      vertex   -9.603174e+01 6.774382e+00 8.313989e+01
    endloop
  endfacet
  facet normal 6.305527e-01 -7.761465e-01 0.000000e+00
    outer loop
      vertex   -9.689363e+01 6.074168e+00 9.313989e+01
      vertex   -9.603174e+01 6.774382e+00 8.313989e+01
      vertex   -9.603174e+01 6.774382e+00 9.313989e+01
    endloop
  endfacet
  facet normal 6.785094e-01 -7.345917e-01 0.000000e+00
    outer loop
      vertex   -9.603174e+01 6.774382e+00 9.313989e+01
      vertex   -9.603174e+01 6.774382e+00 8.313989e+01
      vertex   -9.521599e+01 7.527852e+00 8.313989e+01
    endloop
  endfacet
  facet normal 6.785094e-01 -7.345917e-01 3.299243e-16
    outer loop
      vertex   -9.603174e+01 6.774382e+00 9.313989e+01
      vertex   -9.521599e+01 7.527852e+00 8.313989e+01
      vertex   -9.521599e+01 7.527852e+00 9.313989e+01
    endloop
  endfacet
  facet normal 7.237340e-01 -6.900790e-01 3.064566e-16
    outer loop
      vertex   -9.521599e+01 7.527852e+00 9.313989e+01
      vertex   -9.521599e+01 7.527852e+00 8.313989e+01
      vertex   -9.444968e+01 8.331542e+00 8.313989e+01
    endloop
  endfacet
  facet normal 7.237340e-01 -6.900790e-01 0.000000e+00
    outer loop
      vertex   -9.521599e+01 7.527852e+00 9.313989e+01
      vertex   -9.444968e+01 8.331542e+00 8.313989e+01
      vertex   -9.444968e+01 8.331542e+00 9.313989e+01
    endloop
  endfacet
  facet normal 7.660444e-01 -6.427876e-01 0.000000e+00
    outer loop
      vertex   -9.444968e+01 8.331542e+00 9.313989e+01
      vertex   -9.444968e+01 8.331542e+00 8.313989e+01
      vertex   -9.373587e+01 9.182218e+00 8.313989e+01
    endloop
  endfacet
  facet normal 7.660444e-01 -6.427876e-01 4.598945e-16
    outer loop
      vertex   -9.444968e+01 8.331542e+00 9.313989e+01
      vertex   -9.373587e+01 9.182218e+00 8.313989e+01
      vertex   -9.373587e+01 9.182218e+00 9.313989e+01
    endloop
  endfacet
  facet normal 8.052703e-01 -5.929079e-01 4.212864e-16
    outer loop
      vertex   -9.373587e+01 9.182218e+00 9.313989e+01
      vertex   -9.373587e+01 9.182218e+00 8.313989e+01
      vertex   -9.307746e+01 1.007645e+01 8.313989e+01
    endloop
  endfacet
  facet normal 8.052703e-01 -5.929079e-01 0.000000e+00
    outer loop
      vertex   -9.373587e+01 9.182218e+00 9.313989e+01
      vertex   -9.307746e+01 1.007645e+01 8.313989e+01
      vertex   -9.307746e+01 1.007645e+01 9.313989e+01
    endloop
  endfacet
  facet normal 8.412535e-01 -5.406408e-01 0.000000e+00
    outer loop
      vertex   -9.307746e+01 1.007645e+01 9.313989e+01
      vertex   -9.307746e+01 1.007645e+01 8.313989e+01
      vertex   -9.247709e+01 1.101065e+01 8.313989e+01
    endloop
  endfacet
  facet normal 8.412535e-01 -5.406408e-01 3.899106e-16
    outer loop
      vertex   -9.307746e+01 1.007645e+01 9.313989e+01
      vertex   -9.247709e+01 1.101065e+01 8.313989e+01
      vertex   -9.247709e+01 1.101065e+01 9.313989e+01
    endloop
  endfacet
  facet normal 8.738494e-01 -4.861967e-01 3.454636e-16
    outer loop
      vertex   -9.247709e+01 1.101065e+01 9.313989e+01
      vertex   -9.247709e+01 1.101065e+01 8.313989e+01
      vertex   -9.193718e+01 1.198104e+01 8.313989e+01
    endloop
  endfacet
  facet normal 8.738494e-01 -4.861967e-01 0.000000e+00
    outer loop
      vertex   -9.247709e+01 1.101065e+01 9.313989e+01
      vertex   -9.193718e+01 1.198104e+01 8.313989e+01
      vertex   -9.193718e+01 1.198104e+01 9.313989e+01
    endloop
  endfacet
  facet normal 9.029265e-01 -4.297949e-01 0.000000e+00
    outer loop
      vertex   -9.193718e+01 1.198104e+01 9.313989e+01
      vertex   -9.193718e+01 1.198104e+01 8.313989e+01
      vertex   -9.145991e+01 1.298372e+01 8.313989e+01
    endloop
  endfacet
  facet normal 9.029265e-01 -4.297949e-01 3.049301e-16
    outer loop
      vertex   -9.193718e+01 1.198104e+01 9.313989e+01
      vertex   -9.145991e+01 1.298372e+01 8.313989e+01
      vertex   -9.145991e+01 1.298372e+01 9.313989e+01
    endloop
  endfacet
  facet normal 9.283679e-01 -3.716625e-01 2.640821e-16
    outer loop
      vertex   -9.145991e+01 1.298372e+01 9.313989e+01
      vertex   -9.145991e+01 1.298372e+01 8.313989e+01
      vertex   -9.104718e+01 1.401465e+01 8.313989e+01
    endloop
  endfacet
  facet normal 9.283679e-01 -3.716625e-01 0.000000e+00
    outer loop
      vertex   -9.145991e+01 1.298372e+01 9.313989e+01
      vertex   -9.104718e+01 1.401465e+01 8.313989e+01
      vertex   -9.104718e+01 1.401465e+01 9.313989e+01
    endloop
  endfacet
  facet normal 9.500711e-01 -3.120334e-01 0.000000e+00
    outer loop
      vertex   -9.104718e+01 1.401465e+01 9.313989e+01
      vertex   -9.104718e+01 1.401465e+01 8.313989e+01
      vertex   -9.070068e+01 1.506968e+01 8.313989e+01
    endloop
  endfacet
  facet normal 9.500711e-01 -3.120334e-01 3.349232e-16
    outer loop
      vertex   -9.104718e+01 1.401465e+01 9.313989e+01
      vertex   -9.070068e+01 1.506968e+01 8.313989e+01
      vertex   -9.070068e+01 1.506968e+01 9.313989e+01
    endloop
  endfacet
  facet normal 9.679487e-01 -2.511480e-01 2.676771e-16
    outer loop
      vertex   -9.070068e+01 1.506968e+01 9.313989e+01
      vertex   -9.070068e+01 1.506968e+01 8.313989e+01
      vertex   -9.042178e+01 1.614457e+01 8.313989e+01
    endloop
  endfacet
  facet normal 9.679487e-01 -2.511480e-01 0.000000e+00
    outer loop
      vertex   -9.070068e+01 1.506968e+01 9.313989e+01
      vertex   -9.042178e+01 1.614457e+01 8.313989e+01
      vertex   -9.042178e+01 1.614457e+01 9.313989e+01
    endloop
  endfacet
  facet normal 9.819287e-01 -1.892512e-01 0.000000e+00
    outer loop
      vertex   -9.042178e+01 1.614457e+01 9.313989e+01
      vertex   -9.042178e+01 1.614457e+01 8.313989e+01
      vertex   -9.021162e+01 1.723498e+01 8.313989e+01
    endloop
  endfacet
  facet normal 9.819287e-01 -1.892512e-01 1.324696e-16
    outer loop
      vertex   -9.042178e+01 1.614457e+01 9.313989e+01
      vertex   -9.021162e+01 1.723498e+01 8.313989e+01
      vertex   -9.021162e+01 1.723498e+01 9.313989e+01
    endloop
  endfacet
  facet normal 9.919548e-01 -1.265925e-01 8.994935e-17
    outer loop
      vertex   -9.021162e+01 1.723498e+01 9.313989e+01
      vertex   -9.021162e+01 1.723498e+01 8.313989e+01
      vertex   -9.007105e+01 1.833652e+01 8.313989e+01
    endloop
  endfacet
  facet normal 9.919548e-01 -1.265925e-01 8.997936e-17
    outer loop
      vertex   -9.021162e+01 1.723498e+01 9.313989e+01
      vertex   -9.007105e+01 1.833652e+01 8.313989e+01
      vertex   -9.007105e+01 1.833652e+01 9.313989e+01
    endloop
  endfacet
  facet normal 9.979867e-01 -6.342392e-02 4.506541e-17
    outer loop
      vertex   -9.007105e+01 1.833652e+01 9.313989e+01
      vertex   -9.007105e+01 1.833652e+01 8.313989e+01
      vertex   -9.000061e+01 1.944476e+01 8.313989e+01
    endloop
  endfacet
  facet normal 9.979867e-01 -6.342392e-02 6.748452e-17
    outer loop
      vertex   -9.007105e+01 1.833652e+01 9.313989e+01
      vertex   -9.000061e+01 1.944476e+01 8.313989e+01
      vertex   -9.000061e+01 1.944476e+01 9.313989e+01
    endloop
  endfacet
  facet normal 1.000000e+00 0.000000e+00 0.000000e+00
    outer loop
      vertex   -9.000061e+01 1.944476e+01 9.313989e+01
      vertex   -9.000061e+01 1.944476e+01 8.313989e+01
      vertex   -9.000061e+01 2.055524e+01 8.313989e+01
    endloop
  endfacet
  facet normal 1.000000e+00 -0.000000e+00 0.000000e+00
    outer loop
      vertex   -9.000061e+01 1.944476e+01 9.313989e+01
      vertex   -9.000061e+01 2.055524e+01 8.313989e+01
      vertex   -9.000061e+01 2.055524e+01 9.313989e+01
    endloop
  endfacet
  facet normal 9.979867e-01 6.342392e-02 -6.759811e-17
    outer loop
      vertex   -9.000061e+01 2.055524e+01 9.313989e+01
      vertex   -9.000061e+01 2.055524e+01 8.313989e+01
      vertex   -9.007105e+01 2.166348e+01 8.313989e+01
    endloop
  endfacet
  facet normal 9.979867e-01 6.342392e-02 -2.249484e-17
    outer loop
      vertex   -9.000061e+01 2.055524e+01 9.313989e+01
      vertex   -9.007105e+01 2.166348e+01 8.313989e+01
      vertex   -9.007105e+01 2.166348e+01 9.313989e+01
    endloop
  endfacet
  facet normal 9.919548e-01 1.265925e-01 -4.497467e-17
    outer loop
      vertex   -9.007105e+01 2.166348e+01 9.313989e+01
      vertex   -9.007105e+01 2.166348e+01 8.313989e+01
      vertex   -9.021162e+01 2.276502e+01 8.313989e+01
    endloop
  endfacet
  facet normal 9.919548e-01 1.265925e-01 -4.498968e-17
    outer loop
      vertex   -9.007105e+01 2.166348e+01 9.313989e+01
      vertex   -9.021162e+01 2.276502e+01 8.313989e+01
      vertex   -9.021162e+01 2.276502e+01 9.313989e+01
    endloop
  endfacet
  facet normal 9.819287e-01 1.892512e-01 -6.723555e-17
    outer loop
      vertex   -9.021162e+01 2.276502e+01 9.313989e+01
      vertex   -9.021162e+01 2.276502e+01 8.313989e+01
      vertex   -9.042178e+01 2.385543e+01 8.313989e+01
    endloop
  endfacet
  facet normal 9.819287e-01 1.892512e-01 0.000000e+00
    outer loop
      vertex   -9.021162e+01 2.276502e+01 9.313989e+01
      vertex   -9.042178e+01 2.385543e+01 8.313989e+01
      vertex   -9.042178e+01 2.385543e+01 9.313989e+01
    endloop
  endfacet
  facet normal 9.679487e-01 2.511480e-01 0.000000e+00
    outer loop
      vertex   -9.042178e+01 2.385543e+01 9.313989e+01
      vertex   -9.042178e+01 2.385543e+01 8.313989e+01
      vertex   -9.070068e+01 2.493032e+01 8.313989e+01
    endloop
  endfacet
  facet normal 9.679487e-01 2.511480e-01 -2.649392e-16
    outer loop
      vertex   -9.042178e+01 2.385543e+01 9.313989e+01
      vertex   -9.070068e+01 2.493032e+01 8.313989e+01
      vertex   -9.070068e+01 2.493032e+01 9.313989e+01
    endloop
  endfacet
  facet normal 9.500711e-01 3.120334e-01 -3.325696e-16
    outer loop
      vertex   -9.070068e+01 2.493032e+01 9.313989e+01
      vertex   -9.070068e+01 2.493032e+01 8.313989e+01
      vertex   -9.104718e+01 2.598535e+01 8.313989e+01
    endloop
  endfacet
  facet normal 9.500711e-01 3.120334e-01 0.000000e+00
    outer loop
      vertex   -9.070068e+01 2.493032e+01 9.313989e+01
      vertex   -9.104718e+01 2.598535e+01 8.313989e+01
      vertex   -9.104718e+01 2.598535e+01 9.313989e+01
    endloop
  endfacet
  facet normal 9.283679e-01 3.716625e-01 0.000000e+00
    outer loop
      vertex   -9.104718e+01 2.598535e+01 9.313989e+01
      vertex   -9.104718e+01 2.598535e+01 8.313989e+01
      vertex   -9.145991e+01 2.701628e+01 8.313989e+01
    endloop
  endfacet
  facet normal 9.283679e-01 3.716625e-01 -2.599404e-16
    outer loop
      vertex   -9.104718e+01 2.598535e+01 9.313989e+01
      vertex   -9.145991e+01 2.701628e+01 8.313989e+01
      vertex   -9.145991e+01 2.701628e+01 9.313989e+01
    endloop
  endfacet
  facet normal 9.029265e-01 4.297949e-01 -3.053877e-16
    outer loop
      vertex   -9.145991e+01 2.701628e+01 9.313989e+01
      vertex   -9.145991e+01 2.701628e+01 8.313989e+01
      vertex   -9.193718e+01 2.801896e+01 8.313989e+01
    endloop
  endfacet
  facet normal 9.029265e-01 4.297949e-01 0.000000e+00
    outer loop
      vertex   -9.145991e+01 2.701628e+01 9.313989e+01
      vertex   -9.193718e+01 2.801896e+01 8.313989e+01
      vertex   -9.193718e+01 2.801896e+01 9.313989e+01
    endloop
  endfacet
  facet normal 8.738494e-01 4.861967e-01 0.000000e+00
    outer loop
      vertex   -9.193718e+01 2.801896e+01 9.313989e+01
      vertex   -9.193718e+01 2.801896e+01 8.313989e+01
      vertex   -9.247709e+01 2.898935e+01 8.313989e+01
    endloop
  endfacet
  facet normal 8.738494e-01 4.861967e-01 -5.198808e-16
    outer loop
      vertex   -9.193718e+01 2.801896e+01 9.313989e+01
      vertex   -9.247709e+01 2.898935e+01 8.313989e+01
      vertex   -9.247709e+01 2.898935e+01 9.313989e+01
    endloop
  endfacet
  facet normal 8.412535e-01 5.406408e-01 -5.762226e-16
    outer loop
      vertex   -9.247709e+01 2.898935e+01 9.313989e+01
      vertex   -9.247709e+01 2.898935e+01 8.313989e+01
      vertex   -9.307746e+01 2.992355e+01 8.313989e+01
    endloop
  endfacet
  facet normal 8.412535e-01 5.406408e-01 0.000000e+00
    outer loop
      vertex   -9.247709e+01 2.898935e+01 9.313989e+01
      vertex   -9.307746e+01 2.992355e+01 8.313989e+01
      vertex   -9.307746e+01 2.992355e+01 9.313989e+01
    endloop
  endfacet
  facet normal 8.052703e-01 5.929079e-01 0.000000e+00
    outer loop
      vertex   -9.307746e+01 2.992355e+01 9.313989e+01
      vertex   -9.307746e+01 2.992355e+01 8.313989e+01
      vertex   -9.373587e+01 3.081778e+01 8.313989e+01
    endloop
  endfacet
  facet normal 8.052703e-01 5.929079e-01 -4.299014e-16
    outer loop
      vertex   -9.307746e+01 2.992355e+01 9.313989e+01
      vertex   -9.373587e+01 3.081778e+01 8.313989e+01
      vertex   -9.373587e+01 3.081778e+01 9.313989e+01
    endloop
  endfacet
  facet normal 7.660444e-01 6.427876e-01 -4.567281e-16
    outer loop
      vertex   -9.373587e+01 3.081778e+01 9.313989e+01
      vertex   -9.373587e+01 3.081778e+01 8.313989e+01
      vertex   -9.444968e+01 3.166846e+01 8.313989e+01
    endloop
  endfacet
  facet normal 7.660444e-01 6.427876e-01 0.000000e+00
    outer loop
      vertex   -9.373587e+01 3.081778e+01 9.313989e+01
      vertex   -9.444968e+01 3.166846e+01 8.313989e+01
      vertex   -9.444968e+01 3.166846e+01 9.313989e+01
    endloop
  endfacet
  facet normal 7.237340e-01 6.900790e-01 0.000000e+00
    outer loop
      vertex   -9.444968e+01 3.166846e+01 9.313989e+01
      vertex   -9.444968e+01 3.166846e+01 8.313989e+01
      vertex   -9.521599e+01 3.247215e+01 8.313989e+01
    endloop
  endfacet
  facet normal 7.237340e-01 6.900790e-01 -4.898876e-16
    outer loop
      vertex   -9.444968e+01 3.166846e+01 9.313989e+01
      vertex   -9.521599e+01 3.247215e+01 8.313989e+01
      vertex   -9.521599e+01 3.247215e+01 9.313989e+01
    endloop
  endfacet
  facet normal 6.785094e-01 7.345917e-01 -5.219588e-16
    outer loop
      vertex   -9.521599e+01 3.247215e+01 9.313989e+01
      vertex   -9.521599e+01 3.247215e+01 8.313989e+01
      vertex   -9.603174e+01 3.322562e+01 8.313989e+01
    endloop
  endfacet
  facet normal 6.785094e-01 7.345917e-01 0.000000e+00
    outer loop
      vertex   -9.521599e+01 3.247215e+01 9.313989e+01
      vertex   -9.603174e+01 3.322562e+01 8.313989e+01
      vertex   -9.603174e+01 3.322562e+01 9.313989e+01
    endloop
  endfacet
  facet normal 6.305527e-01 7.761465e-01 0.000000e+00
    outer loop
      vertex   -9.603174e+01 3.322562e+01 9.313989e+01
      vertex   -9.603174e+01 3.322562e+01 8.313989e+01
      vertex   -9.689363e+01 3.392583e+01 8.313989e+01
    endloop
  endfacet
  facet normal 6.305527e-01 7.761465e-01 8.997936e-16
    outer loop
      vertex   -9.603174e+01 3.322562e+01 9.313989e+01
      vertex   -9.689363e+01 3.392583e+01 8.313989e+01
      vertex   -9.689363e+01 3.392583e+01 9.313989e+01
    endloop
  endfacet
  facet normal 5.800569e-01 8.145760e-01 8.243104e-16
    outer loop
      vertex   -9.689363e+01 3.392583e+01 9.313989e+01
      vertex   -9.689363e+01 3.392583e+01 8.313989e+01
      vertex   -9.779820e+01 3.456997e+01 8.313989e+01
    endloop
  endfacet
  facet normal 5.800569e-01 8.145760e-01 0.000000e+00
    outer loop
      vertex   -9.689363e+01 3.392583e+01 9.313989e+01
      vertex   -9.779820e+01 3.456997e+01 8.313989e+01
      vertex   -9.779820e+01 3.456997e+01 9.313989e+01
    endloop
  endfacet
  facet normal 5.272255e-01 8.497254e-01 0.000000e+00
    outer loop
      vertex   -9.779820e+01 3.456997e+01 9.313989e+01
      vertex   -9.779820e+01 3.456997e+01 8.313989e+01
      vertex   -9.874180e+01 3.515544e+01 8.313989e+01
    endloop
  endfacet
  facet normal 5.272255e-01 8.497254e-01 -1.209723e-15
    outer loop
      vertex   -9.779820e+01 3.456997e+01 9.313989e+01
      vertex   -9.874180e+01 3.515544e+01 8.313989e+01
      vertex   -9.874180e+01 3.515544e+01 9.313989e+01
    endloop
  endfacet
  facet normal 4.722711e-01 8.814534e-01 -1.252621e-15
    outer loop
      vertex   -9.874180e+01 3.515544e+01 9.313989e+01
      vertex   -9.874180e+01 3.515544e+01 8.313989e+01
      vertex   -9.972064e+01 3.567989e+01 8.313989e+01
    endloop
  endfacet
  facet normal 4.722711e-01 8.814534e-01 1.339693e-15
    outer loop
      vertex   -9.874180e+01 3.515544e+01 9.313989e+01
      vertex   -9.972064e+01 3.567989e+01 8.313989e+01
      vertex   -9.972064e+01 3.567989e+01 9.313989e+01
    endloop
  endfacet
  facet normal 4.154150e-01 9.096320e-01 1.180680e-15
    outer loop
      vertex   -9.972064e+01 3.567989e+01 9.313989e+01
      vertex   -9.972064e+01 3.567989e+01 8.313989e+01
      vertex   -1.007308e+02 3.614120e+01 8.313989e+01
    endloop
  endfacet
  facet normal 4.154150e-01 9.096320e-01 -6.448521e-16
    outer loop
      vertex   -9.972064e+01 3.567989e+01 9.313989e+01
      vertex   -1.007308e+02 3.614120e+01 8.313989e+01
      vertex   -1.007308e+02 3.614120e+01 9.313989e+01
    endloop
  endfacet
  facet normal 3.568862e-01 9.341479e-01 -6.637520e-16
    outer loop
      vertex   -1.007308e+02 3.614120e+01 9.313989e+01
      vertex   -1.007308e+02 3.614120e+01 8.313989e+01
      vertex   -1.017681e+02 3.653751e+01 8.313989e+01
    endloop
  endfacet
  facet normal 3.568862e-01 9.341479e-01 0.000000e+00
    outer loop
      vertex   -1.007308e+02 3.614120e+01 9.313989e+01
      vertex   -1.017681e+02 3.653751e+01 8.313989e+01
      vertex   -1.017681e+02 3.653751e+01 9.313989e+01
    endloop
  endfacet
  facet normal 2.969204e-01 9.549022e-01 0.000000e+00
    outer loop
      vertex   -1.017681e+02 3.653751e+01 9.313989e+01
      vertex   -1.017681e+02 3.653751e+01 8.313989e+01
      vertex   -1.028285e+02 3.686724e+01 8.313989e+01
    endloop
  endfacet
  facet normal 2.969204e-01 9.549022e-01 0.000000e+00
    outer loop
      vertex   -1.017681e+02 3.653751e+01 9.313989e+01
      vertex   -1.028285e+02 3.686724e+01 8.313989e+01
      vertex   -1.028285e+02 3.686724e+01 9.313989e+01
    endloop
  endfacet
  facet normal 2.357589e-01 9.718116e-01 0.000000e+00
    outer loop
      vertex   -1.028285e+02 3.686724e+01 9.313989e+01
      vertex   -1.028285e+02 3.686724e+01 8.313989e+01
      vertex   -1.039077e+02 3.712904e+01 8.313989e+01
    endloop
  endfacet
  facet normal 2.357589e-01 9.718116e-01 0.000000e+00
    outer loop
      vertex   -1.028285e+02 3.686724e+01 9.313989e+01
      vertex   -1.039077e+02 3.712904e+01 8.313989e+01
      vertex   -1.039077e+02 3.712904e+01 9.313989e+01
    endloop
  endfacet
  facet normal 1.736482e-01 9.848078e-01 0.000000e+00
    outer loop
      vertex   -1.039077e+02 3.712904e+01 9.313989e+01
      vertex   -1.039077e+02 3.712904e+01 8.313989e+01
      vertex   -1.050013e+02 3.732188e+01 8.313989e+01
    endloop
  endfacet
  facet normal 1.736482e-01 9.848078e-01 0.000000e+00
    outer loop
      vertex   -1.039077e+02 3.712904e+01 9.313989e+01
      vertex   -1.050013e+02 3.732188e+01 8.313989e+01
      vertex   -1.050013e+02 3.732188e+01 9.313989e+01
    endloop
  endfacet
  facet normal 1.108382e-01 9.938385e-01 0.000000e+00
    outer loop
      vertex   -1.050013e+02 3.732188e+01 9.313989e+01
      vertex   -1.050013e+02 3.732188e+01 8.313989e+01
      vertex   -1.061049e+02 3.744496e+01 8.313989e+01
    endloop
  endfacet
  facet normal 1.108382e-01 9.938385e-01 0.000000e+00
    outer loop
      vertex   -1.050013e+02 3.732188e+01 9.313989e+01
      vertex   -1.061049e+02 3.744496e+01 8.313989e+01
      vertex   -1.061049e+02 3.744496e+01 9.313989e+01
    endloop
  endfacet
  facet normal 4.758192e-02 9.988673e-01 0.000000e+00
    outer loop
      vertex   -1.061049e+02 3.744496e+01 9.313989e+01
      vertex   -1.061049e+02 3.744496e+01 8.313989e+01
      vertex   -1.072141e+02 3.749780e+01 8.313989e+01
    endloop
  endfacet
  facet normal 4.758192e-02 9.988673e-01 6.748452e-17
    outer loop
      vertex   -1.061049e+02 3.744496e+01 9.313989e+01
      vertex   -1.072141e+02 3.749780e+01 8.313989e+01
      vertex   -1.072141e+02 3.749780e+01 9.313989e+01
    endloop
  endfacet
  facet normal -1.586596e-02 9.998741e-01 -2.254689e-17
    outer loop
      vertex   -1.072141e+02 3.749780e+01 9.313989e+01
      vertex   -1.072141e+02 3.749780e+01 8.313989e+01
      vertex   -1.083245e+02 3.748018e+01 8.313989e+01
    endloop
  endfacet
  facet normal -1.586596e-02 9.998741e-01 0.000000e+00
    outer loop
      vertex   -1.072141e+02 3.749780e+01 9.313989e+01
      vertex   -1.083245e+02 3.748018e+01 8.313989e+01
      vertex   -1.083245e+02 3.748018e+01 9.313989e+01
    endloop
  endfacet
  facet normal -7.924996e-02 9.968548e-01 0.000000e+00
    outer loop
      vertex   -1.083245e+02 3.748018e+01 9.313989e+01
      vertex   -1.083245e+02 3.748018e+01 8.313989e+01
      vertex   -1.094315e+02 3.739217e+01 8.313989e+01
    endloop
  endfacet
  facet normal -7.924996e-02 9.968548e-01 0.000000e+00
    outer loop
      vertex   -1.083245e+02 3.748018e+01 9.313989e+01
      vertex   -1.094315e+02 3.739217e+01 8.313989e+01
      vertex   -1.094315e+02 3.739217e+01 9.313989e+01
    endloop
  endfacet
  facet normal -1.423148e-01 9.898214e-01 0.000000e+00
    outer loop
      vertex   -1.094315e+02 3.739217e+01 9.313989e+01
      vertex   -1.094315e+02 3.739217e+01 8.313989e+01
      vertex   -1.105306e+02 3.723414e+01 8.313989e+01
    endloop
  endfacet
  facet normal -1.423148e-01 9.898214e-01 2.024536e-16
    outer loop
      vertex   -1.094315e+02 3.739217e+01 9.313989e+01
      vertex   -1.105306e+02 3.723414e+01 8.313989e+01
      vertex   -1.105306e+02 3.723414e+01 9.313989e+01
    endloop
  endfacet
  facet normal -2.048067e-01 9.788024e-01 2.910478e-16
    outer loop
      vertex   -1.105306e+02 3.723414e+01 9.313989e+01
      vertex   -1.105306e+02 3.723414e+01 8.313989e+01
      vertex   -1.116176e+02 3.700670e+01 8.313989e+01
    endloop
  endfacet
  facet normal -2.048067e-01 9.788024e-01 0.000000e+00
    outer loop
      vertex   -1.105306e+02 3.723414e+01 9.313989e+01
      vertex   -1.116176e+02 3.700670e+01 8.313989e+01
      vertex   -1.116176e+02 3.700670e+01 9.313989e+01
    endloop
  endfacet
  facet normal -2.664738e-01 9.638422e-01 0.000000e+00
    outer loop
      vertex   -1.116176e+02 3.700670e+01 9.313989e+01
      vertex   -1.116176e+02 3.700670e+01 8.313989e+01
      vertex   -1.126879e+02 3.671079e+01 8.313989e+01
    endloop
  endfacet
  facet normal -2.664738e-01 9.638422e-01 0.000000e+00
    outer loop
      vertex   -1.116176e+02 3.700670e+01 9.313989e+01
      vertex   -1.126879e+02 3.671079e+01 8.313989e+01
      vertex   -1.126879e+02 3.671079e+01 9.313989e+01
    endloop
  endfacet
  facet normal -3.270680e-01 9.450008e-01 0.000000e+00
    outer loop
      vertex   -1.126879e+02 3.671079e+01 9.313989e+01
      vertex   -1.126879e+02 3.671079e+01 8.313989e+01
      vertex   -1.137373e+02 3.634759e+01 8.313989e+01
    endloop
  endfacet
  facet normal -3.270680e-01 9.450008e-01 0.000000e+00
    outer loop
      vertex   -1.126879e+02 3.671079e+01 9.313989e+01
      vertex   -1.137373e+02 3.634759e+01 8.313989e+01
      vertex   -1.137373e+02 3.634759e+01 9.313989e+01
    endloop
  endfacet
  facet normal -3.863451e-01 9.223543e-01 0.000000e+00
    outer loop
      vertex   -1.137373e+02 3.634759e+01 9.313989e+01
      vertex   -1.137373e+02 3.634759e+01 8.313989e+01
      vertex   -1.147616e+02 3.591856e+01 8.313989e+01
    endloop
  endfacet
  facet normal -3.863451e-01 9.223543e-01 6.598487e-16
    outer loop
      vertex   -1.137373e+02 3.634759e+01 9.313989e+01
      vertex   -1.147616e+02 3.591856e+01 8.313989e+01
      vertex   -1.147616e+02 3.591856e+01 9.313989e+01
    endloop
  endfacet
  facet normal -4.440666e-01 8.959938e-01 6.366419e-16
    outer loop
      vertex   -1.147616e+02 3.591856e+01 9.313989e+01
      vertex   -1.147616e+02 3.591856e+01 8.313989e+01
      vertex   -1.157565e+02 3.542543e+01 8.313989e+01
    endloop
  endfacet
  facet normal -4.440666e-01 8.959938e-01 6.398532e-16
    outer loop
      vertex   -1.147616e+02 3.591856e+01 9.313989e+01
      vertex   -1.157565e+02 3.542543e+01 8.313989e+01
      vertex   -1.157565e+02 3.542543e+01 9.313989e+01
    endloop
  endfacet
  facet normal -5.000000e-01 8.660254e-01 6.153481e-16
    outer loop
      vertex   -1.157565e+02 3.542543e+01 9.313989e+01
      vertex   -1.157565e+02 3.542543e+01 8.313989e+01
      vertex   -1.167182e+02 3.487020e+01 8.313989e+01
    endloop
  endfacet
  facet normal -5.000000e-01 8.660254e-01 0.000000e+00
    outer loop
      vertex   -1.157565e+02 3.542543e+01 9.313989e+01
      vertex   -1.167182e+02 3.487020e+01 8.313989e+01
      vertex   -1.167182e+02 3.487020e+01 9.313989e+01
    endloop
  endfacet
  facet normal -5.539201e-01 8.325699e-01 0.000000e+00
    outer loop
      vertex   -1.167182e+02 3.487020e+01 9.313989e+01
      vertex   -1.167182e+02 3.487020e+01 8.313989e+01
      vertex   -1.176428e+02 3.425508e+01 8.313989e+01
    endloop
  endfacet
  facet normal -5.539201e-01 8.325699e-01 0.000000e+00
    outer loop
      vertex   -1.167182e+02 3.487020e+01 9.313989e+01
      vertex   -1.176428e+02 3.425508e+01 8.313989e+01
      vertex   -1.176428e+02 3.425508e+01 9.313989e+01
    endloop
  endfacet
  facet normal -6.056097e-01 7.957618e-01 0.000000e+00
    outer loop
      vertex   -1.176428e+02 3.425508e+01 9.313989e+01
      vertex   -1.176428e+02 3.425508e+01 8.313989e+01
      vertex   -1.185265e+02 3.358256e+01 8.313989e+01
    endloop
  endfacet
  facet normal -6.056097e-01 7.957618e-01 1.129741e-15
    outer loop
      vertex   -1.176428e+02 3.425508e+01 9.313989e+01
      vertex   -1.185265e+02 3.358256e+01 8.313989e+01
      vertex   -1.185265e+02 3.358256e+01 9.313989e+01
    endloop
  endfacet
  facet normal -6.548607e-01 7.557496e-01 1.073985e-15
    outer loop
      vertex   -1.185265e+02 3.358256e+01 9.313989e+01
      vertex   -1.185265e+02 3.358256e+01 8.313989e+01
      vertex   -1.193657e+02 3.285535e+01 8.313989e+01
    endloop
  endfacet
  facet normal -6.548607e-01 7.557496e-01 -3.899106e-16
    outer loop
      vertex   -1.185265e+02 3.358256e+01 9.313989e+01
      vertex   -1.193657e+02 3.285535e+01 8.313989e+01
      vertex   -1.193657e+02 3.285535e+01 9.313989e+01
    endloop
  endfacet
  facet normal -7.014749e-01 7.126942e-01 -4.904561e-16
    outer loop
      vertex   -1.193657e+02 3.285535e+01 9.313989e+01
      vertex   -1.193657e+02 3.285535e+01 8.313989e+01
      vertex   -1.201571e+02 3.207638e+01 8.313989e+01
    endloop
  endfacet
  facet normal -7.014749e-01 7.126942e-01 0.000000e+00
    outer loop
      vertex   -1.193657e+02 3.285535e+01 9.313989e+01
      vertex   -1.201571e+02 3.207638e+01 8.313989e+01
      vertex   -1.201571e+02 3.207638e+01 9.313989e+01
    endloop
  endfacet
  facet normal -7.452644e-01 6.667690e-01 0.000000e+00
    outer loop
      vertex   -1.201571e+02 3.207638e+01 9.313989e+01
      vertex   -1.201571e+02 3.207638e+01 8.313989e+01
      vertex   -1.208976e+02 3.124878e+01 8.313989e+01
    endloop
  endfacet
  facet normal -7.452644e-01 6.667690e-01 0.000000e+00
    outer loop
      vertex   -1.201571e+02 3.207638e+01 9.313989e+01
      vertex   -1.208976e+02 3.124878e+01 8.313989e+01
      vertex   -1.208976e+02 3.124878e+01 9.313989e+01
    endloop
  endfacet
  facet normal -7.860531e-01 6.181590e-01 0.000000e+00
    outer loop
      vertex   -1.208976e+02 3.124878e+01 9.313989e+01
      vertex   -1.208976e+02 3.124878e+01 8.313989e+01
      vertex   -1.215840e+02 3.037589e+01 8.313989e+01
    endloop
  endfacet
  facet normal -7.860531e-01 6.181590e-01 -1.109745e-15
    outer loop
      vertex   -1.208976e+02 3.124878e+01 9.313989e+01
      vertex   -1.215840e+02 3.037589e+01 8.313989e+01
      vertex   -1.215840e+02 3.037589e+01 9.313989e+01
    endloop
  endfacet
  facet normal -8.236766e-01 5.670599e-01 -1.170515e-15
    outer loop
      vertex   -1.215840e+02 3.037589e+01 9.313989e+01
      vertex   -1.215840e+02 3.037589e+01 8.313989e+01
      vertex   -1.222137e+02 2.946121e+01 8.313989e+01
    endloop
  endfacet
  facet normal -8.236766e-01 5.670599e-01 5.998624e-16
    outer loop
      vertex   -1.215840e+02 3.037589e+01 9.313989e+01
      vertex   -1.222137e+02 2.946121e+01 8.313989e+01
      vertex   -1.222137e+02 2.946121e+01 9.313989e+01
    endloop
  endfacet
  facet normal -8.579834e-01 5.136774e-01 5.474846e-16
    outer loop
      vertex   -1.222137e+02 2.946121e+01 9.313989e+01
      vertex   -1.222137e+02 2.946121e+01 8.313989e+01
      vertex   -1.227842e+02 2.850844e+01 8.313989e+01
    endloop
  endfacet
  facet normal -8.579834e-01 5.136774e-01 0.000000e+00
    outer loop
      vertex   -1.222137e+02 2.946121e+01 9.313989e+01
      vertex   -1.227842e+02 2.850844e+01 8.313989e+01
      vertex   -1.227842e+02 2.850844e+01 9.313989e+01
    endloop
  endfacet
  facet normal -8.888354e-01 4.582265e-01 0.000000e+00
    outer loop
      vertex   -1.227842e+02 2.850844e+01 9.313989e+01
      vertex   -1.227842e+02 2.850844e+01 8.313989e+01
      vertex   -1.232930e+02 2.752141e+01 8.313989e+01
    endloop
  endfacet
  facet normal -8.888354e-01 4.582265e-01 0.000000e+00
    outer loop
      vertex   -1.227842e+02 2.850844e+01 9.313989e+01
      vertex   -1.232930e+02 2.752141e+01 8.313989e+01
      vertex   -1.232930e+02 2.752141e+01 9.313989e+01
    endloop
  endfacet
  facet normal -9.161085e-01 4.009305e-01 0.000000e+00
    outer loop
      vertex   -1.232930e+02 2.752141e+01 9.313989e+01
      vertex   -1.232930e+02 2.752141e+01 8.313989e+01
      vertex   -1.237382e+02 2.650409e+01 8.313989e+01
    endloop
  endfacet
  facet normal -9.161085e-01 4.009305e-01 4.249025e-16
    outer loop
      vertex   -1.232930e+02 2.752141e+01 9.313989e+01
      vertex   -1.237382e+02 2.650409e+01 8.313989e+01
      vertex   -1.237382e+02 2.650409e+01 9.313989e+01
    endloop
  endfacet
  facet normal -9.396926e-01 3.420201e-01 3.645299e-16
    outer loop
      vertex   -1.237382e+02 2.650409e+01 9.313989e+01
      vertex   -1.237382e+02 2.650409e+01 8.313989e+01
      vertex   -1.241180e+02 2.546059e+01 8.313989e+01
    endloop
  endfacet
  facet normal -9.396926e-01 3.420201e-01 1.249713e-16
    outer loop
      vertex   -1.237382e+02 2.650409e+01 9.313989e+01
      vertex   -1.241180e+02 2.546059e+01 8.313989e+01
      vertex   -1.241180e+02 2.546059e+01 9.313989e+01
    endloop
  endfacet
  facet normal -9.594930e-01 2.817326e-01 1.000915e-16
    outer loop
      vertex   -1.241180e+02 2.546059e+01 9.313989e+01
      vertex   -1.241180e+02 2.546059e+01 8.313989e+01
      vertex   -1.244309e+02 2.439509e+01 8.313989e+01
    endloop
  endfacet
  facet normal -9.594930e-01 2.817326e-01 0.000000e+00
    outer loop
      vertex   -1.241180e+02 2.546059e+01 9.313989e+01
      vertex   -1.244309e+02 2.439509e+01 8.313989e+01
      vertex   -1.244309e+02 2.439509e+01 9.313989e+01
    endloop
  endfacet
  facet normal -9.754298e-01 2.203105e-01 0.000000e+00
    outer loop
      vertex   -1.244309e+02 2.439509e+01 9.313989e+01
      vertex   -1.244309e+02 2.439509e+01 8.313989e+01
      vertex   -1.246756e+02 2.331190e+01 8.313989e+01
    endloop
  endfacet
  facet normal -9.754298e-01 2.203105e-01 2.349461e-16
    outer loop
      vertex   -1.244309e+02 2.439509e+01 9.313989e+01
      vertex   -1.246756e+02 2.331190e+01 8.313989e+01
      vertex   -1.246756e+02 2.331190e+01 9.313989e+01
    endloop
  endfacet
  facet normal -9.874389e-01 1.580014e-01 1.684001e-16
    outer loop
      vertex   -1.246756e+02 2.331190e+01 9.313989e+01
      vertex   -1.246756e+02 2.331190e+01 8.313989e+01
      vertex   -1.248510e+02 2.221537e+01 8.313989e+01
    endloop
  endfacet
  facet normal -9.874389e-01 1.580014e-01 1.699610e-16
    outer loop
      vertex   -1.246756e+02 2.331190e+01 9.313989e+01
      vertex   -1.248510e+02 2.221537e+01 8.313989e+01
      vertex   -1.248510e+02 2.221537e+01 9.313989e+01
    endloop
  endfacet
  facet normal -9.954719e-01 9.505604e-02 1.013121e-16
    outer loop
      vertex   -1.248510e+02 2.221537e+01 9.313989e+01
      vertex   -1.248510e+02 2.221537e+01 8.313989e+01
      vertex   -1.249566e+02 2.110992e+01 8.313989e+01
    endloop
  endfacet
  facet normal -0.000000e+00 0.000000e+00 -1.000000e+00
    outer loop
      vertex   -1.229564e+02 1.895360e+01 8.313989e+01
      vertex   -1.249566e+02 1.889008e+01 8.313989e+01
      vertex   -1.229918e+02 2.000000e+01 8.313989e+01
    endloop
  endfacet
  facet normal -0.000000e+00 0.000000e+00 -1.000000e+00
    outer loop
      vertex   -1.229918e+02 2.000000e+01 8.313989e+01
      vertex   -1.249566e+02 1.889008e+01 8.313989e+01
      vertex   -1.249918e+02 2.000000e+01 8.313989e+01
    endloop
  endfacet
  facet normal 0.000000e+00 0.000000e+00 -1.000000e+00
    outer loop
      vertex   -1.229918e+02 2.000000e+01 8.313989e+01
      vertex   -1.249918e+02 2.000000e+01 8.313989e+01
      vertex   -1.249566e+02 2.110992e+01 8.313989e+01
    endloop
  endfacet
  facet normal 0.000000e+00 0.000000e+00 -1.000000e+00
    outer loop
      vertex   -1.249566e+02 1.889008e+01 8.313989e+01
      vertex   -1.229564e+02 1.895360e+01 8.313989e+01
      vertex   -1.248510e+02 1.778463e+01 8.313989e+01
    endloop
  endfacet
  facet normal 0.000000e+00 0.000000e+00 -1.000000e+00
    outer loop
      vertex   -1.248510e+02 1.778463e+01 8.313989e+01
      vertex   -1.229564e+02 1.895360e+01 8.313989e+01
      vertex   -1.228505e+02 1.791197e+01 8.313989e+01
    endloop
  endfacet
  facet normal 0.000000e+00 0.000000e+00 -1.000000e+00
    outer loop
      vertex   -1.248510e+02 1.778463e+01 8.313989e+01
      vertex   -1.228505e+02 1.791197e+01 8.313989e+01
      vertex   -1.246756e+02 1.668810e+01 8.313989e+01
    endloop
  endfacet
  facet normal 0.000000e+00 0.000000e+00 -1.000000e+00
    outer loop
      vertex   -1.246756e+02 1.668810e+01 8.313989e+01
      vertex   -1.228505e+02 1.791197e+01 8.313989e+01
      vertex   -1.226745e+02 1.687987e+01 8.313989e+01
    endloop
  endfacet
  facet normal 0.000000e+00 0.000000e+00 -1.000000e+00
    outer loop
      vertex   -1.246756e+02 1.668810e+01 8.313989e+01
      vertex   -1.226745e+02 1.687987e+01 8.313989e+01
      vertex   -1.244309e+02 1.560491e+01 8.313989e+01
    endloop
  endfacet
  facet normal 0.000000e+00 0.000000e+00 -1.000000e+00
    outer loop
      vertex   -1.244309e+02 1.560491e+01 8.313989e+01
      vertex   -1.226745e+02 1.687987e+01 8.313989e+01
      vertex   -1.224292e+02 1.586201e+01 8.313989e+01
    endloop
  endfacet
  facet normal 0.000000e+00 0.000000e+00 -1.000000e+00
    outer loop
      vertex   -1.244309e+02 1.560491e+01 8.313989e+01
      vertex   -1.224292e+02 1.586201e+01 8.313989e+01
      vertex   -1.241180e+02 1.453941e+01 8.313989e+01
    endloop
  endfacet
  facet normal 0.000000e+00 0.000000e+00 -1.000000e+00
    outer loop
      vertex   -1.241180e+02 1.453941e+01 8.313989e+01
      vertex   -1.224292e+02 1.586201e+01 8.313989e+01
      vertex   -1.221158e+02 1.486303e+01 8.313989e+01
    endloop
  endfacet
  facet normal 0.000000e+00 0.000000e+00 -1.000000e+00
    outer loop
      vertex   -1.241180e+02 1.453941e+01 8.313989e+01
      vertex   -1.221158e+02 1.486303e+01 8.313989e+01
      vertex   -1.237382e+02 1.349591e+01 8.313989e+01
    endloop
  endfacet
  facet normal 0.000000e+00 0.000000e+00 -1.000000e+00
    outer loop
      vertex   -1.237382e+02 1.349591e+01 8.313989e+01
      vertex   -1.221158e+02 1.486303e+01 8.313989e+01
      vertex   -1.217357e+02 1.388748e+01 8.313989e+01
    endloop
  endfacet
  facet normal 0.000000e+00 0.000000e+00 -1.000000e+00
    outer loop
      vertex   -1.237382e+02 1.349591e+01 8.313989e+01
      vertex   -1.217357e+02 1.388748e+01 8.313989e+01
      vertex   -1.232930e+02 1.247859e+01 8.313989e+01
    endloop
  endfacet
  facet normal 0.000000e+00 0.000000e+00 -1.000000e+00
    outer loop
      vertex   -1.232930e+02 1.247859e+01 8.313989e+01
      vertex   -1.217357e+02 1.388748e+01 8.313989e+01
      vertex   -1.212905e+02 1.293983e+01 8.313989e+01
    endloop
  endfacet
  facet normal 0.000000e+00 0.000000e+00 -1.000000e+00
    outer loop
      vertex   -1.232930e+02 1.247859e+01 8.313989e+01
      vertex   -1.212905e+02 1.293983e+01 8.313989e+01
      vertex   -1.227842e+02 1.149156e+01 8.313989e+01
    endloop
  endfacet
  facet normal 0.000000e+00 0.000000e+00 -1.000000e+00
    outer loop
      vertex   -1.227842e+02 1.149156e+01 8.313989e+01
      vertex   -1.212905e+02 1.293983e+01 8.313989e+01
      vertex   -1.207824e+02 1.202439e+01 8.313989e+01
    endloop
  endfacet
  facet normal 0.000000e+00 0.000000e+00 -1.000000e+00
    outer loop
      vertex   -1.227842e+02 1.149156e+01 8.313989e+01
      vertex   -1.207824e+02 1.202439e+01 8.313989e+01
      vertex   -1.222137e+02 1.053879e+01 8.313989e+01
    endloop
  endfacet
  facet normal 0.000000e+00 0.000000e+00 -1.000000e+00
    outer loop
      vertex   -1.222137e+02 1.053879e+01 8.313989e+01
      vertex   -1.207824e+02 1.202439e+01 8.313989e+01
      vertex   -1.202136e+02 1.114534e+01 8.313989e+01
    endloop
  endfacet
  facet normal 0.000000e+00 0.000000e+00 -1.000000e+00
    outer loop
      vertex   -1.222137e+02 1.053879e+01 8.313989e+01
      vertex   -1.202136e+02 1.114534e+01 8.313989e+01
      vertex   -1.215840e+02 9.624111e+00 8.313989e+01
    endloop
  endfacet
  facet normal 0.000000e+00 0.000000e+00 -1.000000e+00
    outer loop
      vertex   -1.215840e+02 9.624111e+00 8.313989e+01
      vertex   -1.202136e+02 1.114534e+01 8.313989e+01
      vertex   -1.195868e+02 1.030670e+01 8.313989e+01
    endloop
  endfacet
  facet normal 0.000000e+00 0.000000e+00 -1.000000e+00
    outer loop
      vertex   -1.215840e+02 9.624111e+00 8.313989e+01
      vertex   -1.195868e+02 1.030670e+01 8.313989e+01
      vertex   -1.208976e+02 8.751217e+00 8.313989e+01
    endloop
  endfacet
  facet normal 0.000000e+00 0.000000e+00 -1.000000e+00
    outer loop
      vertex   -1.208976e+02 8.751217e+00 8.313989e+01
      vertex   -1.195868e+02 1.030670e+01 8.313989e+01
      vertex   -1.189049e+02 9.512277e+00 8.313989e+01
    endloop
  endfacet
  facet normal 0.000000e+00 0.000000e+00 -1.000000e+00
    outer loop
      vertex   -1.208976e+02 8.751217e+00 8.313989e+01
      vertex   -1.189049e+02 9.512277e+00 8.313989e+01
      vertex   -1.201571e+02 7.923617e+00 8.313989e+01
    endloop
  endfacet
  facet normal 0.000000e+00 0.000000e+00 -1.000000e+00
    outer loop
      vertex   -1.201571e+02 7.923617e+00 8.313989e+01
      vertex   -1.189049e+02 9.512277e+00 8.313989e+01
      vertex   -1.181708e+02 8.765712e+00 8.313989e+01
    endloop
  endfacet
  facet normal 0.000000e+00 0.000000e+00 -1.000000e+00
    outer loop
      vertex   -1.201571e+02 7.923617e+00 8.313989e+01
      vertex   -1.181708e+02 8.765712e+00 8.313989e+01
      vertex   -1.193657e+02 7.144645e+00 8.313989e+01
    endloop
  endfacet
  facet normal 0.000000e+00 0.000000e+00 -1.000000e+00
    outer loop
      vertex   -1.193657e+02 7.144645e+00 8.313989e+01
      vertex   -1.181708e+02 8.765712e+00 8.313989e+01
      vertex   -1.173880e+02 8.070406e+00 8.313989e+01
    endloop
  endfacet
  facet normal 0.000000e+00 0.000000e+00 -1.000000e+00
    outer loop
      vertex   -1.193657e+02 7.144645e+00 8.313989e+01
      vertex   -1.173880e+02 8.070406e+00 8.313989e+01
      vertex   -1.185265e+02 6.417437e+00 8.313989e+01
    endloop
  endfacet
  facet normal 0.000000e+00 0.000000e+00 -1.000000e+00
    outer loop
      vertex   -1.185265e+02 6.417437e+00 8.313989e+01
      vertex   -1.173880e+02 8.070406e+00 8.313989e+01
      vertex   -1.165601e+02 7.429532e+00 8.313989e+01
    endloop
  endfacet
  facet normal 0.000000e+00 0.000000e+00 -1.000000e+00
    outer loop
      vertex   -1.185265e+02 6.417437e+00 8.313989e+01
      vertex   -1.165601e+02 7.429532e+00 8.313989e+01
      vertex   -1.176428e+02 5.744921e+00 8.313989e+01
    endloop
  endfacet
  facet normal 0.000000e+00 0.000000e+00 -1.000000e+00
    outer loop
      vertex   -1.176428e+02 5.744921e+00 8.313989e+01
      vertex   -1.165601e+02 7.429532e+00 8.313989e+01
      vertex   -1.156907e+02 6.846014e+00 8.313989e+01
    endloop
  endfacet
  facet normal 0.000000e+00 0.000000e+00 -1.000000e+00
    outer loop
      vertex   -1.176428e+02 5.744921e+00 8.313989e+01
      vertex   -1.156907e+02 6.846014e+00 8.313989e+01
      vertex   -1.167182e+02 5.129805e+00 8.313989e+01
    endloop
  endfacet
  facet normal 0.000000e+00 0.000000e+00 -1.000000e+00
    outer loop
      vertex   -1.167182e+02 5.129805e+00 8.313989e+01
      vertex   -1.156907e+02 6.846014e+00 8.313989e+01
      vertex   -1.157565e+02 4.574566e+00 8.313989e+01
    endloop
  endfacet
  facet normal 0.000000e+00 0.000000e+00 -1.000000e+00
    outer loop
      vertex   -1.157565e+02 4.574566e+00 8.313989e+01
      vertex   -1.156907e+02 6.846014e+00 8.313989e+01
      vertex   -1.147840e+02 6.322515e+00 8.313989e+01
    endloop
  endfacet
  facet normal 0.000000e+00 0.000000e+00 -1.000000e+00
    outer loop
      vertex   -1.157565e+02 4.574566e+00 8.313989e+01
      vertex   -1.147840e+02 6.322515e+00 8.313989e+01
      vertex   -1.147616e+02 4.081440e+00 8.313989e+01
    endloop
  endfacet
  facet normal 0.000000e+00 0.000000e+00 -1.000000e+00
    outer loop
      vertex   -1.147616e+02 4.081440e+00 8.313989e+01
      vertex   -1.147840e+02 6.322515e+00 8.313989e+01
      vertex   -1.138440e+02 5.861423e+00 8.313989e+01
    endloop
  endfacet
  facet normal 0.000000e+00 0.000000e+00 -1.000000e+00
    outer loop
      vertex   -1.147616e+02 4.081440e+00 8.313989e+01
      vertex   -1.138440e+02 5.861423e+00 8.313989e+01
      vertex   -1.137373e+02 3.652412e+00 8.313989e+01
    endloop
  endfacet
  facet normal 0.000000e+00 0.000000e+00 -1.000000e+00
    outer loop
      vertex   -1.137373e+02 3.652412e+00 8.313989e+01
      vertex   -1.138440e+02 5.861423e+00 8.313989e+01
      vertex   -1.128750e+02 5.464842e+00 8.313989e+01
    endloop
  endfacet
  facet normal 0.000000e+00 0.000000e+00 -1.000000e+00
    outer loop
      vertex   -1.137373e+02 3.652412e+00 8.313989e+01
      vertex   -1.128750e+02 5.464842e+00 8.313989e+01
      vertex   -1.126879e+02 3.289211e+00 8.313989e+01
    endloop
  endfacet
  facet normal 0.000000e+00 0.000000e+00 -1.000000e+00
    outer loop
      vertex   -1.126879e+02 3.289211e+00 8.313989e+01
      vertex   -1.128750e+02 5.464842e+00 8.313989e+01
      vertex   -1.118815e+02 5.134582e+00 8.313989e+01
    endloop
  endfacet
  facet normal 0.000000e+00 0.000000e+00 -1.000000e+00
    outer loop
      vertex   -1.126879e+02 3.289211e+00 8.313989e+01
      vertex   -1.118815e+02 5.134582e+00 8.313989e+01
      vertex   -1.116176e+02 2.993298e+00 8.313989e+01
    endloop
  endfacet
  facet normal 0.000000e+00 0.000000e+00 -1.000000e+00
    outer loop
      vertex   -1.116176e+02 2.993298e+00 8.313989e+01
      vertex   -1.118815e+02 5.134582e+00 8.313989e+01
      vertex   -1.108679e+02 4.872149e+00 8.313989e+01
    endloop
  endfacet
  facet normal 0.000000e+00 0.000000e+00 -1.000000e+00
    outer loop
      vertex   -1.116176e+02 2.993298e+00 8.313989e+01
      vertex   -1.108679e+02 4.872149e+00 8.313989e+01
      vertex   -1.105306e+02 2.765864e+00 8.313989e+01
    endloop
  endfacet
  facet normal 0.000000e+00 0.000000e+00 -1.000000e+00
    outer loop
      vertex   -1.105306e+02 2.765864e+00 8.313989e+01
      vertex   -1.108679e+02 4.872149e+00 8.313989e+01
      vertex   -1.098389e+02 4.678741e+00 8.313989e+01
    endloop
  endfacet
  facet normal 0.000000e+00 0.000000e+00 -1.000000e+00
    outer loop
      vertex   -1.105306e+02 2.765864e+00 8.313989e+01
      vertex   -1.098389e+02 4.678741e+00 8.313989e+01
      vertex   -1.094315e+02 2.607827e+00 8.313989e+01
    endloop
  endfacet
  facet normal 0.000000e+00 0.000000e+00 -1.000000e+00
    outer loop
      vertex   -1.094315e+02 2.607827e+00 8.313989e+01
      vertex   -1.098389e+02 4.678741e+00 8.313989e+01
      vertex   -1.087992e+02 4.555240e+00 8.313989e+01
    endloop
  endfacet
  facet normal 0.000000e+00 0.000000e+00 -1.000000e+00
    outer loop
      vertex   -1.094315e+02 2.607827e+00 8.313989e+01
      vertex   -1.087992e+02 4.555240e+00 8.313989e+01
      vertex   -1.083245e+02 2.519822e+00 8.313989e+01
    endloop
  endfacet
  facet normal 0.000000e+00 0.000000e+00 -1.000000e+00
    outer loop
      vertex   -1.083245e+02 2.519822e+00 8.313989e+01
      vertex   -1.087992e+02 4.555240e+00 8.313989e+01
      vertex   -1.077536e+02 4.502211e+00 8.313989e+01
    endloop
  endfacet
  facet normal 0.000000e+00 0.000000e+00 -1.000000e+00
    outer loop
      vertex   -1.083245e+02 2.519822e+00 8.313989e+01
      vertex   -1.077536e+02 4.502211e+00 8.313989e+01
      vertex   -1.072141e+02 2.502203e+00 8.313989e+01
    endloop
  endfacet
  facet normal 0.000000e+00 0.000000e+00 -1.000000e+00
    outer loop
      vertex   -1.072141e+02 2.502203e+00 8.313989e+01
      vertex   -1.077536e+02 4.502211e+00 8.313989e+01
      vertex   -1.067067e+02 4.519894e+00 8.313989e+01
    endloop
  endfacet
  facet normal 0.000000e+00 0.000000e+00 -1.000000e+00
    outer loop
      vertex   -1.072141e+02 2.502203e+00 8.313989e+01
      vertex   -1.067067e+02 4.519894e+00 8.313989e+01
      vertex   -1.061049e+02 2.555041e+00 8.313989e+01
    endloop
  endfacet
  facet normal 0.000000e+00 0.000000e+00 -1.000000e+00
    outer loop
      vertex   -1.061049e+02 2.555041e+00 8.313989e+01
      vertex   -1.067067e+02 4.519894e+00 8.313989e+01
      vertex   -1.056635e+02 4.608210e+00 8.313989e+01
    endloop
  endfacet
  facet normal 0.000000e+00 0.000000e+00 -1.000000e+00
    outer loop
      vertex   -1.061049e+02 2.555041e+00 8.313989e+01
      vertex   -1.056635e+02 4.608210e+00 8.313989e+01
      vertex   -1.050013e+02 2.678125e+00 8.313989e+01
    endloop
  endfacet
  facet normal 0.000000e+00 0.000000e+00 -1.000000e+00
    outer loop
      vertex   -1.050013e+02 2.678125e+00 8.313989e+01
      vertex   -1.056635e+02 4.608210e+00 8.313989e+01
      vertex   -1.046286e+02 4.766754e+00 8.313989e+01
    endloop
  endfacet
  facet normal 0.000000e+00 0.000000e+00 -1.000000e+00
    outer loop
      vertex   -1.050013e+02 2.678125e+00 8.313989e+01
      vertex   -1.046286e+02 4.766754e+00 8.313989e+01
      vertex   -1.039077e+02 2.870957e+00 8.313989e+01
    endloop
  endfacet
  facet normal 0.000000e+00 0.000000e+00 -1.000000e+00
    outer loop
      vertex   -1.039077e+02 2.870957e+00 8.313989e+01
      vertex   -1.046286e+02 4.766754e+00 8.313989e+01
      vertex   -1.036067e+02 4.994805e+00 8.313989e+01
    endloop
  endfacet
  facet normal 0.000000e+00 0.000000e+00 -1.000000e+00
    outer loop
      vertex   -1.039077e+02 2.870957e+00 8.313989e+01
      vertex   -1.036067e+02 4.994805e+00 8.313989e+01
      vertex   -1.028285e+02 3.132762e+00 8.313989e+01
    endloop
  endfacet
  facet normal 0.000000e+00 0.000000e+00 -1.000000e+00
    outer loop
      vertex   -1.028285e+02 3.132762e+00 8.313989e+01
      vertex   -1.036067e+02 4.994805e+00 8.313989e+01
      vertex   -1.026026e+02 5.291320e+00 8.313989e+01
    endloop
  endfacet
  facet normal 0.000000e+00 0.000000e+00 -1.000000e+00
    outer loop
      vertex   -1.028285e+02 3.132762e+00 8.313989e+01
      vertex   -1.026026e+02 5.291320e+00 8.313989e+01
      vertex   -1.017681e+02 3.462486e+00 8.313989e+01
    endloop
  endfacet
  facet normal 0.000000e+00 0.000000e+00 -1.000000e+00
    outer loop
      vertex   -1.017681e+02 3.462486e+00 8.313989e+01
      vertex   -1.026026e+02 5.291320e+00 8.313989e+01
      vertex   -1.016207e+02 5.654948e+00 8.313989e+01
    endloop
  endfacet
  facet normal 0.000000e+00 0.000000e+00 -1.000000e+00
    outer loop
      vertex   -1.017681e+02 3.462486e+00 8.313989e+01
      vertex   -1.016207e+02 5.654948e+00 8.313989e+01
      vertex   -1.007308e+02 3.858800e+00 8.313989e+01
    endloop
  endfacet
  facet normal 0.000000e+00 0.000000e+00 -1.000000e+00
    outer loop
      vertex   -1.007308e+02 3.858800e+00 8.313989e+01
      vertex   -1.016207e+02 5.654948e+00 8.313989e+01
      vertex   -1.006657e+02 6.084030e+00 8.313989e+01
    endloop
  endfacet
  facet normal 0.000000e+00 0.000000e+00 -1.000000e+00
    outer loop
      vertex   -1.007308e+02 3.858800e+00 8.313989e+01
      vertex   -1.006657e+02 6.084030e+00 8.313989e+01
      vertex   -9.972064e+01 4.320109e+00 8.313989e+01
    endloop
  endfacet
  facet normal 0.000000e+00 0.000000e+00 -1.000000e+00
    outer loop
      vertex   -9.972064e+01 4.320109e+00 8.313989e+01
      vertex   -1.006657e+02 6.084030e+00 8.313989e+01
      vertex   -9.974180e+01 6.576606e+00 8.313989e+01
    endloop
  endfacet
  facet normal 0.000000e+00 0.000000e+00 -1.000000e+00
    outer loop
      vertex   -9.972064e+01 4.320109e+00 8.313989e+01
      vertex   -9.974180e+01 6.576606e+00 8.313989e+01
      vertex   -9.874180e+01 4.844555e+00 8.313989e+01
    endloop
  endfacet
  facet normal 0.000000e+00 0.000000e+00 -1.000000e+00
    outer loop
      vertex   -9.874180e+01 4.844555e+00 8.313989e+01
      vertex   -9.974180e+01 6.576606e+00 8.313989e+01
      vertex   -9.779820e+01 5.430028e+00 8.313989e+01
    endloop
  endfacet
  facet normal 0.000000e+00 0.000000e+00 -1.000000e+00
    outer loop
      vertex   -9.779820e+01 5.430028e+00 8.313989e+01
      vertex   -9.974180e+01 6.576606e+00 8.313989e+01
      vertex   -9.885327e+01 7.130431e+00 8.313989e+01
    endloop
  endfacet
  facet normal 0.000000e+00 0.000000e+00 -1.000000e+00
    outer loop
      vertex   -9.779820e+01 5.430028e+00 8.313989e+01
      vertex   -9.885327e+01 7.130431e+00 8.313989e+01
      vertex   -9.689363e+01 6.074168e+00 8.313989e+01
    endloop
  endfacet
  facet normal 0.000000e+00 0.000000e+00 -1.000000e+00
    outer loop
      vertex   -9.689363e+01 6.074168e+00 8.313989e+01
      vertex   -9.885327e+01 7.130431e+00 8.313989e+01
      vertex   -9.800416e+01 7.742976e+00 8.313989e+01
    endloop
  endfacet
  facet normal 0.000000e+00 0.000000e+00 -1.000000e+00
    outer loop
      vertex   -9.689363e+01 6.074168e+00 8.313989e+01
      vertex   -9.800416e+01 7.742976e+00 8.313989e+01
      vertex   -9.603174e+01 6.774382e+00 8.313989e+01
    endloop
  endfacet
  facet normal 0.000000e+00 0.000000e+00 -1.000000e+00
    outer loop
      vertex   -9.603174e+01 6.774382e+00 8.313989e+01
      vertex   -9.800416e+01 7.742976e+00 8.313989e+01
      vertex   -9.719834e+01 8.411447e+00 8.313989e+01
    endloop
  endfacet
  facet normal 0.000000e+00 0.000000e+00 -1.000000e+00
    outer loop
      vertex   -9.603174e+01 6.774382e+00 8.313989e+01
      vertex   -9.719834e+01 8.411447e+00 8.313989e+01
      vertex   -9.521599e+01 7.527852e+00 8.313989e+01
    endloop
  endfacet
  facet normal 0.000000e+00 0.000000e+00 -1.000000e+00
    outer loop
      vertex   -9.521599e+01 7.527852e+00 8.313989e+01
      vertex   -9.719834e+01 8.411447e+00 8.313989e+01
      vertex   -9.643948e+01 9.132795e+00 8.313989e+01
    endloop
  endfacet
  facet normal 0.000000e+00 0.000000e+00 -1.000000e+00
    outer loop
      vertex   -9.521599e+01 7.527852e+00 8.313989e+01
      vertex   -9.643948e+01 9.132795e+00 8.313989e+01
      vertex   -9.444968e+01 8.331542e+00 8.313989e+01
    endloop
  endfacet
  facet normal 0.000000e+00 0.000000e+00 -1.000000e+00
    outer loop
      vertex   -9.444968e+01 8.331542e+00 8.313989e+01
      vertex   -9.643948e+01 9.132795e+00 8.313989e+01
      vertex   -9.573105e+01 9.903727e+00 8.313989e+01
    endloop
  endfacet
  facet normal 0.000000e+00 0.000000e+00 -1.000000e+00
    outer loop
      vertex   -9.444968e+01 8.331542e+00 8.313989e+01
      vertex   -9.573105e+01 9.903727e+00 8.313989e+01
      vertex   -9.373587e+01 9.182218e+00 8.313989e+01
    endloop
  endfacet
  facet normal 0.000000e+00 0.000000e+00 -1.000000e+00
    outer loop
      vertex   -9.373587e+01 9.182218e+00 8.313989e+01
      vertex   -9.573105e+01 9.903727e+00 8.313989e+01
      vertex   -9.507629e+01 1.072073e+01 8.313989e+01
    endloop
  endfacet
  facet normal 0.000000e+00 0.000000e+00 -1.000000e+00
    outer loop
      vertex   -9.373587e+01 9.182218e+00 8.313989e+01
      vertex   -9.507629e+01 1.072073e+01 8.313989e+01
      vertex   -9.307746e+01 1.007645e+01 8.313989e+01
    endloop
  endfacet
  facet normal 0.000000e+00 0.000000e+00 -1.000000e+00
    outer loop
      vertex   -9.307746e+01 1.007645e+01 8.313989e+01
      vertex   -9.507629e+01 1.072073e+01 8.313989e+01
      vertex   -9.447817e+01 1.158006e+01 8.313989e+01
    endloop
  endfacet
  facet normal 0.000000e+00 0.000000e+00 -1.000000e+00
    outer loop
      vertex   -9.307746e+01 1.007645e+01 8.313989e+01
      vertex   -9.447817e+01 1.158006e+01 8.313989e+01
      vertex   -9.247709e+01 1.101065e+01 8.313989e+01
    endloop
  endfacet
  facet normal 0.000000e+00 0.000000e+00 -1.000000e+00
    outer loop
      vertex   -9.247709e+01 1.101065e+01 8.313989e+01
      vertex   -9.447817e+01 1.158006e+01 8.313989e+01
      vertex   -9.393943e+01 1.247782e+01 8.313989e+01
    endloop
  endfacet
  facet normal 0.000000e+00 0.000000e+00 -1.000000e+00
    outer loop
      vertex   -9.247709e+01 1.101065e+01 8.313989e+01
      vertex   -9.393943e+01 1.247782e+01 8.313989e+01
      vertex   -9.193718e+01 1.198104e+01 8.313989e+01
    endloop
  endfacet
  facet normal 0.000000e+00 0.000000e+00 -1.000000e+00
    outer loop
      vertex   -9.193718e+01 1.198104e+01 8.313989e+01
      vertex   -9.393943e+01 1.247782e+01 8.313989e+01
      vertex   -9.346253e+01 1.340990e+01 8.313989e+01
    endloop
  endfacet
  facet normal 0.000000e+00 0.000000e+00 -1.000000e+00
    outer loop
      vertex   -9.193718e+01 1.198104e+01 8.313989e+01
      vertex   -9.346253e+01 1.340990e+01 8.313989e+01
      vertex   -9.145991e+01 1.298372e+01 8.313989e+01
    endloop
  endfacet
  facet normal 0.000000e+00 0.000000e+00 -1.000000e+00
    outer loop
      vertex   -9.145991e+01 1.298372e+01 8.313989e+01
      vertex   -9.346253e+01 1.340990e+01 8.313989e+01
      vertex   -9.304964e+01 1.437205e+01 8.313989e+01
    endloop
  endfacet
  facet normal 0.000000e+00 0.000000e+00 -1.000000e+00
    outer loop
      vertex   -9.145991e+01 1.298372e+01 8.313989e+01
      vertex   -9.304964e+01 1.437205e+01 8.313989e+01
      vertex   -9.104718e+01 1.401465e+01 8.313989e+01
    endloop
  endfacet
  facet normal 0.000000e+00 0.000000e+00 -1.000000e+00
    outer loop
      vertex   -9.104718e+01 1.401465e+01 8.313989e+01
      vertex   -9.304964e+01 1.437205e+01 8.313989e+01
      vertex   -9.270265e+01 1.535987e+01 8.313989e+01
    endloop
  endfacet
  facet normal 0.000000e+00 0.000000e+00 -1.000000e+00
    outer loop
      vertex   -9.104718e+01 1.401465e+01 8.313989e+01
      vertex   -9.270265e+01 1.535987e+01 8.313989e+01
      vertex   -9.070068e+01 1.506968e+01 8.313989e+01
    endloop
  endfacet
  facet normal 0.000000e+00 0.000000e+00 -1.000000e+00
    outer loop
      vertex   -9.070068e+01 1.506968e+01 8.313989e+01
      vertex   -9.270265e+01 1.535987e+01 8.313989e+01
      vertex   -9.242313e+01 1.636887e+01 8.313989e+01
    endloop
  endfacet
  facet normal 0.000000e+00 0.000000e+00 -1.000000e+00
    outer loop
      vertex   -9.070068e+01 1.506968e+01 8.313989e+01
      vertex   -9.242313e+01 1.636887e+01 8.313989e+01
      vertex   -9.042178e+01 1.614457e+01 8.313989e+01
    endloop
  endfacet
  facet normal 0.000000e+00 0.000000e+00 -1.000000e+00
    outer loop
      vertex   -9.042178e+01 1.614457e+01 8.313989e+01
      vertex   -9.242313e+01 1.636887e+01 8.313989e+01
      vertex   -9.221237e+01 1.739444e+01 8.313989e+01
    endloop
  endfacet
  facet normal 0.000000e+00 0.000000e+00 -1.000000e+00
    outer loop
      vertex   -9.042178e+01 1.614457e+01 8.313989e+01
      vertex   -9.221237e+01 1.739444e+01 8.313989e+01
      vertex   -9.021162e+01 1.723498e+01 8.313989e+01
    endloop
  endfacet
  facet normal 0.000000e+00 0.000000e+00 -1.000000e+00
    outer loop
      vertex   -9.021162e+01 1.723498e+01 8.313989e+01
      vertex   -9.221237e+01 1.739444e+01 8.313989e+01
      vertex   -9.207133e+01 1.843189e+01 8.313989e+01
    endloop
  endfacet
  facet normal 0.000000e+00 0.000000e+00 -1.000000e+00
    outer loop
      vertex   -9.021162e+01 1.723498e+01 8.313989e+01
      vertex   -9.207133e+01 1.843189e+01 8.313989e+01
      vertex   -9.007105e+01 1.833652e+01 8.313989e+01
    endloop
  endfacet
  facet normal 0.000000e+00 0.000000e+00 -1.000000e+00
    outer loop
      vertex   -9.007105e+01 1.833652e+01 8.313989e+01
      vertex   -9.207133e+01 1.843189e+01 8.313989e+01
      vertex   -9.200065e+01 1.947650e+01 8.313989e+01
    endloop
  endfacet
  facet normal 0.000000e+00 0.000000e+00 -1.000000e+00
    outer loop
      vertex   -9.007105e+01 1.833652e+01 8.313989e+01
      vertex   -9.200065e+01 1.947650e+01 8.313989e+01
      vertex   -9.000061e+01 1.944476e+01 8.313989e+01
    endloop
  endfacet
  facet normal 0.000000e+00 0.000000e+00 -1.000000e+00
    outer loop
      vertex   -9.000061e+01 1.944476e+01 8.313989e+01
      vertex   -9.200065e+01 1.947650e+01 8.313989e+01
      vertex   -9.000061e+01 2.055524e+01 8.313989e+01
    endloop
  endfacet
  facet normal 0.000000e+00 0.000000e+00 -1.000000e+00
    outer loop
      vertex   -9.000061e+01 2.055524e+01 8.313989e+01
      vertex   -9.200065e+01 1.947650e+01 8.313989e+01
      vertex   -9.200065e+01 2.052350e+01 8.313989e+01
    endloop
  endfacet
  facet normal -0.000000e+00 0.000000e+00 -1.000000e+00
    outer loop
      vertex   -9.000061e+01 2.055524e+01 8.313989e+01
      vertex   -9.200065e+01 2.052350e+01 8.313989e+01
      vertex   -9.007105e+01 2.166348e+01 8.313989e+01
    endloop
  endfacet
  facet normal 0.000000e+00 0.000000e+00 -1.000000e+00
    outer loop
      vertex   -9.007105e+01 2.166348e+01 8.313989e+01
      vertex   -9.200065e+01 2.052350e+01 8.313989e+01
      vertex   -9.207133e+01 2.156811e+01 8.313989e+01
    endloop
  endfacet
  facet normal -0.000000e+00 0.000000e+00 -1.000000e+00
    outer loop
      vertex   -9.007105e+01 2.166348e+01 8.313989e+01
      vertex   -9.207133e+01 2.156811e+01 8.313989e+01
      vertex   -9.021162e+01 2.276502e+01 8.313989e+01
    endloop
  endfacet
  facet normal 0.000000e+00 0.000000e+00 -1.000000e+00
    outer loop
      vertex   -9.021162e+01 2.276502e+01 8.313989e+01
      vertex   -9.207133e+01 2.156811e+01 8.313989e+01
      vertex   -9.221237e+01 2.260556e+01 8.313989e+01
    endloop
  endfacet
  facet normal -0.000000e+00 0.000000e+00 -1.000000e+00
    outer loop
      vertex   -9.021162e+01 2.276502e+01 8.313989e+01
      vertex   -9.221237e+01 2.260556e+01 8.313989e+01
      vertex   -9.042178e+01 2.385543e+01 8.313989e+01
    endloop
  endfacet
  facet normal 0.000000e+00 0.000000e+00 -1.000000e+00
    outer loop
      vertex   -9.042178e+01 2.385543e+01 8.313989e+01
      vertex   -9.221237e+01 2.260556e+01 8.313989e+01
      vertex   -9.242313e+01 2.363113e+01 8.313989e+01
    endloop
  endfacet
  facet normal -0.000000e+00 0.000000e+00 -1.000000e+00
    outer loop
      vertex   -9.042178e+01 2.385543e+01 8.313989e+01
      vertex   -9.242313e+01 2.363113e+01 8.313989e+01
      vertex   -9.070068e+01 2.493032e+01 8.313989e+01
    endloop
  endfacet
  facet normal 0.000000e+00 0.000000e+00 -1.000000e+00
    outer loop
      vertex   -9.070068e+01 2.493032e+01 8.313989e+01
      vertex   -9.242313e+01 2.363113e+01 8.313989e+01
      vertex   -9.270265e+01 2.464013e+01 8.313989e+01
    endloop
  endfacet
  facet normal -0.000000e+00 0.000000e+00 -1.000000e+00
    outer loop
      vertex   -9.070068e+01 2.493032e+01 8.313989e+01
      vertex   -9.270265e+01 2.464013e+01 8.313989e+01
      vertex   -9.104718e+01 2.598535e+01 8.313989e+01
    endloop
  endfacet
  facet normal 0.000000e+00 0.000000e+00 -1.000000e+00
    outer loop
      vertex   -9.104718e+01 2.598535e+01 8.313989e+01
      vertex   -9.270265e+01 2.464013e+01 8.313989e+01
      vertex   -9.304964e+01 2.562795e+01 8.313989e+01
    endloop
  endfacet
  facet normal -0.000000e+00 0.000000e+00 -1.000000e+00
    outer loop
      vertex   -9.104718e+01 2.598535e+01 8.313989e+01
      vertex   -9.304964e+01 2.562795e+01 8.313989e+01
      vertex   -9.145991e+01 2.701628e+01 8.313989e+01
    endloop
  endfacet
  facet normal 0.000000e+00 0.000000e+00 -1.000000e+00
    outer loop
      vertex   -9.145991e+01 2.701628e+01 8.313989e+01
      vertex   -9.304964e+01 2.562795e+01 8.313989e+01
      vertex   -9.346253e+01 2.659010e+01 8.313989e+01
    endloop
  endfacet
  facet normal -0.000000e+00 0.000000e+00 -1.000000e+00
    outer loop
      vertex   -9.145991e+01 2.701628e+01 8.313989e+01
      vertex   -9.346253e+01 2.659010e+01 8.313989e+01
      vertex   -9.193718e+01 2.801896e+01 8.313989e+01
    endloop
  endfacet
  facet normal 0.000000e+00 0.000000e+00 -1.000000e+00
    outer loop
      vertex   -9.193718e+01 2.801896e+01 8.313989e+01
      vertex   -9.346253e+01 2.659010e+01 8.313989e+01
      vertex   -9.393943e+01 2.752218e+01 8.313989e+01
    endloop
  endfacet
  facet normal -0.000000e+00 0.000000e+00 -1.000000e+00
    outer loop
      vertex   -9.193718e+01 2.801896e+01 8.313989e+01
      vertex   -9.393943e+01 2.752218e+01 8.313989e+01
      vertex   -9.247709e+01 2.898935e+01 8.313989e+01
    endloop
  endfacet
  facet normal 0.000000e+00 0.000000e+00 -1.000000e+00
    outer loop
      vertex   -9.247709e+01 2.898935e+01 8.313989e+01
      vertex   -9.393943e+01 2.752218e+01 8.313989e+01
      vertex   -9.447817e+01 2.841994e+01 8.313989e+01
    endloop
  endfacet
  facet normal -0.000000e+00 0.000000e+00 -1.000000e+00
    outer loop
      vertex   -9.247709e+01 2.898935e+01 8.313989e+01
      vertex   -9.447817e+01 2.841994e+01 8.313989e+01
      vertex   -9.307746e+01 2.992355e+01 8.313989e+01
    endloop
  endfacet
  facet normal 0.000000e+00 0.000000e+00 -1.000000e+00
    outer loop
      vertex   -9.307746e+01 2.992355e+01 8.313989e+01
      vertex   -9.447817e+01 2.841994e+01 8.313989e+01
      vertex   -9.507629e+01 2.927927e+01 8.313989e+01
    endloop
  endfacet
  facet normal -0.000000e+00 0.000000e+00 -1.000000e+00
    outer loop
      vertex   -9.307746e+01 2.992355e+01 8.313989e+01
      vertex   -9.507629e+01 2.927927e+01 8.313989e+01
      vertex   -9.373587e+01 3.081778e+01 8.313989e+01
    endloop
  endfacet
  facet normal 0.000000e+00 0.000000e+00 -1.000000e+00
    outer loop
      vertex   -9.373587e+01 3.081778e+01 8.313989e+01
      vertex   -9.507629e+01 2.927927e+01 8.313989e+01
      vertex   -9.573105e+01 3.009627e+01 8.313989e+01
    endloop
  endfacet
  facet normal -0.000000e+00 0.000000e+00 -1.000000e+00
    outer loop
      vertex   -9.373587e+01 3.081778e+01 8.313989e+01
      vertex   -9.573105e+01 3.009627e+01 8.313989e+01
      vertex   -9.444968e+01 3.166846e+01 8.313989e+01
    endloop
  endfacet
  facet normal 0.000000e+00 0.000000e+00 -1.000000e+00
    outer loop
      vertex   -9.444968e+01 3.166846e+01 8.313989e+01
      vertex   -9.573105e+01 3.009627e+01 8.313989e+01
      vertex   -9.643948e+01 3.086721e+01 8.313989e+01
    endloop
  endfacet
  facet normal -0.000000e+00 0.000000e+00 -1.000000e+00
    outer loop
      vertex   -9.444968e+01 3.166846e+01 8.313989e+01
      vertex   -9.643948e+01 3.086721e+01 8.313989e+01
      vertex   -9.521599e+01 3.247215e+01 8.313989e+01
    endloop
  endfacet
  facet normal 0.000000e+00 0.000000e+00 -1.000000e+00
    outer loop
      vertex   -9.521599e+01 3.247215e+01 8.313989e+01
      vertex   -9.643948e+01 3.086721e+01 8.313989e+01
      vertex   -9.719834e+01 3.158855e+01 8.313989e+01
    endloop
  endfacet
  facet normal -0.000000e+00 0.000000e+00 -1.000000e+00
    outer loop
      vertex   -9.521599e+01 3.247215e+01 8.313989e+01
      vertex   -9.719834e+01 3.158855e+01 8.313989e+01
      vertex   -9.603174e+01 3.322562e+01 8.313989e+01
    endloop
  endfacet
  facet normal 0.000000e+00 0.000000e+00 -1.000000e+00
    outer loop
      vertex   -9.603174e+01 3.322562e+01 8.313989e+01
      vertex   -9.719834e+01 3.158855e+01 8.313989e+01
      vertex   -9.800416e+01 3.225702e+01 8.313989e+01
    endloop
  endfacet
  facet normal -0.000000e+00 0.000000e+00 -1.000000e+00
    outer loop
      vertex   -9.603174e+01 3.322562e+01 8.313989e+01
      vertex   -9.800416e+01 3.225702e+01 8.313989e+01
      vertex   -9.689363e+01 3.392583e+01 8.313989e+01
    endloop
  endfacet
  facet normal 0.000000e+00 0.000000e+00 -1.000000e+00
    outer loop
      vertex   -9.689363e+01 3.392583e+01 8.313989e+01
      vertex   -9.800416e+01 3.225702e+01 8.313989e+01
      vertex   -9.885327e+01 3.286957e+01 8.313989e+01
    endloop
  endfacet
  facet normal -0.000000e+00 0.000000e+00 -1.000000e+00
    outer loop
      vertex   -9.689363e+01 3.392583e+01 8.313989e+01
      vertex   -9.885327e+01 3.286957e+01 8.313989e+01
      vertex   -9.779820e+01 3.456997e+01 8.313989e+01
    endloop
  endfacet
  facet normal 0.000000e+00 0.000000e+00 -1.000000e+00
    outer loop
      vertex   -9.779820e+01 3.456997e+01 8.313989e+01
      vertex   -9.885327e+01 3.286957e+01 8.313989e+01
      vertex   -9.974180e+01 3.342339e+01 8.313989e+01
    endloop
  endfacet
  facet normal -0.000000e+00 0.000000e+00 -1.000000e+00
    outer loop
      vertex   -9.779820e+01 3.456997e+01 8.313989e+01
      vertex   -9.974180e+01 3.342339e+01 8.313989e+01
      vertex   -9.874180e+01 3.515544e+01 8.313989e+01
    endloop
  endfacet
  facet normal -0.000000e+00 0.000000e+00 -1.000000e+00
    outer loop
      vertex   -9.874180e+01 3.515544e+01 8.313989e+01
      vertex   -9.974180e+01 3.342339e+01 8.313989e+01
      vertex   -9.972064e+01 3.567989e+01 8.313989e+01
    endloop
  endfacet
  facet normal 0.000000e+00 0.000000e+00 -1.000000e+00
    outer loop
      vertex   -9.972064e+01 3.567989e+01 8.313989e+01
      vertex   -9.974180e+01 3.342339e+01 8.313989e+01
      vertex   -1.006657e+02 3.391597e+01 8.313989e+01
    endloop
  endfacet
  facet normal -0.000000e+00 0.000000e+00 -1.000000e+00
    outer loop
      vertex   -9.972064e+01 3.567989e+01 8.313989e+01
      vertex   -1.006657e+02 3.391597e+01 8.313989e+01
      vertex   -1.007308e+02 3.614120e+01 8.313989e+01
    endloop
  endfacet
  facet normal 0.000000e+00 -0.000000e+00 -1.000000e+00
    outer loop
      vertex   -1.007308e+02 3.614120e+01 8.313989e+01
      vertex   -1.006657e+02 3.391597e+01 8.313989e+01
      vertex   -1.016207e+02 3.434505e+01 8.313989e+01
    endloop
  endfacet
  facet normal -0.000000e+00 0.000000e+00 -1.000000e+00
    outer loop
      vertex   -1.007308e+02 3.614120e+01 8.313989e+01
      vertex   -1.016207e+02 3.434505e+01 8.313989e+01
      vertex   -1.017681e+02 3.653751e+01 8.313989e+01
    endloop
  endfacet
  facet normal 0.000000e+00 -0.000000e+00 -1.000000e+00
    outer loop
      vertex   -1.017681e+02 3.653751e+01 8.313989e+01
      vertex   -1.016207e+02 3.434505e+01 8.313989e+01
      vertex   -1.026026e+02 3.470868e+01 8.313989e+01
    endloop
  endfacet
  facet normal -0.000000e+00 0.000000e+00 -1.000000e+00
    outer loop
      vertex   -1.017681e+02 3.653751e+01 8.313989e+01
      vertex   -1.026026e+02 3.470868e+01 8.313989e+01
      vertex   -1.028285e+02 3.686724e+01 8.313989e+01
    endloop
  endfacet
  facet normal 0.000000e+00 -0.000000e+00 -1.000000e+00
    outer loop
      vertex   -1.028285e+02 3.686724e+01 8.313989e+01
      vertex   -1.026026e+02 3.470868e+01 8.313989e+01
      vertex   -1.036067e+02 3.500520e+01 8.313989e+01
    endloop
  endfacet
  facet normal -0.000000e+00 0.000000e+00 -1.000000e+00
    outer loop
      vertex   -1.028285e+02 3.686724e+01 8.313989e+01
      vertex   -1.036067e+02 3.500520e+01 8.313989e+01
      vertex   -1.039077e+02 3.712904e+01 8.313989e+01
    endloop
  endfacet
  facet normal 0.000000e+00 -0.000000e+00 -1.000000e+00
    outer loop
      vertex   -1.039077e+02 3.712904e+01 8.313989e+01
      vertex   -1.036067e+02 3.500520e+01 8.313989e+01
      vertex   -1.046286e+02 3.523325e+01 8.313989e+01
    endloop
  endfacet
  facet normal -0.000000e+00 0.000000e+00 -1.000000e+00
    outer loop
      vertex   -1.039077e+02 3.712904e+01 8.313989e+01
      vertex   -1.046286e+02 3.523325e+01 8.313989e+01
      vertex   -1.050013e+02 3.732188e+01 8.313989e+01
    endloop
  endfacet
  facet normal 0.000000e+00 -0.000000e+00 -1.000000e+00
    outer loop
      vertex   -1.050013e+02 3.732188e+01 8.313989e+01
      vertex   -1.046286e+02 3.523325e+01 8.313989e+01
      vertex   -1.056635e+02 3.539179e+01 8.313989e+01
    endloop
  endfacet
  facet normal -0.000000e+00 0.000000e+00 -1.000000e+00
    outer loop
      vertex   -1.050013e+02 3.732188e+01 8.313989e+01
      vertex   -1.056635e+02 3.539179e+01 8.313989e+01
      vertex   -1.061049e+02 3.744496e+01 8.313989e+01
    endloop
  endfacet
  facet normal 0.000000e+00 -0.000000e+00 -1.000000e+00
    outer loop
      vertex   -1.061049e+02 3.744496e+01 8.313989e+01
      vertex   -1.056635e+02 3.539179e+01 8.313989e+01
      vertex   -1.067067e+02 3.548011e+01 8.313989e+01
    endloop
  endfacet
  facet normal -0.000000e+00 0.000000e+00 -1.000000e+00
    outer loop
      vertex   -1.061049e+02 3.744496e+01 8.313989e+01
      vertex   -1.067067e+02 3.548011e+01 8.313989e+01
      vertex   -1.072141e+02 3.749780e+01 8.313989e+01
    endloop
  endfacet
  facet normal 0.000000e+00 -0.000000e+00 -1.000000e+00
    outer loop
      vertex   -1.072141e+02 3.749780e+01 8.313989e+01
      vertex   -1.067067e+02 3.548011e+01 8.313989e+01
      vertex   -1.077536e+02 3.549779e+01 8.313989e+01
    endloop
  endfacet
  facet normal 0.000000e+00 0.000000e+00 -1.000000e+00
    outer loop
      vertex   -1.072141e+02 3.749780e+01 8.313989e+01
      vertex   -1.077536e+02 3.549779e+01 8.313989e+01
      vertex   -1.083245e+02 3.748018e+01 8.313989e+01
    endloop
  endfacet
  facet normal 0.000000e+00 -0.000000e+00 -1.000000e+00
    outer loop
      vertex   -1.083245e+02 3.748018e+01 8.313989e+01
      vertex   -1.077536e+02 3.549779e+01 8.313989e+01
      vertex   -1.087992e+02 3.544476e+01 8.313989e+01
    endloop
  endfacet
  facet normal 0.000000e+00 0.000000e+00 -1.000000e+00
    outer loop
      vertex   -1.083245e+02 3.748018e+01 8.313989e+01
      vertex   -1.087992e+02 3.544476e+01 8.313989e+01
      vertex   -1.094315e+02 3.739217e+01 8.313989e+01
    endloop
  endfacet
  facet normal 0.000000e+00 -0.000000e+00 -1.000000e+00
    outer loop
      vertex   -1.094315e+02 3.739217e+01 8.313989e+01
      vertex   -1.087992e+02 3.544476e+01 8.313989e+01
      vertex   -1.098389e+02 3.532126e+01 8.313989e+01
    endloop
  endfacet
  facet normal 0.000000e+00 0.000000e+00 -1.000000e+00
    outer loop
      vertex   -1.094315e+02 3.739217e+01 8.313989e+01
      vertex   -1.098389e+02 3.532126e+01 8.313989e+01
      vertex   -1.105306e+02 3.723414e+01 8.313989e+01
    endloop
  endfacet
  facet normal 0.000000e+00 -0.000000e+00 -1.000000e+00
    outer loop
      vertex   -1.105306e+02 3.723414e+01 8.313989e+01
      vertex   -1.098389e+02 3.532126e+01 8.313989e+01
      vertex   -1.108679e+02 3.512785e+01 8.313989e+01
    endloop
  endfacet
  facet normal 0.000000e+00 0.000000e+00 -1.000000e+00
    outer loop
      vertex   -1.105306e+02 3.723414e+01 8.313989e+01
      vertex   -1.108679e+02 3.512785e+01 8.313989e+01
      vertex   -1.116176e+02 3.700670e+01 8.313989e+01
    endloop
  endfacet
  facet normal 0.000000e+00 -0.000000e+00 -1.000000e+00
    outer loop
      vertex   -1.116176e+02 3.700670e+01 8.313989e+01
      vertex   -1.108679e+02 3.512785e+01 8.313989e+01
      vertex   -1.118815e+02 3.486542e+01 8.313989e+01
    endloop
  endfacet
  facet normal 0.000000e+00 0.000000e+00 -1.000000e+00
    outer loop
      vertex   -1.116176e+02 3.700670e+01 8.313989e+01
      vertex   -1.118815e+02 3.486542e+01 8.313989e+01
      vertex   -1.126879e+02 3.671079e+01 8.313989e+01
    endloop
  endfacet
  facet normal 0.000000e+00 -0.000000e+00 -1.000000e+00
    outer loop
      vertex   -1.126879e+02 3.671079e+01 8.313989e+01
      vertex   -1.118815e+02 3.486542e+01 8.313989e+01
      vertex   -1.128750e+02 3.453516e+01 8.313989e+01
    endloop
  endfacet
  facet normal 0.000000e+00 0.000000e+00 -1.000000e+00
    outer loop
      vertex   -1.126879e+02 3.671079e+01 8.313989e+01
      vertex   -1.128750e+02 3.453516e+01 8.313989e+01
      vertex   -1.137373e+02 3.634759e+01 8.313989e+01
    endloop
  endfacet
  facet normal 0.000000e+00 -0.000000e+00 -1.000000e+00
    outer loop
      vertex   -1.137373e+02 3.634759e+01 8.313989e+01
      vertex   -1.128750e+02 3.453516e+01 8.313989e+01
      vertex   -1.138440e+02 3.413858e+01 8.313989e+01
    endloop
  endfacet
  facet normal 0.000000e+00 0.000000e+00 -1.000000e+00
    outer loop
      vertex   -1.137373e+02 3.634759e+01 8.313989e+01
      vertex   -1.138440e+02 3.413858e+01 8.313989e+01
      vertex   -1.147616e+02 3.591856e+01 8.313989e+01
    endloop
  endfacet
  facet normal 0.000000e+00 -0.000000e+00 -1.000000e+00
    outer loop
      vertex   -1.147616e+02 3.591856e+01 8.313989e+01
      vertex   -1.138440e+02 3.413858e+01 8.313989e+01
      vertex   -1.147840e+02 3.367749e+01 8.313989e+01
    endloop
  endfacet
  facet normal 0.000000e+00 0.000000e+00 -1.000000e+00
    outer loop
      vertex   -1.147616e+02 3.591856e+01 8.313989e+01
      vertex   -1.147840e+02 3.367749e+01 8.313989e+01
      vertex   -1.157565e+02 3.542543e+01 8.313989e+01
    endloop
  endfacet
  facet normal 0.000000e+00 0.000000e+00 -1.000000e+00
    outer loop
      vertex   -1.157565e+02 3.542543e+01 8.313989e+01
      vertex   -1.147840e+02 3.367749e+01 8.313989e+01
      vertex   -1.156907e+02 3.315399e+01 8.313989e+01
    endloop
  endfacet
  facet normal 0.000000e+00 -0.000000e+00 -1.000000e+00
    outer loop
      vertex   -1.157565e+02 3.542543e+01 8.313989e+01
      vertex   -1.156907e+02 3.315399e+01 8.313989e+01
      vertex   -1.167182e+02 3.487020e+01 8.313989e+01
    endloop
  endfacet
  facet normal 0.000000e+00 -0.000000e+00 -1.000000e+00
    outer loop
      vertex   -1.167182e+02 3.487020e+01 8.313989e+01
      vertex   -1.156907e+02 3.315399e+01 8.313989e+01
      vertex   -1.176428e+02 3.425508e+01 8.313989e+01
    endloop
  endfacet
  facet normal 0.000000e+00 0.000000e+00 -1.000000e+00
    outer loop
      vertex   -1.176428e+02 3.425508e+01 8.313989e+01
      vertex   -1.156907e+02 3.315399e+01 8.313989e+01
      vertex   -1.165601e+02 3.257047e+01 8.313989e+01
    endloop
  endfacet
  facet normal 0.000000e+00 -0.000000e+00 -1.000000e+00
    outer loop
      vertex   -1.176428e+02 3.425508e+01 8.313989e+01
      vertex   -1.165601e+02 3.257047e+01 8.313989e+01
      vertex   -1.185265e+02 3.358256e+01 8.313989e+01
    endloop
  endfacet
  facet normal 0.000000e+00 0.000000e+00 -1.000000e+00
    outer loop
      vertex   -1.185265e+02 3.358256e+01 8.313989e+01
      vertex   -1.165601e+02 3.257047e+01 8.313989e+01
      vertex   -1.173880e+02 3.192959e+01 8.313989e+01
    endloop
  endfacet
  facet normal 0.000000e+00 -0.000000e+00 -1.000000e+00
    outer loop
      vertex   -1.185265e+02 3.358256e+01 8.313989e+01
      vertex   -1.173880e+02 3.192959e+01 8.313989e+01
      vertex   -1.193657e+02 3.285535e+01 8.313989e+01
    endloop
  endfacet
  facet normal 0.000000e+00 0.000000e+00 -1.000000e+00
    outer loop
      vertex   -1.193657e+02 3.285535e+01 8.313989e+01
      vertex   -1.173880e+02 3.192959e+01 8.313989e+01
      vertex   -1.181708e+02 3.123429e+01 8.313989e+01
    endloop
  endfacet
  facet normal 0.000000e+00 -0.000000e+00 -1.000000e+00
    outer loop
      vertex   -1.193657e+02 3.285535e+01 8.313989e+01
      vertex   -1.181708e+02 3.123429e+01 8.313989e+01
      vertex   -1.201571e+02 3.207638e+01 8.313989e+01
    endloop
  endfacet
  facet normal 0.000000e+00 0.000000e+00 -1.000000e+00
    outer loop
      vertex   -1.201571e+02 3.207638e+01 8.313989e+01
      vertex   -1.181708e+02 3.123429e+01 8.313989e+01
      vertex   -1.189049e+02 3.048772e+01 8.313989e+01
    endloop
  endfacet
  facet normal 0.000000e+00 -0.000000e+00 -1.000000e+00
    outer loop
      vertex   -1.201571e+02 3.207638e+01 8.313989e+01
      vertex   -1.189049e+02 3.048772e+01 8.313989e+01
      vertex   -1.208976e+02 3.124878e+01 8.313989e+01
    endloop
  endfacet
  facet normal 0.000000e+00 0.000000e+00 -1.000000e+00
    outer loop
      vertex   -1.208976e+02 3.124878e+01 8.313989e+01
      vertex   -1.189049e+02 3.048772e+01 8.313989e+01
      vertex   -1.195868e+02 2.969330e+01 8.313989e+01
    endloop
  endfacet
  facet normal 0.000000e+00 -0.000000e+00 -1.000000e+00
    outer loop
      vertex   -1.208976e+02 3.124878e+01 8.313989e+01
      vertex   -1.195868e+02 2.969330e+01 8.313989e+01
      vertex   -1.215840e+02 3.037589e+01 8.313989e+01
    endloop
  endfacet
  facet normal 0.000000e+00 0.000000e+00 -1.000000e+00
    outer loop
      vertex   -1.215840e+02 3.037589e+01 8.313989e+01
      vertex   -1.195868e+02 2.969330e+01 8.313989e+01
      vertex   -1.202136e+02 2.885466e+01 8.313989e+01
    endloop
  endfacet
  facet normal 0.000000e+00 -0.000000e+00 -1.000000e+00
    outer loop
      vertex   -1.215840e+02 3.037589e+01 8.313989e+01
      vertex   -1.202136e+02 2.885466e+01 8.313989e+01
      vertex   -1.222137e+02 2.946121e+01 8.313989e+01
    endloop
  endfacet
  facet normal 0.000000e+00 0.000000e+00 -1.000000e+00
    outer loop
      vertex   -1.222137e+02 2.946121e+01 8.313989e+01
      vertex   -1.202136e+02 2.885466e+01 8.313989e+01
      vertex   -1.207824e+02 2.797561e+01 8.313989e+01
    endloop
  endfacet
  facet normal 0.000000e+00 -0.000000e+00 -1.000000e+00
    outer loop
      vertex   -1.222137e+02 2.946121e+01 8.313989e+01
      vertex   -1.207824e+02 2.797561e+01 8.313989e+01
      vertex   -1.227842e+02 2.850844e+01 8.313989e+01
    endloop
  endfacet
  facet normal 0.000000e+00 0.000000e+00 -1.000000e+00
    outer loop
      vertex   -1.227842e+02 2.850844e+01 8.313989e+01
      vertex   -1.207824e+02 2.797561e+01 8.313989e+01
      vertex   -1.212905e+02 2.706017e+01 8.313989e+01
    endloop
  endfacet
  facet normal 0.000000e+00 -0.000000e+00 -1.000000e+00
    outer loop
      vertex   -1.227842e+02 2.850844e+01 8.313989e+01
      vertex   -1.212905e+02 2.706017e+01 8.313989e+01
      vertex   -1.232930e+02 2.752141e+01 8.313989e+01
    endloop
  endfacet
  facet normal 0.000000e+00 0.000000e+00 -1.000000e+00
    outer loop
      vertex   -1.232930e+02 2.752141e+01 8.313989e+01
      vertex   -1.212905e+02 2.706017e+01 8.313989e+01
      vertex   -1.217357e+02 2.611252e+01 8.313989e+01
    endloop
  endfacet
  facet normal 0.000000e+00 -0.000000e+00 -1.000000e+00
    outer loop
      vertex   -1.232930e+02 2.752141e+01 8.313989e+01
      vertex   -1.217357e+02 2.611252e+01 8.313989e+01
      vertex   -1.237382e+02 2.650409e+01 8.313989e+01
    endloop
  endfacet
  facet normal 0.000000e+00 0.000000e+00 -1.000000e+00
    outer loop
      vertex   -1.237382e+02 2.650409e+01 8.313989e+01
      vertex   -1.217357e+02 2.611252e+01 8.313989e+01
      vertex   -1.221158e+02 2.513697e+01 8.313989e+01
    endloop
  endfacet
  facet normal 0.000000e+00 -0.000000e+00 -1.000000e+00
    outer loop
      vertex   -1.237382e+02 2.650409e+01 8.313989e+01
      vertex   -1.221158e+02 2.513697e+01 8.313989e+01
      vertex   -1.241180e+02 2.546059e+01 8.313989e+01
    endloop
  endfacet
  facet normal 0.000000e+00 0.000000e+00 -1.000000e+00
    outer loop
      vertex   -1.241180e+02 2.546059e+01 8.313989e+01
      vertex   -1.221158e+02 2.513697e+01 8.313989e+01
      vertex   -1.224292e+02 2.413799e+01 8.313989e+01
    endloop
  endfacet
  facet normal 0.000000e+00 -0.000000e+00 -1.000000e+00
    outer loop
      vertex   -1.241180e+02 2.546059e+01 8.313989e+01
      vertex   -1.224292e+02 2.413799e+01 8.313989e+01
      vertex   -1.244309e+02 2.439509e+01 8.313989e+01
    endloop
  endfacet
  facet normal 0.000000e+00 0.000000e+00 -1.000000e+00
    outer loop
      vertex   -1.244309e+02 2.439509e+01 8.313989e+01
      vertex   -1.224292e+02 2.413799e+01 8.313989e+01
      vertex   -1.226745e+02 2.312013e+01 8.313989e+01
    endloop
  endfacet
  facet normal 0.000000e+00 -0.000000e+00 -1.000000e+00
    outer loop
      vertex   -1.244309e+02 2.439509e+01 8.313989e+01
      vertex   -1.226745e+02 2.312013e+01 8.313989e+01
      vertex   -1.246756e+02 2.331190e+01 8.313989e+01
    endloop
  endfacet
  facet normal 0.000000e+00 0.000000e+00 -1.000000e+00
    outer loop
      vertex   -1.246756e+02 2.331190e+01 8.313989e+01
      vertex   -1.226745e+02 2.312013e+01 8.313989e+01
      vertex   -1.228505e+02 2.208803e+01 8.313989e+01
    endloop
  endfacet
  facet normal 0.000000e+00 -0.000000e+00 -1.000000e+00
    outer loop
      vertex   -1.246756e+02 2.331190e+01 8.313989e+01
      vertex   -1.228505e+02 2.208803e+01 8.313989e+01
      vertex   -1.248510e+02 2.221537e+01 8.313989e+01
    endloop
  endfacet
  facet normal 0.000000e+00 0.000000e+00 -1.000000e+00
    outer loop
      vertex   -1.248510e+02 2.221537e+01 8.313989e+01
      vertex   -1.228505e+02 2.208803e+01 8.313989e+01
      vertex   -1.229564e+02 2.104640e+01 8.313989e+01
    endloop
  endfacet
  facet normal 0.000000e+00 -0.000000e+00 -1.000000e+00
    outer loop
      vertex   -1.248510e+02 2.221537e+01 8.313989e+01
      vertex   -1.229564e+02 2.104640e+01 8.313989e+01
      vertex   -1.249566e+02 2.110992e+01 8.313989e+01
    endloop
  endfacet
  facet normal 0.000000e+00 0.000000e+00 -1.000000e+00
    outer loop
      vertex   -1.249566e+02 2.110992e+01 8.313989e+01
      vertex   -1.229564e+02 2.104640e+01 8.313989e+01
      vertex   -1.229918e+02 2.000000e+01 8.313989e+01
    endloop
  endfacet
  facet normal 0.000000e+00 0.000000e+00 -1.000000e+00
    outer loop
      vertex   -8.802738e+01 1.882262e+01 9.313989e+01
      vertex   -9.000061e+01 1.944476e+01 9.313989e+01
      vertex   -8.799180e+01 2.000000e+01 9.313989e+01
    endloop
  endfacet
  facet normal -0.000000e+00 0.000000e+00 -1.000000e+00
    outer loop
      vertex   -8.799180e+01 2.000000e+01 9.313989e+01
      vertex   -9.000061e+01 1.944476e+01 9.313989e+01
      vertex   -9.000061e+01 2.055524e+01 9.313989e+01
    endloop
  endfacet
  facet normal 0.000000e+00 0.000000e+00 -1.000000e+00
    outer loop
      vertex   -8.799180e+01 2.000000e+01 9.313989e+01
      vertex   -9.000061e+01 2.055524e+01 9.313989e+01
      vertex   -8.802738e+01 2.117738e+01 9.313989e+01
    endloop
  endfacet
  facet normal -0.000000e+00 0.000000e+00 -1.000000e+00
    outer loop
      vertex   -8.802738e+01 2.117738e+01 9.313989e+01
      vertex   -9.000061e+01 2.055524e+01 9.313989e+01
      vertex   -9.007105e+01 2.166348e+01 9.313989e+01
    endloop
  endfacet
  facet normal 0.000000e+00 0.000000e+00 -1.000000e+00
    outer loop
      vertex   -8.802738e+01 2.117738e+01 9.313989e+01
      vertex   -9.007105e+01 2.166348e+01 9.313989e+01
      vertex   -8.813398e+01 2.235047e+01 9.313989e+01
    endloop
  endfacet
  facet normal -0.000000e+00 0.000000e+00 -1.000000e+00
    outer loop
      vertex   -8.813398e+01 2.235047e+01 9.313989e+01
      vertex   -9.007105e+01 2.166348e+01 9.313989e+01
      vertex   -9.021162e+01 2.276502e+01 9.313989e+01
    endloop
  endfacet
  facet normal 0.000000e+00 0.000000e+00 -1.000000e+00
    outer loop
      vertex   -8.813398e+01 2.235047e+01 9.313989e+01
      vertex   -9.021162e+01 2.276502e+01 9.313989e+01
      vertex   -8.831122e+01 2.351497e+01 9.313989e+01
    endloop
  endfacet
  facet normal -0.000000e+00 0.000000e+00 -1.000000e+00
    outer loop
      vertex   -8.831122e+01 2.351497e+01 9.313989e+01
      vertex   -9.021162e+01 2.276502e+01 9.313989e+01
      vertex   -9.042178e+01 2.385543e+01 9.313989e+01
    endloop
  endfacet
  facet normal 0.000000e+00 0.000000e+00 -1.000000e+00
    outer loop
      vertex   -8.831122e+01 2.351497e+01 9.313989e+01
      vertex   -9.042178e+01 2.385543e+01 9.313989e+01
      vertex   -8.855844e+01 2.466666e+01 9.313989e+01
    endloop
  endfacet
  facet normal -0.000000e+00 0.000000e+00 -1.000000e+00
    outer loop
      vertex   -8.855844e+01 2.466666e+01 9.313989e+01
      vertex   -9.042178e+01 2.385543e+01 9.313989e+01
      vertex   -9.070068e+01 2.493032e+01 9.313989e+01
    endloop
  endfacet
  facet normal 0.000000e+00 0.000000e+00 -1.000000e+00
    outer loop
      vertex   -8.855844e+01 2.466666e+01 9.313989e+01
      vertex   -9.070068e+01 2.493032e+01 9.313989e+01
      vertex   -8.887475e+01 2.580131e+01 9.313989e+01
    endloop
  endfacet
  facet normal -0.000000e+00 0.000000e+00 -1.000000e+00
    outer loop
      vertex   -8.887475e+01 2.580131e+01 9.313989e+01
      vertex   -9.070068e+01 2.493032e+01 9.313989e+01
      vertex   -9.104718e+01 2.598535e+01 9.313989e+01
    endloop
  endfacet
  facet normal 0.000000e+00 0.000000e+00 -1.000000e+00
    outer loop
      vertex   -8.887475e+01 2.580131e+01 9.313989e+01
      vertex   -9.104718e+01 2.598535e+01 9.313989e+01
      vertex   -8.925899e+01 2.691480e+01 9.313989e+01
    endloop
  endfacet
  facet normal -0.000000e+00 0.000000e+00 -1.000000e+00
    outer loop
      vertex   -8.925899e+01 2.691480e+01 9.313989e+01
      vertex   -9.104718e+01 2.598535e+01 9.313989e+01
      vertex   -9.145991e+01 2.701628e+01 9.313989e+01
    endloop
  endfacet
  facet normal 0.000000e+00 0.000000e+00 -1.000000e+00
    outer loop
      vertex   -8.925899e+01 2.691480e+01 9.313989e+01
      vertex   -9.145991e+01 2.701628e+01 9.313989e+01
      vertex   -8.970976e+01 2.800305e+01 9.313989e+01
    endloop
  endfacet
  facet normal -0.000000e+00 0.000000e+00 -1.000000e+00
    outer loop
      vertex   -8.970976e+01 2.800305e+01 9.313989e+01
      vertex   -9.145991e+01 2.701628e+01 9.313989e+01
      vertex   -9.193718e+01 2.801896e+01 9.313989e+01
    endloop
  endfacet
  facet normal 0.000000e+00 0.000000e+00 -1.000000e+00
    outer loop
      vertex   -8.970976e+01 2.800305e+01 9.313989e+01
      vertex   -9.193718e+01 2.801896e+01 9.313989e+01
      vertex   -9.022541e+01 2.906210e+01 9.313989e+01
    endloop
  endfacet
  facet normal 0.000000e+00 0.000000e+00 -1.000000e+00
    outer loop
      vertex   -9.022541e+01 2.906210e+01 9.313989e+01
      vertex   -9.193718e+01 2.801896e+01 9.313989e+01
      vertex   -9.247709e+01 2.898935e+01 9.313989e+01
    endloop
  endfacet
  facet normal -0.000000e+00 0.000000e+00 -1.000000e+00
    outer loop
      vertex   -9.022541e+01 2.906210e+01 9.313989e+01
      vertex   -9.247709e+01 2.898935e+01 9.313989e+01
      vertex   -9.080407e+01 3.008809e+01 9.313989e+01
    endloop
  endfacet
  facet normal 0.000000e+00 0.000000e+00 -1.000000e+00
    outer loop
      vertex   -9.080407e+01 3.008809e+01 9.313989e+01
      vertex   -9.247709e+01 2.898935e+01 9.313989e+01
      vertex   -9.307746e+01 2.992355e+01 9.313989e+01
    endloop
  endfacet
  facet normal -0.000000e+00 0.000000e+00 -1.000000e+00
    outer loop
      vertex   -9.080407e+01 3.008809e+01 9.313989e+01
      vertex   -9.307746e+01 2.992355e+01 9.313989e+01
      vertex   -9.144362e+01 3.107726e+01 9.313989e+01
    endloop
  endfacet
  facet normal -0.000000e+00 0.000000e+00 -1.000000e+00
    outer loop
      vertex   -9.144362e+01 3.107726e+01 9.313989e+01
      vertex   -9.307746e+01 2.992355e+01 9.313989e+01
      vertex   -9.214173e+01 3.202602e+01 9.313989e+01
    endloop
  endfacet
  facet normal 0.000000e+00 0.000000e+00 -1.000000e+00
    outer loop
      vertex   -9.214173e+01 3.202602e+01 9.313989e+01
      vertex   -9.307746e+01 2.992355e+01 9.313989e+01
      vertex   -9.373587e+01 3.081778e+01 9.313989e+01
    endloop
  endfacet
  facet normal -0.000000e+00 0.000000e+00 -1.000000e+00
    outer loop
      vertex   -9.214173e+01 3.202602e+01 9.313989e+01
      vertex   -9.373587e+01 3.081778e+01 9.313989e+01
      vertex   -9.289584e+01 3.293089e+01 9.313989e+01
    endloop
  endfacet
  facet normal 0.000000e+00 0.000000e+00 -1.000000e+00
    outer loop
      vertex   -9.289584e+01 3.293089e+01 9.313989e+01
      vertex   -9.373587e+01 3.081778e+01 9.313989e+01
      vertex   -9.444968e+01 3.166846e+01 9.313989e+01
    endloop
  endfacet
  facet normal -0.000000e+00 0.000000e+00 -1.000000e+00
    outer loop
      vertex   -9.289584e+01 3.293089e+01 9.313989e+01
      vertex   -9.444968e+01 3.166846e+01 9.313989e+01
      vertex   -9.370322e+01 3.378858e+01 9.313989e+01
    endloop
  endfacet
  facet normal 0.000000e+00 0.000000e+00 -1.000000e+00
    outer loop
      vertex   -9.370322e+01 3.378858e+01 9.313989e+01
      vertex   -9.444968e+01 3.166846e+01 9.313989e+01
      vertex   -9.521599e+01 3.247215e+01 9.313989e+01
    endloop
  endfacet
  facet normal -0.000000e+00 0.000000e+00 -1.000000e+00
    outer loop
      vertex   -9.370322e+01 3.378858e+01 9.313989e+01
      vertex   -9.521599e+01 3.247215e+01 9.313989e+01
      vertex   -9.456091e+01 3.459596e+01 9.313989e+01
    endloop
  endfacet
  facet normal 0.000000e+00 0.000000e+00 -1.000000e+00
    outer loop
      vertex   -9.456091e+01 3.459596e+01 9.313989e+01
      vertex   -9.521599e+01 3.247215e+01 9.313989e+01
      vertex   -9.603174e+01 3.322562e+01 9.313989e+01
    endloop
  endfacet
  facet normal -0.000000e+00 0.000000e+00 -1.000000e+00
    outer loop
      vertex   -9.456091e+01 3.459596e+01 9.313989e+01
      vertex   -9.603174e+01 3.322562e+01 9.313989e+01
      vertex   -9.546579e+01 3.535008e+01 9.313989e+01
    endloop
  endfacet
  facet normal 0.000000e+00 0.000000e+00 -1.000000e+00
    outer loop
      vertex   -9.546579e+01 3.535008e+01 9.313989e+01
      vertex   -9.603174e+01 3.322562e+01 9.313989e+01
      vertex   -9.689363e+01 3.392583e+01 9.313989e+01
    endloop
  endfacet
  facet normal -0.000000e+00 0.000000e+00 -1.000000e+00
    outer loop
      vertex   -9.546579e+01 3.535008e+01 9.313989e+01
      vertex   -9.689363e+01 3.392583e+01 9.313989e+01
      vertex   -9.641454e+01 3.604819e+01 9.313989e+01
    endloop
  endfacet
  facet normal 0.000000e+00 0.000000e+00 -1.000000e+00
    outer loop
      vertex   -9.641454e+01 3.604819e+01 9.313989e+01
      vertex   -9.689363e+01 3.392583e+01 9.313989e+01
      vertex   -9.779820e+01 3.456997e+01 9.313989e+01
    endloop
  endfacet
  facet normal -0.000000e+00 0.000000e+00 -1.000000e+00
    outer loop
      vertex   -9.641454e+01 3.604819e+01 9.313989e+01
      vertex   -9.779820e+01 3.456997e+01 9.313989e+01
      vertex   -9.740372e+01 3.668773e+01 9.313989e+01
    endloop
  endfacet
  facet normal 0.000000e+00 0.000000e+00 -1.000000e+00
    outer loop
      vertex   -9.740372e+01 3.668773e+01 9.313989e+01
      vertex   -9.779820e+01 3.456997e+01 9.313989e+01
      vertex   -9.874180e+01 3.515544e+01 9.313989e+01
    endloop
  endfacet
  facet normal -0.000000e+00 0.000000e+00 -1.000000e+00
    outer loop
      vertex   -9.740372e+01 3.668773e+01 9.313989e+01
      vertex   -9.874180e+01 3.515544e+01 9.313989e+01
      vertex   -9.842970e+01 3.726639e+01 9.313989e+01
    endloop
  endfacet
  facet normal 0.000000e+00 0.000000e+00 -1.000000e+00
    outer loop
      vertex   -9.842970e+01 3.726639e+01 9.313989e+01
      vertex   -9.874180e+01 3.515544e+01 9.313989e+01
      vertex   -9.972064e+01 3.567989e+01 9.313989e+01
    endloop
  endfacet
  facet normal -0.000000e+00 0.000000e+00 -1.000000e+00
    outer loop
      vertex   -9.842970e+01 3.726639e+01 9.313989e+01
      vertex   -9.972064e+01 3.567989e+01 9.313989e+01
      vertex   -9.948875e+01 3.778205e+01 9.313989e+01
    endloop
  endfacet
  facet normal 0.000000e+00 0.000000e+00 -1.000000e+00
    outer loop
      vertex   -9.948875e+01 3.778205e+01 9.313989e+01
      vertex   -9.972064e+01 3.567989e+01 9.313989e+01
      vertex   -1.007308e+02 3.614120e+01 9.313989e+01
    endloop
  endfacet
  facet normal -0.000000e+00 0.000000e+00 -1.000000e+00
    outer loop
      vertex   -9.948875e+01 3.778205e+01 9.313989e+01
      vertex   -1.007308e+02 3.614120e+01 9.313989e+01
      vertex   -1.005770e+02 3.823282e+01 9.313989e+01
    endloop
  endfacet
  facet normal 0.000000e+00 0.000000e+00 -1.000000e+00
    outer loop
      vertex   -1.005770e+02 3.823282e+01 9.313989e+01
      vertex   -1.007308e+02 3.614120e+01 9.313989e+01
      vertex   -1.017681e+02 3.653751e+01 9.313989e+01
    endloop
  endfacet
  facet normal -0.000000e+00 0.000000e+00 -1.000000e+00
    outer loop
      vertex   -1.005770e+02 3.823282e+01 9.313989e+01
      vertex   -1.017681e+02 3.653751e+01 9.313989e+01
      vertex   -1.016905e+02 3.861706e+01 9.313989e+01
    endloop
  endfacet
  facet normal 0.000000e+00 0.000000e+00 -1.000000e+00
    outer loop
      vertex   -1.016905e+02 3.861706e+01 9.313989e+01
      vertex   -1.017681e+02 3.653751e+01 9.313989e+01
      vertex   -1.028285e+02 3.686724e+01 9.313989e+01
    endloop
  endfacet
  facet normal -0.000000e+00 0.000000e+00 -1.000000e+00
    outer loop
      vertex   -1.016905e+02 3.861706e+01 9.313989e+01
      vertex   -1.028285e+02 3.686724e+01 9.313989e+01
      vertex   -1.028251e+02 3.893337e+01 9.313989e+01
    endloop
  endfacet
  facet normal 0.000000e+00 0.000000e+00 -1.000000e+00
    outer loop
      vertex   -1.028251e+02 3.893337e+01 9.313989e+01
      vertex   -1.028285e+02 3.686724e+01 9.313989e+01
      vertex   -1.039077e+02 3.712904e+01 9.313989e+01
    endloop
  endfacet
  facet normal -0.000000e+00 0.000000e+00 -1.000000e+00
    outer loop
      vertex   -1.028251e+02 3.893337e+01 9.313989e+01
      vertex   -1.039077e+02 3.712904e+01 9.313989e+01
      vertex   -1.039768e+02 3.918059e+01 9.313989e+01
    endloop
  endfacet
  facet normal 0.000000e+00 -0.000000e+00 -1.000000e+00
    outer loop
      vertex   -1.039768e+02 3.918059e+01 9.313989e+01
      vertex   -1.039077e+02 3.712904e+01 9.313989e+01
      vertex   -1.050013e+02 3.732188e+01 9.313989e+01
    endloop
  endfacet
  facet normal -0.000000e+00 0.000000e+00 -1.000000e+00
    outer loop
      vertex   -1.039768e+02 3.918059e+01 9.313989e+01
      vertex   -1.050013e+02 3.732188e+01 9.313989e+01
      vertex   -1.051413e+02 3.935782e+01 9.313989e+01
    endloop
  endfacet
  facet normal 0.000000e+00 -0.000000e+00 -1.000000e+00
    outer loop
      vertex   -1.051413e+02 3.935782e+01 9.313989e+01
      vertex   -1.050013e+02 3.732188e+01 9.313989e+01
      vertex   -1.061049e+02 3.744496e+01 9.313989e+01
    endloop
  endfacet
  facet normal -0.000000e+00 0.000000e+00 -1.000000e+00
    outer loop
      vertex   -1.051413e+02 3.935782e+01 9.313989e+01
      vertex   -1.061049e+02 3.744496e+01 9.313989e+01
      vertex   -1.063144e+02 3.946442e+01 9.313989e+01
    endloop
  endfacet
  facet normal 0.000000e+00 -0.000000e+00 -1.000000e+00
    outer loop
      vertex   -1.063144e+02 3.946442e+01 9.313989e+01
      vertex   -1.061049e+02 3.744496e+01 9.313989e+01
      vertex   -1.072141e+02 3.749780e+01 9.313989e+01
    endloop
  endfacet
  facet normal -0.000000e+00 0.000000e+00 -1.000000e+00
    outer loop
      vertex   -1.063144e+02 3.946442e+01 9.313989e+01
      vertex   -1.072141e+02 3.749780e+01 9.313989e+01
      vertex   -1.074918e+02 3.950000e+01 9.313989e+01
    endloop
  endfacet
  facet normal 0.000000e+00 -0.000000e+00 -1.000000e+00
    outer loop
      vertex   -1.074918e+02 3.950000e+01 9.313989e+01
      vertex   -1.072141e+02 3.749780e+01 9.313989e+01
      vertex   -1.083245e+02 3.748018e+01 9.313989e+01
    endloop
  endfacet
  facet normal 0.000000e+00 0.000000e+00 -1.000000e+00
    outer loop
      vertex   -1.074918e+02 3.950000e+01 9.313989e+01
      vertex   -1.083245e+02 3.748018e+01 9.313989e+01
      vertex   -1.086692e+02 3.946442e+01 9.313989e+01
    endloop
  endfacet
  facet normal 0.000000e+00 -0.000000e+00 -1.000000e+00
    outer loop
      vertex   -1.086692e+02 3.946442e+01 9.313989e+01
      vertex   -1.083245e+02 3.748018e+01 9.313989e+01
      vertex   -1.094315e+02 3.739217e+01 9.313989e+01
    endloop
  endfacet
  facet normal 0.000000e+00 0.000000e+00 -1.000000e+00
    outer loop
      vertex   -1.086692e+02 3.946442e+01 9.313989e+01
      vertex   -1.094315e+02 3.739217e+01 9.313989e+01
      vertex   -1.098423e+02 3.935782e+01 9.313989e+01
    endloop
  endfacet
  facet normal 0.000000e+00 -0.000000e+00 -1.000000e+00
    outer loop
      vertex   -1.098423e+02 3.935782e+01 9.313989e+01
      vertex   -1.094315e+02 3.739217e+01 9.313989e+01
      vertex   -1.105306e+02 3.723414e+01 9.313989e+01
    endloop
  endfacet
  facet normal 0.000000e+00 0.000000e+00 -1.000000e+00
    outer loop
      vertex   -1.098423e+02 3.935782e+01 9.313989e+01
      vertex   -1.105306e+02 3.723414e+01 9.313989e+01
      vertex   -1.110068e+02 3.918059e+01 9.313989e+01
    endloop
  endfacet
  facet normal 0.000000e+00 -0.000000e+00 -1.000000e+00
    outer loop
      vertex   -1.110068e+02 3.918059e+01 9.313989e+01
      vertex   -1.105306e+02 3.723414e+01 9.313989e+01
      vertex   -1.116176e+02 3.700670e+01 9.313989e+01
    endloop
  endfacet
  facet normal 0.000000e+00 0.000000e+00 -1.000000e+00
    outer loop
      vertex   -1.110068e+02 3.918059e+01 9.313989e+01
      vertex   -1.116176e+02 3.700670e+01 9.313989e+01
      vertex   -1.121585e+02 3.893337e+01 9.313989e+01
    endloop
  endfacet
  facet normal 0.000000e+00 -0.000000e+00 -1.000000e+00
    outer loop
      vertex   -1.121585e+02 3.893337e+01 9.313989e+01
      vertex   -1.116176e+02 3.700670e+01 9.313989e+01
      vertex   -1.126879e+02 3.671079e+01 9.313989e+01
    endloop
  endfacet
  facet normal 0.000000e+00 0.000000e+00 -1.000000e+00
    outer loop
      vertex   -1.121585e+02 3.893337e+01 9.313989e+01
      vertex   -1.126879e+02 3.671079e+01 9.313989e+01
      vertex   -1.132931e+02 3.861706e+01 9.313989e+01
    endloop
  endfacet
  facet normal 0.000000e+00 -0.000000e+00 -1.000000e+00
    outer loop
      vertex   -1.132931e+02 3.861706e+01 9.313989e+01
      vertex   -1.126879e+02 3.671079e+01 9.313989e+01
      vertex   -1.144066e+02 3.823282e+01 9.313989e+01
    endloop
  endfacet
  facet normal 0.000000e+00 0.000000e+00 -1.000000e+00
    outer loop
      vertex   -1.144066e+02 3.823282e+01 9.313989e+01
      vertex   -1.126879e+02 3.671079e+01 9.313989e+01
      vertex   -1.137373e+02 3.634759e+01 9.313989e+01
    endloop
  endfacet
  facet normal 0.000000e+00 -0.000000e+00 -1.000000e+00
    outer loop
      vertex   -1.144066e+02 3.823282e+01 9.313989e+01
      vertex   -1.137373e+02 3.634759e+01 9.313989e+01
      vertex   -1.154949e+02 3.778205e+01 9.313989e+01
    endloop
  endfacet
  facet normal 0.000000e+00 0.000000e+00 -1.000000e+00
    outer loop
      vertex   -1.154949e+02 3.778205e+01 9.313989e+01
      vertex   -1.137373e+02 3.634759e+01 9.313989e+01
      vertex   -1.147616e+02 3.591856e+01 9.313989e+01
    endloop
  endfacet
  facet normal 0.000000e+00 -0.000000e+00 -1.000000e+00
    outer loop
      vertex   -1.154949e+02 3.778205e+01 9.313989e+01
      vertex   -1.147616e+02 3.591856e+01 9.313989e+01
      vertex   -1.165539e+02 3.726639e+01 9.313989e+01
    endloop
  endfacet
  facet normal 0.000000e+00 0.000000e+00 -1.000000e+00
    outer loop
      vertex   -1.165539e+02 3.726639e+01 9.313989e+01
      vertex   -1.147616e+02 3.591856e+01 9.313989e+01
      vertex   -1.157565e+02 3.542543e+01 9.313989e+01
    endloop
  endfacet
  facet normal 0.000000e+00 -0.000000e+00 -1.000000e+00
    outer loop
      vertex   -1.165539e+02 3.726639e+01 9.313989e+01
      vertex   -1.157565e+02 3.542543e+01 9.313989e+01
      vertex   -1.175799e+02 3.668773e+01 9.313989e+01
    endloop
  endfacet
  facet normal 0.000000e+00 0.000000e+00 -1.000000e+00
    outer loop
      vertex   -1.175799e+02 3.668773e+01 9.313989e+01
      vertex   -1.157565e+02 3.542543e+01 9.313989e+01
      vertex   -1.167182e+02 3.487020e+01 9.313989e+01
    endloop
  endfacet
  facet normal 0.000000e+00 -0.000000e+00 -1.000000e+00
    outer loop
      vertex   -1.175799e+02 3.668773e+01 9.313989e+01
      vertex   -1.167182e+02 3.487020e+01 9.313989e+01
      vertex   -1.185691e+02 3.604819e+01 9.313989e+01
    endloop
  endfacet
  facet normal 0.000000e+00 0.000000e+00 -1.000000e+00
    outer loop
      vertex   -1.185691e+02 3.604819e+01 9.313989e+01
      vertex   -1.167182e+02 3.487020e+01 9.313989e+01
      vertex   -1.176428e+02 3.425508e+01 9.313989e+01
    endloop
  endfacet
  facet normal 0.000000e+00 -0.000000e+00 -1.000000e+00
    outer loop
      vertex   -1.185691e+02 3.604819e+01 9.313989e+01
      vertex   -1.176428e+02 3.425508e+01 9.313989e+01
      vertex   -1.195178e+02 3.535008e+01 9.313989e+01
    endloop
  endfacet
  facet normal 0.000000e+00 0.000000e+00 -1.000000e+00
    outer loop
      vertex   -1.195178e+02 3.535008e+01 9.313989e+01
      vertex   -1.176428e+02 3.425508e+01 9.313989e+01
      vertex   -1.185265e+02 3.358256e+01 9.313989e+01
    endloop
  endfacet
  facet normal 0.000000e+00 -0.000000e+00 -1.000000e+00
    outer loop
      vertex   -1.195178e+02 3.535008e+01 9.313989e+01
      vertex   -1.185265e+02 3.358256e+01 9.313989e+01
      vertex   -1.204227e+02 3.459596e+01 9.313989e+01
    endloop
  endfacet
  facet normal 0.000000e+00 0.000000e+00 -1.000000e+00
    outer loop
      vertex   -1.204227e+02 3.459596e+01 9.313989e+01
      vertex   -1.185265e+02 3.358256e+01 9.313989e+01
      vertex   -1.193657e+02 3.285535e+01 9.313989e+01
    endloop
  endfacet
  facet normal 0.000000e+00 -0.000000e+00 -1.000000e+00
    outer loop
      vertex   -1.204227e+02 3.459596e+01 9.313989e+01
      vertex   -1.193657e+02 3.285535e+01 9.313989e+01
      vertex   -1.212804e+02 3.378858e+01 9.313989e+01
    endloop
  endfacet
  facet normal 0.000000e+00 0.000000e+00 -1.000000e+00
    outer loop
      vertex   -1.212804e+02 3.378858e+01 9.313989e+01
      vertex   -1.193657e+02 3.285535e+01 9.313989e+01
      vertex   -1.201571e+02 3.207638e+01 9.313989e+01
    endloop
  endfacet
  facet normal 0.000000e+00 -0.000000e+00 -1.000000e+00
    outer loop
      vertex   -1.212804e+02 3.378858e+01 9.313989e+01
      vertex   -1.201571e+02 3.207638e+01 9.313989e+01
      vertex   -1.220878e+02 3.293089e+01 9.313989e+01
    endloop
  endfacet
  facet normal 0.000000e+00 0.000000e+00 -1.000000e+00
    outer loop
      vertex   -1.220878e+02 3.293089e+01 9.313989e+01
      vertex   -1.201571e+02 3.207638e+01 9.313989e+01
      vertex   -1.208976e+02 3.124878e+01 9.313989e+01
    endloop
  endfacet
  facet normal 0.000000e+00 -0.000000e+00 -1.000000e+00
    outer loop
      vertex   -1.220878e+02 3.293089e+01 9.313989e+01
      vertex   -1.208976e+02 3.124878e+01 9.313989e+01
      vertex   -1.228419e+02 3.202602e+01 9.313989e+01
    endloop
  endfacet
  facet normal 0.000000e+00 0.000000e+00 -1.000000e+00
    outer loop
      vertex   -1.228419e+02 3.202602e+01 9.313989e+01
      vertex   -1.208976e+02 3.124878e+01 9.313989e+01
      vertex   -1.215840e+02 3.037589e+01 9.313989e+01
    endloop
  endfacet
  facet normal 0.000000e+00 -0.000000e+00 -1.000000e+00
    outer loop
      vertex   -1.228419e+02 3.202602e+01 9.313989e+01
      vertex   -1.215840e+02 3.037589e+01 9.313989e+01
      vertex   -1.235400e+02 3.107726e+01 9.313989e+01
    endloop
  endfacet
  facet normal 0.000000e+00 0.000000e+00 -1.000000e+00
    outer loop
      vertex   -1.235400e+02 3.107726e+01 9.313989e+01
      vertex   -1.215840e+02 3.037589e+01 9.313989e+01
      vertex   -1.222137e+02 2.946121e+01 9.313989e+01
    endloop
  endfacet
  facet normal 0.000000e+00 -0.000000e+00 -1.000000e+00
    outer loop
      vertex   -1.235400e+02 3.107726e+01 9.313989e+01
      vertex   -1.222137e+02 2.946121e+01 9.313989e+01
      vertex   -1.241795e+02 3.008809e+01 9.313989e+01
    endloop
  endfacet
  facet normal 0.000000e+00 0.000000e+00 -1.000000e+00
    outer loop
      vertex   -1.241795e+02 3.008809e+01 9.313989e+01
      vertex   -1.222137e+02 2.946121e+01 9.313989e+01
      vertex   -1.227842e+02 2.850844e+01 9.313989e+01
    endloop
  endfacet
  facet normal 0.000000e+00 -0.000000e+00 -1.000000e+00
    outer loop
      vertex   -1.241795e+02 3.008809e+01 9.313989e+01
      vertex   -1.227842e+02 2.850844e+01 9.313989e+01
      vertex   -1.247582e+02 2.906210e+01 9.313989e+01
    endloop
  endfacet
  facet normal 0.000000e+00 0.000000e+00 -1.000000e+00
    outer loop
      vertex   -1.247582e+02 2.906210e+01 9.313989e+01
      vertex   -1.227842e+02 2.850844e+01 9.313989e+01
      vertex   -1.232930e+02 2.752141e+01 9.313989e+01
    endloop
  endfacet
  facet normal 0.000000e+00 -0.000000e+00 -1.000000e+00
    outer loop
      vertex   -1.247582e+02 2.906210e+01 9.313989e+01
      vertex   -1.232930e+02 2.752141e+01 9.313989e+01
      vertex   -1.252739e+02 2.800305e+01 9.313989e+01
    endloop
  endfacet
  facet normal 0.000000e+00 0.000000e+00 -1.000000e+00
    outer loop
      vertex   -1.252739e+02 2.800305e+01 9.313989e+01
      vertex   -1.232930e+02 2.752141e+01 9.313989e+01
      vertex   -1.237382e+02 2.650409e+01 9.313989e+01
    endloop
  endfacet
  facet normal 0.000000e+00 -0.000000e+00 -1.000000e+00
    outer loop
      vertex   -1.252739e+02 2.800305e+01 9.313989e+01
      vertex   -1.237382e+02 2.650409e+01 9.313989e+01
      vertex   -1.257246e+02 2.691480e+01 9.313989e+01
    endloop
  endfacet
  facet normal 0.000000e+00 0.000000e+00 -1.000000e+00
    outer loop
      vertex   -1.257246e+02 2.691480e+01 9.313989e+01
      vertex   -1.237382e+02 2.650409e+01 9.313989e+01
      vertex   -1.241180e+02 2.546059e+01 9.313989e+01
    endloop
  endfacet
  facet normal 0.000000e+00 -0.000000e+00 -1.000000e+00
    outer loop
      vertex   -1.257246e+02 2.691480e+01 9.313989e+01
      vertex   -1.241180e+02 2.546059e+01 9.313989e+01
      vertex   -1.261089e+02 2.580131e+01 9.313989e+01
    endloop
  endfacet
  facet normal 0.000000e+00 0.000000e+00 -1.000000e+00
    outer loop
      vertex   -1.261089e+02 2.580131e+01 9.313989e+01
      vertex   -1.241180e+02 2.546059e+01 9.313989e+01
      vertex   -1.244309e+02 2.439509e+01 9.313989e+01
    endloop
  endfacet
  facet normal 0.000000e+00 -0.000000e+00 -1.000000e+00
    outer loop
      vertex   -1.261089e+02 2.580131e+01 9.313989e+01
      vertex   -1.244309e+02 2.439509e+01 9.313989e+01
      vertex   -1.264252e+02 2.466666e+01 9.313989e+01
    endloop
  endfacet
  facet normal 0.000000e+00 0.000000e+00 -1.000000e+00
    outer loop
      vertex   -1.264252e+02 2.466666e+01 9.313989e+01
      vertex   -1.244309e+02 2.439509e+01 9.313989e+01
      vertex   -1.246756e+02 2.331190e+01 9.313989e+01
    endloop
  endfacet
  facet normal 0.000000e+00 -0.000000e+00 -1.000000e+00
    outer loop
      vertex   -1.264252e+02 2.466666e+01 9.313989e+01
      vertex   -1.246756e+02 2.331190e+01 9.313989e+01
      vertex   -1.266724e+02 2.351497e+01 9.313989e+01
    endloop
  endfacet
  facet normal 0.000000e+00 0.000000e+00 -1.000000e+00
    outer loop
      vertex   -1.266724e+02 2.351497e+01 9.313989e+01
      vertex   -1.246756e+02 2.331190e+01 9.313989e+01
      vertex   -1.248510e+02 2.221537e+01 9.313989e+01
    endloop
  endfacet
  facet normal 0.000000e+00 -0.000000e+00 -1.000000e+00
    outer loop
      vertex   -1.266724e+02 2.351497e+01 9.313989e+01
      vertex   -1.248510e+02 2.221537e+01 9.313989e+01
      vertex   -1.268496e+02 2.235047e+01 9.313989e+01
    endloop
  endfacet
  facet normal 0.000000e+00 0.000000e+00 -1.000000e+00
    outer loop
      vertex   -1.268496e+02 2.235047e+01 9.313989e+01
      vertex   -1.248510e+02 2.221537e+01 9.313989e+01
      vertex   -1.249566e+02 2.110992e+01 9.313989e+01
    endloop
  endfacet
  facet normal 0.000000e+00 -0.000000e+00 -1.000000e+00
    outer loop
      vertex   -1.268496e+02 2.235047e+01 9.313989e+01
      vertex   -1.249566e+02 2.110992e+01 9.313989e+01
      vertex   -1.269562e+02 2.117738e+01 9.313989e+01
    endloop
  endfacet
  facet normal 0.000000e+00 0.000000e+00 -1.000000e+00
    outer loop
      vertex   -1.269562e+02 2.117738e+01 9.313989e+01
      vertex   -1.249566e+02 2.110992e+01 9.313989e+01
      vertex   -1.249918e+02 2.000000e+01 9.313989e+01
    endloop
  endfacet
  facet normal 0.000000e+00 -0.000000e+00 -1.000000e+00
    outer loop
      vertex   -1.269562e+02 2.117738e+01 9.313989e+01
      vertex   -1.249918e+02 2.000000e+01 9.313989e+01
      vertex   -1.269918e+02 2.000000e+01 9.313989e+01
    endloop
  endfacet
  facet normal 0.000000e+00 0.000000e+00 -1.000000e+00
    outer loop
      vertex   -1.269918e+02 2.000000e+01 9.313989e+01
      vertex   -1.249918e+02 2.000000e+01 9.313989e+01
      vertex   -1.269562e+02 1.882262e+01 9.313989e+01
    endloop
  endfacet
  facet normal 0.000000e+00 0.000000e+00 -1.000000e+00
    outer loop
      vertex   -1.269562e+02 1.882262e+01 9.313989e+01
      vertex   -1.249918e+02 2.000000e+01 9.313989e+01
      vertex   -1.249566e+02 1.889008e+01 9.313989e+01
    endloop
  endfacet
  facet normal 0.000000e+00 0.000000e+00 -1.000000e+00
    outer loop
      vertex   -1.269562e+02 1.882262e+01 9.313989e+01
      vertex   -1.249566e+02 1.889008e+01 9.313989e+01
      vertex   -1.268496e+02 1.764953e+01 9.313989e+01
    endloop
  endfacet
  facet normal 0.000000e+00 0.000000e+00 -1.000000e+00
    outer loop
      vertex   -1.268496e+02 1.764953e+01 9.313989e+01
      vertex   -1.249566e+02 1.889008e+01 9.313989e+01
      vertex   -1.248510e+02 1.778463e+01 9.313989e+01
    endloop
  endfacet
  facet normal 0.000000e+00 0.000000e+00 -1.000000e+00
    outer loop
      vertex   -1.268496e+02 1.764953e+01 9.313989e+01
      vertex   -1.248510e+02 1.778463e+01 9.313989e+01
      vertex   -1.266724e+02 1.648503e+01 9.313989e+01
    endloop
  endfacet
  facet normal 0.000000e+00 0.000000e+00 -1.000000e+00
    outer loop
      vertex   -1.266724e+02 1.648503e+01 9.313989e+01
      vertex   -1.248510e+02 1.778463e+01 9.313989e+01
      vertex   -1.246756e+02 1.668810e+01 9.313989e+01
    endloop
  endfacet
  facet normal 0.000000e+00 0.000000e+00 -1.000000e+00
    outer loop
      vertex   -1.266724e+02 1.648503e+01 9.313989e+01
      vertex   -1.246756e+02 1.668810e+01 9.313989e+01
      vertex   -1.264252e+02 1.533334e+01 9.313989e+01
    endloop
  endfacet
  facet normal 0.000000e+00 0.000000e+00 -1.000000e+00
    outer loop
      vertex   -1.264252e+02 1.533334e+01 9.313989e+01
      vertex   -1.246756e+02 1.668810e+01 9.313989e+01
      vertex   -1.244309e+02 1.560491e+01 9.313989e+01
    endloop
  endfacet
  facet normal 0.000000e+00 0.000000e+00 -1.000000e+00
    outer loop
      vertex   -1.264252e+02 1.533334e+01 9.313989e+01
      vertex   -1.244309e+02 1.560491e+01 9.313989e+01
      vertex   -1.261089e+02 1.419869e+01 9.313989e+01
    endloop
  endfacet
  facet normal 0.000000e+00 0.000000e+00 -1.000000e+00
    outer loop
      vertex   -1.261089e+02 1.419869e+01 9.313989e+01
      vertex   -1.244309e+02 1.560491e+01 9.313989e+01
      vertex   -1.241180e+02 1.453941e+01 9.313989e+01
    endloop
  endfacet
  facet normal 0.000000e+00 0.000000e+00 -1.000000e+00
    outer loop
      vertex   -1.261089e+02 1.419869e+01 9.313989e+01
      vertex   -1.241180e+02 1.453941e+01 9.313989e+01
      vertex   -1.257246e+02 1.308520e+01 9.313989e+01
    endloop
  endfacet
  facet normal 0.000000e+00 0.000000e+00 -1.000000e+00
    outer loop
      vertex   -1.257246e+02 1.308520e+01 9.313989e+01
      vertex   -1.241180e+02 1.453941e+01 9.313989e+01
      vertex   -1.237382e+02 1.349591e+01 9.313989e+01
    endloop
  endfacet
  facet normal 0.000000e+00 0.000000e+00 -1.000000e+00
    outer loop
      vertex   -1.257246e+02 1.308520e+01 9.313989e+01
      vertex   -1.237382e+02 1.349591e+01 9.313989e+01
      vertex   -1.252739e+02 1.199695e+01 9.313989e+01
    endloop
  endfacet
  facet normal 0.000000e+00 0.000000e+00 -1.000000e+00
    outer loop
      vertex   -1.252739e+02 1.199695e+01 9.313989e+01
      vertex   -1.237382e+02 1.349591e+01 9.313989e+01
      vertex   -1.232930e+02 1.247859e+01 9.313989e+01
    endloop
  endfacet
  facet normal 0.000000e+00 0.000000e+00 -1.000000e+00
    outer loop
      vertex   -1.252739e+02 1.199695e+01 9.313989e+01
      vertex   -1.232930e+02 1.247859e+01 9.313989e+01
      vertex   -1.247582e+02 1.093790e+01 9.313989e+01
    endloop
  endfacet
  facet normal 0.000000e+00 0.000000e+00 -1.000000e+00
    outer loop
      vertex   -1.247582e+02 1.093790e+01 9.313989e+01
      vertex   -1.232930e+02 1.247859e+01 9.313989e+01
      vertex   -1.227842e+02 1.149156e+01 9.313989e+01
    endloop
  endfacet
  facet normal 0.000000e+00 0.000000e+00 -1.000000e+00
    outer loop
      vertex   -1.247582e+02 1.093790e+01 9.313989e+01
      vertex   -1.227842e+02 1.149156e+01 9.313989e+01
      vertex   -1.241795e+02 9.911913e+00 9.313989e+01
    endloop
  endfacet
  facet normal 0.000000e+00 0.000000e+00 -1.000000e+00
    outer loop
      vertex   -1.241795e+02 9.911913e+00 9.313989e+01
      vertex   -1.227842e+02 1.149156e+01 9.313989e+01
      vertex   -1.222137e+02 1.053879e+01 9.313989e+01
    endloop
  endfacet
  facet normal 0.000000e+00 0.000000e+00 -1.000000e+00
    outer loop
      vertex   -1.241795e+02 9.911913e+00 9.313989e+01
      vertex   -1.222137e+02 1.053879e+01 9.313989e+01
      vertex   -1.235400e+02 8.922737e+00 9.313989e+01
    endloop
  endfacet
  facet normal 0.000000e+00 0.000000e+00 -1.000000e+00
    outer loop
      vertex   -1.235400e+02 8.922737e+00 9.313989e+01
      vertex   -1.222137e+02 1.053879e+01 9.313989e+01
      vertex   -1.215840e+02 9.624111e+00 9.313989e+01
    endloop
  endfacet
  facet normal 0.000000e+00 0.000000e+00 -1.000000e+00
    outer loop
      vertex   -1.235400e+02 8.922737e+00 9.313989e+01
      vertex   -1.215840e+02 9.624111e+00 9.313989e+01
      vertex   -1.228419e+02 7.973982e+00 9.313989e+01
    endloop
  endfacet
  facet normal 0.000000e+00 0.000000e+00 -1.000000e+00
    outer loop
      vertex   -1.228419e+02 7.973982e+00 9.313989e+01
      vertex   -1.215840e+02 9.624111e+00 9.313989e+01
      vertex   -1.208976e+02 8.751217e+00 9.313989e+01
    endloop
  endfacet
  facet normal 0.000000e+00 0.000000e+00 -1.000000e+00
    outer loop
      vertex   -1.228419e+02 7.973982e+00 9.313989e+01
      vertex   -1.208976e+02 8.751217e+00 9.313989e+01
      vertex   -1.220878e+02 7.069108e+00 9.313989e+01
    endloop
  endfacet
  facet normal 0.000000e+00 0.000000e+00 -1.000000e+00
    outer loop
      vertex   -1.220878e+02 7.069108e+00 9.313989e+01
      vertex   -1.208976e+02 8.751217e+00 9.313989e+01
      vertex   -1.201571e+02 7.923617e+00 9.313989e+01
    endloop
  endfacet
  facet normal 0.000000e+00 0.000000e+00 -1.000000e+00
    outer loop
      vertex   -1.220878e+02 7.069108e+00 9.313989e+01
      vertex   -1.201571e+02 7.923617e+00 9.313989e+01
      vertex   -1.212804e+02 6.211418e+00 9.313989e+01
    endloop
  endfacet
  facet normal 0.000000e+00 0.000000e+00 -1.000000e+00
    outer loop
      vertex   -1.212804e+02 6.211418e+00 9.313989e+01
      vertex   -1.201571e+02 7.923617e+00 9.313989e+01
      vertex   -1.193657e+02 7.144645e+00 9.313989e+01
    endloop
  endfacet
  facet normal 0.000000e+00 0.000000e+00 -1.000000e+00
    outer loop
      vertex   -1.212804e+02 6.211418e+00 9.313989e+01
      vertex   -1.193657e+02 7.144645e+00 9.313989e+01
      vertex   -1.204227e+02 5.404040e+00 9.313989e+01
    endloop
  endfacet
  facet normal 0.000000e+00 0.000000e+00 -1.000000e+00
    outer loop
      vertex   -1.204227e+02 5.404040e+00 9.313989e+01
      vertex   -1.193657e+02 7.144645e+00 9.313989e+01
      vertex   -1.185265e+02 6.417437e+00 9.313989e+01
    endloop
  endfacet
  facet normal 0.000000e+00 0.000000e+00 -1.000000e+00
    outer loop
      vertex   -1.204227e+02 5.404040e+00 9.313989e+01
      vertex   -1.185265e+02 6.417437e+00 9.313989e+01
      vertex   -1.195178e+02 4.649922e+00 9.313989e+01
    endloop
  endfacet
  facet normal 0.000000e+00 0.000000e+00 -1.000000e+00
    outer loop
      vertex   -1.195178e+02 4.649922e+00 9.313989e+01
      vertex   -1.185265e+02 6.417437e+00 9.313989e+01
      vertex   -1.176428e+02 5.744921e+00 9.313989e+01
    endloop
  endfacet
  facet normal 0.000000e+00 0.000000e+00 -1.000000e+00
    outer loop
      vertex   -1.195178e+02 4.649922e+00 9.313989e+01
      vertex   -1.176428e+02 5.744921e+00 9.313989e+01
      vertex   -1.185691e+02 3.951815e+00 9.313989e+01
    endloop
  endfacet
  facet normal 0.000000e+00 0.000000e+00 -1.000000e+00
    outer loop
      vertex   -1.185691e+02 3.951815e+00 9.313989e+01
      vertex   -1.176428e+02 5.744921e+00 9.313989e+01
      vertex   -1.167182e+02 5.129805e+00 9.313989e+01
    endloop
  endfacet
  facet normal 0.000000e+00 0.000000e+00 -1.000000e+00
    outer loop
      vertex   -1.185691e+02 3.951815e+00 9.313989e+01
      vertex   -1.167182e+02 5.129805e+00 9.313989e+01
      vertex   -1.175799e+02 3.312265e+00 9.313989e+01
    endloop
  endfacet
  facet normal 0.000000e+00 0.000000e+00 -1.000000e+00
    outer loop
      vertex   -1.175799e+02 3.312265e+00 9.313989e+01
      vertex   -1.167182e+02 5.129805e+00 9.313989e+01
      vertex   -1.157565e+02 4.574566e+00 9.313989e+01
    endloop
  endfacet
  facet normal 0.000000e+00 0.000000e+00 -1.000000e+00
    outer loop
      vertex   -1.175799e+02 3.312265e+00 9.313989e+01
      vertex   -1.157565e+02 4.574566e+00 9.313989e+01
      vertex   -1.165539e+02 2.733607e+00 9.313989e+01
    endloop
  endfacet
  facet normal 0.000000e+00 0.000000e+00 -1.000000e+00
    outer loop
      vertex   -1.165539e+02 2.733607e+00 9.313989e+01
      vertex   -1.157565e+02 4.574566e+00 9.313989e+01
      vertex   -1.147616e+02 4.081440e+00 9.313989e+01
    endloop
  endfacet
  facet normal 0.000000e+00 0.000000e+00 -1.000000e+00
    outer loop
      vertex   -1.165539e+02 2.733607e+00 9.313989e+01
      vertex   -1.147616e+02 4.081440e+00 9.313989e+01
      vertex   -1.154949e+02 2.217953e+00 9.313989e+01
    endloop
  endfacet
  facet normal 0.000000e+00 0.000000e+00 -1.000000e+00
    outer loop
      vertex   -1.154949e+02 2.217953e+00 9.313989e+01
      vertex   -1.147616e+02 4.081440e+00 9.313989e+01
      vertex   -1.137373e+02 3.652412e+00 9.313989e+01
    endloop
  endfacet
  facet normal 0.000000e+00 0.000000e+00 -1.000000e+00
    outer loop
      vertex   -1.154949e+02 2.217953e+00 9.313989e+01
      vertex   -1.137373e+02 3.652412e+00 9.313989e+01
      vertex   -1.144066e+02 1.767183e+00 9.313989e+01
    endloop
  endfacet
  facet normal 0.000000e+00 0.000000e+00 -1.000000e+00
    outer loop
      vertex   -1.144066e+02 1.767183e+00 9.313989e+01
      vertex   -1.137373e+02 3.652412e+00 9.313989e+01
      vertex   -1.126879e+02 3.289211e+00 9.313989e+01
    endloop
  endfacet
  facet normal 0.000000e+00 0.000000e+00 -1.000000e+00
    outer loop
      vertex   -1.144066e+02 1.767183e+00 9.313989e+01
      vertex   -1.126879e+02 3.289211e+00 9.313989e+01
      vertex   -1.132931e+02 1.382943e+00 9.313989e+01
    endloop
  endfacet
  facet normal 0.000000e+00 0.000000e+00 -1.000000e+00
    outer loop
      vertex   -1.132931e+02 1.382943e+00 9.313989e+01
      vertex   -1.126879e+02 3.289211e+00 9.313989e+01
      vertex   -1.121585e+02 1.066635e+00 9.313989e+01
    endloop
  endfacet
  facet normal 0.000000e+00 0.000000e+00 -1.000000e+00
    outer loop
      vertex   -1.121585e+02 1.066635e+00 9.313989e+01
      vertex   -1.126879e+02 3.289211e+00 9.313989e+01
      vertex   -1.116176e+02 2.993298e+00 9.313989e+01
    endloop
  endfacet
  facet normal 0.000000e+00 0.000000e+00 -1.000000e+00
    outer loop
      vertex   -1.121585e+02 1.066635e+00 9.313989e+01
      vertex   -1.116176e+02 2.993298e+00 9.313989e+01
      vertex   -1.110068e+02 8.194118e-01 9.313989e+01
    endloop
  endfacet
  facet normal 0.000000e+00 0.000000e+00 -1.000000e+00
    outer loop
      vertex   -1.110068e+02 8.194118e-01 9.313989e+01
      vertex   -1.116176e+02 2.993298e+00 9.313989e+01
      vertex   -1.105306e+02 2.765864e+00 9.313989e+01
    endloop
  endfacet
  facet normal 0.000000e+00 0.000000e+00 -1.000000e+00
    outer loop
      vertex   -1.110068e+02 8.194118e-01 9.313989e+01
      vertex   -1.105306e+02 2.765864e+00 9.313989e+01
      vertex   -1.098423e+02 6.421770e-01 9.313989e+01
    endloop
  endfacet
  facet normal 0.000000e+00 0.000000e+00 -1.000000e+00
    outer loop
      vertex   -1.098423e+02 6.421770e-01 9.313989e+01
      vertex   -1.105306e+02 2.765864e+00 9.313989e+01
      vertex   -1.094315e+02 2.607827e+00 9.313989e+01
    endloop
  endfacet
  facet normal 0.000000e+00 0.000000e+00 -1.000000e+00
    outer loop
      vertex   -1.098423e+02 6.421770e-01 9.313989e+01
      vertex   -1.094315e+02 2.607827e+00 9.313989e+01
      vertex   -1.086692e+02 5.355767e-01 9.313989e+01
    endloop
  endfacet
  facet normal 0.000000e+00 0.000000e+00 -1.000000e+00
    outer loop
      vertex   -1.086692e+02 5.355767e-01 9.313989e+01
      vertex   -1.094315e+02 2.607827e+00 9.313989e+01
      vertex   -1.083245e+02 2.519822e+00 9.313989e+01
    endloop
  endfacet
  facet normal 0.000000e+00 0.000000e+00 -1.000000e+00
    outer loop
      vertex   -1.086692e+02 5.355767e-01 9.313989e+01
      vertex   -1.083245e+02 2.519822e+00 9.313989e+01
      vertex   -1.074918e+02 5.000000e-01 9.313989e+01
    endloop
  endfacet
  facet normal 0.000000e+00 0.000000e+00 -1.000000e+00
    outer loop
      vertex   -1.074918e+02 5.000000e-01 9.313989e+01
      vertex   -1.083245e+02 2.519822e+00 9.313989e+01
      vertex   -1.072141e+02 2.502203e+00 9.313989e+01
    endloop
  endfacet
  facet normal 0.000000e+00 0.000000e+00 -1.000000e+00
    outer loop
      vertex   -1.074918e+02 5.000000e-01 9.313989e+01
      vertex   -1.072141e+02 2.502203e+00 9.313989e+01
      vertex   -1.063144e+02 5.355767e-01 9.313989e+01
    endloop
  endfacet
  facet normal 0.000000e+00 0.000000e+00 -1.000000e+00
    outer loop
      vertex   -1.063144e+02 5.355767e-01 9.313989e+01
      vertex   -1.072141e+02 2.502203e+00 9.313989e+01
      vertex   -1.061049e+02 2.555041e+00 9.313989e+01
    endloop
  endfacet
  facet normal 0.000000e+00 0.000000e+00 -1.000000e+00
    outer loop
      vertex   -1.063144e+02 5.355767e-01 9.313989e+01
      vertex   -1.061049e+02 2.555041e+00 9.313989e+01
      vertex   -1.051413e+02 6.421770e-01 9.313989e+01
    endloop
  endfacet
  facet normal 0.000000e+00 0.000000e+00 -1.000000e+00
    outer loop
      vertex   -1.051413e+02 6.421770e-01 9.313989e+01
      vertex   -1.061049e+02 2.555041e+00 9.313989e+01
      vertex   -1.050013e+02 2.678125e+00 9.313989e+01
    endloop
  endfacet
  facet normal 0.000000e+00 0.000000e+00 -1.000000e+00
    outer loop
      vertex   -1.051413e+02 6.421770e-01 9.313989e+01
      vertex   -1.050013e+02 2.678125e+00 9.313989e+01
      vertex   -1.039768e+02 8.194118e-01 9.313989e+01
    endloop
  endfacet
  facet normal 0.000000e+00 0.000000e+00 -1.000000e+00
    outer loop
      vertex   -1.039768e+02 8.194118e-01 9.313989e+01
      vertex   -1.050013e+02 2.678125e+00 9.313989e+01
      vertex   -1.039077e+02 2.870957e+00 9.313989e+01
    endloop
  endfacet
  facet normal 0.000000e+00 0.000000e+00 -1.000000e+00
    outer loop
      vertex   -1.039768e+02 8.194118e-01 9.313989e+01
      vertex   -1.039077e+02 2.870957e+00 9.313989e+01
      vertex   -1.028251e+02 1.066635e+00 9.313989e+01
    endloop
  endfacet
  facet normal 0.000000e+00 0.000000e+00 -1.000000e+00
    outer loop
      vertex   -1.028251e+02 1.066635e+00 9.313989e+01
      vertex   -1.039077e+02 2.870957e+00 9.313989e+01
      vertex   -1.028285e+02 3.132762e+00 9.313989e+01
    endloop
  endfacet
  facet normal 0.000000e+00 0.000000e+00 -1.000000e+00
    outer loop
      vertex   -1.028251e+02 1.066635e+00 9.313989e+01
      vertex   -1.028285e+02 3.132762e+00 9.313989e+01
      vertex   -1.016905e+02 1.382943e+00 9.313989e+01
    endloop
  endfacet
  facet normal 0.000000e+00 0.000000e+00 -1.000000e+00
    outer loop
      vertex   -1.016905e+02 1.382943e+00 9.313989e+01
      vertex   -1.028285e+02 3.132762e+00 9.313989e+01
      vertex   -1.017681e+02 3.462486e+00 9.313989e+01
    endloop
  endfacet
  facet normal 0.000000e+00 0.000000e+00 -1.000000e+00
    outer loop
      vertex   -1.016905e+02 1.382943e+00 9.313989e+01
      vertex   -1.017681e+02 3.462486e+00 9.313989e+01
      vertex   -1.005770e+02 1.767183e+00 9.313989e+01
    endloop
  endfacet
  facet normal 0.000000e+00 0.000000e+00 -1.000000e+00
    outer loop
      vertex   -1.005770e+02 1.767183e+00 9.313989e+01
      vertex   -1.017681e+02 3.462486e+00 9.313989e+01
      vertex   -1.007308e+02 3.858800e+00 9.313989e+01
    endloop
  endfacet
  facet normal 0.000000e+00 0.000000e+00 -1.000000e+00
    outer loop
      vertex   -1.005770e+02 1.767183e+00 9.313989e+01
      vertex   -1.007308e+02 3.858800e+00 9.313989e+01
      vertex   -9.948875e+01 2.217953e+00 9.313989e+01
    endloop
  endfacet
  facet normal 0.000000e+00 0.000000e+00 -1.000000e+00
    outer loop
      vertex   -9.948875e+01 2.217953e+00 9.313989e+01
      vertex   -1.007308e+02 3.858800e+00 9.313989e+01
      vertex   -9.972064e+01 4.320109e+00 9.313989e+01
    endloop
  endfacet
  facet normal 0.000000e+00 0.000000e+00 -1.000000e+00
    outer loop
      vertex   -9.948875e+01 2.217953e+00 9.313989e+01
      vertex   -9.972064e+01 4.320109e+00 9.313989e+01
      vertex   -9.842970e+01 2.733607e+00 9.313989e+01
    endloop
  endfacet
  facet normal 0.000000e+00 0.000000e+00 -1.000000e+00
    outer loop
      vertex   -9.842970e+01 2.733607e+00 9.313989e+01
      vertex   -9.972064e+01 4.320109e+00 9.313989e+01
      vertex   -9.874180e+01 4.844555e+00 9.313989e+01
    endloop
  endfacet
  facet normal 0.000000e+00 0.000000e+00 -1.000000e+00
    outer loop
      vertex   -9.842970e+01 2.733607e+00 9.313989e+01
      vertex   -9.874180e+01 4.844555e+00 9.313989e+01
      vertex   -9.740372e+01 3.312265e+00 9.313989e+01
    endloop
  endfacet
  facet normal 0.000000e+00 0.000000e+00 -1.000000e+00
    outer loop
      vertex   -9.740372e+01 3.312265e+00 9.313989e+01
      vertex   -9.874180e+01 4.844555e+00 9.313989e+01
      vertex   -9.779820e+01 5.430028e+00 9.313989e+01
    endloop
  endfacet
  facet normal 0.000000e+00 0.000000e+00 -1.000000e+00
    outer loop
      vertex   -9.740372e+01 3.312265e+00 9.313989e+01
      vertex   -9.779820e+01 5.430028e+00 9.313989e+01
      vertex   -9.641454e+01 3.951815e+00 9.313989e+01
    endloop
  endfacet
  facet normal 0.000000e+00 0.000000e+00 -1.000000e+00
    outer loop
      vertex   -9.641454e+01 3.951815e+00 9.313989e+01
      vertex   -9.779820e+01 5.430028e+00 9.313989e+01
      vertex   -9.689363e+01 6.074168e+00 9.313989e+01
    endloop
  endfacet
  facet normal 0.000000e+00 0.000000e+00 -1.000000e+00
    outer loop
      vertex   -9.641454e+01 3.951815e+00 9.313989e+01
      vertex   -9.689363e+01 6.074168e+00 9.313989e+01
      vertex   -9.546579e+01 4.649922e+00 9.313989e+01
    endloop
  endfacet
  facet normal 0.000000e+00 0.000000e+00 -1.000000e+00
    outer loop
      vertex   -9.546579e+01 4.649922e+00 9.313989e+01
      vertex   -9.689363e+01 6.074168e+00 9.313989e+01
      vertex   -9.603174e+01 6.774382e+00 9.313989e+01
    endloop
  endfacet
  facet normal 0.000000e+00 0.000000e+00 -1.000000e+00
    outer loop
      vertex   -9.546579e+01 4.649922e+00 9.313989e+01
      vertex   -9.603174e+01 6.774382e+00 9.313989e+01
      vertex   -9.456091e+01 5.404040e+00 9.313989e+01
    endloop
  endfacet
  facet normal 0.000000e+00 0.000000e+00 -1.000000e+00
    outer loop
      vertex   -9.456091e+01 5.404040e+00 9.313989e+01
      vertex   -9.603174e+01 6.774382e+00 9.313989e+01
      vertex   -9.521599e+01 7.527852e+00 9.313989e+01
    endloop
  endfacet
  facet normal 0.000000e+00 0.000000e+00 -1.000000e+00
    outer loop
      vertex   -9.456091e+01 5.404040e+00 9.313989e+01
      vertex   -9.521599e+01 7.527852e+00 9.313989e+01
      vertex   -9.370322e+01 6.211418e+00 9.313989e+01
    endloop
  endfacet
  facet normal 0.000000e+00 0.000000e+00 -1.000000e+00
    outer loop
      vertex   -9.370322e+01 6.211418e+00 9.313989e+01
      vertex   -9.521599e+01 7.527852e+00 9.313989e+01
      vertex   -9.444968e+01 8.331542e+00 9.313989e+01
    endloop
  endfacet
  facet normal 0.000000e+00 0.000000e+00 -1.000000e+00
    outer loop
      vertex   -9.370322e+01 6.211418e+00 9.313989e+01
      vertex   -9.444968e+01 8.331542e+00 9.313989e+01
      vertex   -9.289584e+01 7.069108e+00 9.313989e+01
    endloop
  endfacet
  facet normal 0.000000e+00 0.000000e+00 -1.000000e+00
    outer loop
      vertex   -9.289584e+01 7.069108e+00 9.313989e+01
      vertex   -9.444968e+01 8.331542e+00 9.313989e+01
      vertex   -9.373587e+01 9.182218e+00 9.313989e+01
    endloop
  endfacet
  facet normal 0.000000e+00 0.000000e+00 -1.000000e+00
    outer loop
      vertex   -9.289584e+01 7.069108e+00 9.313989e+01
      vertex   -9.373587e+01 9.182218e+00 9.313989e+01
      vertex   -9.214173e+01 7.973982e+00 9.313989e+01
    endloop
  endfacet
  facet normal 0.000000e+00 0.000000e+00 -1.000000e+00
    outer loop
      vertex   -9.214173e+01 7.973982e+00 9.313989e+01
      vertex   -9.373587e+01 9.182218e+00 9.313989e+01
      vertex   -9.307746e+01 1.007645e+01 9.313989e+01
    endloop
  endfacet
  facet normal 0.000000e+00 0.000000e+00 -1.000000e+00
    outer loop
      vertex   -9.214173e+01 7.973982e+00 9.313989e+01
      vertex   -9.307746e+01 1.007645e+01 9.313989e+01
      vertex   -9.144362e+01 8.922737e+00 9.313989e+01
    endloop
  endfacet
  facet normal 0.000000e+00 0.000000e+00 -1.000000e+00
    outer loop
      vertex   -9.144362e+01 8.922737e+00 9.313989e+01
      vertex   -9.307746e+01 1.007645e+01 9.313989e+01
      vertex   -9.080407e+01 9.911913e+00 9.313989e+01
    endloop
  endfacet
  facet normal 0.000000e+00 0.000000e+00 -1.000000e+00
    outer loop
      vertex   -9.080407e+01 9.911913e+00 9.313989e+01
      vertex   -9.307746e+01 1.007645e+01 9.313989e+01
      vertex   -9.247709e+01 1.101065e+01 9.313989e+01
    endloop
  endfacet
  facet normal 0.000000e+00 0.000000e+00 -1.000000e+00
    outer loop
      vertex   -9.080407e+01 9.911913e+00 9.313989e+01
      vertex   -9.247709e+01 1.101065e+01 9.313989e+01
      vertex   -9.022541e+01 1.093790e+01 9.313989e+01
    endloop
  endfacet
  facet normal 0.000000e+00 0.000000e+00 -1.000000e+00
    outer loop
      vertex   -9.022541e+01 1.093790e+01 9.313989e+01
      vertex   -9.247709e+01 1.101065e+01 9.313989e+01
      vertex   -9.193718e+01 1.198104e+01 9.313989e+01
    endloop
  endfacet
  facet normal 0.000000e+00 0.000000e+00 -1.000000e+00
    outer loop
      vertex   -9.022541e+01 1.093790e+01 9.313989e+01
      vertex   -9.193718e+01 1.198104e+01 9.313989e+01
      vertex   -8.970976e+01 1.199695e+01 9.313989e+01
    endloop
  endfacet
  facet normal -0.000000e+00 0.000000e+00 -1.000000e+00
    outer loop
      vertex   -8.970976e+01 1.199695e+01 9.313989e+01
      vertex   -9.193718e+01 1.198104e+01 9.313989e+01
      vertex   -9.145991e+01 1.298372e+01 9.313989e+01
    endloop
  endfacet
  facet normal 0.000000e+00 0.000000e+00 -1.000000e+00
    outer loop
      vertex   -8.970976e+01 1.199695e+01 9.313989e+01
      vertex   -9.145991e+01 1.298372e+01 9.313989e+01
      vertex   -8.925899e+01 1.308520e+01 9.313989e+01
    endloop
  endfacet
  facet normal -0.000000e+00 0.000000e+00 -1.000000e+00
    outer loop
      vertex   -8.925899e+01 1.308520e+01 9.313989e+01
      vertex   -9.145991e+01 1.298372e+01 9.313989e+01
      vertex   -9.104718e+01 1.401465e+01 9.313989e+01
    endloop
  endfacet
  facet normal 0.000000e+00 0.000000e+00 -1.000000e+00
    outer loop
      vertex   -8.925899e+01 1.308520e+01 9.313989e+01
      vertex   -9.104718e+01 1.401465e+01 9.313989e+01
      vertex   -8.887475e+01 1.419869e+01 9.313989e+01
    endloop
  endfacet
  facet normal -0.000000e+00 0.000000e+00 -1.000000e+00
    outer loop
      vertex   -8.887475e+01 1.419869e+01 9.313989e+01
      vertex   -9.104718e+01 1.401465e+01 9.313989e+01
      vertex   -9.070068e+01 1.506968e+01 9.313989e+01
    endloop
  endfacet
  facet normal 0.000000e+00 0.000000e+00 -1.000000e+00
    outer loop
      vertex   -8.887475e+01 1.419869e+01 9.313989e+01
      vertex   -9.070068e+01 1.506968e+01 9.313989e+01
      vertex   -8.855844e+01 1.533334e+01 9.313989e+01
    endloop
  endfacet
  facet normal -0.000000e+00 0.000000e+00 -1.000000e+00
    outer loop
      vertex   -8.855844e+01 1.533334e+01 9.313989e+01
      vertex   -9.070068e+01 1.506968e+01 9.313989e+01
      vertex   -9.042178e+01 1.614457e+01 9.313989e+01
    endloop
  endfacet
  facet normal 0.000000e+00 0.000000e+00 -1.000000e+00
    outer loop
      vertex   -8.855844e+01 1.533334e+01 9.313989e+01
      vertex   -9.042178e+01 1.614457e+01 9.313989e+01
      vertex   -8.831122e+01 1.648503e+01 9.313989e+01
    endloop
  endfacet
  facet normal -0.000000e+00 0.000000e+00 -1.000000e+00
    outer loop
      vertex   -8.831122e+01 1.648503e+01 9.313989e+01
      vertex   -9.042178e+01 1.614457e+01 9.313989e+01
      vertex   -9.021162e+01 1.723498e+01 9.313989e+01
    endloop
  endfacet
  facet normal 0.000000e+00 0.000000e+00 -1.000000e+00
    outer loop
      vertex   -8.831122e+01 1.648503e+01 9.313989e+01
      vertex   -9.021162e+01 1.723498e+01 9.313989e+01
      vertex   -8.813398e+01 1.764953e+01 9.313989e+01
    endloop
  endfacet
  facet normal -0.000000e+00 0.000000e+00 -1.000000e+00
    outer loop
      vertex   -8.813398e+01 1.764953e+01 9.313989e+01
      vertex   -9.021162e+01 1.723498e+01 9.313989e+01
      vertex   -9.007105e+01 1.833652e+01 9.313989e+01
    endloop
  endfacet
  facet normal 0.000000e+00 0.000000e+00 -1.000000e+00
    outer loop
      vertex   -8.813398e+01 1.764953e+01 9.313989e+01
      vertex   -9.007105e+01 1.833652e+01 9.313989e+01
      vertex   -8.802738e+01 1.882262e+01 9.313989e+01
    endloop
  endfacet
  facet normal -0.000000e+00 0.000000e+00 -1.000000e+00
    outer loop
      vertex   -8.802738e+01 1.882262e+01 9.313989e+01
      vertex   -9.007105e+01 1.833652e+01 9.313989e+01
      vertex   -9.000061e+01 1.944476e+01 9.313989e+01
    endloop
  endfacet
  facet normal 0.000000e+00 0.000000e+00 -1.000000e+00
    outer loop
      vertex   -1.154193e+02 2.490805e+01 9.313989e+01
      vertex   -9.825278e+01 1.783650e+01 9.313989e+01
      vertex   -1.154193e+02 1.590805e+01 9.313989e+01
    endloop
  endfacet
  facet normal 0.000000e+00 0.000000e+00 -1.000000e+00
    outer loop
      vertex   -1.154193e+02 1.590805e+01 9.313989e+01
      vertex   -9.825278e+01 1.783650e+01 9.313989e+01
      vertex   -9.778174e+01 1.768345e+01 9.313989e+01
    endloop
  endfacet
  facet normal 0.000000e+00 0.000000e+00 -1.000000e+00
    outer loop
      vertex   -1.154193e+02 1.590805e+01 9.313989e+01
      vertex   -9.778174e+01 1.768345e+01 9.313989e+01
      vertex   -9.242313e+01 1.636887e+01 9.313989e+01
    endloop
  endfacet
  facet normal 0.000000e+00 0.000000e+00 -1.000000e+00
    outer loop
      vertex   -9.242313e+01 1.636887e+01 9.313989e+01
      vertex   -9.778174e+01 1.768345e+01 9.313989e+01
      vertex   -9.729400e+01 1.759745e+01 9.313989e+01
    endloop
  endfacet
  facet normal 0.000000e+00 0.000000e+00 -1.000000e+00
    outer loop
      vertex   -9.242313e+01 1.636887e+01 9.313989e+01
      vertex   -9.729400e+01 1.759745e+01 9.313989e+01
      vertex   -9.221237e+01 1.739444e+01 9.313989e+01
    endloop
  endfacet
  facet normal 0.000000e+00 0.000000e+00 -1.000000e+00
    outer loop
      vertex   -9.221237e+01 1.739444e+01 9.313989e+01
      vertex   -9.729400e+01 1.759745e+01 9.313989e+01
      vertex   -9.679903e+01 1.758016e+01 9.313989e+01
    endloop
  endfacet
  facet normal 0.000000e+00 0.000000e+00 -1.000000e+00
    outer loop
      vertex   -9.221237e+01 1.739444e+01 9.313989e+01
      vertex   -9.679903e+01 1.758016e+01 9.313989e+01
      vertex   -9.630647e+01 1.763193e+01 9.313989e+01
    endloop
  endfacet
  facet normal 0.000000e+00 0.000000e+00 -1.000000e+00
    outer loop
      vertex   -1.154534e+02 2.516687e+01 9.313989e+01
      vertex   -1.046286e+02 3.523325e+01 9.313989e+01
      vertex   -1.154193e+02 2.490805e+01 9.313989e+01
    endloop
  endfacet
  facet normal 0.000000e+00 0.000000e+00 -1.000000e+00
    outer loop
      vertex   -1.154193e+02 2.490805e+01 9.313989e+01
      vertex   -1.046286e+02 3.523325e+01 9.313989e+01
      vertex   -1.036067e+02 3.500520e+01 9.313989e+01
    endloop
  endfacet
  facet normal 0.000000e+00 0.000000e+00 -1.000000e+00
    outer loop
      vertex   -1.154193e+02 2.490805e+01 9.313989e+01
      vertex   -1.036067e+02 3.500520e+01 9.313989e+01
      vertex   -9.679903e+01 2.467584e+01 9.313989e+01
    endloop
  endfacet
  facet normal 0.000000e+00 0.000000e+00 -1.000000e+00
    outer loop
      vertex   -9.679903e+01 2.467584e+01 9.313989e+01
      vertex   -1.036067e+02 3.500520e+01 9.313989e+01
      vertex   -1.026026e+02 3.470868e+01 9.313989e+01
    endloop
  endfacet
  facet normal 0.000000e+00 0.000000e+00 -1.000000e+00
    outer loop
      vertex   -9.679903e+01 2.467584e+01 9.313989e+01
      vertex   -1.026026e+02 3.470868e+01 9.313989e+01
      vertex   -1.016207e+02 3.434505e+01 9.313989e+01
    endloop
  endfacet
  facet normal 0.000000e+00 0.000000e+00 -1.000000e+00
    outer loop
      vertex   -1.155533e+02 2.540805e+01 9.313989e+01
      vertex   -1.098389e+02 3.532126e+01 9.313989e+01
      vertex   -1.154534e+02 2.516687e+01 9.313989e+01
    endloop
  endfacet
  facet normal 0.000000e+00 0.000000e+00 -1.000000e+00
    outer loop
      vertex   -1.154534e+02 2.516687e+01 9.313989e+01
      vertex   -1.098389e+02 3.532126e+01 9.313989e+01
      vertex   -1.087992e+02 3.544476e+01 9.313989e+01
    endloop
  endfacet
  facet normal 0.000000e+00 0.000000e+00 -1.000000e+00
    outer loop
      vertex   -1.154534e+02 2.516687e+01 9.313989e+01
      vertex   -1.087992e+02 3.544476e+01 9.313989e+01
      vertex   -1.077536e+02 3.549779e+01 9.313989e+01
    endloop
  endfacet
  facet normal 0.000000e+00 0.000000e+00 -1.000000e+00
    outer loop
      vertex   -1.157122e+02 2.561516e+01 9.313989e+01
      vertex   -1.128750e+02 3.453516e+01 9.313989e+01
      vertex   -1.155533e+02 2.540805e+01 9.313989e+01
    endloop
  endfacet
  facet normal 0.000000e+00 0.000000e+00 -1.000000e+00
    outer loop
      vertex   -1.155533e+02 2.540805e+01 9.313989e+01
      vertex   -1.128750e+02 3.453516e+01 9.313989e+01
      vertex   -1.118815e+02 3.486542e+01 9.313989e+01
    endloop
  endfacet
  facet normal 0.000000e+00 0.000000e+00 -1.000000e+00
    outer loop
      vertex   -1.155533e+02 2.540805e+01 9.313989e+01
      vertex   -1.118815e+02 3.486542e+01 9.313989e+01
      vertex   -1.108679e+02 3.512785e+01 9.313989e+01
    endloop
  endfacet
  facet normal 0.000000e+00 0.000000e+00 -1.000000e+00
    outer loop
      vertex   -1.159193e+02 2.577408e+01 9.313989e+01
      vertex   -1.156907e+02 3.315399e+01 9.313989e+01
      vertex   -1.157122e+02 2.561516e+01 9.313989e+01
    endloop
  endfacet
  facet normal 0.000000e+00 0.000000e+00 -1.000000e+00
    outer loop
      vertex   -1.157122e+02 2.561516e+01 9.313989e+01
      vertex   -1.156907e+02 3.315399e+01 9.313989e+01
      vertex   -1.147840e+02 3.367749e+01 9.313989e+01
    endloop
  endfacet
  facet normal 0.000000e+00 0.000000e+00 -1.000000e+00
    outer loop
      vertex   -1.157122e+02 2.561516e+01 9.313989e+01
      vertex   -1.147840e+02 3.367749e+01 9.313989e+01
      vertex   -1.138440e+02 3.413858e+01 9.313989e+01
    endloop
  endfacet
  facet normal 0.000000e+00 0.000000e+00 -1.000000e+00
    outer loop
      vertex   -1.156907e+02 3.315399e+01 9.313989e+01
      vertex   -1.159193e+02 2.577408e+01 9.313989e+01
      vertex   -1.165601e+02 3.257047e+01 9.313989e+01
    endloop
  endfacet
  facet normal 0.000000e+00 0.000000e+00 -1.000000e+00
    outer loop
      vertex   -1.165601e+02 3.257047e+01 9.313989e+01
      vertex   -1.159193e+02 2.577408e+01 9.313989e+01
      vertex   -1.161605e+02 2.587398e+01 9.313989e+01
    endloop
  endfacet
  facet normal 0.000000e+00 -0.000000e+00 -1.000000e+00
    outer loop
      vertex   -1.165601e+02 3.257047e+01 9.313989e+01
      vertex   -1.161605e+02 2.587398e+01 9.313989e+01
      vertex   -1.173880e+02 3.192959e+01 9.313989e+01
    endloop
  endfacet
  facet normal 0.000000e+00 -0.000000e+00 -1.000000e+00
    outer loop
      vertex   -1.173880e+02 3.192959e+01 9.313989e+01
      vertex   -1.161605e+02 2.587398e+01 9.313989e+01
      vertex   -1.181708e+02 3.123429e+01 9.313989e+01
    endloop
  endfacet
  facet normal 0.000000e+00 0.000000e+00 -1.000000e+00
    outer loop
      vertex   -1.181708e+02 3.123429e+01 9.313989e+01
      vertex   -1.161605e+02 2.587398e+01 9.313989e+01
      vertex   -1.164193e+02 2.590805e+01 9.313989e+01
    endloop
  endfacet
  facet normal 0.000000e+00 -0.000000e+00 -1.000000e+00
    outer loop
      vertex   -1.181708e+02 3.123429e+01 9.313989e+01
      vertex   -1.164193e+02 2.590805e+01 9.313989e+01
      vertex   -1.189049e+02 3.048772e+01 9.313989e+01
    endloop
  endfacet
  facet normal 0.000000e+00 -0.000000e+00 -1.000000e+00
    outer loop
      vertex   -1.189049e+02 3.048772e+01 9.313989e+01
      vertex   -1.164193e+02 2.590805e+01 9.313989e+01
      vertex   -1.195868e+02 2.969330e+01 9.313989e+01
    endloop
  endfacet
  facet normal 0.000000e+00 0.000000e+00 -1.000000e+00
    outer loop
      vertex   -1.195868e+02 2.969330e+01 9.313989e+01
      vertex   -1.164193e+02 2.590805e+01 9.313989e+01
      vertex   -1.184193e+02 2.590805e+01 9.313989e+01
    endloop
  endfacet
  facet normal 0.000000e+00 -0.000000e+00 -1.000000e+00
    outer loop
      vertex   -1.195868e+02 2.969330e+01 9.313989e+01
      vertex   -1.184193e+02 2.590805e+01 9.313989e+01
      vertex   -1.202136e+02 2.885466e+01 9.313989e+01
    endloop
  endfacet
  facet normal 0.000000e+00 -0.000000e+00 -1.000000e+00
    outer loop
      vertex   -1.202136e+02 2.885466e+01 9.313989e+01
      vertex   -1.184193e+02 2.590805e+01 9.313989e+01
      vertex   -1.207824e+02 2.797561e+01 9.313989e+01
    endloop
  endfacet
  facet normal 0.000000e+00 -0.000000e+00 -1.000000e+00
    outer loop
      vertex   -1.207824e+02 2.797561e+01 9.313989e+01
      vertex   -1.184193e+02 2.590805e+01 9.313989e+01
      vertex   -1.212905e+02 2.706017e+01 9.313989e+01
    endloop
  endfacet
  facet normal 0.000000e+00 -0.000000e+00 -1.000000e+00
    outer loop
      vertex   -1.212905e+02 2.706017e+01 9.313989e+01
      vertex   -1.184193e+02 2.590805e+01 9.313989e+01
      vertex   -1.217357e+02 2.611252e+01 9.313989e+01
    endloop
  endfacet
  facet normal 0.000000e+00 0.000000e+00 -1.000000e+00
    outer loop
      vertex   -1.217357e+02 2.611252e+01 9.313989e+01
      vertex   -1.184193e+02 2.590805e+01 9.313989e+01
      vertex   -1.186781e+02 2.587398e+01 9.313989e+01
    endloop
  endfacet
  facet normal 0.000000e+00 0.000000e+00 -1.000000e+00
    outer loop
      vertex   -1.217357e+02 2.611252e+01 9.313989e+01
      vertex   -1.186781e+02 2.587398e+01 9.313989e+01
      vertex   -1.189193e+02 2.577408e+01 9.313989e+01
    endloop
  endfacet
  facet normal -0.000000e+00 0.000000e+00 -1.000000e+00
    outer loop
      vertex   -1.189193e+02 2.577408e+01 9.313989e+01
      vertex   -1.191264e+02 2.561516e+01 9.313989e+01
      vertex   -1.217357e+02 2.611252e+01 9.313989e+01
    endloop
  endfacet
  facet normal 0.000000e+00 0.000000e+00 -1.000000e+00
    outer loop
      vertex   -1.217357e+02 2.611252e+01 9.313989e+01
      vertex   -1.191264e+02 2.561516e+01 9.313989e+01
      vertex   -1.192853e+02 2.540805e+01 9.313989e+01
    endloop
  endfacet
  facet normal 0.000000e+00 0.000000e+00 -1.000000e+00
    outer loop
      vertex   -1.217357e+02 2.611252e+01 9.313989e+01
      vertex   -1.192853e+02 2.540805e+01 9.313989e+01
      vertex   -1.193852e+02 2.516687e+01 9.313989e+01
    endloop
  endfacet
  facet normal -0.000000e+00 0.000000e+00 -1.000000e+00
    outer loop
      vertex   -1.193852e+02 2.516687e+01 9.313989e+01
      vertex   -1.194193e+02 2.490805e+01 9.313989e+01
      vertex   -1.217357e+02 2.611252e+01 9.313989e+01
    endloop
  endfacet
  facet normal 0.000000e+00 -0.000000e+00 -1.000000e+00
    outer loop
      vertex   -1.217357e+02 2.611252e+01 9.313989e+01
      vertex   -1.194193e+02 2.490805e+01 9.313989e+01
      vertex   -1.221158e+02 2.513697e+01 9.313989e+01
    endloop
  endfacet
  facet normal 0.000000e+00 -0.000000e+00 -1.000000e+00
    outer loop
      vertex   -1.221158e+02 2.513697e+01 9.313989e+01
      vertex   -1.194193e+02 2.490805e+01 9.313989e+01
      vertex   -1.224292e+02 2.413799e+01 9.313989e+01
    endloop
  endfacet
  facet normal 0.000000e+00 -0.000000e+00 -1.000000e+00
    outer loop
      vertex   -1.224292e+02 2.413799e+01 9.313989e+01
      vertex   -1.194193e+02 2.490805e+01 9.313989e+01
      vertex   -1.226745e+02 2.312013e+01 9.313989e+01
    endloop
  endfacet
  facet normal 0.000000e+00 -0.000000e+00 -1.000000e+00
    outer loop
      vertex   -1.226745e+02 2.312013e+01 9.313989e+01
      vertex   -1.194193e+02 2.490805e+01 9.313989e+01
      vertex   -1.228505e+02 2.208803e+01 9.313989e+01
    endloop
  endfacet
  facet normal 0.000000e+00 -0.000000e+00 -1.000000e+00
    outer loop
      vertex   -1.228505e+02 2.208803e+01 9.313989e+01
      vertex   -1.194193e+02 2.490805e+01 9.313989e+01
      vertex   -1.229564e+02 2.104640e+01 9.313989e+01
    endloop
  endfacet
  facet normal 0.000000e+00 0.000000e+00 -1.000000e+00
    outer loop
      vertex   -1.229564e+02 2.104640e+01 9.313989e+01
      vertex   -1.194193e+02 2.490805e+01 9.313989e+01
      vertex   -1.194193e+02 1.590805e+01 9.313989e+01
    endloop
  endfacet
  facet normal 0.000000e+00 -0.000000e+00 -1.000000e+00
    outer loop
      vertex   -1.229564e+02 2.104640e+01 9.313989e+01
      vertex   -1.194193e+02 1.590805e+01 9.313989e+01
      vertex   -1.229918e+02 2.000000e+01 9.313989e+01
    endloop
  endfacet
  facet normal 0.000000e+00 0.000000e+00 -1.000000e+00
    outer loop
      vertex   -1.229918e+02 2.000000e+01 9.313989e+01
      vertex   -1.194193e+02 1.590805e+01 9.313989e+01
      vertex   -1.229564e+02 1.895360e+01 9.313989e+01
    endloop
  endfacet
  facet normal 0.000000e+00 0.000000e+00 -1.000000e+00
    outer loop
      vertex   -1.229564e+02 1.895360e+01 9.313989e+01
      vertex   -1.194193e+02 1.590805e+01 9.313989e+01
      vertex   -1.228505e+02 1.791197e+01 9.313989e+01
    endloop
  endfacet
  facet normal 0.000000e+00 0.000000e+00 -1.000000e+00
    outer loop
      vertex   -1.228505e+02 1.791197e+01 9.313989e+01
      vertex   -1.194193e+02 1.590805e+01 9.313989e+01
      vertex   -1.226745e+02 1.687987e+01 9.313989e+01
    endloop
  endfacet
  facet normal 0.000000e+00 0.000000e+00 -1.000000e+00
    outer loop
      vertex   -1.226745e+02 1.687987e+01 9.313989e+01
      vertex   -1.194193e+02 1.590805e+01 9.313989e+01
      vertex   -1.224292e+02 1.586201e+01 9.313989e+01
    endloop
  endfacet
  facet normal 0.000000e+00 0.000000e+00 -1.000000e+00
    outer loop
      vertex   -1.224292e+02 1.586201e+01 9.313989e+01
      vertex   -1.194193e+02 1.590805e+01 9.313989e+01
      vertex   -1.221158e+02 1.486303e+01 9.313989e+01
    endloop
  endfacet
  facet normal 0.000000e+00 0.000000e+00 -1.000000e+00
    outer loop
      vertex   -1.221158e+02 1.486303e+01 9.313989e+01
      vertex   -1.194193e+02 1.590805e+01 9.313989e+01
      vertex   -1.193852e+02 1.564923e+01 9.313989e+01
    endloop
  endfacet
  facet normal 0.000000e+00 0.000000e+00 -1.000000e+00
    outer loop
      vertex   -1.221158e+02 1.486303e+01 9.313989e+01
      vertex   -1.193852e+02 1.564923e+01 9.313989e+01
      vertex   -1.192853e+02 1.540805e+01 9.313989e+01
    endloop
  endfacet
  facet normal 0.000000e+00 -0.000000e+00 -1.000000e+00
    outer loop
      vertex   -1.192853e+02 1.540805e+01 9.313989e+01
      vertex   -1.191264e+02 1.520095e+01 9.313989e+01
      vertex   -1.221158e+02 1.486303e+01 9.313989e+01
    endloop
  endfacet
  facet normal 0.000000e+00 0.000000e+00 -1.000000e+00
    outer loop
      vertex   -1.221158e+02 1.486303e+01 9.313989e+01
      vertex   -1.191264e+02 1.520095e+01 9.313989e+01
      vertex   -1.189193e+02 1.504203e+01 9.313989e+01
    endloop
  endfacet
  facet normal 0.000000e+00 0.000000e+00 -1.000000e+00
    outer loop
      vertex   -1.221158e+02 1.486303e+01 9.313989e+01
      vertex   -1.189193e+02 1.504203e+01 9.313989e+01
      vertex   -1.186781e+02 1.494213e+01 9.313989e+01
    endloop
  endfacet
  facet normal 0.000000e+00 -0.000000e+00 -1.000000e+00
    outer loop
      vertex   -1.186781e+02 1.494213e+01 9.313989e+01
      vertex   -1.184193e+02 1.490805e+01 9.313989e+01
      vertex   -1.221158e+02 1.486303e+01 9.313989e+01
    endloop
  endfacet
  facet normal 0.000000e+00 0.000000e+00 -1.000000e+00
    outer loop
      vertex   -1.221158e+02 1.486303e+01 9.313989e+01
      vertex   -1.184193e+02 1.490805e+01 9.313989e+01
      vertex   -1.164193e+02 1.490805e+01 9.313989e+01
    endloop
  endfacet
  facet normal 0.000000e+00 0.000000e+00 -1.000000e+00
    outer loop
      vertex   -1.221158e+02 1.486303e+01 9.313989e+01
      vertex   -1.164193e+02 1.490805e+01 9.313989e+01
      vertex   -1.217357e+02 1.388748e+01 9.313989e+01
    endloop
  endfacet
  facet normal 0.000000e+00 0.000000e+00 -1.000000e+00
    outer loop
      vertex   -1.217357e+02 1.388748e+01 9.313989e+01
      vertex   -1.164193e+02 1.490805e+01 9.313989e+01
      vertex   -1.212905e+02 1.293983e+01 9.313989e+01
    endloop
  endfacet
  facet normal 0.000000e+00 0.000000e+00 -1.000000e+00
    outer loop
      vertex   -1.212905e+02 1.293983e+01 9.313989e+01
      vertex   -1.164193e+02 1.490805e+01 9.313989e+01
      vertex   -1.207824e+02 1.202439e+01 9.313989e+01
    endloop
  endfacet
  facet normal 0.000000e+00 0.000000e+00 -1.000000e+00
    outer loop
      vertex   -1.207824e+02 1.202439e+01 9.313989e+01
      vertex   -1.164193e+02 1.490805e+01 9.313989e+01
      vertex   -1.202136e+02 1.114534e+01 9.313989e+01
    endloop
  endfacet
  facet normal 0.000000e+00 0.000000e+00 -1.000000e+00
    outer loop
      vertex   -1.202136e+02 1.114534e+01 9.313989e+01
      vertex   -1.164193e+02 1.490805e+01 9.313989e+01
      vertex   -1.195868e+02 1.030670e+01 9.313989e+01
    endloop
  endfacet
  facet normal 0.000000e+00 0.000000e+00 -1.000000e+00
    outer loop
      vertex   -1.195868e+02 1.030670e+01 9.313989e+01
      vertex   -1.164193e+02 1.490805e+01 9.313989e+01
      vertex   -1.189049e+02 9.512277e+00 9.313989e+01
    endloop
  endfacet
  facet normal 0.000000e+00 0.000000e+00 -1.000000e+00
    outer loop
      vertex   -1.189049e+02 9.512277e+00 9.313989e+01
      vertex   -1.164193e+02 1.490805e+01 9.313989e+01
      vertex   -1.181708e+02 8.765712e+00 9.313989e+01
    endloop
  endfacet
  facet normal 0.000000e+00 0.000000e+00 -1.000000e+00
    outer loop
      vertex   -1.181708e+02 8.765712e+00 9.313989e+01
      vertex   -1.164193e+02 1.490805e+01 9.313989e+01
      vertex   -1.161605e+02 1.494213e+01 9.313989e+01
    endloop
  endfacet
  facet normal 0.000000e+00 0.000000e+00 -1.000000e+00
    outer loop
      vertex   -1.181708e+02 8.765712e+00 9.313989e+01
      vertex   -1.161605e+02 1.494213e+01 9.313989e+01
      vertex   -1.173880e+02 8.070406e+00 9.313989e+01
    endloop
  endfacet
  facet normal 0.000000e+00 0.000000e+00 -1.000000e+00
    outer loop
      vertex   -1.173880e+02 8.070406e+00 9.313989e+01
      vertex   -1.161605e+02 1.494213e+01 9.313989e+01
      vertex   -1.159193e+02 1.504203e+01 9.313989e+01
    endloop
  endfacet
  facet normal 0.000000e+00 0.000000e+00 -1.000000e+00
    outer loop
      vertex   -1.173880e+02 8.070406e+00 9.313989e+01
      vertex   -1.159193e+02 1.504203e+01 9.313989e+01
      vertex   -1.165601e+02 7.429532e+00 9.313989e+01
    endloop
  endfacet
  facet normal 0.000000e+00 0.000000e+00 -1.000000e+00
    outer loop
      vertex   -1.165601e+02 7.429532e+00 9.313989e+01
      vertex   -1.159193e+02 1.504203e+01 9.313989e+01
      vertex   -1.156907e+02 6.846014e+00 9.313989e+01
    endloop
  endfacet
  facet normal 0.000000e+00 0.000000e+00 -1.000000e+00
    outer loop
      vertex   -1.156907e+02 6.846014e+00 9.313989e+01
      vertex   -1.159193e+02 1.504203e+01 9.313989e+01
      vertex   -1.157122e+02 1.520095e+01 9.313989e+01
    endloop
  endfacet
  facet normal 0.000000e+00 0.000000e+00 -1.000000e+00
    outer loop
      vertex   -1.156907e+02 6.846014e+00 9.313989e+01
      vertex   -1.157122e+02 1.520095e+01 9.313989e+01
      vertex   -1.147840e+02 6.322515e+00 9.313989e+01
    endloop
  endfacet
  facet normal 0.000000e+00 0.000000e+00 -1.000000e+00
    outer loop
      vertex   -1.147840e+02 6.322515e+00 9.313989e+01
      vertex   -1.157122e+02 1.520095e+01 9.313989e+01
      vertex   -1.138440e+02 5.861423e+00 9.313989e+01
    endloop
  endfacet
  facet normal 0.000000e+00 0.000000e+00 -1.000000e+00
    outer loop
      vertex   -1.138440e+02 5.861423e+00 9.313989e+01
      vertex   -1.157122e+02 1.520095e+01 9.313989e+01
      vertex   -1.128750e+02 5.464842e+00 9.313989e+01
    endloop
  endfacet
  facet normal 0.000000e+00 0.000000e+00 -1.000000e+00
    outer loop
      vertex   -1.128750e+02 5.464842e+00 9.313989e+01
      vertex   -1.157122e+02 1.520095e+01 9.313989e+01
      vertex   -1.155533e+02 1.540805e+01 9.313989e+01
    endloop
  endfacet
  facet normal 0.000000e+00 0.000000e+00 -1.000000e+00
    outer loop
      vertex   -1.128750e+02 5.464842e+00 9.313989e+01
      vertex   -1.155533e+02 1.540805e+01 9.313989e+01
      vertex   -1.118815e+02 5.134582e+00 9.313989e+01
    endloop
  endfacet
  facet normal 0.000000e+00 0.000000e+00 -1.000000e+00
    outer loop
      vertex   -1.118815e+02 5.134582e+00 9.313989e+01
      vertex   -1.155533e+02 1.540805e+01 9.313989e+01
      vertex   -1.108679e+02 4.872149e+00 9.313989e+01
    endloop
  endfacet
  facet normal 0.000000e+00 0.000000e+00 -1.000000e+00
    outer loop
      vertex   -1.108679e+02 4.872149e+00 9.313989e+01
      vertex   -1.155533e+02 1.540805e+01 9.313989e+01
      vertex   -1.098389e+02 4.678741e+00 9.313989e+01
    endloop
  endfacet
  facet normal 0.000000e+00 0.000000e+00 -1.000000e+00
    outer loop
      vertex   -1.098389e+02 4.678741e+00 9.313989e+01
      vertex   -1.155533e+02 1.540805e+01 9.313989e+01
      vertex   -1.087992e+02 4.555240e+00 9.313989e+01
    endloop
  endfacet
  facet normal 0.000000e+00 0.000000e+00 -1.000000e+00
    outer loop
      vertex   -1.087992e+02 4.555240e+00 9.313989e+01
      vertex   -1.155533e+02 1.540805e+01 9.313989e+01
      vertex   -1.154534e+02 1.564923e+01 9.313989e+01
    endloop
  endfacet
  facet normal 0.000000e+00 0.000000e+00 -1.000000e+00
    outer loop
      vertex   -1.087992e+02 4.555240e+00 9.313989e+01
      vertex   -1.154534e+02 1.564923e+01 9.313989e+01
      vertex   -1.077536e+02 4.502211e+00 9.313989e+01
    endloop
  endfacet
  facet normal 0.000000e+00 0.000000e+00 -1.000000e+00
    outer loop
      vertex   -1.077536e+02 4.502211e+00 9.313989e+01
      vertex   -1.154534e+02 1.564923e+01 9.313989e+01
      vertex   -1.067067e+02 4.519894e+00 9.313989e+01
    endloop
  endfacet
  facet normal 0.000000e+00 0.000000e+00 -1.000000e+00
    outer loop
      vertex   -1.067067e+02 4.519894e+00 9.313989e+01
      vertex   -1.154534e+02 1.564923e+01 9.313989e+01
      vertex   -1.056635e+02 4.608210e+00 9.313989e+01
    endloop
  endfacet
  facet normal 0.000000e+00 0.000000e+00 -1.000000e+00
    outer loop
      vertex   -1.056635e+02 4.608210e+00 9.313989e+01
      vertex   -1.154534e+02 1.564923e+01 9.313989e+01
      vertex   -1.046286e+02 4.766754e+00 9.313989e+01
    endloop
  endfacet
  facet normal 0.000000e+00 0.000000e+00 -1.000000e+00
    outer loop
      vertex   -1.046286e+02 4.766754e+00 9.313989e+01
      vertex   -1.154534e+02 1.564923e+01 9.313989e+01
      vertex   -1.036067e+02 4.994805e+00 9.313989e+01
    endloop
  endfacet
  facet normal 0.000000e+00 0.000000e+00 -1.000000e+00
    outer loop
      vertex   -1.036067e+02 4.994805e+00 9.313989e+01
      vertex   -1.154534e+02 1.564923e+01 9.313989e+01
      vertex   -1.026026e+02 5.291320e+00 9.313989e+01
    endloop
  endfacet
  facet normal 0.000000e+00 0.000000e+00 -1.000000e+00
    outer loop
      vertex   -1.026026e+02 5.291320e+00 9.313989e+01
      vertex   -1.154534e+02 1.564923e+01 9.313989e+01
      vertex   -1.016207e+02 5.654948e+00 9.313989e+01
    endloop
  endfacet
  facet normal 0.000000e+00 0.000000e+00 -1.000000e+00
    outer loop
      vertex   -1.016207e+02 5.654948e+00 9.313989e+01
      vertex   -1.154534e+02 1.564923e+01 9.313989e+01
      vertex   -1.006657e+02 6.084030e+00 9.313989e+01
    endloop
  endfacet
  facet normal 0.000000e+00 0.000000e+00 -1.000000e+00
    outer loop
      vertex   -1.006657e+02 6.084030e+00 9.313989e+01
      vertex   -1.154534e+02 1.564923e+01 9.313989e+01
      vertex   -9.974180e+01 6.576606e+00 9.313989e+01
    endloop
  endfacet
  facet normal 0.000000e+00 0.000000e+00 -1.000000e+00
    outer loop
      vertex   -9.974180e+01 6.576606e+00 9.313989e+01
      vertex   -1.154534e+02 1.564923e+01 9.313989e+01
      vertex   -9.885327e+01 7.130431e+00 9.313989e+01
    endloop
  endfacet
  facet normal 0.000000e+00 0.000000e+00 -1.000000e+00
    outer loop
      vertex   -9.885327e+01 7.130431e+00 9.313989e+01
      vertex   -1.154534e+02 1.564923e+01 9.313989e+01
      vertex   -9.800416e+01 7.742976e+00 9.313989e+01
    endloop
  endfacet
  facet normal 0.000000e+00 0.000000e+00 -1.000000e+00
    outer loop
      vertex   -9.800416e+01 7.742976e+00 9.313989e+01
      vertex   -1.154534e+02 1.564923e+01 9.313989e+01
      vertex   -9.719834e+01 8.411447e+00 9.313989e+01
    endloop
  endfacet
  facet normal 0.000000e+00 0.000000e+00 -1.000000e+00
    outer loop
      vertex   -9.719834e+01 8.411447e+00 9.313989e+01
      vertex   -1.154534e+02 1.564923e+01 9.313989e+01
      vertex   -9.643948e+01 9.132795e+00 9.313989e+01
    endloop
  endfacet
  facet normal 0.000000e+00 0.000000e+00 -1.000000e+00
    outer loop
      vertex   -9.643948e+01 9.132795e+00 9.313989e+01
      vertex   -1.154534e+02 1.564923e+01 9.313989e+01
      vertex   -9.573105e+01 9.903727e+00 9.313989e+01
    endloop
  endfacet
  facet normal 0.000000e+00 0.000000e+00 -1.000000e+00
    outer loop
      vertex   -9.573105e+01 9.903727e+00 9.313989e+01
      vertex   -1.154534e+02 1.564923e+01 9.313989e+01
      vertex   -9.507629e+01 1.072073e+01 9.313989e+01
    endloop
  endfacet
  facet normal 0.000000e+00 0.000000e+00 -1.000000e+00
    outer loop
      vertex   -9.507629e+01 1.072073e+01 9.313989e+01
      vertex   -1.154534e+02 1.564923e+01 9.313989e+01
      vertex   -9.447817e+01 1.158006e+01 9.313989e+01
    endloop
  endfacet
  facet normal 0.000000e+00 0.000000e+00 -1.000000e+00
    outer loop
      vertex   -9.447817e+01 1.158006e+01 9.313989e+01
      vertex   -1.154534e+02 1.564923e+01 9.313989e+01
      vertex   -9.393943e+01 1.247782e+01 9.313989e+01
    endloop
  endfacet
  facet normal 0.000000e+00 0.000000e+00 -1.000000e+00
    outer loop
      vertex   -9.393943e+01 1.247782e+01 9.313989e+01
      vertex   -1.154534e+02 1.564923e+01 9.313989e+01
      vertex   -9.346253e+01 1.340990e+01 9.313989e+01
    endloop
  endfacet
  facet normal 0.000000e+00 0.000000e+00 -1.000000e+00
    outer loop
      vertex   -9.346253e+01 1.340990e+01 9.313989e+01
      vertex   -1.154534e+02 1.564923e+01 9.313989e+01
      vertex   -9.304964e+01 1.437205e+01 9.313989e+01
    endloop
  endfacet
  facet normal 0.000000e+00 0.000000e+00 -1.000000e+00
    outer loop
      vertex   -9.304964e+01 1.437205e+01 9.313989e+01
      vertex   -1.154534e+02 1.564923e+01 9.313989e+01
      vertex   -9.270265e+01 1.535987e+01 9.313989e+01
    endloop
  endfacet
  facet normal 0.000000e+00 0.000000e+00 -1.000000e+00
    outer loop
      vertex   -9.270265e+01 1.535987e+01 9.313989e+01
      vertex   -1.154534e+02 1.564923e+01 9.313989e+01
      vertex   -9.242313e+01 1.636887e+01 9.313989e+01
    endloop
  endfacet
  facet normal 0.000000e+00 0.000000e+00 -1.000000e+00
    outer loop
      vertex   -9.242313e+01 1.636887e+01 9.313989e+01
      vertex   -1.154534e+02 1.564923e+01 9.313989e+01
      vertex   -1.154193e+02 1.590805e+01 9.313989e+01
    endloop
  endfacet
  facet normal 0.000000e+00 0.000000e+00 -1.000000e+00
    outer loop
      vertex   -9.340747e+01 2.162207e+01 9.313989e+01
      vertex   -9.207133e+01 2.156811e+01 9.313989e+01
      vertex   -9.337292e+01 2.112800e+01 9.313989e+01
    endloop
  endfacet
  facet normal 0.000000e+00 0.000000e+00 -1.000000e+00
    outer loop
      vertex   -9.337292e+01 2.112800e+01 9.313989e+01
      vertex   -9.207133e+01 2.156811e+01 9.313989e+01
      vertex   -9.200065e+01 2.052350e+01 9.313989e+01
    endloop
  endfacet
  facet normal 0.000000e+00 -0.000000e+00 -1.000000e+00
    outer loop
      vertex   -9.337292e+01 2.112800e+01 9.313989e+01
      vertex   -9.200065e+01 2.052350e+01 9.313989e+01
      vertex   -9.340747e+01 2.063394e+01 9.313989e+01
    endloop
  endfacet
  facet normal 0.000000e+00 -0.000000e+00 -1.000000e+00
    outer loop
      vertex   -9.340747e+01 2.063394e+01 9.313989e+01
      vertex   -9.200065e+01 2.052350e+01 9.313989e+01
      vertex   -9.351044e+01 2.014949e+01 9.313989e+01
    endloop
  endfacet
  facet normal 0.000000e+00 0.000000e+00 -1.000000e+00
    outer loop
      vertex   -9.351044e+01 2.014949e+01 9.313989e+01
      vertex   -9.200065e+01 2.052350e+01 9.313989e+01
      vertex   -9.200065e+01 1.947650e+01 9.313989e+01
    endloop
  endfacet
  facet normal 0.000000e+00 -0.000000e+00 -1.000000e+00
    outer loop
      vertex   -9.351044e+01 2.014949e+01 9.313989e+01
      vertex   -9.200065e+01 1.947650e+01 9.313989e+01
      vertex   -9.367984e+01 1.968409e+01 9.313989e+01
    endloop
  endfacet
  facet normal 0.000000e+00 0.000000e+00 -1.000000e+00
    outer loop
      vertex   -9.367984e+01 1.968409e+01 9.313989e+01
      vertex   -9.200065e+01 1.947650e+01 9.313989e+01
      vertex   -9.207133e+01 1.843189e+01 9.313989e+01
    endloop
  endfacet
  facet normal 0.000000e+00 -0.000000e+00 -1.000000e+00
    outer loop
      vertex   -9.367984e+01 1.968409e+01 9.313989e+01
      vertex   -9.207133e+01 1.843189e+01 9.313989e+01
      vertex   -9.391235e+01 1.924679e+01 9.313989e+01
    endloop
  endfacet
  facet normal 0.000000e+00 -0.000000e+00 -1.000000e+00
    outer loop
      vertex   -9.391235e+01 1.924679e+01 9.313989e+01
      vertex   -9.207133e+01 1.843189e+01 9.313989e+01
      vertex   -9.420346e+01 1.884611e+01 9.313989e+01
    endloop
  endfacet
  facet normal 0.000000e+00 0.000000e+00 -1.000000e+00
    outer loop
      vertex   -9.420346e+01 1.884611e+01 9.313989e+01
      vertex   -9.207133e+01 1.843189e+01 9.313989e+01
      vertex   -9.221237e+01 1.739444e+01 9.313989e+01
    endloop
  endfacet
  facet normal 0.000000e+00 -0.000000e+00 -1.000000e+00
    outer loop
      vertex   -9.420346e+01 1.884611e+01 9.313989e+01
      vertex   -9.221237e+01 1.739444e+01 9.313989e+01
      vertex   -9.454751e+01 1.848984e+01 9.313989e+01
    endloop
  endfacet
  facet normal 0.000000e+00 -0.000000e+00 -1.000000e+00
    outer loop
      vertex   -9.454751e+01 1.848984e+01 9.313989e+01
      vertex   -9.221237e+01 1.739444e+01 9.313989e+01
      vertex   -9.493779e+01 1.818492e+01 9.313989e+01
    endloop
  endfacet
  facet normal 0.000000e+00 -0.000000e+00 -1.000000e+00
    outer loop
      vertex   -9.493779e+01 1.818492e+01 9.313989e+01
      vertex   -9.221237e+01 1.739444e+01 9.313989e+01
      vertex   -9.536670e+01 1.793728e+01 9.313989e+01
    endloop
  endfacet
  facet normal 0.000000e+00 -0.000000e+00 -1.000000e+00
    outer loop
      vertex   -9.536670e+01 1.793728e+01 9.313989e+01
      vertex   -9.221237e+01 1.739444e+01 9.313989e+01
      vertex   -9.582591e+01 1.775175e+01 9.313989e+01
    endloop
  endfacet
  facet normal 0.000000e+00 -0.000000e+00 -1.000000e+00
    outer loop
      vertex   -9.582591e+01 1.775175e+01 9.313989e+01
      vertex   -9.221237e+01 1.739444e+01 9.313989e+01
      vertex   -9.630647e+01 1.763193e+01 9.313989e+01
    endloop
  endfacet
  facet normal 0.000000e+00 0.000000e+00 -1.000000e+00
    outer loop
      vertex   -9.207133e+01 2.156811e+01 9.313989e+01
      vertex   -9.340747e+01 2.162207e+01 9.313989e+01
      vertex   -9.221237e+01 2.260556e+01 9.313989e+01
    endloop
  endfacet
  facet normal 0.000000e+00 0.000000e+00 -1.000000e+00
    outer loop
      vertex   -9.221237e+01 2.260556e+01 9.313989e+01
      vertex   -9.340747e+01 2.162207e+01 9.313989e+01
      vertex   -9.351044e+01 2.210651e+01 9.313989e+01
    endloop
  endfacet
  facet normal 0.000000e+00 0.000000e+00 -1.000000e+00
    outer loop
      vertex   -9.221237e+01 2.260556e+01 9.313989e+01
      vertex   -9.351044e+01 2.210651e+01 9.313989e+01
      vertex   -9.367984e+01 2.257192e+01 9.313989e+01
    endloop
  endfacet
  facet normal -0.000000e+00 0.000000e+00 -1.000000e+00
    outer loop
      vertex   -9.221237e+01 2.260556e+01 9.313989e+01
      vertex   -9.367984e+01 2.257192e+01 9.313989e+01
      vertex   -9.242313e+01 2.363113e+01 9.313989e+01
    endloop
  endfacet
  facet normal 0.000000e+00 0.000000e+00 -1.000000e+00
    outer loop
      vertex   -9.242313e+01 2.363113e+01 9.313989e+01
      vertex   -9.367984e+01 2.257192e+01 9.313989e+01
      vertex   -9.391235e+01 2.300922e+01 9.313989e+01
    endloop
  endfacet
  facet normal 0.000000e+00 0.000000e+00 -1.000000e+00
    outer loop
      vertex   -9.242313e+01 2.363113e+01 9.313989e+01
      vertex   -9.391235e+01 2.300922e+01 9.313989e+01
      vertex   -9.420346e+01 2.340990e+01 9.313989e+01
    endloop
  endfacet
  facet normal -0.000000e+00 0.000000e+00 -1.000000e+00
    outer loop
      vertex   -9.242313e+01 2.363113e+01 9.313989e+01
      vertex   -9.420346e+01 2.340990e+01 9.313989e+01
      vertex   -9.270265e+01 2.464013e+01 9.313989e+01
    endloop
  endfacet
  facet normal 0.000000e+00 0.000000e+00 -1.000000e+00
    outer loop
      vertex   -9.270265e+01 2.464013e+01 9.313989e+01
      vertex   -9.420346e+01 2.340990e+01 9.313989e+01
      vertex   -9.454751e+01 2.376617e+01 9.313989e+01
    endloop
  endfacet
  facet normal -0.000000e+00 0.000000e+00 -1.000000e+00
    outer loop
      vertex   -9.270265e+01 2.464013e+01 9.313989e+01
      vertex   -9.454751e+01 2.376617e+01 9.313989e+01
      vertex   -9.304964e+01 2.562795e+01 9.313989e+01
    endloop
  endfacet
  facet normal 0.000000e+00 0.000000e+00 -1.000000e+00
    outer loop
      vertex   -9.304964e+01 2.562795e+01 9.313989e+01
      vertex   -9.454751e+01 2.376617e+01 9.313989e+01
      vertex   -9.493779e+01 2.407109e+01 9.313989e+01
    endloop
  endfacet
  facet normal 0.000000e+00 0.000000e+00 -1.000000e+00
    outer loop
      vertex   -9.304964e+01 2.562795e+01 9.313989e+01
      vertex   -9.493779e+01 2.407109e+01 9.313989e+01
      vertex   -9.536670e+01 2.431872e+01 9.313989e+01
    endloop
  endfacet
  facet normal -0.000000e+00 0.000000e+00 -1.000000e+00
    outer loop
      vertex   -9.304964e+01 2.562795e+01 9.313989e+01
      vertex   -9.536670e+01 2.431872e+01 9.313989e+01
      vertex   -9.346253e+01 2.659010e+01 9.313989e+01
    endloop
  endfacet
  facet normal 0.000000e+00 0.000000e+00 -1.000000e+00
    outer loop
      vertex   -9.346253e+01 2.659010e+01 9.313989e+01
      vertex   -9.536670e+01 2.431872e+01 9.313989e+01
      vertex   -9.582591e+01 2.450425e+01 9.313989e+01
    endloop
  endfacet
  facet normal -0.000000e+00 0.000000e+00 -1.000000e+00
    outer loop
      vertex   -9.346253e+01 2.659010e+01 9.313989e+01
      vertex   -9.582591e+01 2.450425e+01 9.313989e+01
      vertex   -9.393943e+01 2.752218e+01 9.313989e+01
    endloop
  endfacet
  facet normal 0.000000e+00 0.000000e+00 -1.000000e+00
    outer loop
      vertex   -9.393943e+01 2.752218e+01 9.313989e+01
      vertex   -9.582591e+01 2.450425e+01 9.313989e+01
      vertex   -9.630647e+01 2.462407e+01 9.313989e+01
    endloop
  endfacet
  facet normal -0.000000e+00 0.000000e+00 -1.000000e+00
    outer loop
      vertex   -9.393943e+01 2.752218e+01 9.313989e+01
      vertex   -9.630647e+01 2.462407e+01 9.313989e+01
      vertex   -9.447817e+01 2.841994e+01 9.313989e+01
    endloop
  endfacet
  facet normal 0.000000e+00 0.000000e+00 -1.000000e+00
    outer loop
      vertex   -9.447817e+01 2.841994e+01 9.313989e+01
      vertex   -9.630647e+01 2.462407e+01 9.313989e+01
      vertex   -9.679903e+01 2.467584e+01 9.313989e+01
    endloop
  endfacet
  facet normal -0.000000e+00 0.000000e+00 -1.000000e+00
    outer loop
      vertex   -9.447817e+01 2.841994e+01 9.313989e+01
      vertex   -9.679903e+01 2.467584e+01 9.313989e+01
      vertex   -9.507629e+01 2.927927e+01 9.313989e+01
    endloop
  endfacet
  facet normal -0.000000e+00 0.000000e+00 -1.000000e+00
    outer loop
      vertex   -9.507629e+01 2.927927e+01 9.313989e+01
      vertex   -9.679903e+01 2.467584e+01 9.313989e+01
      vertex   -9.573105e+01 3.009627e+01 9.313989e+01
    endloop
  endfacet
  facet normal -0.000000e+00 0.000000e+00 -1.000000e+00
    outer loop
      vertex   -9.573105e+01 3.009627e+01 9.313989e+01
      vertex   -9.679903e+01 2.467584e+01 9.313989e+01
      vertex   -9.643948e+01 3.086721e+01 9.313989e+01
    endloop
  endfacet
  facet normal -0.000000e+00 0.000000e+00 -1.000000e+00
    outer loop
      vertex   -9.643948e+01 3.086721e+01 9.313989e+01
      vertex   -9.679903e+01 2.467584e+01 9.313989e+01
      vertex   -9.719834e+01 3.158855e+01 9.313989e+01
    endloop
  endfacet
  facet normal -0.000000e+00 -0.000000e+00 -1.000000e+00
    outer loop
      vertex   -9.719834e+01 3.158855e+01 9.313989e+01
      vertex   -9.679903e+01 2.467584e+01 9.313989e+01
      vertex   -9.800416e+01 3.225702e+01 9.313989e+01
    endloop
  endfacet
  facet normal -0.000000e+00 -0.000000e+00 -1.000000e+00
    outer loop
      vertex   -9.800416e+01 3.225702e+01 9.313989e+01
      vertex   -9.679903e+01 2.467584e+01 9.313989e+01
      vertex   -9.885327e+01 3.286957e+01 9.313989e+01
    endloop
  endfacet
  facet normal -0.000000e+00 -0.000000e+00 -1.000000e+00
    outer loop
      vertex   -9.885327e+01 3.286957e+01 9.313989e+01
      vertex   -9.679903e+01 2.467584e+01 9.313989e+01
      vertex   -9.974180e+01 3.342339e+01 9.313989e+01
    endloop
  endfacet
  facet normal -0.000000e+00 -0.000000e+00 -1.000000e+00
    outer loop
      vertex   -9.974180e+01 3.342339e+01 9.313989e+01
      vertex   -9.679903e+01 2.467584e+01 9.313989e+01
      vertex   -1.006657e+02 3.391597e+01 9.313989e+01
    endloop
  endfacet
  facet normal -0.000000e+00 -0.000000e+00 -1.000000e+00
    outer loop
      vertex   -1.006657e+02 3.391597e+01 9.313989e+01
      vertex   -9.679903e+01 2.467584e+01 9.313989e+01
      vertex   -1.016207e+02 3.434505e+01 9.313989e+01
    endloop
  endfacet
  facet normal -0.000000e+00 0.000000e+00 -1.000000e+00
    outer loop
      vertex   -9.679903e+01 2.467584e+01 9.313989e+01
      vertex   -9.729400e+01 2.465855e+01 9.313989e+01
      vertex   -1.154193e+02 2.490805e+01 9.313989e+01
    endloop
  endfacet
  facet normal 0.000000e+00 0.000000e+00 -1.000000e+00
    outer loop
      vertex   -1.154193e+02 2.490805e+01 9.313989e+01
      vertex   -9.729400e+01 2.465855e+01 9.313989e+01
      vertex   -9.778174e+01 2.457255e+01 9.313989e+01
    endloop
  endfacet
  facet normal 0.000000e+00 0.000000e+00 -1.000000e+00
    outer loop
      vertex   -1.154193e+02 2.490805e+01 9.313989e+01
      vertex   -9.778174e+01 2.457255e+01 9.313989e+01
      vertex   -9.825278e+01 2.441950e+01 9.313989e+01
    endloop
  endfacet
  facet normal -0.000000e+00 0.000000e+00 -1.000000e+00
    outer loop
      vertex   -9.825278e+01 2.441950e+01 9.313989e+01
      vertex   -9.869792e+01 2.420239e+01 9.313989e+01
      vertex   -1.154193e+02 2.490805e+01 9.313989e+01
    endloop
  endfacet
  facet normal 0.000000e+00 0.000000e+00 -1.000000e+00
    outer loop
      vertex   -1.154193e+02 2.490805e+01 9.313989e+01
      vertex   -9.869792e+01 2.420239e+01 9.313989e+01
      vertex   -9.910852e+01 2.392544e+01 9.313989e+01
    endloop
  endfacet
  facet normal 0.000000e+00 0.000000e+00 -1.000000e+00
    outer loop
      vertex   -1.154193e+02 2.490805e+01 9.313989e+01
      vertex   -9.910852e+01 2.392544e+01 9.313989e+01
      vertex   -9.947658e+01 2.359404e+01 9.313989e+01
    endloop
  endfacet
  facet normal -0.000000e+00 0.000000e+00 -1.000000e+00
    outer loop
      vertex   -9.947658e+01 2.359404e+01 9.313989e+01
      vertex   -9.979493e+01 2.321464e+01 9.313989e+01
      vertex   -1.154193e+02 2.490805e+01 9.313989e+01
    endloop
  endfacet
  facet normal 0.000000e+00 0.000000e+00 -1.000000e+00
    outer loop
      vertex   -1.154193e+02 2.490805e+01 9.313989e+01
      vertex   -9.979493e+01 2.321464e+01 9.313989e+01
      vertex   -1.000574e+02 2.279463e+01 9.313989e+01
    endloop
  endfacet
  facet normal 0.000000e+00 0.000000e+00 -1.000000e+00
    outer loop
      vertex   -1.154193e+02 2.490805e+01 9.313989e+01
      vertex   -1.000574e+02 2.279463e+01 9.313989e+01
      vertex   -1.002588e+02 2.234217e+01 9.313989e+01
    endloop
  endfacet
  facet normal -0.000000e+00 0.000000e+00 -1.000000e+00
    outer loop
      vertex   -1.002588e+02 2.234217e+01 9.313989e+01
      vertex   -1.003953e+02 2.186609e+01 9.313989e+01
      vertex   -1.154193e+02 2.490805e+01 9.313989e+01
    endloop
  endfacet
  facet normal 0.000000e+00 0.000000e+00 -1.000000e+00
    outer loop
      vertex   -1.154193e+02 2.490805e+01 9.313989e+01
      vertex   -1.003953e+02 2.186609e+01 9.313989e+01
      vertex   -1.004643e+02 2.137564e+01 9.313989e+01
    endloop
  endfacet
  facet normal 0.000000e+00 0.000000e+00 -1.000000e+00
    outer loop
      vertex   -1.154193e+02 2.490805e+01 9.313989e+01
      vertex   -1.004643e+02 2.137564e+01 9.313989e+01
      vertex   -1.004643e+02 2.088037e+01 9.313989e+01
    endloop
  endfacet
  facet normal -0.000000e+00 -0.000000e+00 -1.000000e+00
    outer loop
      vertex   -1.004643e+02 2.088037e+01 9.313989e+01
      vertex   -1.003953e+02 2.038992e+01 9.313989e+01
      vertex   -1.154193e+02 2.490805e+01 9.313989e+01
    endloop
  endfacet
  facet normal 0.000000e+00 0.000000e+00 -1.000000e+00
    outer loop
      vertex   -1.154193e+02 2.490805e+01 9.313989e+01
      vertex   -1.003953e+02 2.038992e+01 9.313989e+01
      vertex   -1.002588e+02 1.991383e+01 9.313989e+01
    endloop
  endfacet
  facet normal 0.000000e+00 0.000000e+00 -1.000000e+00
    outer loop
      vertex   -1.154193e+02 2.490805e+01 9.313989e+01
      vertex   -1.002588e+02 1.991383e+01 9.313989e+01
      vertex   -1.000574e+02 1.946138e+01 9.313989e+01
    endloop
  endfacet
  facet normal -0.000000e+00 -0.000000e+00 -1.000000e+00
    outer loop
      vertex   -1.000574e+02 1.946138e+01 9.313989e+01
      vertex   -9.979493e+01 1.904136e+01 9.313989e+01
      vertex   -1.154193e+02 2.490805e+01 9.313989e+01
    endloop
  endfacet
  facet normal 0.000000e+00 0.000000e+00 -1.000000e+00
    outer loop
      vertex   -1.154193e+02 2.490805e+01 9.313989e+01
      vertex   -9.979493e+01 1.904136e+01 9.313989e+01
      vertex   -9.947658e+01 1.866196e+01 9.313989e+01
    endloop
  endfacet
  facet normal 0.000000e+00 0.000000e+00 -1.000000e+00
    outer loop
      vertex   -1.154193e+02 2.490805e+01 9.313989e+01
      vertex   -9.947658e+01 1.866196e+01 9.313989e+01
      vertex   -9.910852e+01 1.833056e+01 9.313989e+01
    endloop
  endfacet
  facet normal -0.000000e+00 -0.000000e+00 -1.000000e+00
    outer loop
      vertex   -9.910852e+01 1.833056e+01 9.313989e+01
      vertex   -9.869792e+01 1.805361e+01 9.313989e+01
      vertex   -1.154193e+02 2.490805e+01 9.313989e+01
    endloop
  endfacet
  facet normal 0.000000e+00 0.000000e+00 -1.000000e+00
    outer loop
      vertex   -1.154193e+02 2.490805e+01 9.313989e+01
      vertex   -9.869792e+01 1.805361e+01 9.313989e+01
      vertex   -9.825278e+01 1.783650e+01 9.313989e+01
    endloop
  endfacet
  facet normal 0.000000e+00 -0.000000e+00 -1.000000e+00
    outer loop
      vertex   -1.138440e+02 3.413858e+01 9.313989e+01
      vertex   -1.128750e+02 3.453516e+01 9.313989e+01
      vertex   -1.157122e+02 2.561516e+01 9.313989e+01
    endloop
  endfacet
  facet normal 0.000000e+00 -0.000000e+00 -1.000000e+00
    outer loop
      vertex   -1.108679e+02 3.512785e+01 9.313989e+01
      vertex   -1.098389e+02 3.532126e+01 9.313989e+01
      vertex   -1.155533e+02 2.540805e+01 9.313989e+01
    endloop
  endfacet
  facet normal 0.000000e+00 -0.000000e+00 -1.000000e+00
    outer loop
      vertex   -1.077536e+02 3.549779e+01 9.313989e+01
      vertex   -1.067067e+02 3.548011e+01 9.313989e+01
      vertex   -1.154534e+02 2.516687e+01 9.313989e+01
    endloop
  endfacet
  facet normal 0.000000e+00 0.000000e+00 -1.000000e+00
    outer loop
      vertex   -1.154534e+02 2.516687e+01 9.313989e+01
      vertex   -1.067067e+02 3.548011e+01 9.313989e+01
      vertex   -1.056635e+02 3.539179e+01 9.313989e+01
    endloop
  endfacet
  facet normal 0.000000e+00 0.000000e+00 -1.000000e+00
    outer loop
      vertex   -1.154534e+02 2.516687e+01 9.313989e+01
      vertex   -1.056635e+02 3.539179e+01 9.313989e+01
      vertex   -1.046286e+02 3.523325e+01 9.313989e+01
    endloop
  endfacet
endsolid
