solid ASCII
  facet normal -1.000000e+00 -6.533726e-15 0.000000e+00
    outer loop
      vertex   6.943559e+01 -6.099734e+01 2.135398e+01
      vertex   6.943559e+01 -7.404734e+01 2.135398e+01
      vertex   6.943559e+01 -6.099734e+01 2.335398e+01
    endloop
  endfacet
  facet normal -1.000000e+00 -6.533726e-15 0.000000e+00
    outer loop
      vertex   6.943559e+01 -6.099734e+01 2.335398e+01
      vertex   6.943559e+01 -7.404734e+01 2.135398e+01
      vertex   6.943559e+01 -7.404734e+01 2.335398e+01
    endloop
  endfacet
  facet normal -6.540313e-02 -9.978589e-01 -0.000000e+00
    outer loop
      vertex   6.348559e+01 -5.504734e+01 2.335398e+01
      vertex   6.348559e+01 -5.504734e+01 2.135398e+01
      vertex   6.426222e+01 -5.509825e+01 2.335398e+01
    endloop
  endfacet
  facet normal -6.540313e-02 -9.978589e-01 -0.000000e+00
    outer loop
      vertex   6.426222e+01 -5.509825e+01 2.335398e+01
      vertex   6.348559e+01 -5.504734e+01 2.135398e+01
      vertex   6.426222e+01 -5.509825e+01 2.135398e+01
    endloop
  endfacet
  facet normal -1.950903e-01 -9.807853e-01 -0.000000e+00
    outer loop
      vertex   6.426222e+01 -5.509825e+01 2.335398e+01
      vertex   6.426222e+01 -5.509825e+01 2.135398e+01
      vertex   6.502557e+01 -5.525008e+01 2.335398e+01
    endloop
  endfacet
  facet normal -1.950903e-01 -9.807853e-01 -0.000000e+00
    outer loop
      vertex   6.502557e+01 -5.525008e+01 2.335398e+01
      vertex   6.426222e+01 -5.509825e+01 2.135398e+01
      vertex   6.502557e+01 -5.525008e+01 2.135398e+01
    endloop
  endfacet
  facet normal -3.214395e-01 -9.469301e-01 -0.000000e+00
    outer loop
      vertex   6.502557e+01 -5.525008e+01 2.335398e+01
      vertex   6.502557e+01 -5.525008e+01 2.135398e+01
      vertex   6.576256e+01 -5.550026e+01 2.335398e+01
    endloop
  endfacet
  facet normal -3.214395e-01 -9.469301e-01 -0.000000e+00
    outer loop
      vertex   6.576256e+01 -5.550026e+01 2.335398e+01
      vertex   6.502557e+01 -5.525008e+01 2.135398e+01
      vertex   6.576256e+01 -5.550026e+01 2.135398e+01
    endloop
  endfacet
  facet normal -4.422887e-01 -8.968727e-01 -0.000000e+00
    outer loop
      vertex   6.576256e+01 -5.550026e+01 2.335398e+01
      vertex   6.576256e+01 -5.550026e+01 2.135398e+01
      vertex   6.646059e+01 -5.584449e+01 2.335398e+01
    endloop
  endfacet
  facet normal -4.422887e-01 -8.968727e-01 -0.000000e+00
    outer loop
      vertex   6.646059e+01 -5.584449e+01 2.335398e+01
      vertex   6.576256e+01 -5.550026e+01 2.135398e+01
      vertex   6.646059e+01 -5.584449e+01 2.135398e+01
    endloop
  endfacet
  facet normal -5.555702e-01 -8.314696e-01 -0.000000e+00
    outer loop
      vertex   6.646059e+01 -5.584449e+01 2.335398e+01
      vertex   6.646059e+01 -5.584449e+01 2.135398e+01
      vertex   6.710772e+01 -5.627689e+01 2.335398e+01
    endloop
  endfacet
  facet normal -5.555702e-01 -8.314696e-01 -0.000000e+00
    outer loop
      vertex   6.710772e+01 -5.627689e+01 2.335398e+01
      vertex   6.646059e+01 -5.584449e+01 2.135398e+01
      vertex   6.710772e+01 -5.627689e+01 2.135398e+01
    endloop
  endfacet
  facet normal -6.593458e-01 -7.518398e-01 -0.000000e+00
    outer loop
      vertex   6.710772e+01 -5.627689e+01 2.335398e+01
      vertex   6.710772e+01 -5.627689e+01 2.135398e+01
      vertex   6.769288e+01 -5.679006e+01 2.335398e+01
    endloop
  endfacet
  facet normal -6.593458e-01 -7.518398e-01 -0.000000e+00
    outer loop
      vertex   6.769288e+01 -5.679006e+01 2.335398e+01
      vertex   6.710772e+01 -5.627689e+01 2.135398e+01
      vertex   6.769288e+01 -5.679006e+01 2.135398e+01
    endloop
  endfacet
  facet normal -7.518398e-01 -6.593458e-01 -0.000000e+00
    outer loop
      vertex   6.769288e+01 -5.679006e+01 2.335398e+01
      vertex   6.769288e+01 -5.679006e+01 2.135398e+01
      vertex   6.820605e+01 -5.737521e+01 2.335398e+01
    endloop
  endfacet
  facet normal -7.518398e-01 -6.593458e-01 -0.000000e+00
    outer loop
      vertex   6.820605e+01 -5.737521e+01 2.335398e+01
      vertex   6.769288e+01 -5.679006e+01 2.135398e+01
      vertex   6.820605e+01 -5.737521e+01 2.135398e+01
    endloop
  endfacet
  facet normal -8.314696e-01 -5.555702e-01 -0.000000e+00
    outer loop
      vertex   6.820605e+01 -5.737521e+01 2.335398e+01
      vertex   6.820605e+01 -5.737521e+01 2.135398e+01
      vertex   6.863844e+01 -5.802234e+01 2.335398e+01
    endloop
  endfacet
  facet normal -8.314696e-01 -5.555702e-01 -0.000000e+00
    outer loop
      vertex   6.863844e+01 -5.802234e+01 2.335398e+01
      vertex   6.820605e+01 -5.737521e+01 2.135398e+01
      vertex   6.863844e+01 -5.802234e+01 2.135398e+01
    endloop
  endfacet
  facet normal -8.968727e-01 -4.422887e-01 -0.000000e+00
    outer loop
      vertex   6.863844e+01 -5.802234e+01 2.335398e+01
      vertex   6.863844e+01 -5.802234e+01 2.135398e+01
      vertex   6.898268e+01 -5.872038e+01 2.335398e+01
    endloop
  endfacet
  facet normal -8.968727e-01 -4.422887e-01 -0.000000e+00
    outer loop
      vertex   6.898268e+01 -5.872038e+01 2.335398e+01
      vertex   6.863844e+01 -5.802234e+01 2.135398e+01
      vertex   6.898268e+01 -5.872038e+01 2.135398e+01
    endloop
  endfacet
  facet normal -9.469301e-01 -3.214395e-01 -0.000000e+00
    outer loop
      vertex   6.898268e+01 -5.872038e+01 2.335398e+01
      vertex   6.898268e+01 -5.872038e+01 2.135398e+01
      vertex   6.923285e+01 -5.945737e+01 2.335398e+01
    endloop
  endfacet
  facet normal -9.469301e-01 -3.214395e-01 -0.000000e+00
    outer loop
      vertex   6.923285e+01 -5.945737e+01 2.335398e+01
      vertex   6.898268e+01 -5.872038e+01 2.135398e+01
      vertex   6.923285e+01 -5.945737e+01 2.135398e+01
    endloop
  endfacet
  facet normal -9.807853e-01 -1.950903e-01 -0.000000e+00
    outer loop
      vertex   6.923285e+01 -5.945737e+01 2.335398e+01
      vertex   6.923285e+01 -5.945737e+01 2.135398e+01
      vertex   6.938469e+01 -6.022071e+01 2.335398e+01
    endloop
  endfacet
  facet normal -9.807853e-01 -1.950903e-01 -0.000000e+00
    outer loop
      vertex   6.938469e+01 -6.022071e+01 2.335398e+01
      vertex   6.923285e+01 -5.945737e+01 2.135398e+01
      vertex   6.938469e+01 -6.022071e+01 2.135398e+01
    endloop
  endfacet
  facet normal -9.978589e-01 -6.540313e-02 -0.000000e+00
    outer loop
      vertex   6.938469e+01 -6.022071e+01 2.335398e+01
      vertex   6.938469e+01 -6.022071e+01 2.135398e+01
      vertex   6.943559e+01 -6.099734e+01 2.335398e+01
    endloop
  endfacet
  facet normal -9.978589e-01 -6.540313e-02 -0.000000e+00
    outer loop
      vertex   6.943559e+01 -6.099734e+01 2.335398e+01
      vertex   6.938469e+01 -6.022071e+01 2.135398e+01
      vertex   6.943559e+01 -6.099734e+01 2.135398e+01
    endloop
  endfacet
  facet normal 7.320743e-15 -1.000000e+00 0.000000e+00
    outer loop
      vertex   3.048559e+01 -5.504734e+01 2.135398e+01
      vertex   6.348559e+01 -5.504734e+01 2.135398e+01
      vertex   3.048559e+01 -5.504734e+01 2.335398e+01
    endloop
  endfacet
  facet normal 7.320743e-15 -1.000000e+00 0.000000e+00
    outer loop
      vertex   3.048559e+01 -5.504734e+01 2.335398e+01
      vertex   6.348559e+01 -5.504734e+01 2.135398e+01
      vertex   6.348559e+01 -5.504734e+01 2.335398e+01
    endloop
  endfacet
  facet normal 9.978589e-01 -6.540313e-02 0.000000e+00
    outer loop
      vertex   2.453559e+01 -6.099734e+01 2.335398e+01
      vertex   2.453559e+01 -6.099734e+01 2.135398e+01
      vertex   2.458650e+01 -6.022071e+01 2.335398e+01
    endloop
  endfacet
  facet normal 9.978589e-01 -6.540313e-02 0.000000e+00
    outer loop
      vertex   2.458650e+01 -6.022071e+01 2.335398e+01
      vertex   2.453559e+01 -6.099734e+01 2.135398e+01
      vertex   2.458650e+01 -6.022071e+01 2.135398e+01
    endloop
  endfacet
  facet normal 9.807853e-01 -1.950903e-01 0.000000e+00
    outer loop
      vertex   2.458650e+01 -6.022071e+01 2.335398e+01
      vertex   2.458650e+01 -6.022071e+01 2.135398e+01
      vertex   2.473833e+01 -5.945737e+01 2.335398e+01
    endloop
  endfacet
  facet normal 9.807853e-01 -1.950903e-01 0.000000e+00
    outer loop
      vertex   2.473833e+01 -5.945737e+01 2.335398e+01
      vertex   2.458650e+01 -6.022071e+01 2.135398e+01
      vertex   2.473833e+01 -5.945737e+01 2.135398e+01
    endloop
  endfacet
  facet normal 9.469301e-01 -3.214395e-01 0.000000e+00
    outer loop
      vertex   2.473833e+01 -5.945737e+01 2.335398e+01
      vertex   2.473833e+01 -5.945737e+01 2.135398e+01
      vertex   2.498851e+01 -5.872038e+01 2.335398e+01
    endloop
  endfacet
  facet normal 9.469301e-01 -3.214395e-01 0.000000e+00
    outer loop
      vertex   2.498851e+01 -5.872038e+01 2.335398e+01
      vertex   2.473833e+01 -5.945737e+01 2.135398e+01
      vertex   2.498851e+01 -5.872038e+01 2.135398e+01
    endloop
  endfacet
  facet normal 8.968727e-01 -4.422887e-01 0.000000e+00
    outer loop
      vertex   2.498851e+01 -5.872038e+01 2.335398e+01
      vertex   2.498851e+01 -5.872038e+01 2.135398e+01
      vertex   2.533274e+01 -5.802234e+01 2.335398e+01
    endloop
  endfacet
  facet normal 8.968727e-01 -4.422887e-01 2.184095e-17
    outer loop
      vertex   2.533274e+01 -5.802234e+01 2.335398e+01
      vertex   2.498851e+01 -5.872038e+01 2.135398e+01
      vertex   2.533274e+01 -5.802234e+01 2.135398e+01
    endloop
  endfacet
  facet normal 8.314696e-01 -5.555702e-01 -4.967952e-16
    outer loop
      vertex   2.533274e+01 -5.802234e+01 2.335398e+01
      vertex   2.533274e+01 -5.802234e+01 2.135398e+01
      vertex   2.576514e+01 -5.737521e+01 2.335398e+01
    endloop
  endfacet
  facet normal 8.314696e-01 -5.555702e-01 0.000000e+00
    outer loop
      vertex   2.576514e+01 -5.737521e+01 2.335398e+01
      vertex   2.533274e+01 -5.802234e+01 2.135398e+01
      vertex   2.576514e+01 -5.737521e+01 2.135398e+01
    endloop
  endfacet
  facet normal 7.518398e-01 -6.593458e-01 0.000000e+00
    outer loop
      vertex   2.576514e+01 -5.737521e+01 2.335398e+01
      vertex   2.576514e+01 -5.737521e+01 2.135398e+01
      vertex   2.627831e+01 -5.679006e+01 2.335398e+01
    endloop
  endfacet
  facet normal 7.518398e-01 -6.593458e-01 0.000000e+00
    outer loop
      vertex   2.627831e+01 -5.679006e+01 2.335398e+01
      vertex   2.576514e+01 -5.737521e+01 2.135398e+01
      vertex   2.627831e+01 -5.679006e+01 2.135398e+01
    endloop
  endfacet
  facet normal 6.593458e-01 -7.518398e-01 0.000000e+00
    outer loop
      vertex   2.627831e+01 -5.679006e+01 2.335398e+01
      vertex   2.627831e+01 -5.679006e+01 2.135398e+01
      vertex   2.686346e+01 -5.627689e+01 2.335398e+01
    endloop
  endfacet
  facet normal 6.593458e-01 -7.518398e-01 0.000000e+00
    outer loop
      vertex   2.686346e+01 -5.627689e+01 2.335398e+01
      vertex   2.627831e+01 -5.679006e+01 2.135398e+01
      vertex   2.686346e+01 -5.627689e+01 2.135398e+01
    endloop
  endfacet
  facet normal 5.555702e-01 -8.314696e-01 0.000000e+00
    outer loop
      vertex   2.686346e+01 -5.627689e+01 2.335398e+01
      vertex   2.686346e+01 -5.627689e+01 2.135398e+01
      vertex   2.751059e+01 -5.584449e+01 2.335398e+01
    endloop
  endfacet
  facet normal 5.555702e-01 -8.314696e-01 9.868910e-16
    outer loop
      vertex   2.751059e+01 -5.584449e+01 2.335398e+01
      vertex   2.686346e+01 -5.627689e+01 2.135398e+01
      vertex   2.751059e+01 -5.584449e+01 2.135398e+01
    endloop
  endfacet
  facet normal 4.422887e-01 -8.968727e-01 7.856625e-16
    outer loop
      vertex   2.751059e+01 -5.584449e+01 2.335398e+01
      vertex   2.751059e+01 -5.584449e+01 2.135398e+01
      vertex   2.820863e+01 -5.550026e+01 2.335398e+01
    endloop
  endfacet
  facet normal 4.422887e-01 -8.968727e-01 0.000000e+00
    outer loop
      vertex   2.820863e+01 -5.550026e+01 2.335398e+01
      vertex   2.751059e+01 -5.584449e+01 2.135398e+01
      vertex   2.820863e+01 -5.550026e+01 2.135398e+01
    endloop
  endfacet
  facet normal 3.214395e-01 -9.469301e-01 0.000000e+00
    outer loop
      vertex   2.820863e+01 -5.550026e+01 2.335398e+01
      vertex   2.820863e+01 -5.550026e+01 2.135398e+01
      vertex   2.894562e+01 -5.525008e+01 2.335398e+01
    endloop
  endfacet
  facet normal 3.214395e-01 -9.469301e-01 0.000000e+00
    outer loop
      vertex   2.894562e+01 -5.525008e+01 2.335398e+01
      vertex   2.820863e+01 -5.550026e+01 2.135398e+01
      vertex   2.894562e+01 -5.525008e+01 2.135398e+01
    endloop
  endfacet
  facet normal 1.950903e-01 -9.807853e-01 0.000000e+00
    outer loop
      vertex   2.894562e+01 -5.525008e+01 2.335398e+01
      vertex   2.894562e+01 -5.525008e+01 2.135398e+01
      vertex   2.970896e+01 -5.509825e+01 2.335398e+01
    endloop
  endfacet
  facet normal 1.950903e-01 -9.807853e-01 6.931001e-16
    outer loop
      vertex   2.970896e+01 -5.509825e+01 2.335398e+01
      vertex   2.894562e+01 -5.525008e+01 2.135398e+01
      vertex   2.970896e+01 -5.509825e+01 2.135398e+01
    endloop
  endfacet
  facet normal 6.540313e-02 -9.978589e-01 2.323586e-16
    outer loop
      vertex   2.970896e+01 -5.509825e+01 2.335398e+01
      vertex   2.970896e+01 -5.509825e+01 2.135398e+01
      vertex   3.048559e+01 -5.504734e+01 2.335398e+01
    endloop
  endfacet
  facet normal 6.540313e-02 -9.978589e-01 0.000000e+00
    outer loop
      vertex   3.048559e+01 -5.504734e+01 2.335398e+01
      vertex   2.970896e+01 -5.509825e+01 2.135398e+01
      vertex   3.048559e+01 -5.504734e+01 2.135398e+01
    endloop
  endfacet
  facet normal 1.000000e+00 7.350442e-15 -0.000000e+00
    outer loop
      vertex   2.453559e+01 -7.404734e+01 2.135398e+01
      vertex   2.453559e+01 -6.099734e+01 2.135398e+01
      vertex   2.453559e+01 -7.404734e+01 2.335398e+01
    endloop
  endfacet
  facet normal 1.000000e+00 7.350442e-15 0.000000e+00
    outer loop
      vertex   2.453559e+01 -7.404734e+01 2.335398e+01
      vertex   2.453559e+01 -6.099734e+01 2.135398e+01
      vertex   2.453559e+01 -6.099734e+01 2.335398e+01
    endloop
  endfacet
  facet normal 6.540313e-02 9.978589e-01 0.000000e+00
    outer loop
      vertex   3.048559e+01 -7.999734e+01 2.335398e+01
      vertex   3.048559e+01 -7.999734e+01 2.135398e+01
      vertex   2.970896e+01 -7.994644e+01 2.335398e+01
    endloop
  endfacet
  facet normal 6.540313e-02 9.978589e-01 0.000000e+00
    outer loop
      vertex   2.970896e+01 -7.994644e+01 2.335398e+01
      vertex   3.048559e+01 -7.999734e+01 2.135398e+01
      vertex   2.970896e+01 -7.994644e+01 2.135398e+01
    endloop
  endfacet
  facet normal 1.950903e-01 9.807853e-01 0.000000e+00
    outer loop
      vertex   2.970896e+01 -7.994644e+01 2.335398e+01
      vertex   2.970896e+01 -7.994644e+01 2.135398e+01
      vertex   2.894562e+01 -7.979460e+01 2.335398e+01
    endloop
  endfacet
  facet normal 1.950903e-01 9.807853e-01 0.000000e+00
    outer loop
      vertex   2.894562e+01 -7.979460e+01 2.335398e+01
      vertex   2.970896e+01 -7.994644e+01 2.135398e+01
      vertex   2.894562e+01 -7.979460e+01 2.135398e+01
    endloop
  endfacet
  facet normal 3.214395e-01 9.469301e-01 0.000000e+00
    outer loop
      vertex   2.894562e+01 -7.979460e+01 2.335398e+01
      vertex   2.894562e+01 -7.979460e+01 2.135398e+01
      vertex   2.820863e+01 -7.954443e+01 2.335398e+01
    endloop
  endfacet
  facet normal 3.214395e-01 9.469301e-01 0.000000e+00
    outer loop
      vertex   2.820863e+01 -7.954443e+01 2.335398e+01
      vertex   2.894562e+01 -7.979460e+01 2.135398e+01
      vertex   2.820863e+01 -7.954443e+01 2.135398e+01
    endloop
  endfacet
  facet normal 4.422887e-01 8.968727e-01 0.000000e+00
    outer loop
      vertex   2.820863e+01 -7.954443e+01 2.335398e+01
      vertex   2.820863e+01 -7.954443e+01 2.135398e+01
      vertex   2.751059e+01 -7.920019e+01 2.335398e+01
    endloop
  endfacet
  facet normal 4.422887e-01 8.968727e-01 0.000000e+00
    outer loop
      vertex   2.751059e+01 -7.920019e+01 2.335398e+01
      vertex   2.820863e+01 -7.954443e+01 2.135398e+01
      vertex   2.751059e+01 -7.920019e+01 2.135398e+01
    endloop
  endfacet
  facet normal 5.555702e-01 8.314696e-01 0.000000e+00
    outer loop
      vertex   2.751059e+01 -7.920019e+01 2.335398e+01
      vertex   2.751059e+01 -7.920019e+01 2.135398e+01
      vertex   2.686346e+01 -7.876779e+01 2.335398e+01
    endloop
  endfacet
  facet normal 5.555702e-01 8.314696e-01 0.000000e+00
    outer loop
      vertex   2.686346e+01 -7.876779e+01 2.335398e+01
      vertex   2.751059e+01 -7.920019e+01 2.135398e+01
      vertex   2.686346e+01 -7.876779e+01 2.135398e+01
    endloop
  endfacet
  facet normal 6.593458e-01 7.518398e-01 0.000000e+00
    outer loop
      vertex   2.686346e+01 -7.876779e+01 2.335398e+01
      vertex   2.686346e+01 -7.876779e+01 2.135398e+01
      vertex   2.627831e+01 -7.825463e+01 2.335398e+01
    endloop
  endfacet
  facet normal 6.593458e-01 7.518398e-01 0.000000e+00
    outer loop
      vertex   2.627831e+01 -7.825463e+01 2.335398e+01
      vertex   2.686346e+01 -7.876779e+01 2.135398e+01
      vertex   2.627831e+01 -7.825463e+01 2.135398e+01
    endloop
  endfacet
  facet normal 7.518398e-01 6.593458e-01 0.000000e+00
    outer loop
      vertex   2.627831e+01 -7.825463e+01 2.335398e+01
      vertex   2.627831e+01 -7.825463e+01 2.135398e+01
      vertex   2.576514e+01 -7.766947e+01 2.335398e+01
    endloop
  endfacet
  facet normal 7.518398e-01 6.593458e-01 0.000000e+00
    outer loop
      vertex   2.576514e+01 -7.766947e+01 2.335398e+01
      vertex   2.627831e+01 -7.825463e+01 2.135398e+01
      vertex   2.576514e+01 -7.766947e+01 2.135398e+01
    endloop
  endfacet
  facet normal 8.314696e-01 5.555702e-01 0.000000e+00
    outer loop
      vertex   2.576514e+01 -7.766947e+01 2.335398e+01
      vertex   2.576514e+01 -7.766947e+01 2.135398e+01
      vertex   2.533274e+01 -7.702234e+01 2.335398e+01
    endloop
  endfacet
  facet normal 8.314696e-01 5.555702e-01 0.000000e+00
    outer loop
      vertex   2.533274e+01 -7.702234e+01 2.335398e+01
      vertex   2.576514e+01 -7.766947e+01 2.135398e+01
      vertex   2.533274e+01 -7.702234e+01 2.135398e+01
    endloop
  endfacet
  facet normal 8.968727e-01 4.422887e-01 0.000000e+00
    outer loop
      vertex   2.533274e+01 -7.702234e+01 2.335398e+01
      vertex   2.533274e+01 -7.702234e+01 2.135398e+01
      vertex   2.498851e+01 -7.632431e+01 2.335398e+01
    endloop
  endfacet
  facet normal 8.968727e-01 4.422887e-01 0.000000e+00
    outer loop
      vertex   2.498851e+01 -7.632431e+01 2.335398e+01
      vertex   2.533274e+01 -7.702234e+01 2.135398e+01
      vertex   2.498851e+01 -7.632431e+01 2.135398e+01
    endloop
  endfacet
  facet normal 9.469301e-01 3.214395e-01 0.000000e+00
    outer loop
      vertex   2.498851e+01 -7.632431e+01 2.335398e+01
      vertex   2.498851e+01 -7.632431e+01 2.135398e+01
      vertex   2.473833e+01 -7.558732e+01 2.335398e+01
    endloop
  endfacet
  facet normal 9.469301e-01 3.214395e-01 0.000000e+00
    outer loop
      vertex   2.473833e+01 -7.558732e+01 2.335398e+01
      vertex   2.498851e+01 -7.632431e+01 2.135398e+01
      vertex   2.473833e+01 -7.558732e+01 2.135398e+01
    endloop
  endfacet
  facet normal 9.807853e-01 1.950903e-01 0.000000e+00
    outer loop
      vertex   2.473833e+01 -7.558732e+01 2.335398e+01
      vertex   2.473833e+01 -7.558732e+01 2.135398e+01
      vertex   2.458650e+01 -7.482397e+01 2.335398e+01
    endloop
  endfacet
  facet normal 9.807853e-01 1.950903e-01 0.000000e+00
    outer loop
      vertex   2.458650e+01 -7.482397e+01 2.335398e+01
      vertex   2.473833e+01 -7.558732e+01 2.135398e+01
      vertex   2.458650e+01 -7.482397e+01 2.135398e+01
    endloop
  endfacet
  facet normal 9.978589e-01 6.540313e-02 0.000000e+00
    outer loop
      vertex   2.458650e+01 -7.482397e+01 2.335398e+01
      vertex   2.458650e+01 -7.482397e+01 2.135398e+01
      vertex   2.453559e+01 -7.404734e+01 2.335398e+01
    endloop
  endfacet
  facet normal 9.978589e-01 6.540313e-02 0.000000e+00
    outer loop
      vertex   2.453559e+01 -7.404734e+01 2.335398e+01
      vertex   2.458650e+01 -7.482397e+01 2.135398e+01
      vertex   2.453559e+01 -7.404734e+01 2.135398e+01
    endloop
  endfacet
  facet normal -7.751375e-15 1.000000e+00 0.000000e+00
    outer loop
      vertex   6.348559e+01 -7.999734e+01 2.135398e+01
      vertex   3.048559e+01 -7.999734e+01 2.135398e+01
      vertex   6.348559e+01 -7.999734e+01 2.335398e+01
    endloop
  endfacet
  facet normal -7.751375e-15 1.000000e+00 0.000000e+00
    outer loop
      vertex   6.348559e+01 -7.999734e+01 2.335398e+01
      vertex   3.048559e+01 -7.999734e+01 2.135398e+01
      vertex   3.048559e+01 -7.999734e+01 2.335398e+01
    endloop
  endfacet
  facet normal -9.978589e-01 6.540313e-02 0.000000e+00
    outer loop
      vertex   6.943559e+01 -7.404734e+01 2.335398e+01
      vertex   6.943559e+01 -7.404734e+01 2.135398e+01
      vertex   6.938469e+01 -7.482397e+01 2.335398e+01
    endloop
  endfacet
  facet normal -9.978589e-01 6.540313e-02 0.000000e+00
    outer loop
      vertex   6.938469e+01 -7.482397e+01 2.335398e+01
      vertex   6.943559e+01 -7.404734e+01 2.135398e+01
      vertex   6.938469e+01 -7.482397e+01 2.135398e+01
    endloop
  endfacet
  facet normal -9.807853e-01 1.950903e-01 0.000000e+00
    outer loop
      vertex   6.938469e+01 -7.482397e+01 2.335398e+01
      vertex   6.938469e+01 -7.482397e+01 2.135398e+01
      vertex   6.923285e+01 -7.558732e+01 2.335398e+01
    endloop
  endfacet
  facet normal -9.807853e-01 1.950903e-01 0.000000e+00
    outer loop
      vertex   6.923285e+01 -7.558732e+01 2.335398e+01
      vertex   6.938469e+01 -7.482397e+01 2.135398e+01
      vertex   6.923285e+01 -7.558732e+01 2.135398e+01
    endloop
  endfacet
  facet normal -9.469301e-01 3.214395e-01 0.000000e+00
    outer loop
      vertex   6.923285e+01 -7.558732e+01 2.335398e+01
      vertex   6.923285e+01 -7.558732e+01 2.135398e+01
      vertex   6.898268e+01 -7.632431e+01 2.335398e+01
    endloop
  endfacet
  facet normal -9.469301e-01 3.214395e-01 0.000000e+00
    outer loop
      vertex   6.898268e+01 -7.632431e+01 2.335398e+01
      vertex   6.923285e+01 -7.558732e+01 2.135398e+01
      vertex   6.898268e+01 -7.632431e+01 2.135398e+01
    endloop
  endfacet
  facet normal -8.968727e-01 4.422887e-01 0.000000e+00
    outer loop
      vertex   6.898268e+01 -7.632431e+01 2.335398e+01
      vertex   6.898268e+01 -7.632431e+01 2.135398e+01
      vertex   6.863844e+01 -7.702234e+01 2.335398e+01
    endloop
  endfacet
  facet normal -8.968727e-01 4.422887e-01 -3.142650e-15
    outer loop
      vertex   6.863844e+01 -7.702234e+01 2.335398e+01
      vertex   6.898268e+01 -7.632431e+01 2.135398e+01
      vertex   6.863844e+01 -7.702234e+01 2.135398e+01
    endloop
  endfacet
  facet normal -8.314696e-01 5.555702e-01 -3.947564e-15
    outer loop
      vertex   6.863844e+01 -7.702234e+01 2.335398e+01
      vertex   6.863844e+01 -7.702234e+01 2.135398e+01
      vertex   6.820605e+01 -7.766947e+01 2.335398e+01
    endloop
  endfacet
  facet normal -8.314696e-01 5.555702e-01 0.000000e+00
    outer loop
      vertex   6.820605e+01 -7.766947e+01 2.335398e+01
      vertex   6.863844e+01 -7.702234e+01 2.135398e+01
      vertex   6.820605e+01 -7.766947e+01 2.135398e+01
    endloop
  endfacet
  facet normal -7.518398e-01 6.593458e-01 0.000000e+00
    outer loop
      vertex   6.820605e+01 -7.766947e+01 2.335398e+01
      vertex   6.820605e+01 -7.766947e+01 2.135398e+01
      vertex   6.769288e+01 -7.825463e+01 2.335398e+01
    endloop
  endfacet
  facet normal -7.518398e-01 6.593458e-01 0.000000e+00
    outer loop
      vertex   6.769288e+01 -7.825463e+01 2.335398e+01
      vertex   6.820605e+01 -7.766947e+01 2.135398e+01
      vertex   6.769288e+01 -7.825463e+01 2.135398e+01
    endloop
  endfacet
  facet normal -6.593458e-01 7.518398e-01 0.000000e+00
    outer loop
      vertex   6.769288e+01 -7.825463e+01 2.335398e+01
      vertex   6.769288e+01 -7.825463e+01 2.135398e+01
      vertex   6.710772e+01 -7.876779e+01 2.335398e+01
    endloop
  endfacet
  facet normal -6.593458e-01 7.518398e-01 0.000000e+00
    outer loop
      vertex   6.710772e+01 -7.876779e+01 2.335398e+01
      vertex   6.769288e+01 -7.825463e+01 2.135398e+01
      vertex   6.710772e+01 -7.876779e+01 2.135398e+01
    endloop
  endfacet
  facet normal -5.555702e-01 8.314696e-01 0.000000e+00
    outer loop
      vertex   6.710772e+01 -7.876779e+01 2.335398e+01
      vertex   6.710772e+01 -7.876779e+01 2.135398e+01
      vertex   6.646059e+01 -7.920019e+01 2.335398e+01
    endloop
  endfacet
  facet normal -5.555702e-01 8.314696e-01 0.000000e+00
    outer loop
      vertex   6.646059e+01 -7.920019e+01 2.335398e+01
      vertex   6.710772e+01 -7.876779e+01 2.135398e+01
      vertex   6.646059e+01 -7.920019e+01 2.135398e+01
    endloop
  endfacet
  facet normal -4.422887e-01 8.968727e-01 0.000000e+00
    outer loop
      vertex   6.646059e+01 -7.920019e+01 2.335398e+01
      vertex   6.646059e+01 -7.920019e+01 2.135398e+01
      vertex   6.576256e+01 -7.954443e+01 2.335398e+01
    endloop
  endfacet
  facet normal -4.422887e-01 8.968727e-01 0.000000e+00
    outer loop
      vertex   6.576256e+01 -7.954443e+01 2.335398e+01
      vertex   6.646059e+01 -7.920019e+01 2.135398e+01
      vertex   6.576256e+01 -7.954443e+01 2.135398e+01
    endloop
  endfacet
  facet normal -3.214395e-01 9.469301e-01 0.000000e+00
    outer loop
      vertex   6.576256e+01 -7.954443e+01 2.335398e+01
      vertex   6.576256e+01 -7.954443e+01 2.135398e+01
      vertex   6.502557e+01 -7.979460e+01 2.335398e+01
    endloop
  endfacet
  facet normal -3.214395e-01 9.469301e-01 0.000000e+00
    outer loop
      vertex   6.502557e+01 -7.979460e+01 2.335398e+01
      vertex   6.576256e+01 -7.954443e+01 2.135398e+01
      vertex   6.502557e+01 -7.979460e+01 2.135398e+01
    endloop
  endfacet
  facet normal -1.950903e-01 9.807853e-01 0.000000e+00
    outer loop
      vertex   6.502557e+01 -7.979460e+01 2.335398e+01
      vertex   6.502557e+01 -7.979460e+01 2.135398e+01
      vertex   6.426222e+01 -7.994644e+01 2.335398e+01
    endloop
  endfacet
  facet normal -1.950903e-01 9.807853e-01 0.000000e+00
    outer loop
      vertex   6.426222e+01 -7.994644e+01 2.335398e+01
      vertex   6.502557e+01 -7.979460e+01 2.135398e+01
      vertex   6.426222e+01 -7.994644e+01 2.135398e+01
    endloop
  endfacet
  facet normal -6.540313e-02 9.978589e-01 0.000000e+00
    outer loop
      vertex   6.426222e+01 -7.994644e+01 2.335398e+01
      vertex   6.426222e+01 -7.994644e+01 2.135398e+01
      vertex   6.348559e+01 -7.999734e+01 2.335398e+01
    endloop
  endfacet
  facet normal -6.540313e-02 9.978589e-01 0.000000e+00
    outer loop
      vertex   6.348559e+01 -7.999734e+01 2.335398e+01
      vertex   6.426222e+01 -7.994644e+01 2.135398e+01
      vertex   6.348559e+01 -7.999734e+01 2.135398e+01
    endloop
  endfacet
  facet normal 0.000000e+00 -1.000000e+00 0.000000e+00
    outer loop
      vertex   4.683462e+01 -5.290000e+01 2.135398e+01
      vertex   4.683462e+01 -5.290000e+01 1.735398e+01
      vertex   6.663462e+01 -5.290000e+01 2.135398e+01
    endloop
  endfacet
  facet normal 0.000000e+00 -1.000000e+00 -0.000000e+00
    outer loop
      vertex   6.663462e+01 -5.290000e+01 2.135398e+01
      vertex   4.683462e+01 -5.290000e+01 1.735398e+01
      vertex   6.663462e+01 -5.290000e+01 1.735398e+01
    endloop
  endfacet
  facet normal -1.000000e+00 0.000000e+00 0.000000e+00
    outer loop
      vertex   4.683462e+01 -5.290000e+01 1.735398e+01
      vertex   4.683462e+01 -5.290000e+01 2.135398e+01
      vertex   4.683462e+01 -5.110000e+01 1.735398e+01
    endloop
  endfacet
  facet normal -1.000000e+00 0.000000e+00 0.000000e+00
    outer loop
      vertex   4.683462e+01 -5.110000e+01 1.735398e+01
      vertex   4.683462e+01 -5.290000e+01 2.135398e+01
      vertex   4.683462e+01 -5.110000e+01 2.135398e+01
    endloop
  endfacet
  facet normal 0.000000e+00 1.000000e+00 0.000000e+00
    outer loop
      vertex   4.683462e+01 -5.110000e+01 1.735398e+01
      vertex   4.683462e+01 -5.110000e+01 2.135398e+01
      vertex   6.663462e+01 -5.110000e+01 1.735398e+01
    endloop
  endfacet
  facet normal 0.000000e+00 1.000000e+00 -0.000000e+00
    outer loop
      vertex   6.663462e+01 -5.110000e+01 1.735398e+01
      vertex   4.683462e+01 -5.110000e+01 2.135398e+01
      vertex   6.663462e+01 -5.110000e+01 2.135398e+01
    endloop
  endfacet
  facet normal 1.000000e+00 -0.000000e+00 0.000000e+00
    outer loop
      vertex   6.663462e+01 -5.290000e+01 2.135398e+01
      vertex   6.663462e+01 -5.290000e+01 1.735398e+01
      vertex   6.663462e+01 -5.110000e+01 2.135398e+01
    endloop
  endfacet
  facet normal 1.000000e+00 0.000000e+00 0.000000e+00
    outer loop
      vertex   6.663462e+01 -5.110000e+01 2.135398e+01
      vertex   6.663462e+01 -5.290000e+01 1.735398e+01
      vertex   6.663462e+01 -5.110000e+01 1.735398e+01
    endloop
  endfacet
  facet normal 0.000000e+00 0.000000e+00 1.000000e+00
    outer loop
      vertex   4.673462e+01 -5.100000e+01 1.735398e+01
      vertex   4.673462e+01 -5.300000e+01 1.735398e+01
      vertex   4.683462e+01 -5.290000e+01 1.735398e+01
    endloop
  endfacet
  facet normal 0.000000e+00 0.000000e+00 1.000000e+00
    outer loop
      vertex   4.683462e+01 -5.290000e+01 1.735398e+01
      vertex   4.673462e+01 -5.300000e+01 1.735398e+01
      vertex   6.673462e+01 -5.300000e+01 1.735398e+01
    endloop
  endfacet
  facet normal -0.000000e+00 0.000000e+00 1.000000e+00
    outer loop
      vertex   4.683462e+01 -5.290000e+01 1.735398e+01
      vertex   6.673462e+01 -5.300000e+01 1.735398e+01
      vertex   6.663462e+01 -5.290000e+01 1.735398e+01
    endloop
  endfacet
  facet normal -0.000000e+00 0.000000e+00 1.000000e+00
    outer loop
      vertex   6.663462e+01 -5.290000e+01 1.735398e+01
      vertex   6.673462e+01 -5.300000e+01 1.735398e+01
      vertex   6.673462e+01 -5.100000e+01 1.735398e+01
    endloop
  endfacet
  facet normal 0.000000e+00 0.000000e+00 1.000000e+00
    outer loop
      vertex   6.663462e+01 -5.290000e+01 1.735398e+01
      vertex   6.673462e+01 -5.100000e+01 1.735398e+01
      vertex   6.663462e+01 -5.110000e+01 1.735398e+01
    endloop
  endfacet
  facet normal 0.000000e+00 -0.000000e+00 1.000000e+00
    outer loop
      vertex   6.663462e+01 -5.110000e+01 1.735398e+01
      vertex   6.673462e+01 -5.100000e+01 1.735398e+01
      vertex   4.673462e+01 -5.100000e+01 1.735398e+01
    endloop
  endfacet
  facet normal 0.000000e+00 0.000000e+00 1.000000e+00
    outer loop
      vertex   6.663462e+01 -5.110000e+01 1.735398e+01
      vertex   4.673462e+01 -5.100000e+01 1.735398e+01
      vertex   4.683462e+01 -5.110000e+01 1.735398e+01
    endloop
  endfacet
  facet normal 0.000000e+00 0.000000e+00 1.000000e+00
    outer loop
      vertex   4.683462e+01 -5.110000e+01 1.735398e+01
      vertex   4.673462e+01 -5.100000e+01 1.735398e+01
      vertex   4.683462e+01 -5.290000e+01 1.735398e+01
    endloop
  endfacet
  facet normal 1.000000e+00 -0.000000e+00 0.000000e+00
    outer loop
      vertex   6.663462e+01 -8.390000e+01 2.135398e+01
      vertex   6.663462e+01 -8.390000e+01 1.735398e+01
      vertex   6.663462e+01 -8.210000e+01 2.135398e+01
    endloop
  endfacet
  facet normal 1.000000e+00 0.000000e+00 0.000000e+00
    outer loop
      vertex   6.663462e+01 -8.210000e+01 2.135398e+01
      vertex   6.663462e+01 -8.390000e+01 1.735398e+01
      vertex   6.663462e+01 -8.210000e+01 1.735398e+01
    endloop
  endfacet
  facet normal 0.000000e+00 -1.000000e+00 0.000000e+00
    outer loop
      vertex   6.663462e+01 -8.390000e+01 1.735398e+01
      vertex   6.663462e+01 -8.390000e+01 2.135398e+01
      vertex   4.683462e+01 -8.390000e+01 1.735398e+01
    endloop
  endfacet
  facet normal 0.000000e+00 -1.000000e+00 0.000000e+00
    outer loop
      vertex   4.683462e+01 -8.390000e+01 1.735398e+01
      vertex   6.663462e+01 -8.390000e+01 2.135398e+01
      vertex   4.683462e+01 -8.390000e+01 2.135398e+01
    endloop
  endfacet
  facet normal -1.000000e+00 0.000000e+00 0.000000e+00
    outer loop
      vertex   4.683462e+01 -8.390000e+01 1.735398e+01
      vertex   4.683462e+01 -8.390000e+01 2.135398e+01
      vertex   4.683462e+01 -8.210000e+01 1.735398e+01
    endloop
  endfacet
  facet normal -1.000000e+00 0.000000e+00 0.000000e+00
    outer loop
      vertex   4.683462e+01 -8.210000e+01 1.735398e+01
      vertex   4.683462e+01 -8.390000e+01 2.135398e+01
      vertex   4.683462e+01 -8.210000e+01 2.135398e+01
    endloop
  endfacet
  facet normal 0.000000e+00 1.000000e+00 0.000000e+00
    outer loop
      vertex   6.663462e+01 -8.210000e+01 2.135398e+01
      vertex   6.663462e+01 -8.210000e+01 1.735398e+01
      vertex   4.683462e+01 -8.210000e+01 2.135398e+01
    endloop
  endfacet
  facet normal 0.000000e+00 1.000000e+00 0.000000e+00
    outer loop
      vertex   4.683462e+01 -8.210000e+01 2.135398e+01
      vertex   6.663462e+01 -8.210000e+01 1.735398e+01
      vertex   4.683462e+01 -8.210000e+01 1.735398e+01
    endloop
  endfacet
  facet normal 0.000000e+00 0.000000e+00 1.000000e+00
    outer loop
      vertex   4.673462e+01 -8.400000e+01 1.735398e+01
      vertex   6.673462e+01 -8.400000e+01 1.735398e+01
      vertex   6.663462e+01 -8.390000e+01 1.735398e+01
    endloop
  endfacet
  facet normal -0.000000e+00 0.000000e+00 1.000000e+00
    outer loop
      vertex   6.663462e+01 -8.390000e+01 1.735398e+01
      vertex   6.673462e+01 -8.400000e+01 1.735398e+01
      vertex   6.673462e+01 -8.200000e+01 1.735398e+01
    endloop
  endfacet
  facet normal 0.000000e+00 0.000000e+00 1.000000e+00
    outer loop
      vertex   6.663462e+01 -8.390000e+01 1.735398e+01
      vertex   6.673462e+01 -8.200000e+01 1.735398e+01
      vertex   6.663462e+01 -8.210000e+01 1.735398e+01
    endloop
  endfacet
  facet normal 0.000000e+00 -0.000000e+00 1.000000e+00
    outer loop
      vertex   6.663462e+01 -8.210000e+01 1.735398e+01
      vertex   6.673462e+01 -8.200000e+01 1.735398e+01
      vertex   4.673462e+01 -8.200000e+01 1.735398e+01
    endloop
  endfacet
  facet normal 0.000000e+00 0.000000e+00 1.000000e+00
    outer loop
      vertex   6.663462e+01 -8.210000e+01 1.735398e+01
      vertex   4.673462e+01 -8.200000e+01 1.735398e+01
      vertex   4.683462e+01 -8.210000e+01 1.735398e+01
    endloop
  endfacet
  facet normal 0.000000e+00 0.000000e+00 1.000000e+00
    outer loop
      vertex   4.683462e+01 -8.210000e+01 1.735398e+01
      vertex   4.673462e+01 -8.200000e+01 1.735398e+01
      vertex   4.673462e+01 -8.400000e+01 1.735398e+01
    endloop
  endfacet
  facet normal 0.000000e+00 0.000000e+00 1.000000e+00
    outer loop
      vertex   4.683462e+01 -8.210000e+01 1.735398e+01
      vertex   4.673462e+01 -8.400000e+01 1.735398e+01
      vertex   4.683462e+01 -8.390000e+01 1.735398e+01
    endloop
  endfacet
  facet normal -0.000000e+00 0.000000e+00 1.000000e+00
    outer loop
      vertex   4.683462e+01 -8.390000e+01 1.735398e+01
      vertex   4.673462e+01 -8.400000e+01 1.735398e+01
      vertex   6.663462e+01 -8.390000e+01 1.735398e+01
    endloop
  endfacet
  facet normal 0.000000e+00 0.000000e+00 -1.000000e+00
    outer loop
      vertex   9.200000e+01 -7.250000e+01 1.935398e+01
      vertex   8.900000e+01 -7.250000e+01 1.935398e+01
      vertex   9.200000e+01 -6.250000e+01 1.935398e+01
    endloop
  endfacet
  facet normal -0.000000e+00 0.000000e+00 -1.000000e+00
    outer loop
      vertex   9.200000e+01 -6.250000e+01 1.935398e+01
      vertex   8.900000e+01 -7.250000e+01 1.935398e+01
      vertex   8.900000e+01 -6.250000e+01 1.935398e+01
    endloop
  endfacet
  facet normal 0.000000e+00 -1.000000e+00 0.000000e+00
    outer loop
      vertex   8.900000e+01 -7.250000e+01 1.935398e+01
      vertex   9.200000e+01 -7.250000e+01 1.935398e+01
      vertex   8.900000e+01 -7.250000e+01 2.135398e+01
    endloop
  endfacet
  facet normal 0.000000e+00 -1.000000e+00 0.000000e+00
    outer loop
      vertex   8.900000e+01 -7.250000e+01 2.135398e+01
      vertex   9.200000e+01 -7.250000e+01 1.935398e+01
      vertex   9.200000e+01 -7.250000e+01 2.135398e+01
    endloop
  endfacet
  facet normal 1.000000e+00 0.000000e+00 0.000000e+00
    outer loop
      vertex   9.200000e+01 -7.250000e+01 1.935398e+01
      vertex   9.200000e+01 -6.250000e+01 1.935398e+01
      vertex   9.200000e+01 -7.250000e+01 2.135398e+01
    endloop
  endfacet
  facet normal 1.000000e+00 -0.000000e+00 0.000000e+00
    outer loop
      vertex   9.200000e+01 -7.250000e+01 2.135398e+01
      vertex   9.200000e+01 -6.250000e+01 1.935398e+01
      vertex   9.200000e+01 -6.250000e+01 2.135398e+01
    endloop
  endfacet
  facet normal -0.000000e+00 1.000000e+00 0.000000e+00
    outer loop
      vertex   8.771103e+01 -5.339815e+01 2.125398e+01
      vertex   9.261001e+01 -5.339815e+01 2.125398e+01
      vertex   8.771103e+01 -5.339815e+01 1.835398e+01
    endloop
  endfacet
  facet normal 0.000000e+00 1.000000e+00 0.000000e+00
    outer loop
      vertex   8.771103e+01 -5.339815e+01 1.835398e+01
      vertex   9.261001e+01 -5.339815e+01 2.125398e+01
      vertex   9.261001e+01 -5.339815e+01 1.835398e+01
    endloop
  endfacet
  facet normal -0.000000e+00 1.000000e+00 0.000000e+00
    outer loop
      vertex   8.771103e+01 -5.339815e+01 1.835398e+01
      vertex   9.261001e+01 -5.339815e+01 1.835398e+01
      vertex   9.016052e+01 -5.339815e+01 1.635398e+01
    endloop
  endfacet
  facet normal -1.634261e-14 1.000000e+00 2.001553e-14
    outer loop
      vertex   9.016052e+01 -5.339815e+01 1.635398e+01
      vertex   9.261001e+01 -5.339815e+01 1.835398e+01
      vertex   9.060420e+01 -5.339815e+01 1.636124e+01
    endloop
  endfacet
  facet normal 3.608512e-14 1.000000e+00 -3.275628e-14
    outer loop
      vertex   9.060420e+01 -5.339815e+01 1.636124e+01
      vertex   9.261001e+01 -5.339815e+01 1.835398e+01
      vertex   9.105559e+01 -5.339815e+01 1.642467e+01
    endloop
  endfacet
  facet normal -2.222386e-14 1.000000e+00 1.422262e-14
    outer loop
      vertex   9.105559e+01 -5.339815e+01 1.642467e+01
      vertex   9.261001e+01 -5.339815e+01 1.835398e+01
      vertex   9.146678e+01 -5.339815e+01 1.656759e+01
    endloop
  endfacet
  facet normal 0.000000e+00 1.000000e+00 0.000000e+00
    outer loop
      vertex   9.146678e+01 -5.339815e+01 1.656759e+01
      vertex   9.261001e+01 -5.339815e+01 1.835398e+01
      vertex   9.185245e+01 -5.339815e+01 1.680599e+01
    endloop
  endfacet
  facet normal 0.000000e+00 1.000000e+00 0.000000e+00
    outer loop
      vertex   9.185245e+01 -5.339815e+01 1.680599e+01
      vertex   9.261001e+01 -5.339815e+01 1.835398e+01
      vertex   9.201803e+01 -5.339815e+01 1.694926e+01
    endloop
  endfacet
  facet normal 0.000000e+00 1.000000e+00 0.000000e+00
    outer loop
      vertex   9.201803e+01 -5.339815e+01 1.694926e+01
      vertex   9.261001e+01 -5.339815e+01 1.835398e+01
      vertex   9.216538e+01 -5.339815e+01 1.711293e+01
    endloop
  endfacet
  facet normal 0.000000e+00 1.000000e+00 0.000000e+00
    outer loop
      vertex   9.216538e+01 -5.339815e+01 1.711293e+01
      vertex   9.261001e+01 -5.339815e+01 1.835398e+01
      vertex   9.255668e+01 -5.339815e+01 1.790979e+01
    endloop
  endfacet
  facet normal 0.000000e+00 1.000000e+00 0.000000e+00
    outer loop
      vertex   9.216538e+01 -5.339815e+01 1.711293e+01
      vertex   9.255668e+01 -5.339815e+01 1.790979e+01
      vertex   9.249452e+01 -5.339815e+01 1.769283e+01
    endloop
  endfacet
  facet normal 2.446544e-13 1.000000e+00 -1.388628e-13
    outer loop
      vertex   9.249452e+01 -5.339815e+01 1.769283e+01
      vertex   9.241088e+01 -5.339815e+01 1.749429e+01
      vertex   9.216538e+01 -5.339815e+01 1.711293e+01
    endloop
  endfacet
  facet normal 1.634261e-14 1.000000e+00 2.001553e-14
    outer loop
      vertex   9.016052e+01 -5.339815e+01 1.635398e+01
      vertex   8.971685e+01 -5.339815e+01 1.636124e+01
      vertex   8.771103e+01 -5.339815e+01 1.835398e+01
    endloop
  endfacet
  facet normal -3.608512e-14 1.000000e+00 -3.275628e-14
    outer loop
      vertex   8.771103e+01 -5.339815e+01 1.835398e+01
      vertex   8.971685e+01 -5.339815e+01 1.636124e+01
      vertex   8.926545e+01 -5.339815e+01 1.642467e+01
    endloop
  endfacet
  facet normal 2.222386e-14 1.000000e+00 1.422262e-14
    outer loop
      vertex   8.771103e+01 -5.339815e+01 1.835398e+01
      vertex   8.926545e+01 -5.339815e+01 1.642467e+01
      vertex   8.885427e+01 -5.339815e+01 1.656759e+01
    endloop
  endfacet
  facet normal 0.000000e+00 1.000000e+00 0.000000e+00
    outer loop
      vertex   8.885427e+01 -5.339815e+01 1.656759e+01
      vertex   8.846859e+01 -5.339815e+01 1.680599e+01
      vertex   8.771103e+01 -5.339815e+01 1.835398e+01
    endloop
  endfacet
  facet normal 0.000000e+00 1.000000e+00 0.000000e+00
    outer loop
      vertex   8.771103e+01 -5.339815e+01 1.835398e+01
      vertex   8.846859e+01 -5.339815e+01 1.680599e+01
      vertex   8.830301e+01 -5.339815e+01 1.694926e+01
    endloop
  endfacet
  facet normal 0.000000e+00 1.000000e+00 0.000000e+00
    outer loop
      vertex   8.771103e+01 -5.339815e+01 1.835398e+01
      vertex   8.830301e+01 -5.339815e+01 1.694926e+01
      vertex   8.815567e+01 -5.339815e+01 1.711293e+01
    endloop
  endfacet
  facet normal -0.000000e+00 1.000000e+00 -0.000000e+00
    outer loop
      vertex   8.791017e+01 -5.339815e+01 1.749429e+01
      vertex   8.782652e+01 -5.339815e+01 1.769283e+01
      vertex   8.815567e+01 -5.339815e+01 1.711293e+01
    endloop
  endfacet
  facet normal 0.000000e+00 1.000000e+00 0.000000e+00
    outer loop
      vertex   8.815567e+01 -5.339815e+01 1.711293e+01
      vertex   8.782652e+01 -5.339815e+01 1.769283e+01
      vertex   8.776436e+01 -5.339815e+01 1.790979e+01
    endloop
  endfacet
  facet normal 0.000000e+00 1.000000e+00 0.000000e+00
    outer loop
      vertex   8.815567e+01 -5.339815e+01 1.711293e+01
      vertex   8.776436e+01 -5.339815e+01 1.790979e+01
      vertex   8.771103e+01 -5.339815e+01 1.835398e+01
    endloop
  endfacet
  facet normal -0.000000e+00 -1.000000e+00 -0.000000e+00
    outer loop
      vertex   9.261001e+01 -5.239815e+01 2.125398e+01
      vertex   8.771103e+01 -5.239815e+01 2.125398e+01
      vertex   9.261001e+01 -5.239815e+01 1.835398e+01
    endloop
  endfacet
  facet normal 0.000000e+00 -1.000000e+00 0.000000e+00
    outer loop
      vertex   9.261001e+01 -5.239815e+01 1.835398e+01
      vertex   8.771103e+01 -5.239815e+01 2.125398e+01
      vertex   8.771103e+01 -5.239815e+01 1.835398e+01
    endloop
  endfacet
  facet normal -0.000000e+00 -1.000000e+00 0.000000e+00
    outer loop
      vertex   9.261001e+01 -5.239815e+01 1.835398e+01
      vertex   8.771103e+01 -5.239815e+01 1.835398e+01
      vertex   9.016052e+01 -5.239815e+01 1.635398e+01
    endloop
  endfacet
  facet normal 3.268522e-14 -1.000000e+00 4.003105e-14
    outer loop
      vertex   9.016052e+01 -5.239815e+01 1.635398e+01
      vertex   8.771103e+01 -5.239815e+01 1.835398e+01
      vertex   8.971685e+01 -5.239815e+01 1.636124e+01
    endloop
  endfacet
  facet normal 1.167288e-15 -1.000000e+00 8.306270e-15
    outer loop
      vertex   8.971685e+01 -5.239815e+01 1.636124e+01
      vertex   8.771103e+01 -5.239815e+01 1.835398e+01
      vertex   8.926545e+01 -5.239815e+01 1.642467e+01
    endloop
  endfacet
  facet normal -4.444771e-14 -1.000000e+00 -2.844524e-14
    outer loop
      vertex   8.926545e+01 -5.239815e+01 1.642467e+01
      vertex   8.771103e+01 -5.239815e+01 1.835398e+01
      vertex   8.885427e+01 -5.239815e+01 1.656759e+01
    endloop
  endfacet
  facet normal 0.000000e+00 -1.000000e+00 0.000000e+00
    outer loop
      vertex   8.885427e+01 -5.239815e+01 1.656759e+01
      vertex   8.771103e+01 -5.239815e+01 1.835398e+01
      vertex   8.846859e+01 -5.239815e+01 1.680599e+01
    endloop
  endfacet
  facet normal 0.000000e+00 -1.000000e+00 0.000000e+00
    outer loop
      vertex   8.846859e+01 -5.239815e+01 1.680599e+01
      vertex   8.771103e+01 -5.239815e+01 1.835398e+01
      vertex   8.830301e+01 -5.239815e+01 1.694926e+01
    endloop
  endfacet
  facet normal 0.000000e+00 -1.000000e+00 0.000000e+00
    outer loop
      vertex   8.830301e+01 -5.239815e+01 1.694926e+01
      vertex   8.771103e+01 -5.239815e+01 1.835398e+01
      vertex   8.815567e+01 -5.239815e+01 1.711293e+01
    endloop
  endfacet
  facet normal 0.000000e+00 -1.000000e+00 0.000000e+00
    outer loop
      vertex   8.815567e+01 -5.239815e+01 1.711293e+01
      vertex   8.771103e+01 -5.239815e+01 1.835398e+01
      vertex   8.776436e+01 -5.239815e+01 1.790979e+01
    endloop
  endfacet
  facet normal 0.000000e+00 -1.000000e+00 0.000000e+00
    outer loop
      vertex   8.815567e+01 -5.239815e+01 1.711293e+01
      vertex   8.776436e+01 -5.239815e+01 1.790979e+01
      vertex   8.782652e+01 -5.239815e+01 1.769283e+01
    endloop
  endfacet
  facet normal 0.000000e+00 -1.000000e+00 0.000000e+00
    outer loop
      vertex   8.782652e+01 -5.239815e+01 1.769283e+01
      vertex   8.791017e+01 -5.239815e+01 1.749429e+01
      vertex   8.815567e+01 -5.239815e+01 1.711293e+01
    endloop
  endfacet
  facet normal -3.268522e-14 -1.000000e+00 4.003105e-14
    outer loop
      vertex   9.016052e+01 -5.239815e+01 1.635398e+01
      vertex   9.060420e+01 -5.239815e+01 1.636124e+01
      vertex   9.261001e+01 -5.239815e+01 1.835398e+01
    endloop
  endfacet
  facet normal -1.167288e-15 -1.000000e+00 8.306270e-15
    outer loop
      vertex   9.261001e+01 -5.239815e+01 1.835398e+01
      vertex   9.060420e+01 -5.239815e+01 1.636124e+01
      vertex   9.105559e+01 -5.239815e+01 1.642467e+01
    endloop
  endfacet
  facet normal 4.444771e-14 -1.000000e+00 -2.844524e-14
    outer loop
      vertex   9.261001e+01 -5.239815e+01 1.835398e+01
      vertex   9.105559e+01 -5.239815e+01 1.642467e+01
      vertex   9.146678e+01 -5.239815e+01 1.656759e+01
    endloop
  endfacet
  facet normal 0.000000e+00 -1.000000e+00 0.000000e+00
    outer loop
      vertex   9.146678e+01 -5.239815e+01 1.656759e+01
      vertex   9.185245e+01 -5.239815e+01 1.680599e+01
      vertex   9.261001e+01 -5.239815e+01 1.835398e+01
    endloop
  endfacet
  facet normal -2.232737e-13 -1.000000e+00 1.092671e-13
    outer loop
      vertex   9.261001e+01 -5.239815e+01 1.835398e+01
      vertex   9.185245e+01 -5.239815e+01 1.680599e+01
      vertex   9.201803e+01 -5.239815e+01 1.694926e+01
    endloop
  endfacet
  facet normal 2.403042e-13 -1.000000e+00 -8.609463e-14
    outer loop
      vertex   9.261001e+01 -5.239815e+01 1.835398e+01
      vertex   9.201803e+01 -5.239815e+01 1.694926e+01
      vertex   9.216538e+01 -5.239815e+01 1.711293e+01
    endloop
  endfacet
  facet normal -0.000000e+00 -1.000000e+00 0.000000e+00
    outer loop
      vertex   9.241088e+01 -5.239815e+01 1.749429e+01
      vertex   9.249452e+01 -5.239815e+01 1.769283e+01
      vertex   9.216538e+01 -5.239815e+01 1.711293e+01
    endloop
  endfacet
  facet normal 0.000000e+00 -1.000000e+00 0.000000e+00
    outer loop
      vertex   9.216538e+01 -5.239815e+01 1.711293e+01
      vertex   9.249452e+01 -5.239815e+01 1.769283e+01
      vertex   9.255668e+01 -5.239815e+01 1.790979e+01
    endloop
  endfacet
  facet normal 0.000000e+00 -1.000000e+00 0.000000e+00
    outer loop
      vertex   9.216538e+01 -5.239815e+01 1.711293e+01
      vertex   9.255668e+01 -5.239815e+01 1.790979e+01
      vertex   9.261001e+01 -5.239815e+01 1.835398e+01
    endloop
  endfacet
  facet normal 0.000000e+00 0.000000e+00 -1.000000e+00
    outer loop
      vertex   9.261001e+01 -5.339815e+01 2.125398e+01
      vertex   8.771103e+01 -5.339815e+01 2.125398e+01
      vertex   9.265489e+01 -5.306582e+01 2.125398e+01
    endloop
  endfacet
  facet normal -0.000000e+00 0.000000e+00 -1.000000e+00
    outer loop
      vertex   9.265489e+01 -5.306582e+01 2.125398e+01
      vertex   8.771103e+01 -5.339815e+01 2.125398e+01
      vertex   8.766615e+01 -5.306582e+01 2.125398e+01
    endloop
  endfacet
  facet normal 0.000000e+00 0.000000e+00 -1.000000e+00
    outer loop
      vertex   9.265489e+01 -5.306582e+01 2.125398e+01
      vertex   8.766615e+01 -5.306582e+01 2.125398e+01
      vertex   9.265489e+01 -5.273048e+01 2.125398e+01
    endloop
  endfacet
  facet normal -0.000000e+00 0.000000e+00 -1.000000e+00
    outer loop
      vertex   9.265489e+01 -5.273048e+01 2.125398e+01
      vertex   8.766615e+01 -5.306582e+01 2.125398e+01
      vertex   8.766615e+01 -5.273048e+01 2.125398e+01
    endloop
  endfacet
  facet normal 0.000000e+00 0.000000e+00 -1.000000e+00
    outer loop
      vertex   9.265489e+01 -5.273048e+01 2.125398e+01
      vertex   8.766615e+01 -5.273048e+01 2.125398e+01
      vertex   9.261001e+01 -5.239815e+01 2.125398e+01
    endloop
  endfacet
  facet normal -0.000000e+00 0.000000e+00 -1.000000e+00
    outer loop
      vertex   9.261001e+01 -5.239815e+01 2.125398e+01
      vertex   8.766615e+01 -5.273048e+01 2.125398e+01
      vertex   8.771103e+01 -5.239815e+01 2.125398e+01
    endloop
  endfacet
  facet normal -0.000000e+00 -1.000000e+00 -0.000000e+00
    outer loop
      vertex   2.408619e+01 -8.228728e+01 2.125398e+01
      vertex   2.013356e+01 -8.228728e+01 2.125398e+01
      vertex   2.408619e+01 -8.228728e+01 1.835398e+01
    endloop
  endfacet
  facet normal 0.000000e+00 -1.000000e+00 0.000000e+00
    outer loop
      vertex   2.408619e+01 -8.228728e+01 1.835398e+01
      vertex   2.013356e+01 -8.228728e+01 2.125398e+01
      vertex   2.013356e+01 -8.228728e+01 1.835398e+01
    endloop
  endfacet
  facet normal -0.000000e+00 -1.000000e+00 0.000000e+00
    outer loop
      vertex   2.408619e+01 -8.228728e+01 1.835398e+01
      vertex   2.013356e+01 -8.228728e+01 1.835398e+01
      vertex   2.403664e+01 -8.228728e+01 1.791420e+01
    endloop
  endfacet
  facet normal -0.000000e+00 -1.000000e+00 0.000000e+00
    outer loop
      vertex   2.403664e+01 -8.228728e+01 1.791420e+01
      vertex   2.013356e+01 -8.228728e+01 1.835398e+01
      vertex   2.389048e+01 -8.228728e+01 1.749648e+01
    endloop
  endfacet
  facet normal -0.000000e+00 -1.000000e+00 0.000000e+00
    outer loop
      vertex   2.389048e+01 -8.228728e+01 1.749648e+01
      vertex   2.013356e+01 -8.228728e+01 1.835398e+01
      vertex   2.365502e+01 -8.228728e+01 1.712176e+01
    endloop
  endfacet
  facet normal -0.000000e+00 -1.000000e+00 0.000000e+00
    outer loop
      vertex   2.365502e+01 -8.228728e+01 1.712176e+01
      vertex   2.013356e+01 -8.228728e+01 1.835398e+01
      vertex   2.334209e+01 -8.228728e+01 1.680883e+01
    endloop
  endfacet
  facet normal -0.000000e+00 -1.000000e+00 0.000000e+00
    outer loop
      vertex   2.334209e+01 -8.228728e+01 1.680883e+01
      vertex   2.013356e+01 -8.228728e+01 1.835398e+01
      vertex   2.296737e+01 -8.228728e+01 1.657337e+01
    endloop
  endfacet
  facet normal -0.000000e+00 -1.000000e+00 0.000000e+00
    outer loop
      vertex   2.296737e+01 -8.228728e+01 1.657337e+01
      vertex   2.013356e+01 -8.228728e+01 1.835398e+01
      vertex   2.254965e+01 -8.228728e+01 1.642721e+01
    endloop
  endfacet
  facet normal -0.000000e+00 -1.000000e+00 0.000000e+00
    outer loop
      vertex   2.254965e+01 -8.228728e+01 1.642721e+01
      vertex   2.013356e+01 -8.228728e+01 1.835398e+01
      vertex   2.210987e+01 -8.228728e+01 1.637766e+01
    endloop
  endfacet
  facet normal 0.000000e+00 -1.000000e+00 0.000000e+00
    outer loop
      vertex   2.210987e+01 -8.228728e+01 1.637766e+01
      vertex   2.013356e+01 -8.228728e+01 1.835398e+01
      vertex   2.167010e+01 -8.228728e+01 1.642721e+01
    endloop
  endfacet
  facet normal 0.000000e+00 -1.000000e+00 0.000000e+00
    outer loop
      vertex   2.167010e+01 -8.228728e+01 1.642721e+01
      vertex   2.013356e+01 -8.228728e+01 1.835398e+01
      vertex   2.125238e+01 -8.228728e+01 1.657337e+01
    endloop
  endfacet
  facet normal 0.000000e+00 -1.000000e+00 0.000000e+00
    outer loop
      vertex   2.125238e+01 -8.228728e+01 1.657337e+01
      vertex   2.013356e+01 -8.228728e+01 1.835398e+01
      vertex   2.087766e+01 -8.228728e+01 1.680883e+01
    endloop
  endfacet
  facet normal 0.000000e+00 -1.000000e+00 0.000000e+00
    outer loop
      vertex   2.087766e+01 -8.228728e+01 1.680883e+01
      vertex   2.013356e+01 -8.228728e+01 1.835398e+01
      vertex   2.056473e+01 -8.228728e+01 1.712176e+01
    endloop
  endfacet
  facet normal 0.000000e+00 -1.000000e+00 0.000000e+00
    outer loop
      vertex   2.056473e+01 -8.228728e+01 1.712176e+01
      vertex   2.013356e+01 -8.228728e+01 1.835398e+01
      vertex   2.032927e+01 -8.228728e+01 1.749648e+01
    endloop
  endfacet
  facet normal 0.000000e+00 -1.000000e+00 0.000000e+00
    outer loop
      vertex   2.032927e+01 -8.228728e+01 1.749648e+01
      vertex   2.013356e+01 -8.228728e+01 1.835398e+01
      vertex   2.018311e+01 -8.228728e+01 1.791420e+01
    endloop
  endfacet
  facet normal -0.000000e+00 1.000000e+00 0.000000e+00
    outer loop
      vertex   2.023382e+01 -8.328728e+01 2.125398e+01
      vertex   2.398592e+01 -8.328728e+01 2.125398e+01
      vertex   2.023382e+01 -8.328728e+01 1.835398e+01
    endloop
  endfacet
  facet normal 0.000000e+00 1.000000e+00 0.000000e+00
    outer loop
      vertex   2.023382e+01 -8.328728e+01 1.835398e+01
      vertex   2.398592e+01 -8.328728e+01 2.125398e+01
      vertex   2.398592e+01 -8.328728e+01 1.835398e+01
    endloop
  endfacet
  facet normal 0.000000e+00 1.000000e+00 -7.574881e-15
    outer loop
      vertex   2.023382e+01 -8.328728e+01 1.835398e+01
      vertex   2.398592e+01 -8.328728e+01 1.835398e+01
      vertex   2.210987e+01 -8.328728e+01 1.647793e+01
    endloop
  endfacet
  facet normal 9.618596e-16 1.000000e+00 -8.536740e-15
    outer loop
      vertex   2.210987e+01 -8.328728e+01 1.647793e+01
      vertex   2.398592e+01 -8.328728e+01 1.835398e+01
      vertex   2.252734e+01 -8.328728e+01 1.652496e+01
    endloop
  endfacet
  facet normal 3.771027e-15 1.000000e+00 -1.077698e-14
    outer loop
      vertex   2.252734e+01 -8.328728e+01 1.652496e+01
      vertex   2.398592e+01 -8.328728e+01 1.835398e+01
      vertex   2.292386e+01 -8.328728e+01 1.666371e+01
    endloop
  endfacet
  facet normal 8.729159e-15 1.000000e+00 -1.389238e-14
    outer loop
      vertex   2.292386e+01 -8.328728e+01 1.666371e+01
      vertex   2.398592e+01 -8.328728e+01 1.835398e+01
      vertex   2.327957e+01 -8.328728e+01 1.688722e+01
    endloop
  endfacet
  facet normal 1.868858e-14 1.000000e+00 -1.868858e-14
    outer loop
      vertex   2.327957e+01 -8.328728e+01 1.688722e+01
      vertex   2.398592e+01 -8.328728e+01 1.835398e+01
      vertex   2.357663e+01 -8.328728e+01 1.718428e+01
    endloop
  endfacet
  facet normal 4.363509e-14 1.000000e+00 -2.741774e-14
    outer loop
      vertex   2.357663e+01 -8.328728e+01 1.718428e+01
      vertex   2.398592e+01 -8.328728e+01 1.835398e+01
      vertex   2.380014e+01 -8.328728e+01 1.753999e+01
    endloop
  endfacet
  facet normal 1.434871e-13 1.000000e+00 -5.020832e-14
    outer loop
      vertex   2.380014e+01 -8.328728e+01 1.753999e+01
      vertex   2.398592e+01 -8.328728e+01 1.835398e+01
      vertex   2.393889e+01 -8.328728e+01 1.793652e+01
    endloop
  endfacet
  facet normal -9.618596e-16 1.000000e+00 -8.536740e-15
    outer loop
      vertex   2.210987e+01 -8.328728e+01 1.647793e+01
      vertex   2.169241e+01 -8.328728e+01 1.652496e+01
      vertex   2.023382e+01 -8.328728e+01 1.835398e+01
    endloop
  endfacet
  facet normal -3.771027e-15 1.000000e+00 -1.077698e-14
    outer loop
      vertex   2.023382e+01 -8.328728e+01 1.835398e+01
      vertex   2.169241e+01 -8.328728e+01 1.652496e+01
      vertex   2.129589e+01 -8.328728e+01 1.666371e+01
    endloop
  endfacet
  facet normal -8.729159e-15 1.000000e+00 -1.389238e-14
    outer loop
      vertex   2.023382e+01 -8.328728e+01 1.835398e+01
      vertex   2.129589e+01 -8.328728e+01 1.666371e+01
      vertex   2.094018e+01 -8.328728e+01 1.688722e+01
    endloop
  endfacet
  facet normal -1.868858e-14 1.000000e+00 -1.868858e-14
    outer loop
      vertex   2.094018e+01 -8.328728e+01 1.688722e+01
      vertex   2.064312e+01 -8.328728e+01 1.718428e+01
      vertex   2.023382e+01 -8.328728e+01 1.835398e+01
    endloop
  endfacet
  facet normal -4.363509e-14 1.000000e+00 -2.741774e-14
    outer loop
      vertex   2.023382e+01 -8.328728e+01 1.835398e+01
      vertex   2.064312e+01 -8.328728e+01 1.718428e+01
      vertex   2.041961e+01 -8.328728e+01 1.753999e+01
    endloop
  endfacet
  facet normal -1.434871e-13 1.000000e+00 -5.020832e-14
    outer loop
      vertex   2.023382e+01 -8.328728e+01 1.835398e+01
      vertex   2.041961e+01 -8.328728e+01 1.753999e+01
      vertex   2.028086e+01 -8.328728e+01 1.793652e+01
    endloop
  endfacet
  facet normal 0.000000e+00 -0.000000e+00 -1.000000e+00
    outer loop
      vertex   2.013356e+01 -8.228728e+01 2.125398e+01
      vertex   2.408619e+01 -8.228728e+01 2.125398e+01
      vertex   2.011011e+01 -8.262469e+01 2.125398e+01
    endloop
  endfacet
  facet normal 0.000000e+00 0.000000e+00 -1.000000e+00
    outer loop
      vertex   2.011011e+01 -8.262469e+01 2.125398e+01
      vertex   2.408619e+01 -8.228728e+01 2.125398e+01
      vertex   2.410964e+01 -8.262469e+01 2.125398e+01
    endloop
  endfacet
  facet normal 0.000000e+00 0.000000e+00 -1.000000e+00
    outer loop
      vertex   2.011011e+01 -8.262469e+01 2.125398e+01
      vertex   2.410964e+01 -8.262469e+01 2.125398e+01
      vertex   2.014385e+01 -8.296123e+01 2.125398e+01
    endloop
  endfacet
  facet normal 0.000000e+00 0.000000e+00 -1.000000e+00
    outer loop
      vertex   2.014385e+01 -8.296123e+01 2.125398e+01
      vertex   2.410964e+01 -8.262469e+01 2.125398e+01
      vertex   2.407590e+01 -8.296123e+01 2.125398e+01
    endloop
  endfacet
  facet normal 0.000000e+00 0.000000e+00 -1.000000e+00
    outer loop
      vertex   2.014385e+01 -8.296123e+01 2.125398e+01
      vertex   2.407590e+01 -8.296123e+01 2.125398e+01
      vertex   2.023382e+01 -8.328728e+01 2.125398e+01
    endloop
  endfacet
  facet normal 0.000000e+00 0.000000e+00 -1.000000e+00
    outer loop
      vertex   2.023382e+01 -8.328728e+01 2.125398e+01
      vertex   2.407590e+01 -8.296123e+01 2.125398e+01
      vertex   2.398592e+01 -8.328728e+01 2.125398e+01
    endloop
  endfacet
  facet normal 9.555724e-01 -2.947296e-01 -3.973727e-03
    outer loop
      vertex   9.246609e+01 -5.386476e+01 1.835398e+01
      vertex   9.261001e+01 -5.339815e+01 1.835398e+01
      vertex   9.254587e+01 -5.364656e+01 2.135398e+01
    endloop
  endfacet
  facet normal 9.682430e-01 -2.500109e-01 0.000000e+00
    outer loop
      vertex   9.254587e+01 -5.364656e+01 2.135398e+01
      vertex   9.261001e+01 -5.339815e+01 1.835398e+01
      vertex   9.261001e+01 -5.339815e+01 2.125398e+01
    endloop
  endfacet
  facet normal 9.715729e-01 -1.996633e-01 1.272032e-01
    outer loop
      vertex   9.254587e+01 -5.364656e+01 2.135398e+01
      vertex   9.261001e+01 -5.339815e+01 2.125398e+01
      vertex   9.264770e+01 -5.315107e+01 2.135398e+01
    endloop
  endfacet
  facet normal 9.900986e-01 -1.337136e-01 -4.272596e-02
    outer loop
      vertex   9.264770e+01 -5.315107e+01 2.135398e+01
      vertex   9.261001e+01 -5.339815e+01 2.125398e+01
      vertex   9.265489e+01 -5.306582e+01 2.125398e+01
    endloop
  endfacet
  facet normal 9.974198e-01 -0.000000e+00 7.178982e-02
    outer loop
      vertex   9.264770e+01 -5.315107e+01 2.135398e+01
      vertex   9.265489e+01 -5.306582e+01 2.125398e+01
      vertex   9.264770e+01 -5.264523e+01 2.135398e+01
    endloop
  endfacet
  facet normal 9.974198e-01 0.000000e+00 7.178982e-02
    outer loop
      vertex   9.264770e+01 -5.264523e+01 2.135398e+01
      vertex   9.265489e+01 -5.306582e+01 2.125398e+01
      vertex   9.265489e+01 -5.273048e+01 2.125398e+01
    endloop
  endfacet
  facet normal 9.900986e-01 1.337136e-01 -4.272596e-02
    outer loop
      vertex   9.264770e+01 -5.264523e+01 2.135398e+01
      vertex   9.265489e+01 -5.273048e+01 2.125398e+01
      vertex   9.261001e+01 -5.239815e+01 2.125398e+01
    endloop
  endfacet
  facet normal 9.715729e-01 1.996633e-01 1.272032e-01
    outer loop
      vertex   9.264770e+01 -5.264523e+01 2.135398e+01
      vertex   9.261001e+01 -5.239815e+01 2.125398e+01
      vertex   9.254587e+01 -5.214974e+01 2.135398e+01
    endloop
  endfacet
  facet normal 9.682430e-01 2.500109e-01 0.000000e+00
    outer loop
      vertex   9.254587e+01 -5.214974e+01 2.135398e+01
      vertex   9.261001e+01 -5.239815e+01 2.125398e+01
      vertex   9.261001e+01 -5.239815e+01 1.835398e+01
    endloop
  endfacet
  facet normal 9.555724e-01 2.947296e-01 -3.973727e-03
    outer loop
      vertex   9.254587e+01 -5.214974e+01 2.135398e+01
      vertex   9.261001e+01 -5.239815e+01 1.835398e+01
      vertex   9.246609e+01 -5.193153e+01 1.835398e+01
    endloop
  endfacet
  facet normal 9.189495e-01 3.943523e-01 4.246302e-03
    outer loop
      vertex   9.254587e+01 -5.214974e+01 2.135398e+01
      vertex   9.246609e+01 -5.193153e+01 1.835398e+01
      vertex   9.234639e+01 -5.168489e+01 2.135398e+01
    endloop
  endfacet
  facet normal 8.800526e-01 4.748599e-01 -3.924532e-03
    outer loop
      vertex   9.234639e+01 -5.168489e+01 2.135398e+01
      vertex   9.246609e+01 -5.193153e+01 1.835398e+01
      vertex   9.223421e+01 -5.150180e+01 1.835398e+01
    endloop
  endfacet
  facet normal 8.207563e-01 5.712632e-01 4.176402e-03
    outer loop
      vertex   9.234639e+01 -5.168489e+01 2.135398e+01
      vertex   9.223421e+01 -5.150180e+01 1.835398e+01
      vertex   9.205742e+01 -5.126972e+01 2.135398e+01
    endloop
  endfacet
  facet normal 7.709582e-01 6.368742e-01 -3.833929e-03
    outer loop
      vertex   9.205742e+01 -5.126972e+01 2.135398e+01
      vertex   9.223421e+01 -5.150180e+01 1.835398e+01
      vertex   9.192322e+01 -5.112533e+01 1.835398e+01
    endloop
  endfacet
  facet normal 6.889612e-01 7.247868e-01 4.065098e-03
    outer loop
      vertex   9.205742e+01 -5.126972e+01 2.135398e+01
      vertex   9.192322e+01 -5.112533e+01 1.835398e+01
      vertex   9.169079e+01 -5.092121e+01 2.135398e+01
    endloop
  endfacet
  facet normal 6.324512e-01 7.745914e-01 -3.701924e-03
    outer loop
      vertex   9.169079e+01 -5.092121e+01 2.135398e+01
      vertex   9.192322e+01 -5.112533e+01 1.835398e+01
      vertex   9.154498e+01 -5.081650e+01 1.835398e+01
    endloop
  endfacet
  facet normal 5.289600e-01 8.486378e-01 3.912395e-03
    outer loop
      vertex   9.169079e+01 -5.092121e+01 2.135398e+01
      vertex   9.154498e+01 -5.081650e+01 1.835398e+01
      vertex   9.126151e+01 -5.065364e+01 2.135398e+01
    endloop
  endfacet
  facet normal 4.698156e-01 8.827575e-01 -3.528522e-03
    outer loop
      vertex   9.126151e+01 -5.065364e+01 2.135398e+01
      vertex   9.154498e+01 -5.081650e+01 1.835398e+01
      vertex   9.111392e+01 -5.058708e+01 1.835398e+01
    endloop
  endfacet
  facet normal 3.473029e-01 9.377456e-01 3.718299e-03
    outer loop
      vertex   9.126151e+01 -5.065364e+01 2.135398e+01
      vertex   9.111392e+01 -5.058708e+01 1.835398e+01
      vertex   9.078715e+01 -5.047796e+01 2.135398e+01
    endloop
  endfacet
  facet normal 2.892559e-01 9.572461e-01 -3.313733e-03
    outer loop
      vertex   9.078715e+01 -5.047796e+01 2.135398e+01
      vertex   9.111392e+01 -5.058708e+01 1.835398e+01
      vertex   9.064649e+01 -5.044584e+01 1.835398e+01
    endloop
  endfacet
  facet normal 1.514269e-01 9.884623e-01 3.482820e-03
    outer loop
      vertex   9.078715e+01 -5.047796e+01 2.135398e+01
      vertex   9.064649e+01 -5.044584e+01 1.835398e+01
      vertex   9.028714e+01 -5.040136e+01 2.135398e+01
    endloop
  endfacet
  facet normal 9.766066e-02 9.952151e-01 -3.057566e-03
    outer loop
      vertex   9.028714e+01 -5.040136e+01 2.135398e+01
      vertex   9.064649e+01 -5.044584e+01 1.835398e+01
      vertex   9.016052e+01 -5.039815e+01 1.835398e+01
    endloop
  endfacet
  facet normal -5.064891e-02 9.987114e-01 3.205970e-03
    outer loop
      vertex   9.028714e+01 -5.040136e+01 2.135398e+01
      vertex   9.016052e+01 -5.039815e+01 1.835398e+01
      vertex   8.978195e+01 -5.042698e+01 2.135398e+01
    endloop
  endfacet
  facet normal -9.766074e-02 9.952159e-01 -2.760035e-03
    outer loop
      vertex   8.978195e+01 -5.042698e+01 2.135398e+01
      vertex   9.016052e+01 -5.039815e+01 1.835398e+01
      vertex   8.967455e+01 -5.044584e+01 1.835398e+01
    endloop
  endfacet
  facet normal -2.506515e-01 9.680731e-01 2.887762e-03
    outer loop
      vertex   8.978195e+01 -5.042698e+01 2.135398e+01
      vertex   8.967455e+01 -5.044584e+01 1.835398e+01
      vertex   8.929226e+01 -5.055377e+01 2.135398e+01
    endloop
  endfacet
  facet normal -2.892567e-01 9.572485e-01 -2.421153e-03
    outer loop
      vertex   8.929226e+01 -5.055377e+01 2.135398e+01
      vertex   8.967455e+01 -5.044584e+01 1.835398e+01
      vertex   8.920712e+01 -5.058708e+01 1.835398e+01
    endloop
  endfacet
  facet normal -4.403927e-01 8.978017e-01 2.528212e-03
    outer loop
      vertex   8.929226e+01 -5.055377e+01 2.135398e+01
      vertex   8.920712e+01 -5.058708e+01 1.835398e+01
      vertex   8.883811e+01 -5.077654e+01 2.135398e+01
    endloop
  endfacet
  facet normal -4.698175e-01 8.827612e-01 -2.040937e-03
    outer loop
      vertex   8.883811e+01 -5.077654e+01 2.135398e+01
      vertex   8.920712e+01 -5.058708e+01 1.835398e+01
      vertex   8.877606e+01 -5.081650e+01 1.835398e+01
    endloop
  endfacet
  facet normal -6.121046e-01 7.907739e-01 2.127337e-03
    outer loop
      vertex   8.883811e+01 -5.077654e+01 2.135398e+01
      vertex   8.877606e+01 -5.081650e+01 1.835398e+01
      vertex   8.843810e+01 -5.108617e+01 2.135398e+01
    endloop
  endfacet
  facet normal -6.324547e-01 7.745957e-01 -1.619407e-03
    outer loop
      vertex   8.843810e+01 -5.108617e+01 2.135398e+01
      vertex   8.877606e+01 -5.081650e+01 1.835398e+01
      vertex   8.839782e+01 -5.112533e+01 1.835398e+01
    endloop
  endfacet
  facet normal -7.587570e-01 6.513716e-01 1.685157e-03
    outer loop
      vertex   8.843810e+01 -5.108617e+01 2.135398e+01
      vertex   8.839782e+01 -5.112533e+01 1.835398e+01
      vertex   8.810861e+01 -5.146998e+01 2.135398e+01
    endloop
  endfacet
  facet normal -7.709634e-01 6.368784e-01 -1.156582e-03
    outer loop
      vertex   8.810861e+01 -5.146998e+01 2.135398e+01
      vertex   8.839782e+01 -5.112533e+01 1.835398e+01
      vertex   8.808683e+01 -5.150180e+01 1.835398e+01
    endloop
  endfacet
  facet normal -8.743460e-01 4.853016e-01 1.201694e-03
    outer loop
      vertex   8.810861e+01 -5.146998e+01 2.135398e+01
      vertex   8.808683e+01 -5.150180e+01 1.835398e+01
      vertex   8.786313e+01 -5.191226e+01 2.135398e+01
    endloop
  endfacet
  facet normal -8.800592e-01 4.748635e-01 -6.524860e-04
    outer loop
      vertex   8.786313e+01 -5.191226e+01 2.135398e+01
      vertex   8.808683e+01 -5.150180e+01 1.835398e+01
      vertex   8.785495e+01 -5.193153e+01 1.835398e+01
    endloop
  endfacet
  facet normal -9.541390e-01 2.993631e-01 6.769727e-04
    outer loop
      vertex   8.786313e+01 -5.191226e+01 2.135398e+01
      vertex   8.785495e+01 -5.193153e+01 1.835398e+01
      vertex   8.771170e+01 -5.239490e+01 2.135398e+01
    endloop
  endfacet
  facet normal -9.555800e-01 2.947319e-01 -1.071443e-04
    outer loop
      vertex   8.771170e+01 -5.239490e+01 2.135398e+01
      vertex   8.785495e+01 -5.193153e+01 1.835398e+01
      vertex   8.771103e+01 -5.239815e+01 1.835398e+01
    endloop
  endfacet
  facet normal -9.796631e-01 2.006493e-01 0.000000e+00
    outer loop
      vertex   8.771170e+01 -5.239490e+01 2.135398e+01
      vertex   8.771103e+01 -5.239815e+01 1.835398e+01
      vertex   8.771103e+01 -5.239815e+01 2.125398e+01
    endloop
  endfacet
  facet normal -9.910010e-01 1.338355e-01 2.244362e-03
    outer loop
      vertex   8.771103e+01 -5.239815e+01 2.125398e+01
      vertex   8.766615e+01 -5.273048e+01 2.125398e+01
      vertex   8.771170e+01 -5.239490e+01 2.135398e+01
    endloop
  endfacet
  facet normal -9.885082e-01 1.005215e-01 1.129022e-01
    outer loop
      vertex   8.771170e+01 -5.239490e+01 2.135398e+01
      vertex   8.766615e+01 -5.273048e+01 2.125398e+01
      vertex   8.766052e+01 -5.289815e+01 2.135398e+01
    endloop
  endfacet
  facet normal -9.984194e-01 0.000000e+00 -5.620241e-02
    outer loop
      vertex   8.766052e+01 -5.289815e+01 2.135398e+01
      vertex   8.766615e+01 -5.273048e+01 2.125398e+01
      vertex   8.766615e+01 -5.306582e+01 2.125398e+01
    endloop
  endfacet
  facet normal -9.885082e-01 -1.005215e-01 1.129022e-01
    outer loop
      vertex   8.766052e+01 -5.289815e+01 2.135398e+01
      vertex   8.766615e+01 -5.306582e+01 2.125398e+01
      vertex   8.771170e+01 -5.340139e+01 2.135398e+01
    endloop
  endfacet
  facet normal -9.910010e-01 -1.338355e-01 2.244362e-03
    outer loop
      vertex   8.771170e+01 -5.340139e+01 2.135398e+01
      vertex   8.766615e+01 -5.306582e+01 2.125398e+01
      vertex   8.771103e+01 -5.339815e+01 2.125398e+01
    endloop
  endfacet
  facet normal -9.796631e-01 -2.006493e-01 0.000000e+00
    outer loop
      vertex   8.771170e+01 -5.340139e+01 2.135398e+01
      vertex   8.771103e+01 -5.339815e+01 2.125398e+01
      vertex   8.771103e+01 -5.339815e+01 1.835398e+01
    endloop
  endfacet
  facet normal -9.555800e-01 -2.947319e-01 -1.071443e-04
    outer loop
      vertex   8.771103e+01 -5.339815e+01 1.835398e+01
      vertex   8.785495e+01 -5.386476e+01 1.835398e+01
      vertex   8.771170e+01 -5.340139e+01 2.135398e+01
    endloop
  endfacet
  facet normal -9.541390e-01 -2.993631e-01 6.769727e-04
    outer loop
      vertex   8.771170e+01 -5.340139e+01 2.135398e+01
      vertex   8.785495e+01 -5.386476e+01 1.835398e+01
      vertex   8.786313e+01 -5.388404e+01 2.135398e+01
    endloop
  endfacet
  facet normal -8.800592e-01 -4.748635e-01 -6.524860e-04
    outer loop
      vertex   8.786313e+01 -5.388404e+01 2.135398e+01
      vertex   8.785495e+01 -5.386476e+01 1.835398e+01
      vertex   8.808683e+01 -5.429450e+01 1.835398e+01
    endloop
  endfacet
  facet normal -8.743460e-01 -4.853016e-01 1.201694e-03
    outer loop
      vertex   8.786313e+01 -5.388404e+01 2.135398e+01
      vertex   8.808683e+01 -5.429450e+01 1.835398e+01
      vertex   8.810861e+01 -5.432632e+01 2.135398e+01
    endloop
  endfacet
  facet normal -7.709634e-01 -6.368784e-01 -1.156582e-03
    outer loop
      vertex   8.810861e+01 -5.432632e+01 2.135398e+01
      vertex   8.808683e+01 -5.429450e+01 1.835398e+01
      vertex   8.839782e+01 -5.467097e+01 1.835398e+01
    endloop
  endfacet
  facet normal -7.587570e-01 -6.513716e-01 1.685157e-03
    outer loop
      vertex   8.810861e+01 -5.432632e+01 2.135398e+01
      vertex   8.839782e+01 -5.467097e+01 1.835398e+01
      vertex   8.843810e+01 -5.471013e+01 2.135398e+01
    endloop
  endfacet
  facet normal -6.324547e-01 -7.745957e-01 -1.619407e-03
    outer loop
      vertex   8.843810e+01 -5.471013e+01 2.135398e+01
      vertex   8.839782e+01 -5.467097e+01 1.835398e+01
      vertex   8.877606e+01 -5.497980e+01 1.835398e+01
    endloop
  endfacet
  facet normal -6.121046e-01 -7.907739e-01 2.127337e-03
    outer loop
      vertex   8.843810e+01 -5.471013e+01 2.135398e+01
      vertex   8.877606e+01 -5.497980e+01 1.835398e+01
      vertex   8.883811e+01 -5.501976e+01 2.135398e+01
    endloop
  endfacet
  facet normal -4.698175e-01 -8.827612e-01 -2.040937e-03
    outer loop
      vertex   8.883811e+01 -5.501976e+01 2.135398e+01
      vertex   8.877606e+01 -5.497980e+01 1.835398e+01
      vertex   8.920712e+01 -5.520921e+01 1.835398e+01
    endloop
  endfacet
  facet normal -4.403927e-01 -8.978017e-01 2.528212e-03
    outer loop
      vertex   8.883811e+01 -5.501976e+01 2.135398e+01
      vertex   8.920712e+01 -5.520921e+01 1.835398e+01
      vertex   8.929226e+01 -5.524253e+01 2.135398e+01
    endloop
  endfacet
  facet normal -2.892567e-01 -9.572485e-01 -2.421153e-03
    outer loop
      vertex   8.929226e+01 -5.524253e+01 2.135398e+01
      vertex   8.920712e+01 -5.520921e+01 1.835398e+01
      vertex   8.967455e+01 -5.535046e+01 1.835398e+01
    endloop
  endfacet
  facet normal -2.506515e-01 -9.680731e-01 2.887762e-03
    outer loop
      vertex   8.929226e+01 -5.524253e+01 2.135398e+01
      vertex   8.967455e+01 -5.535046e+01 1.835398e+01
      vertex   8.978195e+01 -5.536932e+01 2.135398e+01
    endloop
  endfacet
  facet normal -9.766074e-02 -9.952159e-01 -2.760035e-03
    outer loop
      vertex   8.978195e+01 -5.536932e+01 2.135398e+01
      vertex   8.967455e+01 -5.535046e+01 1.835398e+01
      vertex   9.016052e+01 -5.539815e+01 1.835398e+01
    endloop
  endfacet
  facet normal -5.064891e-02 -9.987114e-01 3.205970e-03
    outer loop
      vertex   8.978195e+01 -5.536932e+01 2.135398e+01
      vertex   9.016052e+01 -5.539815e+01 1.835398e+01
      vertex   9.028714e+01 -5.539494e+01 2.135398e+01
    endloop
  endfacet
  facet normal 9.766066e-02 -9.952151e-01 -3.057566e-03
    outer loop
      vertex   9.028714e+01 -5.539494e+01 2.135398e+01
      vertex   9.016052e+01 -5.539815e+01 1.835398e+01
      vertex   9.064649e+01 -5.535046e+01 1.835398e+01
    endloop
  endfacet
  facet normal 1.514269e-01 -9.884623e-01 3.482820e-03
    outer loop
      vertex   9.028714e+01 -5.539494e+01 2.135398e+01
      vertex   9.064649e+01 -5.535046e+01 1.835398e+01
      vertex   9.078715e+01 -5.531834e+01 2.135398e+01
    endloop
  endfacet
  facet normal 2.892559e-01 -9.572461e-01 -3.313733e-03
    outer loop
      vertex   9.078715e+01 -5.531834e+01 2.135398e+01
      vertex   9.064649e+01 -5.535046e+01 1.835398e+01
      vertex   9.111392e+01 -5.520921e+01 1.835398e+01
    endloop
  endfacet
  facet normal 3.473029e-01 -9.377456e-01 3.718299e-03
    outer loop
      vertex   9.078715e+01 -5.531834e+01 2.135398e+01
      vertex   9.111392e+01 -5.520921e+01 1.835398e+01
      vertex   9.126151e+01 -5.514266e+01 2.135398e+01
    endloop
  endfacet
  facet normal 4.698156e-01 -8.827575e-01 -3.528522e-03
    outer loop
      vertex   9.126151e+01 -5.514266e+01 2.135398e+01
      vertex   9.111392e+01 -5.520921e+01 1.835398e+01
      vertex   9.154498e+01 -5.497980e+01 1.835398e+01
    endloop
  endfacet
  facet normal 5.289600e-01 -8.486378e-01 3.912395e-03
    outer loop
      vertex   9.126151e+01 -5.514266e+01 2.135398e+01
      vertex   9.154498e+01 -5.497980e+01 1.835398e+01
      vertex   9.169079e+01 -5.487509e+01 2.135398e+01
    endloop
  endfacet
  facet normal 6.324512e-01 -7.745914e-01 -3.701924e-03
    outer loop
      vertex   9.169079e+01 -5.487509e+01 2.135398e+01
      vertex   9.154498e+01 -5.497980e+01 1.835398e+01
      vertex   9.192322e+01 -5.467097e+01 1.835398e+01
    endloop
  endfacet
  facet normal 6.889612e-01 -7.247868e-01 4.065098e-03
    outer loop
      vertex   9.169079e+01 -5.487509e+01 2.135398e+01
      vertex   9.192322e+01 -5.467097e+01 1.835398e+01
      vertex   9.205742e+01 -5.452658e+01 2.135398e+01
    endloop
  endfacet
  facet normal 7.709582e-01 -6.368742e-01 -3.833929e-03
    outer loop
      vertex   9.205742e+01 -5.452658e+01 2.135398e+01
      vertex   9.192322e+01 -5.467097e+01 1.835398e+01
      vertex   9.223421e+01 -5.429450e+01 1.835398e+01
    endloop
  endfacet
  facet normal 8.207563e-01 -5.712632e-01 4.176402e-03
    outer loop
      vertex   9.205742e+01 -5.452658e+01 2.135398e+01
      vertex   9.223421e+01 -5.429450e+01 1.835398e+01
      vertex   9.234639e+01 -5.411140e+01 2.135398e+01
    endloop
  endfacet
  facet normal 8.800526e-01 -4.748599e-01 -3.924532e-03
    outer loop
      vertex   9.234639e+01 -5.411140e+01 2.135398e+01
      vertex   9.223421e+01 -5.429450e+01 1.835398e+01
      vertex   9.246609e+01 -5.386476e+01 1.835398e+01
    endloop
  endfacet
  facet normal 9.189495e-01 -3.943523e-01 4.246302e-03
    outer loop
      vertex   9.234639e+01 -5.411140e+01 2.135398e+01
      vertex   9.246609e+01 -5.386476e+01 1.835398e+01
      vertex   9.254587e+01 -5.364656e+01 2.135398e+01
    endloop
  endfacet
  facet normal -1.626648e-02 1.097072e-01 -9.938308e-01
    outer loop
      vertex   8.971685e+01 -5.239815e+01 1.636124e+01
      vertex   8.997682e+01 -5.197113e+01 1.640412e+01
      vertex   9.016052e+01 -5.239815e+01 1.635398e+01
    endloop
  endfacet
  facet normal -1.098643e-02 1.119577e-01 -9.936522e-01
    outer loop
      vertex   9.016052e+01 -5.239815e+01 1.635398e+01
      vertex   8.997682e+01 -5.197113e+01 1.640412e+01
      vertex   9.016052e+01 -5.195311e+01 1.640412e+01
    endloop
  endfacet
  facet normal 1.098643e-02 1.119577e-01 -9.936522e-01
    outer loop
      vertex   9.016052e+01 -5.239815e+01 1.635398e+01
      vertex   9.016052e+01 -5.195311e+01 1.640412e+01
      vertex   9.034423e+01 -5.197113e+01 1.640412e+01
    endloop
  endfacet
  facet normal 3.239334e-02 3.301057e-01 -9.433880e-01
    outer loop
      vertex   9.034423e+01 -5.197113e+01 1.640412e+01
      vertex   9.016052e+01 -5.195311e+01 1.640412e+01
      vertex   9.016052e+01 -5.153038e+01 1.655204e+01
    endloop
  endfacet
  facet normal 3.239334e-02 3.301057e-01 -9.433880e-01
    outer loop
      vertex   9.034423e+01 -5.197113e+01 1.640412e+01
      vertex   9.016052e+01 -5.153038e+01 1.655204e+01
      vertex   9.042640e+01 -5.155647e+01 1.655204e+01
    endloop
  endfacet
  facet normal 5.213741e-02 5.313085e-01 -8.455726e-01
    outer loop
      vertex   9.042640e+01 -5.155647e+01 1.655204e+01
      vertex   9.016052e+01 -5.153038e+01 1.655204e+01
      vertex   9.016052e+01 -5.115117e+01 1.679031e+01
    endloop
  endfacet
  facet normal 5.213741e-02 5.313085e-01 -8.455726e-01
    outer loop
      vertex   9.042640e+01 -5.155647e+01 1.655204e+01
      vertex   9.016052e+01 -5.115117e+01 1.679031e+01
      vertex   9.050011e+01 -5.118449e+01 1.679031e+01
    endloop
  endfacet
  facet normal 6.922209e-02 7.054106e-01 -7.054106e-01
    outer loop
      vertex   9.050011e+01 -5.118449e+01 1.679031e+01
      vertex   9.016052e+01 -5.115117e+01 1.679031e+01
      vertex   9.016052e+01 -5.083449e+01 1.710700e+01
    endloop
  endfacet
  facet normal 6.922209e-02 7.054106e-01 -7.054106e-01
    outer loop
      vertex   9.050011e+01 -5.118449e+01 1.679031e+01
      vertex   9.016052e+01 -5.083449e+01 1.710700e+01
      vertex   9.056167e+01 -5.087385e+01 1.710700e+01
    endloop
  endfacet
  facet normal 8.280388e-02 8.438164e-01 -5.302050e-01
    outer loop
      vertex   9.056167e+01 -5.087385e+01 1.710700e+01
      vertex   9.016052e+01 -5.083449e+01 1.710700e+01
      vertex   9.016052e+01 -5.059621e+01 1.748621e+01
    endloop
  endfacet
  facet normal 8.280388e-02 8.438164e-01 -5.302050e-01
    outer loop
      vertex   9.056167e+01 -5.087385e+01 1.710700e+01
      vertex   9.016052e+01 -5.059621e+01 1.748621e+01
      vertex   9.060799e+01 -5.064012e+01 1.748621e+01
    endloop
  endfacet
  facet normal 9.222869e-02 9.398604e-01 -3.288714e-01
    outer loop
      vertex   9.060799e+01 -5.064012e+01 1.748621e+01
      vertex   9.016052e+01 -5.059621e+01 1.748621e+01
      vertex   9.016052e+01 -5.044829e+01 1.790893e+01
    endloop
  endfacet
  facet normal 9.222869e-02 9.398604e-01 -3.288714e-01
    outer loop
      vertex   9.060799e+01 -5.064012e+01 1.748621e+01
      vertex   9.016052e+01 -5.044829e+01 1.790893e+01
      vertex   9.063675e+01 -5.049502e+01 1.790893e+01
    endloop
  endfacet
  facet normal 9.705284e-02 9.890211e-01 -1.114359e-01
    outer loop
      vertex   9.063675e+01 -5.049502e+01 1.790893e+01
      vertex   9.016052e+01 -5.044829e+01 1.790893e+01
      vertex   9.016052e+01 -5.039815e+01 1.835398e+01
    endloop
  endfacet
  facet normal 9.705284e-02 9.890211e-01 -1.114359e-01
    outer loop
      vertex   9.063675e+01 -5.049502e+01 1.790893e+01
      vertex   9.016052e+01 -5.039815e+01 1.835398e+01
      vertex   9.064649e+01 -5.044584e+01 1.835398e+01
    endloop
  endfacet
  facet normal -1.370737e-01 -1.726511e-01 -9.753986e-01
    outer loop
      vertex   8.926545e+01 -5.239815e+01 1.642467e+01
      vertex   8.937663e+01 -5.237030e+01 1.640412e+01
      vertex   8.971685e+01 -5.239815e+01 1.636124e+01
    endloop
  endfacet
  facet normal -1.167015e-01 9.640495e-02 -9.884770e-01
    outer loop
      vertex   8.971685e+01 -5.239815e+01 1.636124e+01
      vertex   8.937663e+01 -5.237030e+01 1.640412e+01
      vertex   8.949419e+01 -5.222799e+01 1.640412e+01
    endloop
  endfacet
  facet normal -9.827430e-02 1.203609e-01 -9.878539e-01
    outer loop
      vertex   8.971685e+01 -5.239815e+01 1.636124e+01
      vertex   8.949419e+01 -5.222799e+01 1.640412e+01
      vertex   8.963717e+01 -5.211125e+01 1.640412e+01
    endloop
  endfacet
  facet normal -2.097800e-01 2.569270e-01 -9.433880e-01
    outer loop
      vertex   8.963717e+01 -5.211125e+01 1.640412e+01
      vertex   8.949419e+01 -5.222799e+01 1.640412e+01
      vertex   8.919614e+01 -5.192823e+01 1.655204e+01
    endloop
  endfacet
  facet normal -2.097800e-01 2.569270e-01 -9.433880e-01
    outer loop
      vertex   8.963717e+01 -5.211125e+01 1.640412e+01
      vertex   8.919614e+01 -5.192823e+01 1.655204e+01
      vertex   8.940307e+01 -5.175926e+01 1.655204e+01
    endloop
  endfacet
  facet normal -3.376430e-01 4.135265e-01 -8.455726e-01
    outer loop
      vertex   8.940307e+01 -5.175926e+01 1.655204e+01
      vertex   8.919614e+01 -5.192823e+01 1.655204e+01
      vertex   8.892876e+01 -5.165932e+01 1.679031e+01
    endloop
  endfacet
  facet normal -3.376430e-01 4.135265e-01 -8.455726e-01
    outer loop
      vertex   8.940307e+01 -5.175926e+01 1.655204e+01
      vertex   8.892876e+01 -5.165932e+01 1.679031e+01
      vertex   8.919307e+01 -5.144351e+01 1.679031e+01
    endloop
  endfacet
  facet normal -4.482838e-01 5.490332e-01 -7.054106e-01
    outer loop
      vertex   8.919307e+01 -5.144351e+01 1.679031e+01
      vertex   8.892876e+01 -5.165932e+01 1.679031e+01
      vertex   8.870547e+01 -5.143475e+01 1.710700e+01
    endloop
  endfacet
  facet normal -4.482838e-01 5.490332e-01 -7.054106e-01
    outer loop
      vertex   8.919307e+01 -5.144351e+01 1.679031e+01
      vertex   8.870547e+01 -5.143475e+01 1.710700e+01
      vertex   8.901770e+01 -5.117982e+01 1.710700e+01
    endloop
  endfacet
  facet normal -5.362397e-01 6.567569e-01 -5.302050e-01
    outer loop
      vertex   8.901770e+01 -5.117982e+01 1.710700e+01
      vertex   8.870547e+01 -5.143475e+01 1.710700e+01
      vertex   8.853747e+01 -5.126578e+01 1.748621e+01
    endloop
  endfacet
  facet normal -5.362397e-01 6.567569e-01 -5.302050e-01
    outer loop
      vertex   8.901770e+01 -5.117982e+01 1.710700e+01
      vertex   8.853747e+01 -5.126578e+01 1.748621e+01
      vertex   8.888575e+01 -5.098142e+01 1.748621e+01
    endloop
  endfacet
  facet normal -5.972750e-01 7.315095e-01 -3.288714e-01
    outer loop
      vertex   8.888575e+01 -5.098142e+01 1.748621e+01
      vertex   8.853747e+01 -5.126578e+01 1.748621e+01
      vertex   8.843318e+01 -5.116089e+01 1.790893e+01
    endloop
  endfacet
  facet normal -5.972750e-01 7.315095e-01 -3.288714e-01
    outer loop
      vertex   8.888575e+01 -5.098142e+01 1.748621e+01
      vertex   8.843318e+01 -5.116089e+01 1.790893e+01
      vertex   8.880383e+01 -5.085825e+01 1.790893e+01
    endloop
  endfacet
  facet normal -6.285164e-01 7.697722e-01 -1.114359e-01
    outer loop
      vertex   8.880383e+01 -5.085825e+01 1.790893e+01
      vertex   8.843318e+01 -5.116089e+01 1.790893e+01
      vertex   8.839782e+01 -5.112533e+01 1.835398e+01
    endloop
  endfacet
  facet normal -6.285164e-01 7.697722e-01 -1.114359e-01
    outer loop
      vertex   8.880383e+01 -5.085825e+01 1.790893e+01
      vertex   8.839782e+01 -5.112533e+01 1.835398e+01
      vertex   8.877606e+01 -5.081650e+01 1.835398e+01
    endloop
  endfacet
  facet normal -3.283044e-01 1.389390e-03 -9.445709e-01
    outer loop
      vertex   8.885427e+01 -5.239815e+01 1.656759e+01
      vertex   8.889913e+01 -5.236931e+01 1.655204e+01
      vertex   8.926545e+01 -5.239815e+01 1.642467e+01
    endloop
  endfacet
  facet normal -3.118725e-01 1.682806e-01 -9.351028e-01
    outer loop
      vertex   8.926545e+01 -5.239815e+01 1.642467e+01
      vertex   8.889913e+01 -5.236931e+01 1.655204e+01
      vertex   8.902599e+01 -5.213419e+01 1.655204e+01
    endloop
  endfacet
  facet normal -2.345637e-01 2.415555e-01 -9.416107e-01
    outer loop
      vertex   8.926545e+01 -5.239815e+01 1.642467e+01
      vertex   8.902599e+01 -5.213419e+01 1.655204e+01
      vertex   8.937663e+01 -5.237030e+01 1.640412e+01
    endloop
  endfacet
  facet normal -2.557220e-01 2.112472e-01 -9.433880e-01
    outer loop
      vertex   8.937663e+01 -5.237030e+01 1.640412e+01
      vertex   8.902599e+01 -5.213419e+01 1.655204e+01
      vertex   8.949419e+01 -5.222799e+01 1.640412e+01
    endloop
  endfacet
  facet normal -4.640201e-01 2.662274e-01 -8.448718e-01
    outer loop
      vertex   8.889913e+01 -5.236931e+01 1.655204e+01
      vertex   8.885427e+01 -5.239815e+01 1.656759e+01
      vertex   8.854941e+01 -5.222269e+01 1.679031e+01
    endloop
  endfacet
  facet normal -5.186920e-01 1.639122e-01 -8.391015e-01
    outer loop
      vertex   8.854941e+01 -5.222269e+01 1.679031e+01
      vertex   8.885427e+01 -5.239815e+01 1.656759e+01
      vertex   8.846859e+01 -5.239815e+01 1.680599e+01
    endloop
  endfacet
  facet normal -6.371233e-01 2.276384e-01 -7.363795e-01
    outer loop
      vertex   8.854941e+01 -5.222269e+01 1.679031e+01
      vertex   8.846859e+01 -5.239815e+01 1.680599e+01
      vertex   8.830301e+01 -5.239815e+01 1.694926e+01
    endloop
  endfacet
  facet normal -6.516367e-01 2.745366e-01 -7.071062e-01
    outer loop
      vertex   8.854941e+01 -5.222269e+01 1.679031e+01
      vertex   8.830301e+01 -5.239815e+01 1.694926e+01
      vertex   8.825735e+01 -5.210024e+01 1.710700e+01
    endloop
  endfacet
  facet normal -7.226254e-01 2.337028e-01 -6.505348e-01
    outer loop
      vertex   8.825735e+01 -5.210024e+01 1.710700e+01
      vertex   8.830301e+01 -5.239815e+01 1.694926e+01
      vertex   8.815567e+01 -5.239815e+01 1.711293e+01
    endloop
  endfacet
  facet normal -8.052268e-01 2.642831e-01 -5.308148e-01
    outer loop
      vertex   8.825735e+01 -5.210024e+01 1.710700e+01
      vertex   8.815567e+01 -5.239815e+01 1.711293e+01
      vertex   8.803761e+01 -5.200811e+01 1.748621e+01
    endloop
  endfacet
  facet normal -8.130813e-01 2.548241e-01 -5.234152e-01
    outer loop
      vertex   8.803761e+01 -5.200811e+01 1.748621e+01
      vertex   8.815567e+01 -5.239815e+01 1.711293e+01
      vertex   8.791017e+01 -5.239815e+01 1.749429e+01
    endloop
  endfacet
  facet normal -8.995746e-01 2.871121e-01 -3.291385e-01
    outer loop
      vertex   8.803761e+01 -5.200811e+01 1.748621e+01
      vertex   8.791017e+01 -5.239815e+01 1.749429e+01
      vertex   8.790120e+01 -5.195092e+01 1.790893e+01
    endloop
  endfacet
  facet normal -9.067206e-01 2.768056e-01 -3.181766e-01
    outer loop
      vertex   8.790120e+01 -5.195092e+01 1.790893e+01
      vertex   8.791017e+01 -5.239815e+01 1.749429e+01
      vertex   8.776436e+01 -5.239815e+01 1.790979e+01
    endloop
  endfacet
  facet normal -9.503512e-01 2.905524e-01 -1.114089e-01
    outer loop
      vertex   8.790120e+01 -5.195092e+01 1.790893e+01
      vertex   8.776436e+01 -5.239815e+01 1.790979e+01
      vertex   8.785495e+01 -5.193153e+01 1.835398e+01
    endloop
  endfacet
  facet normal -9.493519e-01 2.928110e-01 -1.139853e-01
    outer loop
      vertex   8.785495e+01 -5.193153e+01 1.835398e+01
      vertex   8.776436e+01 -5.239815e+01 1.790979e+01
      vertex   8.771103e+01 -5.239815e+01 1.835398e+01
    endloop
  endfacet
  facet normal 0.000000e+00 1.000000e+00 0.000000e+00
    outer loop
      vertex   8.791017e+01 -5.239815e+01 1.749429e+01
      vertex   8.782652e+01 -5.239815e+01 1.769283e+01
      vertex   8.776436e+01 -5.239815e+01 1.790979e+01
    endloop
  endfacet
  facet normal -8.745781e-01 4.719059e-01 -1.114359e-01
    outer loop
      vertex   8.790120e+01 -5.195092e+01 1.790893e+01
      vertex   8.785495e+01 -5.193153e+01 1.835398e+01
      vertex   8.812842e+01 -5.152980e+01 1.790893e+01
    endloop
  endfacet
  facet normal -8.745781e-01 4.719059e-01 -1.114359e-01
    outer loop
      vertex   8.812842e+01 -5.152980e+01 1.790893e+01
      vertex   8.785495e+01 -5.193153e+01 1.835398e+01
      vertex   8.808683e+01 -5.150180e+01 1.835398e+01
    endloop
  endfacet
  facet normal -7.661621e-01 6.329121e-01 -1.114359e-01
    outer loop
      vertex   8.812842e+01 -5.152980e+01 1.790893e+01
      vertex   8.808683e+01 -5.150180e+01 1.835398e+01
      vertex   8.843318e+01 -5.116089e+01 1.790893e+01
    endloop
  endfacet
  facet normal -7.661621e-01 6.329121e-01 -1.114359e-01
    outer loop
      vertex   8.843318e+01 -5.116089e+01 1.790893e+01
      vertex   8.808683e+01 -5.150180e+01 1.835398e+01
      vertex   8.839782e+01 -5.112533e+01 1.835398e+01
    endloop
  endfacet
  facet normal -4.668923e-01 8.772649e-01 -1.114359e-01
    outer loop
      vertex   8.880383e+01 -5.085825e+01 1.790893e+01
      vertex   8.877606e+01 -5.081650e+01 1.835398e+01
      vertex   8.922624e+01 -5.063344e+01 1.790893e+01
    endloop
  endfacet
  facet normal -4.668923e-01 8.772649e-01 -1.114359e-01
    outer loop
      vertex   8.922624e+01 -5.063344e+01 1.790893e+01
      vertex   8.877606e+01 -5.081650e+01 1.835398e+01
      vertex   8.920712e+01 -5.058708e+01 1.835398e+01
    endloop
  endfacet
  facet normal -2.874559e-01 9.512892e-01 -1.114359e-01
    outer loop
      vertex   8.922624e+01 -5.063344e+01 1.790893e+01
      vertex   8.920712e+01 -5.058708e+01 1.835398e+01
      vertex   8.968430e+01 -5.049502e+01 1.790893e+01
    endloop
  endfacet
  facet normal -2.874559e-01 9.512892e-01 -1.114359e-01
    outer loop
      vertex   8.968430e+01 -5.049502e+01 1.790893e+01
      vertex   8.920712e+01 -5.058708e+01 1.835398e+01
      vertex   8.967455e+01 -5.044584e+01 1.835398e+01
    endloop
  endfacet
  facet normal -9.705284e-02 9.890211e-01 -1.114359e-01
    outer loop
      vertex   8.968430e+01 -5.049502e+01 1.790893e+01
      vertex   8.967455e+01 -5.044584e+01 1.835398e+01
      vertex   9.016052e+01 -5.044829e+01 1.790893e+01
    endloop
  endfacet
  facet normal -9.705284e-02 9.890211e-01 -1.114359e-01
    outer loop
      vertex   9.016052e+01 -5.044829e+01 1.790893e+01
      vertex   8.967455e+01 -5.044584e+01 1.835398e+01
      vertex   9.016052e+01 -5.039815e+01 1.835398e+01
    endloop
  endfacet
  facet normal 2.874559e-01 9.512892e-01 -1.114359e-01
    outer loop
      vertex   9.063675e+01 -5.049502e+01 1.790893e+01
      vertex   9.064649e+01 -5.044584e+01 1.835398e+01
      vertex   9.109480e+01 -5.063344e+01 1.790893e+01
    endloop
  endfacet
  facet normal 2.874559e-01 9.512892e-01 -1.114359e-01
    outer loop
      vertex   9.109480e+01 -5.063344e+01 1.790893e+01
      vertex   9.064649e+01 -5.044584e+01 1.835398e+01
      vertex   9.111392e+01 -5.058708e+01 1.835398e+01
    endloop
  endfacet
  facet normal 4.668923e-01 8.772649e-01 -1.114359e-01
    outer loop
      vertex   9.109480e+01 -5.063344e+01 1.790893e+01
      vertex   9.111392e+01 -5.058708e+01 1.835398e+01
      vertex   9.151721e+01 -5.085825e+01 1.790893e+01
    endloop
  endfacet
  facet normal 4.668923e-01 8.772649e-01 -1.114359e-01
    outer loop
      vertex   9.151721e+01 -5.085825e+01 1.790893e+01
      vertex   9.111392e+01 -5.058708e+01 1.835398e+01
      vertex   9.154498e+01 -5.081650e+01 1.835398e+01
    endloop
  endfacet
  facet normal 6.285164e-01 7.697722e-01 -1.114359e-01
    outer loop
      vertex   9.151721e+01 -5.085825e+01 1.790893e+01
      vertex   9.154498e+01 -5.081650e+01 1.835398e+01
      vertex   9.188787e+01 -5.116089e+01 1.790893e+01
    endloop
  endfacet
  facet normal 6.285164e-01 7.697722e-01 -1.114359e-01
    outer loop
      vertex   9.188787e+01 -5.116089e+01 1.790893e+01
      vertex   9.154498e+01 -5.081650e+01 1.835398e+01
      vertex   9.192322e+01 -5.112533e+01 1.835398e+01
    endloop
  endfacet
  facet normal 7.661621e-01 6.329121e-01 -1.114359e-01
    outer loop
      vertex   9.188787e+01 -5.116089e+01 1.790893e+01
      vertex   9.192322e+01 -5.112533e+01 1.835398e+01
      vertex   9.219262e+01 -5.152980e+01 1.790893e+01
    endloop
  endfacet
  facet normal 7.661621e-01 6.329121e-01 -1.114359e-01
    outer loop
      vertex   9.219262e+01 -5.152980e+01 1.790893e+01
      vertex   9.192322e+01 -5.112533e+01 1.835398e+01
      vertex   9.223421e+01 -5.150180e+01 1.835398e+01
    endloop
  endfacet
  facet normal 8.745781e-01 4.719059e-01 -1.114359e-01
    outer loop
      vertex   9.219262e+01 -5.152980e+01 1.790893e+01
      vertex   9.223421e+01 -5.150180e+01 1.835398e+01
      vertex   9.241985e+01 -5.195092e+01 1.790893e+01
    endloop
  endfacet
  facet normal 8.745781e-01 4.719059e-01 -1.114359e-01
    outer loop
      vertex   9.241985e+01 -5.195092e+01 1.790893e+01
      vertex   9.223421e+01 -5.150180e+01 1.835398e+01
      vertex   9.246609e+01 -5.193153e+01 1.835398e+01
    endloop
  endfacet
  facet normal 9.503512e-01 2.905524e-01 -1.114089e-01
    outer loop
      vertex   9.241985e+01 -5.195092e+01 1.790893e+01
      vertex   9.246609e+01 -5.193153e+01 1.835398e+01
      vertex   9.255668e+01 -5.239815e+01 1.790979e+01
    endloop
  endfacet
  facet normal 9.493519e-01 2.928110e-01 -1.139853e-01
    outer loop
      vertex   9.255668e+01 -5.239815e+01 1.790979e+01
      vertex   9.246609e+01 -5.193153e+01 1.835398e+01
      vertex   9.261001e+01 -5.239815e+01 1.835398e+01
    endloop
  endfacet
  facet normal 9.223930e-01 2.817043e-01 -2.642610e-01
    outer loop
      vertex   9.255668e+01 -5.239815e+01 1.790979e+01
      vertex   9.249452e+01 -5.239815e+01 1.769283e+01
      vertex   9.241985e+01 -5.195092e+01 1.790893e+01
    endloop
  endfacet
  facet normal 8.923413e-01 3.082931e-01 -3.296700e-01
    outer loop
      vertex   9.241985e+01 -5.195092e+01 1.790893e+01
      vertex   9.249452e+01 -5.239815e+01 1.769283e+01
      vertex   9.228343e+01 -5.200811e+01 1.748621e+01
    endloop
  endfacet
  facet normal 8.311059e-01 4.484492e-01 -3.288714e-01
    outer loop
      vertex   9.241985e+01 -5.195092e+01 1.790893e+01
      vertex   9.228343e+01 -5.200811e+01 1.748621e+01
      vertex   9.219262e+01 -5.152980e+01 1.790893e+01
    endloop
  endfacet
  facet normal 8.311059e-01 4.484492e-01 -3.288714e-01
    outer loop
      vertex   9.219262e+01 -5.152980e+01 1.790893e+01
      vertex   9.228343e+01 -5.200811e+01 1.748621e+01
      vertex   9.206993e+01 -5.161242e+01 1.748621e+01
    endloop
  endfacet
  facet normal 7.280788e-01 6.014523e-01 -3.288714e-01
    outer loop
      vertex   9.219262e+01 -5.152980e+01 1.790893e+01
      vertex   9.206993e+01 -5.161242e+01 1.748621e+01
      vertex   9.188787e+01 -5.116089e+01 1.790893e+01
    endloop
  endfacet
  facet normal 7.280788e-01 6.014523e-01 -3.288714e-01
    outer loop
      vertex   9.188787e+01 -5.116089e+01 1.790893e+01
      vertex   9.206993e+01 -5.161242e+01 1.748621e+01
      vertex   9.178357e+01 -5.126578e+01 1.748621e+01
    endloop
  endfacet
  facet normal 5.972750e-01 7.315095e-01 -3.288714e-01
    outer loop
      vertex   9.188787e+01 -5.116089e+01 1.790893e+01
      vertex   9.178357e+01 -5.126578e+01 1.748621e+01
      vertex   9.151721e+01 -5.085825e+01 1.790893e+01
    endloop
  endfacet
  facet normal 5.972750e-01 7.315095e-01 -3.288714e-01
    outer loop
      vertex   9.151721e+01 -5.085825e+01 1.790893e+01
      vertex   9.178357e+01 -5.126578e+01 1.748621e+01
      vertex   9.143530e+01 -5.098142e+01 1.748621e+01
    endloop
  endfacet
  facet normal 4.436847e-01 8.336591e-01 -3.288714e-01
    outer loop
      vertex   9.151721e+01 -5.085825e+01 1.790893e+01
      vertex   9.143530e+01 -5.098142e+01 1.748621e+01
      vertex   9.109480e+01 -5.063344e+01 1.790893e+01
    endloop
  endfacet
  facet normal 4.436847e-01 8.336591e-01 -3.288714e-01
    outer loop
      vertex   9.109480e+01 -5.063344e+01 1.790893e+01
      vertex   9.143530e+01 -5.098142e+01 1.748621e+01
      vertex   9.103839e+01 -5.077018e+01 1.748621e+01
    endloop
  endfacet
  facet normal 2.731675e-01 9.040040e-01 -3.288714e-01
    outer loop
      vertex   9.109480e+01 -5.063344e+01 1.790893e+01
      vertex   9.103839e+01 -5.077018e+01 1.748621e+01
      vertex   9.063675e+01 -5.049502e+01 1.790893e+01
    endloop
  endfacet
  facet normal 2.731675e-01 9.040040e-01 -3.288714e-01
    outer loop
      vertex   9.063675e+01 -5.049502e+01 1.790893e+01
      vertex   9.103839e+01 -5.077018e+01 1.748621e+01
      vertex   9.060799e+01 -5.064012e+01 1.748621e+01
    endloop
  endfacet
  facet normal 8.843568e-01 2.812393e-01 -3.725822e-01
    outer loop
      vertex   9.249452e+01 -5.239815e+01 1.769283e+01
      vertex   9.241088e+01 -5.239815e+01 1.749429e+01
      vertex   9.228343e+01 -5.200811e+01 1.748621e+01
    endloop
  endfacet
  facet normal 8.130813e-01 2.548241e-01 -5.234152e-01
    outer loop
      vertex   9.228343e+01 -5.200811e+01 1.748621e+01
      vertex   9.241088e+01 -5.239815e+01 1.749429e+01
      vertex   9.216538e+01 -5.239815e+01 1.711293e+01
    endloop
  endfacet
  facet normal 8.052268e-01 2.642831e-01 -5.308148e-01
    outer loop
      vertex   9.228343e+01 -5.200811e+01 1.748621e+01
      vertex   9.216538e+01 -5.239815e+01 1.711293e+01
      vertex   9.206369e+01 -5.210024e+01 1.710700e+01
    endloop
  endfacet
  facet normal 7.226254e-01 2.337028e-01 -6.505348e-01
    outer loop
      vertex   9.206369e+01 -5.210024e+01 1.710700e+01
      vertex   9.216538e+01 -5.239815e+01 1.711293e+01
      vertex   9.201803e+01 -5.239815e+01 1.694926e+01
    endloop
  endfacet
  facet normal 6.516367e-01 2.745366e-01 -7.071062e-01
    outer loop
      vertex   9.206369e+01 -5.210024e+01 1.710700e+01
      vertex   9.201803e+01 -5.239815e+01 1.694926e+01
      vertex   9.177164e+01 -5.222269e+01 1.679031e+01
    endloop
  endfacet
  facet normal 6.371233e-01 2.276384e-01 -7.363795e-01
    outer loop
      vertex   9.177164e+01 -5.222269e+01 1.679031e+01
      vertex   9.201803e+01 -5.239815e+01 1.694926e+01
      vertex   9.185245e+01 -5.239815e+01 1.680599e+01
    endloop
  endfacet
  facet normal 5.186920e-01 1.639122e-01 -8.391015e-01
    outer loop
      vertex   9.177164e+01 -5.222269e+01 1.679031e+01
      vertex   9.185245e+01 -5.239815e+01 1.680599e+01
      vertex   9.146678e+01 -5.239815e+01 1.656759e+01
    endloop
  endfacet
  facet normal 4.640201e-01 2.662274e-01 -8.448718e-01
    outer loop
      vertex   9.177164e+01 -5.222269e+01 1.679031e+01
      vertex   9.146678e+01 -5.239815e+01 1.656759e+01
      vertex   9.142192e+01 -5.236931e+01 1.655204e+01
    endloop
  endfacet
  facet normal 3.283044e-01 1.389390e-03 -9.445709e-01
    outer loop
      vertex   9.142192e+01 -5.236931e+01 1.655204e+01
      vertex   9.146678e+01 -5.239815e+01 1.656759e+01
      vertex   9.105559e+01 -5.239815e+01 1.642467e+01
    endloop
  endfacet
  facet normal 3.118725e-01 1.682806e-01 -9.351028e-01
    outer loop
      vertex   9.142192e+01 -5.236931e+01 1.655204e+01
      vertex   9.105559e+01 -5.239815e+01 1.642467e+01
      vertex   9.129505e+01 -5.213419e+01 1.655204e+01
    endloop
  endfacet
  facet normal 2.345637e-01 2.415555e-01 -9.416107e-01
    outer loop
      vertex   9.129505e+01 -5.213419e+01 1.655204e+01
      vertex   9.105559e+01 -5.239815e+01 1.642467e+01
      vertex   9.094441e+01 -5.237030e+01 1.640412e+01
    endloop
  endfacet
  facet normal 2.557220e-01 2.112472e-01 -9.433880e-01
    outer loop
      vertex   9.129505e+01 -5.213419e+01 1.655204e+01
      vertex   9.094441e+01 -5.237030e+01 1.640412e+01
      vertex   9.112491e+01 -5.192823e+01 1.655204e+01
    endloop
  endfacet
  facet normal 2.557220e-01 2.112472e-01 -9.433880e-01
    outer loop
      vertex   9.112491e+01 -5.192823e+01 1.655204e+01
      vertex   9.094441e+01 -5.237030e+01 1.640412e+01
      vertex   9.082685e+01 -5.222799e+01 1.640412e+01
    endloop
  endfacet
  facet normal 2.097800e-01 2.569270e-01 -9.433880e-01
    outer loop
      vertex   9.112491e+01 -5.192823e+01 1.655204e+01
      vertex   9.082685e+01 -5.222799e+01 1.640412e+01
      vertex   9.091797e+01 -5.175926e+01 1.655204e+01
    endloop
  endfacet
  facet normal 2.097800e-01 2.569270e-01 -9.433880e-01
    outer loop
      vertex   9.091797e+01 -5.175926e+01 1.655204e+01
      vertex   9.082685e+01 -5.222799e+01 1.640412e+01
      vertex   9.068387e+01 -5.211125e+01 1.640412e+01
    endloop
  endfacet
  facet normal 1.558347e-01 2.928048e-01 -9.433880e-01
    outer loop
      vertex   9.091797e+01 -5.175926e+01 1.655204e+01
      vertex   9.068387e+01 -5.211125e+01 1.640412e+01
      vertex   9.068214e+01 -5.163375e+01 1.655204e+01
    endloop
  endfacet
  facet normal 1.558347e-01 2.928048e-01 -9.433880e-01
    outer loop
      vertex   9.068214e+01 -5.163375e+01 1.655204e+01
      vertex   9.068387e+01 -5.211125e+01 1.640412e+01
      vertex   9.052092e+01 -5.202453e+01 1.640412e+01
    endloop
  endfacet
  facet normal 9.594420e-02 3.175119e-01 -9.433880e-01
    outer loop
      vertex   9.068214e+01 -5.163375e+01 1.655204e+01
      vertex   9.052092e+01 -5.202453e+01 1.640412e+01
      vertex   9.042640e+01 -5.155647e+01 1.655204e+01
    endloop
  endfacet
  facet normal 9.594420e-02 3.175119e-01 -9.433880e-01
    outer loop
      vertex   9.042640e+01 -5.155647e+01 1.655204e+01
      vertex   9.052092e+01 -5.202453e+01 1.640412e+01
      vertex   9.034423e+01 -5.197113e+01 1.640412e+01
    endloop
  endfacet
  facet normal 1.370737e-01 -1.726511e-01 -9.753986e-01
    outer loop
      vertex   9.105559e+01 -5.239815e+01 1.642467e+01
      vertex   9.060420e+01 -5.239815e+01 1.636124e+01
      vertex   9.094441e+01 -5.237030e+01 1.640412e+01
    endloop
  endfacet
  facet normal 1.167015e-01 9.640495e-02 -9.884770e-01
    outer loop
      vertex   9.094441e+01 -5.237030e+01 1.640412e+01
      vertex   9.060420e+01 -5.239815e+01 1.636124e+01
      vertex   9.082685e+01 -5.222799e+01 1.640412e+01
    endloop
  endfacet
  facet normal 1.625173e-02 1.175856e-01 -9.929298e-01
    outer loop
      vertex   9.016052e+01 -5.239815e+01 1.635398e+01
      vertex   9.052092e+01 -5.202453e+01 1.640412e+01
      vertex   9.060420e+01 -5.239815e+01 1.636124e+01
    endloop
  endfacet
  facet normal 6.856363e-02 1.288273e-01 -9.892940e-01
    outer loop
      vertex   9.060420e+01 -5.239815e+01 1.636124e+01
      vertex   9.052092e+01 -5.202453e+01 1.640412e+01
      vertex   9.068387e+01 -5.211125e+01 1.640412e+01
    endloop
  endfacet
  facet normal 9.827430e-02 1.203609e-01 -9.878539e-01
    outer loop
      vertex   9.060420e+01 -5.239815e+01 1.636124e+01
      vertex   9.068387e+01 -5.211125e+01 1.640412e+01
      vertex   9.082685e+01 -5.222799e+01 1.640412e+01
    endloop
  endfacet
  facet normal -6.856363e-02 1.288273e-01 -9.892940e-01
    outer loop
      vertex   8.971685e+01 -5.239815e+01 1.636124e+01
      vertex   8.963717e+01 -5.211125e+01 1.640412e+01
      vertex   8.980012e+01 -5.202453e+01 1.640412e+01
    endloop
  endfacet
  facet normal -1.558347e-01 2.928048e-01 -9.433880e-01
    outer loop
      vertex   8.980012e+01 -5.202453e+01 1.640412e+01
      vertex   8.963717e+01 -5.211125e+01 1.640412e+01
      vertex   8.940307e+01 -5.175926e+01 1.655204e+01
    endloop
  endfacet
  facet normal -1.558347e-01 2.928048e-01 -9.433880e-01
    outer loop
      vertex   8.980012e+01 -5.202453e+01 1.640412e+01
      vertex   8.940307e+01 -5.175926e+01 1.655204e+01
      vertex   8.963891e+01 -5.163375e+01 1.655204e+01
    endloop
  endfacet
  facet normal -2.508175e-01 4.712723e-01 -8.455726e-01
    outer loop
      vertex   8.963891e+01 -5.163375e+01 1.655204e+01
      vertex   8.940307e+01 -5.175926e+01 1.655204e+01
      vertex   8.919307e+01 -5.144351e+01 1.679031e+01
    endloop
  endfacet
  facet normal -2.508175e-01 4.712723e-01 -8.455726e-01
    outer loop
      vertex   8.963891e+01 -5.163375e+01 1.655204e+01
      vertex   8.919307e+01 -5.144351e+01 1.679031e+01
      vertex   8.949429e+01 -5.128319e+01 1.679031e+01
    endloop
  endfacet
  facet normal -3.330068e-01 6.257015e-01 -7.054106e-01
    outer loop
      vertex   8.949429e+01 -5.128319e+01 1.679031e+01
      vertex   8.919307e+01 -5.144351e+01 1.679031e+01
      vertex   8.901770e+01 -5.117982e+01 1.710700e+01
    endloop
  endfacet
  facet normal -3.330068e-01 6.257015e-01 -7.054106e-01
    outer loop
      vertex   8.949429e+01 -5.128319e+01 1.679031e+01
      vertex   8.901770e+01 -5.117982e+01 1.710700e+01
      vertex   8.937352e+01 -5.099044e+01 1.710700e+01
    endloop
  endfacet
  facet normal -3.983448e-01 7.484678e-01 -5.302050e-01
    outer loop
      vertex   8.937352e+01 -5.099044e+01 1.710700e+01
      vertex   8.901770e+01 -5.117982e+01 1.710700e+01
      vertex   8.888575e+01 -5.098142e+01 1.748621e+01
    endloop
  endfacet
  facet normal -3.983448e-01 7.484678e-01 -5.302050e-01
    outer loop
      vertex   8.937352e+01 -5.099044e+01 1.710700e+01
      vertex   8.888575e+01 -5.098142e+01 1.748621e+01
      vertex   8.928265e+01 -5.077018e+01 1.748621e+01
    endloop
  endfacet
  facet normal -4.436847e-01 8.336591e-01 -3.288714e-01
    outer loop
      vertex   8.928265e+01 -5.077018e+01 1.748621e+01
      vertex   8.888575e+01 -5.098142e+01 1.748621e+01
      vertex   8.880383e+01 -5.085825e+01 1.790893e+01
    endloop
  endfacet
  facet normal -4.436847e-01 8.336591e-01 -3.288714e-01
    outer loop
      vertex   8.928265e+01 -5.077018e+01 1.748621e+01
      vertex   8.880383e+01 -5.085825e+01 1.790893e+01
      vertex   8.922624e+01 -5.063344e+01 1.790893e+01
    endloop
  endfacet
  facet normal 3.121866e-02 1.033131e-01 -9.941588e-01
    outer loop
      vertex   9.052092e+01 -5.202453e+01 1.640412e+01
      vertex   9.016052e+01 -5.239815e+01 1.635398e+01
      vertex   9.034423e+01 -5.197113e+01 1.640412e+01
    endloop
  endfacet
  facet normal -9.222869e-02 9.398604e-01 -3.288714e-01
    outer loop
      vertex   9.016052e+01 -5.044829e+01 1.790893e+01
      vertex   9.016052e+01 -5.059621e+01 1.748621e+01
      vertex   8.968430e+01 -5.049502e+01 1.790893e+01
    endloop
  endfacet
  facet normal -9.222869e-02 9.398604e-01 -3.288714e-01
    outer loop
      vertex   8.968430e+01 -5.049502e+01 1.790893e+01
      vertex   9.016052e+01 -5.059621e+01 1.748621e+01
      vertex   8.971305e+01 -5.064012e+01 1.748621e+01
    endloop
  endfacet
  facet normal -2.731675e-01 9.040040e-01 -3.288714e-01
    outer loop
      vertex   8.968430e+01 -5.049502e+01 1.790893e+01
      vertex   8.971305e+01 -5.064012e+01 1.748621e+01
      vertex   8.922624e+01 -5.063344e+01 1.790893e+01
    endloop
  endfacet
  facet normal -2.731675e-01 9.040040e-01 -3.288714e-01
    outer loop
      vertex   8.922624e+01 -5.063344e+01 1.790893e+01
      vertex   8.971305e+01 -5.064012e+01 1.748621e+01
      vertex   8.928265e+01 -5.077018e+01 1.748621e+01
    endloop
  endfacet
  facet normal -8.280388e-02 8.438164e-01 -5.302050e-01
    outer loop
      vertex   9.016052e+01 -5.059621e+01 1.748621e+01
      vertex   9.016052e+01 -5.083449e+01 1.710700e+01
      vertex   8.971305e+01 -5.064012e+01 1.748621e+01
    endloop
  endfacet
  facet normal -8.280388e-02 8.438164e-01 -5.302050e-01
    outer loop
      vertex   8.971305e+01 -5.064012e+01 1.748621e+01
      vertex   9.016052e+01 -5.083449e+01 1.710700e+01
      vertex   8.975937e+01 -5.087385e+01 1.710700e+01
    endloop
  endfacet
  facet normal -2.452526e-01 8.116242e-01 -5.302050e-01
    outer loop
      vertex   8.971305e+01 -5.064012e+01 1.748621e+01
      vertex   8.975937e+01 -5.087385e+01 1.710700e+01
      vertex   8.928265e+01 -5.077018e+01 1.748621e+01
    endloop
  endfacet
  facet normal -2.452526e-01 8.116242e-01 -5.302050e-01
    outer loop
      vertex   8.928265e+01 -5.077018e+01 1.748621e+01
      vertex   8.975937e+01 -5.087385e+01 1.710700e+01
      vertex   8.937352e+01 -5.099044e+01 1.710700e+01
    endloop
  endfacet
  facet normal -6.922209e-02 7.054106e-01 -7.054106e-01
    outer loop
      vertex   9.016052e+01 -5.083449e+01 1.710700e+01
      vertex   9.016052e+01 -5.115117e+01 1.679031e+01
      vertex   8.975937e+01 -5.087385e+01 1.710700e+01
    endloop
  endfacet
  facet normal -6.922209e-02 7.054106e-01 -7.054106e-01
    outer loop
      vertex   8.975937e+01 -5.087385e+01 1.710700e+01
      vertex   9.016052e+01 -5.115117e+01 1.679031e+01
      vertex   8.982093e+01 -5.118449e+01 1.679031e+01
    endloop
  endfacet
  facet normal -2.050254e-01 6.784987e-01 -7.054106e-01
    outer loop
      vertex   8.975937e+01 -5.087385e+01 1.710700e+01
      vertex   8.982093e+01 -5.118449e+01 1.679031e+01
      vertex   8.937352e+01 -5.099044e+01 1.710700e+01
    endloop
  endfacet
  facet normal -2.050254e-01 6.784987e-01 -7.054106e-01
    outer loop
      vertex   8.937352e+01 -5.099044e+01 1.710700e+01
      vertex   8.982093e+01 -5.118449e+01 1.679031e+01
      vertex   8.949429e+01 -5.128319e+01 1.679031e+01
    endloop
  endfacet
  facet normal -5.213741e-02 5.313085e-01 -8.455726e-01
    outer loop
      vertex   9.016052e+01 -5.115117e+01 1.679031e+01
      vertex   9.016052e+01 -5.153038e+01 1.655204e+01
      vertex   8.982093e+01 -5.118449e+01 1.679031e+01
    endloop
  endfacet
  facet normal -5.213741e-02 5.313085e-01 -8.455726e-01
    outer loop
      vertex   8.982093e+01 -5.118449e+01 1.679031e+01
      vertex   9.016052e+01 -5.153038e+01 1.655204e+01
      vertex   8.989464e+01 -5.155647e+01 1.655204e+01
    endloop
  endfacet
  facet normal -1.544231e-01 5.110386e-01 -8.455726e-01
    outer loop
      vertex   8.982093e+01 -5.118449e+01 1.679031e+01
      vertex   8.989464e+01 -5.155647e+01 1.655204e+01
      vertex   8.949429e+01 -5.128319e+01 1.679031e+01
    endloop
  endfacet
  facet normal -1.544231e-01 5.110386e-01 -8.455726e-01
    outer loop
      vertex   8.949429e+01 -5.128319e+01 1.679031e+01
      vertex   8.989464e+01 -5.155647e+01 1.655204e+01
      vertex   8.963891e+01 -5.163375e+01 1.655204e+01
    endloop
  endfacet
  facet normal -3.239334e-02 3.301057e-01 -9.433880e-01
    outer loop
      vertex   9.016052e+01 -5.153038e+01 1.655204e+01
      vertex   9.016052e+01 -5.195311e+01 1.640412e+01
      vertex   8.989464e+01 -5.155647e+01 1.655204e+01
    endloop
  endfacet
  facet normal -3.239334e-02 3.301057e-01 -9.433880e-01
    outer loop
      vertex   8.989464e+01 -5.155647e+01 1.655204e+01
      vertex   9.016052e+01 -5.195311e+01 1.640412e+01
      vertex   8.997682e+01 -5.197113e+01 1.640412e+01
    endloop
  endfacet
  facet normal -9.594420e-02 3.175119e-01 -9.433880e-01
    outer loop
      vertex   8.989464e+01 -5.155647e+01 1.655204e+01
      vertex   8.997682e+01 -5.197113e+01 1.640412e+01
      vertex   8.963891e+01 -5.163375e+01 1.655204e+01
    endloop
  endfacet
  facet normal -9.594420e-02 3.175119e-01 -9.433880e-01
    outer loop
      vertex   8.963891e+01 -5.163375e+01 1.655204e+01
      vertex   8.997682e+01 -5.197113e+01 1.640412e+01
      vertex   8.980012e+01 -5.202453e+01 1.640412e+01
    endloop
  endfacet
  facet normal -3.688300e-02 1.220584e-01 -9.918374e-01
    outer loop
      vertex   8.971685e+01 -5.239815e+01 1.636124e+01
      vertex   8.980012e+01 -5.202453e+01 1.640412e+01
      vertex   8.997682e+01 -5.197113e+01 1.640412e+01
    endloop
  endfacet
  facet normal -2.557220e-01 2.112472e-01 -9.433880e-01
    outer loop
      vertex   8.949419e+01 -5.222799e+01 1.640412e+01
      vertex   8.902599e+01 -5.213419e+01 1.655204e+01
      vertex   8.919614e+01 -5.192823e+01 1.655204e+01
    endloop
  endfacet
  facet normal -4.115872e-01 3.400044e-01 -8.455726e-01
    outer loop
      vertex   8.919614e+01 -5.192823e+01 1.655204e+01
      vertex   8.902599e+01 -5.213419e+01 1.655204e+01
      vertex   8.871144e+01 -5.192239e+01 1.679031e+01
    endloop
  endfacet
  facet normal -4.115872e-01 3.400044e-01 -8.455726e-01
    outer loop
      vertex   8.919614e+01 -5.192823e+01 1.655204e+01
      vertex   8.871144e+01 -5.192239e+01 1.679031e+01
      vertex   8.892876e+01 -5.165932e+01 1.679031e+01
    endloop
  endfacet
  facet normal -5.464584e-01 4.514190e-01 -7.054106e-01
    outer loop
      vertex   8.892876e+01 -5.165932e+01 1.679031e+01
      vertex   8.871144e+01 -5.192239e+01 1.679031e+01
      vertex   8.844876e+01 -5.174551e+01 1.710700e+01
    endloop
  endfacet
  facet normal -5.464584e-01 4.514190e-01 -7.054106e-01
    outer loop
      vertex   8.892876e+01 -5.165932e+01 1.679031e+01
      vertex   8.844876e+01 -5.174551e+01 1.710700e+01
      vertex   8.870547e+01 -5.143475e+01 1.710700e+01
    endloop
  endfacet
  facet normal -6.536768e-01 5.399901e-01 -5.302050e-01
    outer loop
      vertex   8.870547e+01 -5.143475e+01 1.710700e+01
      vertex   8.844876e+01 -5.174551e+01 1.710700e+01
      vertex   8.825112e+01 -5.161242e+01 1.748621e+01
    endloop
  endfacet
  facet normal -6.536768e-01 5.399901e-01 -5.302050e-01
    outer loop
      vertex   8.870547e+01 -5.143475e+01 1.710700e+01
      vertex   8.825112e+01 -5.161242e+01 1.748621e+01
      vertex   8.853747e+01 -5.126578e+01 1.748621e+01
    endloop
  endfacet
  facet normal -7.280788e-01 6.014523e-01 -3.288714e-01
    outer loop
      vertex   8.853747e+01 -5.126578e+01 1.748621e+01
      vertex   8.825112e+01 -5.161242e+01 1.748621e+01
      vertex   8.812842e+01 -5.152980e+01 1.790893e+01
    endloop
  endfacet
  facet normal -7.280788e-01 6.014523e-01 -3.288714e-01
    outer loop
      vertex   8.853747e+01 -5.126578e+01 1.748621e+01
      vertex   8.812842e+01 -5.152980e+01 1.790893e+01
      vertex   8.843318e+01 -5.116089e+01 1.790893e+01
    endloop
  endfacet
  facet normal -8.311059e-01 4.484492e-01 -3.288714e-01
    outer loop
      vertex   8.803761e+01 -5.200811e+01 1.748621e+01
      vertex   8.790120e+01 -5.195092e+01 1.790893e+01
      vertex   8.825112e+01 -5.161242e+01 1.748621e+01
    endloop
  endfacet
  facet normal -8.311059e-01 4.484492e-01 -3.288714e-01
    outer loop
      vertex   8.825112e+01 -5.161242e+01 1.748621e+01
      vertex   8.790120e+01 -5.195092e+01 1.790893e+01
      vertex   8.812842e+01 -5.152980e+01 1.790893e+01
    endloop
  endfacet
  facet normal -7.461755e-01 4.026223e-01 -5.302050e-01
    outer loop
      vertex   8.825735e+01 -5.210024e+01 1.710700e+01
      vertex   8.803761e+01 -5.200811e+01 1.748621e+01
      vertex   8.844876e+01 -5.174551e+01 1.710700e+01
    endloop
  endfacet
  facet normal -7.461755e-01 4.026223e-01 -5.302050e-01
    outer loop
      vertex   8.844876e+01 -5.174551e+01 1.710700e+01
      vertex   8.803761e+01 -5.200811e+01 1.748621e+01
      vertex   8.825112e+01 -5.161242e+01 1.748621e+01
    endloop
  endfacet
  facet normal -6.237851e-01 3.365828e-01 -7.054106e-01
    outer loop
      vertex   8.854941e+01 -5.222269e+01 1.679031e+01
      vertex   8.825735e+01 -5.210024e+01 1.710700e+01
      vertex   8.871144e+01 -5.192239e+01 1.679031e+01
    endloop
  endfacet
  facet normal -6.237851e-01 3.365828e-01 -7.054106e-01
    outer loop
      vertex   8.871144e+01 -5.192239e+01 1.679031e+01
      vertex   8.825735e+01 -5.210024e+01 1.710700e+01
      vertex   8.844876e+01 -5.174551e+01 1.710700e+01
    endloop
  endfacet
  facet normal -4.698289e-01 2.535109e-01 -8.455726e-01
    outer loop
      vertex   8.889913e+01 -5.236931e+01 1.655204e+01
      vertex   8.854941e+01 -5.222269e+01 1.679031e+01
      vertex   8.902599e+01 -5.213419e+01 1.655204e+01
    endloop
  endfacet
  facet normal -4.698289e-01 2.535109e-01 -8.455726e-01
    outer loop
      vertex   8.902599e+01 -5.213419e+01 1.655204e+01
      vertex   8.854941e+01 -5.222269e+01 1.679031e+01
      vertex   8.871144e+01 -5.192239e+01 1.679031e+01
    endloop
  endfacet
  facet normal 2.452526e-01 8.116242e-01 -5.302050e-01
    outer loop
      vertex   9.056167e+01 -5.087385e+01 1.710700e+01
      vertex   9.060799e+01 -5.064012e+01 1.748621e+01
      vertex   9.094752e+01 -5.099044e+01 1.710700e+01
    endloop
  endfacet
  facet normal 2.452526e-01 8.116242e-01 -5.302050e-01
    outer loop
      vertex   9.094752e+01 -5.099044e+01 1.710700e+01
      vertex   9.060799e+01 -5.064012e+01 1.748621e+01
      vertex   9.103839e+01 -5.077018e+01 1.748621e+01
    endloop
  endfacet
  facet normal 3.983448e-01 7.484678e-01 -5.302050e-01
    outer loop
      vertex   9.094752e+01 -5.099044e+01 1.710700e+01
      vertex   9.103839e+01 -5.077018e+01 1.748621e+01
      vertex   9.130335e+01 -5.117982e+01 1.710700e+01
    endloop
  endfacet
  facet normal 3.983448e-01 7.484678e-01 -5.302050e-01
    outer loop
      vertex   9.130335e+01 -5.117982e+01 1.710700e+01
      vertex   9.103839e+01 -5.077018e+01 1.748621e+01
      vertex   9.143530e+01 -5.098142e+01 1.748621e+01
    endloop
  endfacet
  facet normal 5.362397e-01 6.567569e-01 -5.302050e-01
    outer loop
      vertex   9.130335e+01 -5.117982e+01 1.710700e+01
      vertex   9.143530e+01 -5.098142e+01 1.748621e+01
      vertex   9.161557e+01 -5.143475e+01 1.710700e+01
    endloop
  endfacet
  facet normal 5.362397e-01 6.567569e-01 -5.302050e-01
    outer loop
      vertex   9.161557e+01 -5.143475e+01 1.710700e+01
      vertex   9.143530e+01 -5.098142e+01 1.748621e+01
      vertex   9.178357e+01 -5.126578e+01 1.748621e+01
    endloop
  endfacet
  facet normal 6.536768e-01 5.399901e-01 -5.302050e-01
    outer loop
      vertex   9.161557e+01 -5.143475e+01 1.710700e+01
      vertex   9.178357e+01 -5.126578e+01 1.748621e+01
      vertex   9.187228e+01 -5.174551e+01 1.710700e+01
    endloop
  endfacet
  facet normal 6.536768e-01 5.399901e-01 -5.302050e-01
    outer loop
      vertex   9.187228e+01 -5.174551e+01 1.710700e+01
      vertex   9.178357e+01 -5.126578e+01 1.748621e+01
      vertex   9.206993e+01 -5.161242e+01 1.748621e+01
    endloop
  endfacet
  facet normal 7.461755e-01 4.026223e-01 -5.302050e-01
    outer loop
      vertex   9.187228e+01 -5.174551e+01 1.710700e+01
      vertex   9.206993e+01 -5.161242e+01 1.748621e+01
      vertex   9.206369e+01 -5.210024e+01 1.710700e+01
    endloop
  endfacet
  facet normal 7.461755e-01 4.026223e-01 -5.302050e-01
    outer loop
      vertex   9.206369e+01 -5.210024e+01 1.710700e+01
      vertex   9.206993e+01 -5.161242e+01 1.748621e+01
      vertex   9.228343e+01 -5.200811e+01 1.748621e+01
    endloop
  endfacet
  facet normal 1.544231e-01 5.110386e-01 -8.455726e-01
    outer loop
      vertex   9.068214e+01 -5.163375e+01 1.655204e+01
      vertex   9.042640e+01 -5.155647e+01 1.655204e+01
      vertex   9.050011e+01 -5.118449e+01 1.679031e+01
    endloop
  endfacet
  facet normal 2.050254e-01 6.784987e-01 -7.054106e-01
    outer loop
      vertex   9.050011e+01 -5.118449e+01 1.679031e+01
      vertex   9.056167e+01 -5.087385e+01 1.710700e+01
      vertex   9.082675e+01 -5.128319e+01 1.679031e+01
    endloop
  endfacet
  facet normal 2.050254e-01 6.784987e-01 -7.054106e-01
    outer loop
      vertex   9.082675e+01 -5.128319e+01 1.679031e+01
      vertex   9.056167e+01 -5.087385e+01 1.710700e+01
      vertex   9.094752e+01 -5.099044e+01 1.710700e+01
    endloop
  endfacet
  facet normal 3.330068e-01 6.257015e-01 -7.054106e-01
    outer loop
      vertex   9.082675e+01 -5.128319e+01 1.679031e+01
      vertex   9.094752e+01 -5.099044e+01 1.710700e+01
      vertex   9.112797e+01 -5.144351e+01 1.679031e+01
    endloop
  endfacet
  facet normal 3.330068e-01 6.257015e-01 -7.054106e-01
    outer loop
      vertex   9.112797e+01 -5.144351e+01 1.679031e+01
      vertex   9.094752e+01 -5.099044e+01 1.710700e+01
      vertex   9.130335e+01 -5.117982e+01 1.710700e+01
    endloop
  endfacet
  facet normal 4.482838e-01 5.490332e-01 -7.054106e-01
    outer loop
      vertex   9.112797e+01 -5.144351e+01 1.679031e+01
      vertex   9.130335e+01 -5.117982e+01 1.710700e+01
      vertex   9.139228e+01 -5.165932e+01 1.679031e+01
    endloop
  endfacet
  facet normal 4.482838e-01 5.490332e-01 -7.054106e-01
    outer loop
      vertex   9.139228e+01 -5.165932e+01 1.679031e+01
      vertex   9.130335e+01 -5.117982e+01 1.710700e+01
      vertex   9.161557e+01 -5.143475e+01 1.710700e+01
    endloop
  endfacet
  facet normal 5.464584e-01 4.514190e-01 -7.054106e-01
    outer loop
      vertex   9.139228e+01 -5.165932e+01 1.679031e+01
      vertex   9.161557e+01 -5.143475e+01 1.710700e+01
      vertex   9.160960e+01 -5.192239e+01 1.679031e+01
    endloop
  endfacet
  facet normal 5.464584e-01 4.514190e-01 -7.054106e-01
    outer loop
      vertex   9.160960e+01 -5.192239e+01 1.679031e+01
      vertex   9.161557e+01 -5.143475e+01 1.710700e+01
      vertex   9.187228e+01 -5.174551e+01 1.710700e+01
    endloop
  endfacet
  facet normal 6.237851e-01 3.365828e-01 -7.054106e-01
    outer loop
      vertex   9.160960e+01 -5.192239e+01 1.679031e+01
      vertex   9.187228e+01 -5.174551e+01 1.710700e+01
      vertex   9.177164e+01 -5.222269e+01 1.679031e+01
    endloop
  endfacet
  facet normal 6.237851e-01 3.365828e-01 -7.054106e-01
    outer loop
      vertex   9.177164e+01 -5.222269e+01 1.679031e+01
      vertex   9.187228e+01 -5.174551e+01 1.710700e+01
      vertex   9.206369e+01 -5.210024e+01 1.710700e+01
    endloop
  endfacet
  facet normal 2.508175e-01 4.712723e-01 -8.455726e-01
    outer loop
      vertex   9.091797e+01 -5.175926e+01 1.655204e+01
      vertex   9.068214e+01 -5.163375e+01 1.655204e+01
      vertex   9.082675e+01 -5.128319e+01 1.679031e+01
    endloop
  endfacet
  facet normal 1.544231e-01 5.110386e-01 -8.455726e-01
    outer loop
      vertex   9.082675e+01 -5.128319e+01 1.679031e+01
      vertex   9.068214e+01 -5.163375e+01 1.655204e+01
      vertex   9.050011e+01 -5.118449e+01 1.679031e+01
    endloop
  endfacet
  facet normal 2.508175e-01 4.712723e-01 -8.455726e-01
    outer loop
      vertex   9.091797e+01 -5.175926e+01 1.655204e+01
      vertex   9.082675e+01 -5.128319e+01 1.679031e+01
      vertex   9.112797e+01 -5.144351e+01 1.679031e+01
    endloop
  endfacet
  facet normal 3.376430e-01 4.135265e-01 -8.455726e-01
    outer loop
      vertex   9.112491e+01 -5.192823e+01 1.655204e+01
      vertex   9.091797e+01 -5.175926e+01 1.655204e+01
      vertex   9.112797e+01 -5.144351e+01 1.679031e+01
    endloop
  endfacet
  facet normal 3.376430e-01 4.135265e-01 -8.455726e-01
    outer loop
      vertex   9.112491e+01 -5.192823e+01 1.655204e+01
      vertex   9.112797e+01 -5.144351e+01 1.679031e+01
      vertex   9.139228e+01 -5.165932e+01 1.679031e+01
    endloop
  endfacet
  facet normal 4.115872e-01 3.400044e-01 -8.455726e-01
    outer loop
      vertex   9.129505e+01 -5.213419e+01 1.655204e+01
      vertex   9.112491e+01 -5.192823e+01 1.655204e+01
      vertex   9.139228e+01 -5.165932e+01 1.679031e+01
    endloop
  endfacet
  facet normal 4.115872e-01 3.400044e-01 -8.455726e-01
    outer loop
      vertex   9.129505e+01 -5.213419e+01 1.655204e+01
      vertex   9.139228e+01 -5.165932e+01 1.679031e+01
      vertex   9.160960e+01 -5.192239e+01 1.679031e+01
    endloop
  endfacet
  facet normal 4.698289e-01 2.535109e-01 -8.455726e-01
    outer loop
      vertex   9.142192e+01 -5.236931e+01 1.655204e+01
      vertex   9.129505e+01 -5.213419e+01 1.655204e+01
      vertex   9.160960e+01 -5.192239e+01 1.679031e+01
    endloop
  endfacet
  facet normal 4.698289e-01 2.535109e-01 -8.455726e-01
    outer loop
      vertex   9.142192e+01 -5.236931e+01 1.655204e+01
      vertex   9.160960e+01 -5.192239e+01 1.679031e+01
      vertex   9.177164e+01 -5.222269e+01 1.679031e+01
    endloop
  endfacet
  facet normal -8.895281e-01 -4.457518e-01 -1.002257e-01
    outer loop
      vertex   2.023382e+01 -8.328728e+01 1.835398e+01
      vertex   2.028086e+01 -8.328728e+01 1.793652e+01
      vertex   2.043167e+01 -8.368208e+01 1.835398e+01
    endloop
  endfacet
  facet normal -8.893123e-01 -4.460920e-01 -1.006254e-01
    outer loop
      vertex   2.043167e+01 -8.368208e+01 1.835398e+01
      vertex   2.028086e+01 -8.328728e+01 1.793652e+01
      vertex   2.046606e+01 -8.365978e+01 1.795112e+01
    endloop
  endfacet
  facet normal -7.699927e-01 -6.300688e-01 -1.006210e-01
    outer loop
      vertex   2.043167e+01 -8.368208e+01 1.835398e+01
      vertex   2.046606e+01 -8.365978e+01 1.795112e+01
      vertex   2.071133e+01 -8.402385e+01 1.835398e+01
    endloop
  endfacet
  facet normal -7.699927e-01 -6.300688e-01 -1.006210e-01
    outer loop
      vertex   2.071133e+01 -8.402385e+01 1.835398e+01
      vertex   2.046606e+01 -8.365978e+01 1.795112e+01
      vertex   2.073999e+01 -8.399454e+01 1.795112e+01
    endloop
  endfacet
  facet normal -6.129534e-01 -7.836859e-01 -1.006210e-01
    outer loop
      vertex   2.071133e+01 -8.402385e+01 1.835398e+01
      vertex   2.073999e+01 -8.399454e+01 1.795112e+01
      vertex   2.105917e+01 -8.429591e+01 1.835398e+01
    endloop
  endfacet
  facet normal -6.129534e-01 -7.836859e-01 -1.006210e-01
    outer loop
      vertex   2.105917e+01 -8.429591e+01 1.835398e+01
      vertex   2.073999e+01 -8.399454e+01 1.795112e+01
      vertex   2.108070e+01 -8.426103e+01 1.795112e+01
    endloop
  endfacet
  facet normal -4.260307e-01 -8.990958e-01 -1.006210e-01
    outer loop
      vertex   2.105917e+01 -8.429591e+01 1.835398e+01
      vertex   2.108070e+01 -8.426103e+01 1.795112e+01
      vertex   2.145824e+01 -8.448501e+01 1.835398e+01
    endloop
  endfacet
  facet normal -4.260307e-01 -8.990958e-01 -1.006210e-01
    outer loop
      vertex   2.145824e+01 -8.448501e+01 1.835398e+01
      vertex   2.108070e+01 -8.426103e+01 1.795112e+01
      vertex   2.147159e+01 -8.444625e+01 1.795112e+01
    endloop
  endfacet
  facet normal -2.183377e-01 -9.706720e-01 -1.006210e-01
    outer loop
      vertex   2.145824e+01 -8.448501e+01 1.835398e+01
      vertex   2.147159e+01 -8.444625e+01 1.795112e+01
      vertex   2.188907e+01 -8.458192e+01 1.835398e+01
    endloop
  endfacet
  facet normal -2.183377e-01 -9.706720e-01 -1.006210e-01
    outer loop
      vertex   2.188907e+01 -8.458192e+01 1.835398e+01
      vertex   2.147159e+01 -8.444625e+01 1.795112e+01
      vertex   2.189360e+01 -8.454117e+01 1.795112e+01
    endloop
  endfacet
  facet normal 0.000000e+00 -9.949248e-01 -1.006210e-01
    outer loop
      vertex   2.188907e+01 -8.458192e+01 1.835398e+01
      vertex   2.189360e+01 -8.454117e+01 1.795112e+01
      vertex   2.233068e+01 -8.458192e+01 1.835398e+01
    endloop
  endfacet
  facet normal 0.000000e+00 -9.949248e-01 -1.006210e-01
    outer loop
      vertex   2.233068e+01 -8.458192e+01 1.835398e+01
      vertex   2.189360e+01 -8.454117e+01 1.795112e+01
      vertex   2.232615e+01 -8.454117e+01 1.795112e+01
    endloop
  endfacet
  facet normal 2.183377e-01 -9.706720e-01 -1.006210e-01
    outer loop
      vertex   2.233068e+01 -8.458192e+01 1.835398e+01
      vertex   2.232615e+01 -8.454117e+01 1.795112e+01
      vertex   2.276151e+01 -8.448501e+01 1.835398e+01
    endloop
  endfacet
  facet normal 2.183377e-01 -9.706720e-01 -1.006210e-01
    outer loop
      vertex   2.276151e+01 -8.448501e+01 1.835398e+01
      vertex   2.232615e+01 -8.454117e+01 1.795112e+01
      vertex   2.274816e+01 -8.444625e+01 1.795112e+01
    endloop
  endfacet
  facet normal 4.260307e-01 -8.990958e-01 -1.006210e-01
    outer loop
      vertex   2.276151e+01 -8.448501e+01 1.835398e+01
      vertex   2.274816e+01 -8.444625e+01 1.795112e+01
      vertex   2.316058e+01 -8.429591e+01 1.835398e+01
    endloop
  endfacet
  facet normal 4.260307e-01 -8.990958e-01 -1.006210e-01
    outer loop
      vertex   2.316058e+01 -8.429591e+01 1.835398e+01
      vertex   2.274816e+01 -8.444625e+01 1.795112e+01
      vertex   2.313905e+01 -8.426103e+01 1.795112e+01
    endloop
  endfacet
  facet normal 6.129534e-01 -7.836859e-01 -1.006210e-01
    outer loop
      vertex   2.316058e+01 -8.429591e+01 1.835398e+01
      vertex   2.313905e+01 -8.426103e+01 1.795112e+01
      vertex   2.350842e+01 -8.402385e+01 1.835398e+01
    endloop
  endfacet
  facet normal 6.129534e-01 -7.836859e-01 -1.006210e-01
    outer loop
      vertex   2.350842e+01 -8.402385e+01 1.835398e+01
      vertex   2.313905e+01 -8.426103e+01 1.795112e+01
      vertex   2.347976e+01 -8.399454e+01 1.795112e+01
    endloop
  endfacet
  facet normal 7.699927e-01 -6.300688e-01 -1.006210e-01
    outer loop
      vertex   2.350842e+01 -8.402385e+01 1.835398e+01
      vertex   2.347976e+01 -8.399454e+01 1.795112e+01
      vertex   2.378808e+01 -8.368208e+01 1.835398e+01
    endloop
  endfacet
  facet normal 7.699927e-01 -6.300688e-01 -1.006210e-01
    outer loop
      vertex   2.378808e+01 -8.368208e+01 1.835398e+01
      vertex   2.347976e+01 -8.399454e+01 1.795112e+01
      vertex   2.375369e+01 -8.365978e+01 1.795112e+01
    endloop
  endfacet
  facet normal 8.894924e-01 -4.457339e-01 -1.006210e-01
    outer loop
      vertex   2.378808e+01 -8.368208e+01 1.835398e+01
      vertex   2.375369e+01 -8.365978e+01 1.795112e+01
      vertex   2.398592e+01 -8.328728e+01 1.835398e+01
    endloop
  endfacet
  facet normal 8.893568e-01 -4.460977e-01 -1.002064e-01
    outer loop
      vertex   2.398592e+01 -8.328728e+01 1.835398e+01
      vertex   2.375369e+01 -8.365978e+01 1.795112e+01
      vertex   2.393889e+01 -8.328728e+01 1.793652e+01
    endloop
  endfacet
  facet normal 8.500104e-01 -4.342957e-01 -2.981100e-01
    outer loop
      vertex   2.393889e+01 -8.328728e+01 1.793652e+01
      vertex   2.375369e+01 -8.365978e+01 1.795112e+01
      vertex   2.365190e+01 -8.359380e+01 1.756478e+01
    endloop
  endfacet
  facet normal 8.498782e-01 -4.350507e-01 -2.973852e-01
    outer loop
      vertex   2.393889e+01 -8.328728e+01 1.793652e+01
      vertex   2.365190e+01 -8.359380e+01 1.756478e+01
      vertex   2.380014e+01 -8.328728e+01 1.753999e+01
    endloop
  endfacet
  facet normal 7.716612e-01 -4.123418e-01 -4.842656e-01
    outer loop
      vertex   2.380014e+01 -8.328728e+01 1.753999e+01
      vertex   2.365190e+01 -8.359380e+01 1.756478e+01
      vertex   2.348691e+01 -8.348684e+01 1.721079e+01
    endloop
  endfacet
  facet normal 7.717516e-01 -4.113982e-01 -4.849237e-01
    outer loop
      vertex   2.380014e+01 -8.328728e+01 1.753999e+01
      vertex   2.348691e+01 -8.348684e+01 1.721079e+01
      vertex   2.357663e+01 -8.328728e+01 1.718428e+01
    endloop
  endfacet
  facet normal 6.559907e-01 -3.814582e-01 -6.512801e-01
    outer loop
      vertex   2.357663e+01 -8.328728e+01 1.718428e+01
      vertex   2.348691e+01 -8.348684e+01 1.721079e+01
      vertex   2.326547e+01 -8.334328e+01 1.690367e+01
    endloop
  endfacet
  facet normal 6.597258e-01 -3.598942e-01 -6.597258e-01
    outer loop
      vertex   2.357663e+01 -8.328728e+01 1.718428e+01
      vertex   2.326547e+01 -8.334328e+01 1.690367e+01
      vertex   2.327957e+01 -8.328728e+01 1.688722e+01
    endloop
  endfacet
  facet normal 4.968965e-01 -3.573782e-01 -7.908063e-01
    outer loop
      vertex   2.327957e+01 -8.328728e+01 1.688722e+01
      vertex   2.326547e+01 -8.334328e+01 1.690367e+01
      vertex   2.292386e+01 -8.328728e+01 1.666371e+01
    endloop
  endfacet
  facet normal 4.835631e-01 -3.956895e-01 -7.807666e-01
    outer loop
      vertex   2.292386e+01 -8.328728e+01 1.666371e+01
      vertex   2.326547e+01 -8.334328e+01 1.690367e+01
      vertex   2.307290e+01 -8.357862e+01 1.690367e+01
    endloop
  endfacet
  facet normal 4.371523e-01 -4.279145e-01 -7.910670e-01
    outer loop
      vertex   2.292386e+01 -8.328728e+01 1.666371e+01
      vertex   2.307290e+01 -8.357862e+01 1.690367e+01
      vertex   2.284888e+01 -8.334961e+01 1.665599e+01
    endloop
  endfacet
  facet normal 3.782645e-01 -4.836265e-01 -7.893170e-01
    outer loop
      vertex   2.284888e+01 -8.334961e+01 1.665599e+01
      vertex   2.307290e+01 -8.357862e+01 1.690367e+01
      vertex   2.266508e+01 -8.349337e+01 1.665599e+01
    endloop
  endfacet
  facet normal 2.885384e-01 -3.689081e-01 -8.835454e-01
    outer loop
      vertex   2.284888e+01 -8.334961e+01 1.665599e+01
      vertex   2.266508e+01 -8.349337e+01 1.665599e+01
      vertex   2.252734e+01 -8.328728e+01 1.652496e+01
    endloop
  endfacet
  facet normal 2.018030e-01 -4.258853e-01 -8.819848e-01
    outer loop
      vertex   2.252734e+01 -8.328728e+01 1.652496e+01
      vertex   2.266508e+01 -8.349337e+01 1.665599e+01
      vertex   2.245421e+01 -8.359329e+01 1.665599e+01
    endloop
  endfacet
  facet normal 9.233776e-02 -4.105094e-01 -9.071691e-01
    outer loop
      vertex   2.252734e+01 -8.328728e+01 1.652496e+01
      vertex   2.245421e+01 -8.359329e+01 1.665599e+01
      vertex   2.222655e+01 -8.364450e+01 1.665599e+01
    endloop
  endfacet
  facet normal 1.347401e-01 -5.990190e-01 -7.893170e-01
    outer loop
      vertex   2.222655e+01 -8.364450e+01 1.665599e+01
      vertex   2.245421e+01 -8.359329e+01 1.665599e+01
      vertex   2.255858e+01 -8.389617e+01 1.690367e+01
    endloop
  endfacet
  facet normal 1.347401e-01 -5.990190e-01 -7.893170e-01
    outer loop
      vertex   2.222655e+01 -8.364450e+01 1.665599e+01
      vertex   2.255858e+01 -8.389617e+01 1.690367e+01
      vertex   2.226192e+01 -8.396290e+01 1.690367e+01
    endloop
  endfacet
  facet normal 1.668775e-01 -7.418934e-01 -6.494198e-01
    outer loop
      vertex   2.226192e+01 -8.396290e+01 1.690367e+01
      vertex   2.255858e+01 -8.389617e+01 1.690367e+01
      vertex   2.264457e+01 -8.414567e+01 1.721079e+01
    endloop
  endfacet
  facet normal 1.668775e-01 -7.418934e-01 -6.494198e-01
    outer loop
      vertex   2.226192e+01 -8.396290e+01 1.690367e+01
      vertex   2.264457e+01 -8.414567e+01 1.721079e+01
      vertex   2.229105e+01 -8.422519e+01 1.721079e+01
    endloop
  endfacet
  facet normal 1.921180e-01 -8.541061e-01 -4.833152e-01
    outer loop
      vertex   2.229105e+01 -8.422519e+01 1.721079e+01
      vertex   2.264457e+01 -8.414567e+01 1.721079e+01
      vertex   2.270864e+01 -8.433157e+01 1.756478e+01
    endloop
  endfacet
  facet normal 1.921180e-01 -8.541061e-01 -4.833152e-01
    outer loop
      vertex   2.229105e+01 -8.422519e+01 1.721079e+01
      vertex   2.270864e+01 -8.433157e+01 1.756478e+01
      vertex   2.231276e+01 -8.442062e+01 1.756478e+01
    endloop
  endfacet
  facet normal 2.094889e-01 -9.313326e-01 -2.978826e-01
    outer loop
      vertex   2.231276e+01 -8.442062e+01 1.756478e+01
      vertex   2.270864e+01 -8.433157e+01 1.756478e+01
      vertex   2.274816e+01 -8.444625e+01 1.795112e+01
    endloop
  endfacet
  facet normal 2.094889e-01 -9.313326e-01 -2.978826e-01
    outer loop
      vertex   2.231276e+01 -8.442062e+01 1.756478e+01
      vertex   2.274816e+01 -8.444625e+01 1.795112e+01
      vertex   2.232615e+01 -8.454117e+01 1.795112e+01
    endloop
  endfacet
  facet normal -8.501920e-01 -4.343618e-01 -2.974951e-01
    outer loop
      vertex   2.028086e+01 -8.328728e+01 1.793652e+01
      vertex   2.041961e+01 -8.328728e+01 1.753999e+01
      vertex   2.046606e+01 -8.365978e+01 1.795112e+01
    endloop
  endfacet
  facet normal -8.496433e-01 -4.349976e-01 -2.981331e-01
    outer loop
      vertex   2.046606e+01 -8.365978e+01 1.795112e+01
      vertex   2.041961e+01 -8.328728e+01 1.753999e+01
      vertex   2.056785e+01 -8.359380e+01 1.756478e+01
    endloop
  endfacet
  facet normal -7.387864e-01 -6.045334e-01 -2.978826e-01
    outer loop
      vertex   2.046606e+01 -8.365978e+01 1.795112e+01
      vertex   2.056785e+01 -8.359380e+01 1.756478e+01
      vertex   2.073999e+01 -8.399454e+01 1.795112e+01
    endloop
  endfacet
  facet normal -7.387864e-01 -6.045334e-01 -2.978826e-01
    outer loop
      vertex   2.073999e+01 -8.399454e+01 1.795112e+01
      vertex   2.056785e+01 -8.359380e+01 1.756478e+01
      vertex   2.082481e+01 -8.390783e+01 1.756478e+01
    endloop
  endfacet
  facet normal -5.881116e-01 -7.519247e-01 -2.978826e-01
    outer loop
      vertex   2.073999e+01 -8.399454e+01 1.795112e+01
      vertex   2.082481e+01 -8.390783e+01 1.756478e+01
      vertex   2.108070e+01 -8.426103e+01 1.795112e+01
    endloop
  endfacet
  facet normal -5.881116e-01 -7.519247e-01 -2.978826e-01
    outer loop
      vertex   2.108070e+01 -8.426103e+01 1.795112e+01
      vertex   2.082481e+01 -8.390783e+01 1.756478e+01
      vertex   2.114443e+01 -8.415782e+01 1.756478e+01
    endloop
  endfacet
  facet normal -4.087645e-01 -8.626573e-01 -2.978826e-01
    outer loop
      vertex   2.108070e+01 -8.426103e+01 1.795112e+01
      vertex   2.114443e+01 -8.415782e+01 1.756478e+01
      vertex   2.147159e+01 -8.444625e+01 1.795112e+01
    endloop
  endfacet
  facet normal -4.087645e-01 -8.626573e-01 -2.978826e-01
    outer loop
      vertex   2.147159e+01 -8.444625e+01 1.795112e+01
      vertex   2.114443e+01 -8.415782e+01 1.756478e+01
      vertex   2.151111e+01 -8.433157e+01 1.756478e+01
    endloop
  endfacet
  facet normal -2.094889e-01 -9.313326e-01 -2.978826e-01
    outer loop
      vertex   2.147159e+01 -8.444625e+01 1.795112e+01
      vertex   2.151111e+01 -8.433157e+01 1.756478e+01
      vertex   2.189360e+01 -8.454117e+01 1.795112e+01
    endloop
  endfacet
  facet normal -2.094889e-01 -9.313326e-01 -2.978826e-01
    outer loop
      vertex   2.189360e+01 -8.454117e+01 1.795112e+01
      vertex   2.151111e+01 -8.433157e+01 1.756478e+01
      vertex   2.190699e+01 -8.442062e+01 1.756478e+01
    endloop
  endfacet
  facet normal 0.000000e+00 -9.546025e-01 -2.978826e-01
    outer loop
      vertex   2.189360e+01 -8.454117e+01 1.795112e+01
      vertex   2.190699e+01 -8.442062e+01 1.756478e+01
      vertex   2.232615e+01 -8.454117e+01 1.795112e+01
    endloop
  endfacet
  facet normal 0.000000e+00 -9.546025e-01 -2.978826e-01
    outer loop
      vertex   2.232615e+01 -8.454117e+01 1.795112e+01
      vertex   2.190699e+01 -8.442062e+01 1.756478e+01
      vertex   2.231276e+01 -8.442062e+01 1.756478e+01
    endloop
  endfacet
  facet normal -7.714210e-01 -4.122621e-01 -4.847160e-01
    outer loop
      vertex   2.041961e+01 -8.328728e+01 1.753999e+01
      vertex   2.064312e+01 -8.328728e+01 1.718428e+01
      vertex   2.056785e+01 -8.359380e+01 1.756478e+01
    endloop
  endfacet
  facet normal -7.721425e-01 -4.114818e-01 -4.842301e-01
    outer loop
      vertex   2.056785e+01 -8.359380e+01 1.756478e+01
      vertex   2.064312e+01 -8.328728e+01 1.718428e+01
      vertex   2.073284e+01 -8.348684e+01 1.721079e+01
    endloop
  endfacet
  facet normal -6.775259e-01 -5.544052e-01 -4.833152e-01
    outer loop
      vertex   2.056785e+01 -8.359380e+01 1.756478e+01
      vertex   2.073284e+01 -8.348684e+01 1.721079e+01
      vertex   2.082481e+01 -8.390783e+01 1.756478e+01
    endloop
  endfacet
  facet normal -6.775259e-01 -5.544052e-01 -4.833152e-01
    outer loop
      vertex   2.082481e+01 -8.390783e+01 1.756478e+01
      vertex   2.073284e+01 -8.348684e+01 1.721079e+01
      vertex   2.096231e+01 -8.376727e+01 1.721079e+01
    endloop
  endfacet
  facet normal -5.393451e-01 -6.895747e-01 -4.833152e-01
    outer loop
      vertex   2.082481e+01 -8.390783e+01 1.756478e+01
      vertex   2.096231e+01 -8.376727e+01 1.721079e+01
      vertex   2.114443e+01 -8.415782e+01 1.756478e+01
    endloop
  endfacet
  facet normal -5.393451e-01 -6.895747e-01 -4.833152e-01
    outer loop
      vertex   2.114443e+01 -8.415782e+01 1.756478e+01
      vertex   2.096231e+01 -8.376727e+01 1.721079e+01
      vertex   2.124773e+01 -8.399051e+01 1.721079e+01
    endloop
  endfacet
  facet normal -3.748696e-01 -7.911253e-01 -4.833152e-01
    outer loop
      vertex   2.114443e+01 -8.415782e+01 1.756478e+01
      vertex   2.124773e+01 -8.399051e+01 1.721079e+01
      vertex   2.151111e+01 -8.433157e+01 1.756478e+01
    endloop
  endfacet
  facet normal -3.748696e-01 -7.911253e-01 -4.833152e-01
    outer loop
      vertex   2.151111e+01 -8.433157e+01 1.756478e+01
      vertex   2.124773e+01 -8.399051e+01 1.721079e+01
      vertex   2.157518e+01 -8.414567e+01 1.721079e+01
    endloop
  endfacet
  facet normal -1.921180e-01 -8.541061e-01 -4.833152e-01
    outer loop
      vertex   2.151111e+01 -8.433157e+01 1.756478e+01
      vertex   2.157518e+01 -8.414567e+01 1.721079e+01
      vertex   2.190699e+01 -8.442062e+01 1.756478e+01
    endloop
  endfacet
  facet normal -1.921180e-01 -8.541061e-01 -4.833152e-01
    outer loop
      vertex   2.190699e+01 -8.442062e+01 1.756478e+01
      vertex   2.157518e+01 -8.414567e+01 1.721079e+01
      vertex   2.192870e+01 -8.422519e+01 1.721079e+01
    endloop
  endfacet
  facet normal 0.000000e+00 -8.754464e-01 -4.833152e-01
    outer loop
      vertex   2.190699e+01 -8.442062e+01 1.756478e+01
      vertex   2.192870e+01 -8.422519e+01 1.721079e+01
      vertex   2.231276e+01 -8.442062e+01 1.756478e+01
    endloop
  endfacet
  facet normal 0.000000e+00 -8.754464e-01 -4.833152e-01
    outer loop
      vertex   2.231276e+01 -8.442062e+01 1.756478e+01
      vertex   2.192870e+01 -8.422519e+01 1.721079e+01
      vertex   2.229105e+01 -8.422519e+01 1.721079e+01
    endloop
  endfacet
  facet normal -6.559907e-01 -3.814582e-01 -6.512801e-01
    outer loop
      vertex   2.073284e+01 -8.348684e+01 1.721079e+01
      vertex   2.064312e+01 -8.328728e+01 1.718428e+01
      vertex   2.095428e+01 -8.334328e+01 1.690367e+01
    endloop
  endfacet
  facet normal -6.597258e-01 -3.598942e-01 -6.597258e-01
    outer loop
      vertex   2.095428e+01 -8.334328e+01 1.690367e+01
      vertex   2.064312e+01 -8.328728e+01 1.718428e+01
      vertex   2.094018e+01 -8.328728e+01 1.688722e+01
    endloop
  endfacet
  facet normal -4.968965e-01 -3.573782e-01 -7.908063e-01
    outer loop
      vertex   2.095428e+01 -8.334328e+01 1.690367e+01
      vertex   2.094018e+01 -8.328728e+01 1.688722e+01
      vertex   2.129589e+01 -8.328728e+01 1.666371e+01
    endloop
  endfacet
  facet normal -3.180116e-01 -2.700108e-01 -9.088249e-01
    outer loop
      vertex   2.169241e+01 -8.328728e+01 1.652496e+01
      vertex   2.137087e+01 -8.334961e+01 1.665599e+01
      vertex   2.129589e+01 -8.328728e+01 1.666371e+01
    endloop
  endfacet
  facet normal -4.371523e-01 -4.279145e-01 -7.910670e-01
    outer loop
      vertex   2.129589e+01 -8.328728e+01 1.666371e+01
      vertex   2.137087e+01 -8.334961e+01 1.665599e+01
      vertex   2.114685e+01 -8.357862e+01 1.690367e+01
    endloop
  endfacet
  facet normal -4.835631e-01 -3.956895e-01 -7.807666e-01
    outer loop
      vertex   2.129589e+01 -8.328728e+01 1.666371e+01
      vertex   2.114685e+01 -8.357862e+01 1.690367e+01
      vertex   2.095428e+01 -8.334328e+01 1.690367e+01
    endloop
  endfacet
  facet normal -5.885124e-01 -4.815673e-01 -6.494198e-01
    outer loop
      vertex   2.095428e+01 -8.334328e+01 1.690367e+01
      vertex   2.114685e+01 -8.357862e+01 1.690367e+01
      vertex   2.096231e+01 -8.376727e+01 1.721079e+01
    endloop
  endfacet
  facet normal -5.885124e-01 -4.815673e-01 -6.494198e-01
    outer loop
      vertex   2.095428e+01 -8.334328e+01 1.690367e+01
      vertex   2.096231e+01 -8.376727e+01 1.721079e+01
      vertex   2.073284e+01 -8.348684e+01 1.721079e+01
    endloop
  endfacet
  facet normal -1.020165e-01 -4.120740e-01 -9.054213e-01
    outer loop
      vertex   2.210987e+01 -8.328728e+01 1.647793e+01
      vertex   2.176554e+01 -8.359329e+01 1.665599e+01
      vertex   2.169241e+01 -8.328728e+01 1.652496e+01
    endloop
  endfacet
  facet normal -2.018030e-01 -4.258853e-01 -8.819848e-01
    outer loop
      vertex   2.169241e+01 -8.328728e+01 1.652496e+01
      vertex   2.176554e+01 -8.359329e+01 1.665599e+01
      vertex   2.155467e+01 -8.349337e+01 1.665599e+01
    endloop
  endfacet
  facet normal -2.885384e-01 -3.689081e-01 -8.835454e-01
    outer loop
      vertex   2.169241e+01 -8.328728e+01 1.652496e+01
      vertex   2.155467e+01 -8.349337e+01 1.665599e+01
      vertex   2.137087e+01 -8.334961e+01 1.665599e+01
    endloop
  endfacet
  facet normal -3.782645e-01 -4.836265e-01 -7.893170e-01
    outer loop
      vertex   2.137087e+01 -8.334961e+01 1.665599e+01
      vertex   2.155467e+01 -8.349337e+01 1.665599e+01
      vertex   2.138637e+01 -8.376596e+01 1.690367e+01
    endloop
  endfacet
  facet normal -3.782645e-01 -4.836265e-01 -7.893170e-01
    outer loop
      vertex   2.137087e+01 -8.334961e+01 1.665599e+01
      vertex   2.138637e+01 -8.376596e+01 1.690367e+01
      vertex   2.114685e+01 -8.357862e+01 1.690367e+01
    endloop
  endfacet
  facet normal -4.684858e-01 -5.989782e-01 -6.494198e-01
    outer loop
      vertex   2.114685e+01 -8.357862e+01 1.690367e+01
      vertex   2.138637e+01 -8.376596e+01 1.690367e+01
      vertex   2.124773e+01 -8.399051e+01 1.721079e+01
    endloop
  endfacet
  facet normal -4.684858e-01 -5.989782e-01 -6.494198e-01
    outer loop
      vertex   2.114685e+01 -8.357862e+01 1.690367e+01
      vertex   2.124773e+01 -8.399051e+01 1.721079e+01
      vertex   2.096231e+01 -8.376727e+01 1.721079e+01
    endloop
  endfacet
  facet normal 1.017657e-01 -4.169906e-01 -9.031958e-01
    outer loop
      vertex   2.252734e+01 -8.328728e+01 1.652496e+01
      vertex   2.222655e+01 -8.364450e+01 1.665599e+01
      vertex   2.210987e+01 -8.328728e+01 1.647793e+01
    endloop
  endfacet
  facet normal 0.000000e+00 -4.461279e-01 -8.949692e-01
    outer loop
      vertex   2.210987e+01 -8.328728e+01 1.647793e+01
      vertex   2.222655e+01 -8.364450e+01 1.665599e+01
      vertex   2.199320e+01 -8.364450e+01 1.665599e+01
    endloop
  endfacet
  facet normal -9.431407e-02 -4.192956e-01 -9.029375e-01
    outer loop
      vertex   2.210987e+01 -8.328728e+01 1.647793e+01
      vertex   2.199320e+01 -8.364450e+01 1.665599e+01
      vertex   2.176554e+01 -8.359329e+01 1.665599e+01
    endloop
  endfacet
  facet normal -1.347401e-01 -5.990190e-01 -7.893170e-01
    outer loop
      vertex   2.176554e+01 -8.359329e+01 1.665599e+01
      vertex   2.199320e+01 -8.364450e+01 1.665599e+01
      vertex   2.195783e+01 -8.396290e+01 1.690367e+01
    endloop
  endfacet
  facet normal -1.347401e-01 -5.990190e-01 -7.893170e-01
    outer loop
      vertex   2.176554e+01 -8.359329e+01 1.665599e+01
      vertex   2.195783e+01 -8.396290e+01 1.690367e+01
      vertex   2.166117e+01 -8.389617e+01 1.690367e+01
    endloop
  endfacet
  facet normal -1.668775e-01 -7.418934e-01 -6.494198e-01
    outer loop
      vertex   2.166117e+01 -8.389617e+01 1.690367e+01
      vertex   2.195783e+01 -8.396290e+01 1.690367e+01
      vertex   2.192870e+01 -8.422519e+01 1.721079e+01
    endloop
  endfacet
  facet normal -1.668775e-01 -7.418934e-01 -6.494198e-01
    outer loop
      vertex   2.166117e+01 -8.389617e+01 1.690367e+01
      vertex   2.192870e+01 -8.422519e+01 1.721079e+01
      vertex   2.157518e+01 -8.414567e+01 1.721079e+01
    endloop
  endfacet
  facet normal 3.180116e-01 -2.700108e-01 -9.088249e-01
    outer loop
      vertex   2.252734e+01 -8.328728e+01 1.652496e+01
      vertex   2.292386e+01 -8.328728e+01 1.666371e+01
      vertex   2.284888e+01 -8.334961e+01 1.665599e+01
    endloop
  endfacet
  facet normal -2.629111e-01 -5.548480e-01 -7.893170e-01
    outer loop
      vertex   2.138637e+01 -8.376596e+01 1.690367e+01
      vertex   2.155467e+01 -8.349337e+01 1.665599e+01
      vertex   2.166117e+01 -8.389617e+01 1.690367e+01
    endloop
  endfacet
  facet normal -2.629111e-01 -5.548480e-01 -7.893170e-01
    outer loop
      vertex   2.166117e+01 -8.389617e+01 1.690367e+01
      vertex   2.155467e+01 -8.349337e+01 1.665599e+01
      vertex   2.176554e+01 -8.359329e+01 1.665599e+01
    endloop
  endfacet
  facet normal -3.256191e-01 -6.871871e-01 -6.494198e-01
    outer loop
      vertex   2.124773e+01 -8.399051e+01 1.721079e+01
      vertex   2.138637e+01 -8.376596e+01 1.690367e+01
      vertex   2.157518e+01 -8.414567e+01 1.721079e+01
    endloop
  endfacet
  facet normal -3.256191e-01 -6.871871e-01 -6.494198e-01
    outer loop
      vertex   2.157518e+01 -8.414567e+01 1.721079e+01
      vertex   2.138637e+01 -8.376596e+01 1.690367e+01
      vertex   2.166117e+01 -8.389617e+01 1.690367e+01
    endloop
  endfacet
  facet normal -0.000000e+00 -7.604301e-01 -6.494198e-01
    outer loop
      vertex   2.226192e+01 -8.396290e+01 1.690367e+01
      vertex   2.229105e+01 -8.422519e+01 1.721079e+01
      vertex   2.195783e+01 -8.396290e+01 1.690367e+01
    endloop
  endfacet
  facet normal 0.000000e+00 -7.604301e-01 -6.494198e-01
    outer loop
      vertex   2.195783e+01 -8.396290e+01 1.690367e+01
      vertex   2.229105e+01 -8.422519e+01 1.721079e+01
      vertex   2.192870e+01 -8.422519e+01 1.721079e+01
    endloop
  endfacet
  facet normal -0.000000e+00 -6.139858e-01 -7.893170e-01
    outer loop
      vertex   2.222655e+01 -8.364450e+01 1.665599e+01
      vertex   2.226192e+01 -8.396290e+01 1.690367e+01
      vertex   2.199320e+01 -8.364450e+01 1.665599e+01
    endloop
  endfacet
  facet normal 0.000000e+00 -6.139858e-01 -7.893170e-01
    outer loop
      vertex   2.199320e+01 -8.364450e+01 1.665599e+01
      vertex   2.226192e+01 -8.396290e+01 1.690367e+01
      vertex   2.195783e+01 -8.396290e+01 1.690367e+01
    endloop
  endfacet
  facet normal 4.087645e-01 -8.626573e-01 -2.978826e-01
    outer loop
      vertex   2.274816e+01 -8.444625e+01 1.795112e+01
      vertex   2.270864e+01 -8.433157e+01 1.756478e+01
      vertex   2.313905e+01 -8.426103e+01 1.795112e+01
    endloop
  endfacet
  facet normal 4.087645e-01 -8.626573e-01 -2.978826e-01
    outer loop
      vertex   2.313905e+01 -8.426103e+01 1.795112e+01
      vertex   2.270864e+01 -8.433157e+01 1.756478e+01
      vertex   2.307532e+01 -8.415782e+01 1.756478e+01
    endloop
  endfacet
  facet normal 5.881116e-01 -7.519247e-01 -2.978826e-01
    outer loop
      vertex   2.313905e+01 -8.426103e+01 1.795112e+01
      vertex   2.307532e+01 -8.415782e+01 1.756478e+01
      vertex   2.347976e+01 -8.399454e+01 1.795112e+01
    endloop
  endfacet
  facet normal 5.881116e-01 -7.519247e-01 -2.978826e-01
    outer loop
      vertex   2.347976e+01 -8.399454e+01 1.795112e+01
      vertex   2.307532e+01 -8.415782e+01 1.756478e+01
      vertex   2.339494e+01 -8.390783e+01 1.756478e+01
    endloop
  endfacet
  facet normal 7.387864e-01 -6.045334e-01 -2.978826e-01
    outer loop
      vertex   2.347976e+01 -8.399454e+01 1.795112e+01
      vertex   2.339494e+01 -8.390783e+01 1.756478e+01
      vertex   2.375369e+01 -8.365978e+01 1.795112e+01
    endloop
  endfacet
  facet normal 7.387864e-01 -6.045334e-01 -2.978826e-01
    outer loop
      vertex   2.375369e+01 -8.365978e+01 1.795112e+01
      vertex   2.339494e+01 -8.390783e+01 1.756478e+01
      vertex   2.365190e+01 -8.359380e+01 1.756478e+01
    endloop
  endfacet
  facet normal 3.748696e-01 -7.911253e-01 -4.833152e-01
    outer loop
      vertex   2.270864e+01 -8.433157e+01 1.756478e+01
      vertex   2.264457e+01 -8.414567e+01 1.721079e+01
      vertex   2.307532e+01 -8.415782e+01 1.756478e+01
    endloop
  endfacet
  facet normal 3.748696e-01 -7.911253e-01 -4.833152e-01
    outer loop
      vertex   2.307532e+01 -8.415782e+01 1.756478e+01
      vertex   2.264457e+01 -8.414567e+01 1.721079e+01
      vertex   2.297202e+01 -8.399051e+01 1.721079e+01
    endloop
  endfacet
  facet normal 5.393451e-01 -6.895747e-01 -4.833152e-01
    outer loop
      vertex   2.307532e+01 -8.415782e+01 1.756478e+01
      vertex   2.297202e+01 -8.399051e+01 1.721079e+01
      vertex   2.339494e+01 -8.390783e+01 1.756478e+01
    endloop
  endfacet
  facet normal 5.393451e-01 -6.895747e-01 -4.833152e-01
    outer loop
      vertex   2.339494e+01 -8.390783e+01 1.756478e+01
      vertex   2.297202e+01 -8.399051e+01 1.721079e+01
      vertex   2.325744e+01 -8.376727e+01 1.721079e+01
    endloop
  endfacet
  facet normal 6.775259e-01 -5.544052e-01 -4.833152e-01
    outer loop
      vertex   2.339494e+01 -8.390783e+01 1.756478e+01
      vertex   2.325744e+01 -8.376727e+01 1.721079e+01
      vertex   2.365190e+01 -8.359380e+01 1.756478e+01
    endloop
  endfacet
  facet normal 6.775259e-01 -5.544052e-01 -4.833152e-01
    outer loop
      vertex   2.365190e+01 -8.359380e+01 1.756478e+01
      vertex   2.325744e+01 -8.376727e+01 1.721079e+01
      vertex   2.348691e+01 -8.348684e+01 1.721079e+01
    endloop
  endfacet
  facet normal 3.256191e-01 -6.871871e-01 -6.494198e-01
    outer loop
      vertex   2.264457e+01 -8.414567e+01 1.721079e+01
      vertex   2.255858e+01 -8.389617e+01 1.690367e+01
      vertex   2.297202e+01 -8.399051e+01 1.721079e+01
    endloop
  endfacet
  facet normal 3.256191e-01 -6.871871e-01 -6.494198e-01
    outer loop
      vertex   2.297202e+01 -8.399051e+01 1.721079e+01
      vertex   2.255858e+01 -8.389617e+01 1.690367e+01
      vertex   2.283338e+01 -8.376596e+01 1.690367e+01
    endloop
  endfacet
  facet normal 4.684858e-01 -5.989782e-01 -6.494198e-01
    outer loop
      vertex   2.297202e+01 -8.399051e+01 1.721079e+01
      vertex   2.283338e+01 -8.376596e+01 1.690367e+01
      vertex   2.325744e+01 -8.376727e+01 1.721079e+01
    endloop
  endfacet
  facet normal 4.684858e-01 -5.989782e-01 -6.494198e-01
    outer loop
      vertex   2.325744e+01 -8.376727e+01 1.721079e+01
      vertex   2.283338e+01 -8.376596e+01 1.690367e+01
      vertex   2.307290e+01 -8.357862e+01 1.690367e+01
    endloop
  endfacet
  facet normal 5.885124e-01 -4.815673e-01 -6.494198e-01
    outer loop
      vertex   2.325744e+01 -8.376727e+01 1.721079e+01
      vertex   2.307290e+01 -8.357862e+01 1.690367e+01
      vertex   2.348691e+01 -8.348684e+01 1.721079e+01
    endloop
  endfacet
  facet normal 5.885124e-01 -4.815673e-01 -6.494198e-01
    outer loop
      vertex   2.348691e+01 -8.348684e+01 1.721079e+01
      vertex   2.307290e+01 -8.357862e+01 1.690367e+01
      vertex   2.326547e+01 -8.334328e+01 1.690367e+01
    endloop
  endfacet
  facet normal 2.629111e-01 -5.548480e-01 -7.893170e-01
    outer loop
      vertex   2.255858e+01 -8.389617e+01 1.690367e+01
      vertex   2.245421e+01 -8.359329e+01 1.665599e+01
      vertex   2.283338e+01 -8.376596e+01 1.690367e+01
    endloop
  endfacet
  facet normal 2.629111e-01 -5.548480e-01 -7.893170e-01
    outer loop
      vertex   2.283338e+01 -8.376596e+01 1.690367e+01
      vertex   2.245421e+01 -8.359329e+01 1.665599e+01
      vertex   2.266508e+01 -8.349337e+01 1.665599e+01
    endloop
  endfacet
  facet normal 3.782645e-01 -4.836265e-01 -7.893170e-01
    outer loop
      vertex   2.283338e+01 -8.376596e+01 1.690367e+01
      vertex   2.266508e+01 -8.349337e+01 1.665599e+01
      vertex   2.307290e+01 -8.357862e+01 1.690367e+01
    endloop
  endfacet
  facet normal 9.607266e-01 2.586853e-01 -1.004309e-01
    outer loop
      vertex   2.397308e+01 -8.186718e+01 1.835398e+01
      vertex   2.408619e+01 -8.228728e+01 1.835398e+01
      vertex   2.393505e+01 -8.188202e+01 1.795195e+01
    endloop
  endfacet
  facet normal 9.618433e-01 2.512223e-01 -1.083737e-01
    outer loop
      vertex   2.393505e+01 -8.188202e+01 1.795195e+01
      vertex   2.408619e+01 -8.228728e+01 1.835398e+01
      vertex   2.403664e+01 -8.228728e+01 1.791420e+01
    endloop
  endfacet
  facet normal 9.191179e-01 2.581377e-01 -2.976359e-01
    outer loop
      vertex   2.393505e+01 -8.188202e+01 1.795195e+01
      vertex   2.403664e+01 -8.228728e+01 1.791420e+01
      vertex   2.382250e+01 -8.192593e+01 1.756633e+01
    endloop
  endfacet
  facet normal 9.175304e-01 2.346486e-01 -3.210578e-01
    outer loop
      vertex   2.382250e+01 -8.192593e+01 1.756633e+01
      vertex   2.403664e+01 -8.228728e+01 1.791420e+01
      vertex   2.389048e+01 -8.228728e+01 1.749648e+01
    endloop
  endfacet
  facet normal 8.385589e-01 2.511831e-01 -4.834522e-01
    outer loop
      vertex   2.382250e+01 -8.192593e+01 1.756633e+01
      vertex   2.389048e+01 -8.228728e+01 1.749648e+01
      vertex   2.364005e+01 -8.199712e+01 1.721287e+01
    endloop
  endfacet
  facet normal 8.285250e-01 2.062166e-01 -5.205968e-01
    outer loop
      vertex   2.364005e+01 -8.199712e+01 1.721287e+01
      vertex   2.389048e+01 -8.228728e+01 1.749648e+01
      vertex   2.365502e+01 -8.228728e+01 1.712176e+01
    endloop
  endfacet
  facet normal 7.204603e-01 2.413185e-01 -6.501557e-01
    outer loop
      vertex   2.364005e+01 -8.199712e+01 1.721287e+01
      vertex   2.365502e+01 -8.228728e+01 1.712176e+01
      vertex   2.339512e+01 -8.209268e+01 1.690599e+01
    endloop
  endfacet
  facet normal 6.981893e-01 1.583146e-01 -6.981893e-01
    outer loop
      vertex   2.339512e+01 -8.209268e+01 1.690599e+01
      vertex   2.365502e+01 -8.228728e+01 1.712176e+01
      vertex   2.334209e+01 -8.228728e+01 1.680883e+01
    endloop
  endfacet
  facet normal 5.641598e-01 2.405979e-01 -7.898331e-01
    outer loop
      vertex   2.339512e+01 -8.209268e+01 1.690599e+01
      vertex   2.334209e+01 -8.228728e+01 1.680883e+01
      vertex   2.309773e+01 -8.220871e+01 1.665822e+01
    endloop
  endfacet
  facet normal 5.317663e-01 3.160349e-02 -8.463012e-01
    outer loop
      vertex   2.309773e+01 -8.220871e+01 1.665822e+01
      vertex   2.334209e+01 -8.228728e+01 1.680883e+01
      vertex   2.296737e+01 -8.228728e+01 1.657337e+01
    endloop
  endfacet
  facet normal 4.322771e-01 2.255893e-01 -8.730670e-01
    outer loop
      vertex   2.309773e+01 -8.220871e+01 1.665822e+01
      vertex   2.296737e+01 -8.228728e+01 1.657337e+01
      vertex   2.299101e+01 -8.200422e+01 1.665822e+01
    endloop
  endfacet
  facet normal 3.724868e-01 2.377757e-01 -8.970598e-01
    outer loop
      vertex   2.299101e+01 -8.200422e+01 1.665822e+01
      vertex   2.296737e+01 -8.228728e+01 1.657337e+01
      vertex   2.268978e+01 -8.220589e+01 1.647968e+01
    endloop
  endfacet
  facet normal 3.398472e-01 2.856380e-01 -8.960552e-01
    outer loop
      vertex   2.299101e+01 -8.200422e+01 1.665822e+01
      vertex   2.268978e+01 -8.220589e+01 1.647968e+01
      vertex   2.284260e+01 -8.182764e+01 1.665822e+01
    endloop
  endfacet
  facet normal 3.398472e-01 2.856380e-01 -8.960552e-01
    outer loop
      vertex   2.284260e+01 -8.182764e+01 1.665822e+01
      vertex   2.268978e+01 -8.220589e+01 1.647968e+01
      vertex   2.259210e+01 -8.208968e+01 1.647968e+01
    endloop
  endfacet
  facet normal 2.700399e-01 3.523686e-01 -8.960552e-01
    outer loop
      vertex   2.284260e+01 -8.182764e+01 1.665822e+01
      vertex   2.259210e+01 -8.208968e+01 1.647968e+01
      vertex   2.265951e+01 -8.168733e+01 1.665822e+01
    endloop
  endfacet
  facet normal 2.700399e-01 3.523686e-01 -8.960552e-01
    outer loop
      vertex   2.265951e+01 -8.168733e+01 1.665822e+01
      vertex   2.259210e+01 -8.208968e+01 1.647968e+01
      vertex   2.247161e+01 -8.199734e+01 1.647968e+01
    endloop
  endfacet
  facet normal 1.874543e-01 4.024252e-01 -8.960552e-01
    outer loop
      vertex   2.265951e+01 -8.168733e+01 1.665822e+01
      vertex   2.247161e+01 -8.199734e+01 1.647968e+01
      vertex   2.245042e+01 -8.158993e+01 1.665822e+01
    endloop
  endfacet
  facet normal 1.874543e-01 4.024252e-01 -8.960552e-01
    outer loop
      vertex   2.245042e+01 -8.158993e+01 1.665822e+01
      vertex   2.247161e+01 -8.199734e+01 1.647968e+01
      vertex   2.233400e+01 -8.193324e+01 1.647968e+01
    endloop
  endfacet
  facet normal 9.599848e-02 4.334391e-01 -8.960552e-01
    outer loop
      vertex   2.245042e+01 -8.158993e+01 1.665822e+01
      vertex   2.233400e+01 -8.193324e+01 1.647968e+01
      vertex   2.222521e+01 -8.154005e+01 1.665822e+01
    endloop
  endfacet
  facet normal 9.599848e-02 4.334391e-01 -8.960552e-01
    outer loop
      vertex   2.222521e+01 -8.154005e+01 1.665822e+01
      vertex   2.233400e+01 -8.193324e+01 1.647968e+01
      vertex   2.218578e+01 -8.190041e+01 1.647968e+01
    endloop
  endfacet
  facet normal 0.000000e+00 4.439428e-01 -8.960552e-01
    outer loop
      vertex   2.222521e+01 -8.154005e+01 1.665822e+01
      vertex   2.218578e+01 -8.190041e+01 1.647968e+01
      vertex   2.199454e+01 -8.154005e+01 1.665822e+01
    endloop
  endfacet
  facet normal 0.000000e+00 4.439428e-01 -8.960552e-01
    outer loop
      vertex   2.199454e+01 -8.154005e+01 1.665822e+01
      vertex   2.218578e+01 -8.190041e+01 1.647968e+01
      vertex   2.203397e+01 -8.190041e+01 1.647968e+01
    endloop
  endfacet
  facet normal -9.599848e-02 4.334391e-01 -8.960552e-01
    outer loop
      vertex   2.199454e+01 -8.154005e+01 1.665822e+01
      vertex   2.203397e+01 -8.190041e+01 1.647968e+01
      vertex   2.176933e+01 -8.158993e+01 1.665822e+01
    endloop
  endfacet
  facet normal -9.599848e-02 4.334391e-01 -8.960552e-01
    outer loop
      vertex   2.176933e+01 -8.158993e+01 1.665822e+01
      vertex   2.203397e+01 -8.190041e+01 1.647968e+01
      vertex   2.188575e+01 -8.193324e+01 1.647968e+01
    endloop
  endfacet
  facet normal -1.874543e-01 4.024252e-01 -8.960552e-01
    outer loop
      vertex   2.176933e+01 -8.158993e+01 1.665822e+01
      vertex   2.188575e+01 -8.193324e+01 1.647968e+01
      vertex   2.156024e+01 -8.168733e+01 1.665822e+01
    endloop
  endfacet
  facet normal -1.874543e-01 4.024252e-01 -8.960552e-01
    outer loop
      vertex   2.156024e+01 -8.168733e+01 1.665822e+01
      vertex   2.188575e+01 -8.193324e+01 1.647968e+01
      vertex   2.174814e+01 -8.199734e+01 1.647968e+01
    endloop
  endfacet
  facet normal -2.700399e-01 3.523686e-01 -8.960552e-01
    outer loop
      vertex   2.156024e+01 -8.168733e+01 1.665822e+01
      vertex   2.174814e+01 -8.199734e+01 1.647968e+01
      vertex   2.137715e+01 -8.182764e+01 1.665822e+01
    endloop
  endfacet
  facet normal -2.700399e-01 3.523686e-01 -8.960552e-01
    outer loop
      vertex   2.137715e+01 -8.182764e+01 1.665822e+01
      vertex   2.174814e+01 -8.199734e+01 1.647968e+01
      vertex   2.162765e+01 -8.208968e+01 1.647968e+01
    endloop
  endfacet
  facet normal -3.398472e-01 2.856380e-01 -8.960552e-01
    outer loop
      vertex   2.137715e+01 -8.182764e+01 1.665822e+01
      vertex   2.162765e+01 -8.208968e+01 1.647968e+01
      vertex   2.122874e+01 -8.200422e+01 1.665822e+01
    endloop
  endfacet
  facet normal -3.398472e-01 2.856380e-01 -8.960552e-01
    outer loop
      vertex   2.122874e+01 -8.200422e+01 1.665822e+01
      vertex   2.162765e+01 -8.208968e+01 1.647968e+01
      vertex   2.152997e+01 -8.220589e+01 1.647968e+01
    endloop
  endfacet
  facet normal -3.724868e-01 2.377757e-01 -8.970598e-01
    outer loop
      vertex   2.122874e+01 -8.200422e+01 1.665822e+01
      vertex   2.152997e+01 -8.220589e+01 1.647968e+01
      vertex   2.125238e+01 -8.228728e+01 1.657337e+01
    endloop
  endfacet
  facet normal -3.300164e-01 3.987146e-02 -9.431328e-01
    outer loop
      vertex   2.125238e+01 -8.228728e+01 1.657337e+01
      vertex   2.152997e+01 -8.220589e+01 1.647968e+01
      vertex   2.167010e+01 -8.228728e+01 1.642721e+01
    endloop
  endfacet
  facet normal -2.390524e-01 2.009210e-01 -9.499919e-01
    outer loop
      vertex   2.167010e+01 -8.228728e+01 1.642721e+01
      vertex   2.152997e+01 -8.220589e+01 1.647968e+01
      vertex   2.162765e+01 -8.208968e+01 1.647968e+01
    endloop
  endfacet
  facet normal -1.679504e-01 2.191546e-01 -9.611264e-01
    outer loop
      vertex   2.167010e+01 -8.228728e+01 1.642721e+01
      vertex   2.162765e+01 -8.208968e+01 1.647968e+01
      vertex   2.174814e+01 -8.199734e+01 1.647968e+01
    endloop
  endfacet
  facet normal 3.300164e-01 3.987146e-02 -9.431328e-01
    outer loop
      vertex   2.296737e+01 -8.228728e+01 1.657337e+01
      vertex   2.254965e+01 -8.228728e+01 1.642721e+01
      vertex   2.268978e+01 -8.220589e+01 1.647968e+01
    endloop
  endfacet
  facet normal 2.390524e-01 2.009210e-01 -9.499919e-01
    outer loop
      vertex   2.268978e+01 -8.220589e+01 1.647968e+01
      vertex   2.254965e+01 -8.228728e+01 1.642721e+01
      vertex   2.259210e+01 -8.208968e+01 1.647968e+01
    endloop
  endfacet
  facet normal 1.679504e-01 2.191546e-01 -9.611264e-01
    outer loop
      vertex   2.259210e+01 -8.208968e+01 1.647968e+01
      vertex   2.254965e+01 -8.228728e+01 1.642721e+01
      vertex   2.247161e+01 -8.199734e+01 1.647968e+01
    endloop
  endfacet
  facet normal 1.095748e-01 2.055011e-01 -9.725033e-01
    outer loop
      vertex   2.247161e+01 -8.199734e+01 1.647968e+01
      vertex   2.254965e+01 -8.228728e+01 1.642721e+01
      vertex   2.210987e+01 -8.228728e+01 1.637766e+01
    endloop
  endfacet
  facet normal 1.006762e-01 2.161306e-01 -9.711601e-01
    outer loop
      vertex   2.247161e+01 -8.199734e+01 1.647968e+01
      vertex   2.210987e+01 -8.228728e+01 1.637766e+01
      vertex   2.233400e+01 -8.193324e+01 1.647968e+01
    endloop
  endfacet
  facet normal 5.419047e-02 2.446733e-01 -9.680901e-01
    outer loop
      vertex   2.233400e+01 -8.193324e+01 1.647968e+01
      vertex   2.210987e+01 -8.228728e+01 1.637766e+01
      vertex   2.218578e+01 -8.190041e+01 1.647968e+01
    endloop
  endfacet
  facet normal -1.094522e-01 2.106485e-01 -9.714152e-01
    outer loop
      vertex   2.167010e+01 -8.228728e+01 1.642721e+01
      vertex   2.188575e+01 -8.193324e+01 1.647968e+01
      vertex   2.210987e+01 -8.228728e+01 1.637766e+01
    endloop
  endfacet
  facet normal -5.419047e-02 2.446733e-01 -9.680901e-01
    outer loop
      vertex   2.210987e+01 -8.228728e+01 1.637766e+01
      vertex   2.188575e+01 -8.193324e+01 1.647968e+01
      vertex   2.203397e+01 -8.190041e+01 1.647968e+01
    endloop
  endfacet
  facet normal 0.000000e+00 2.550025e-01 -9.669404e-01
    outer loop
      vertex   2.210987e+01 -8.228728e+01 1.637766e+01
      vertex   2.203397e+01 -8.190041e+01 1.647968e+01
      vertex   2.218578e+01 -8.190041e+01 1.647968e+01
    endloop
  endfacet
  facet normal -4.322771e-01 2.255893e-01 -8.730670e-01
    outer loop
      vertex   2.122874e+01 -8.200422e+01 1.665822e+01
      vertex   2.125238e+01 -8.228728e+01 1.657337e+01
      vertex   2.112202e+01 -8.220871e+01 1.665822e+01
    endloop
  endfacet
  facet normal -5.317663e-01 3.160349e-02 -8.463012e-01
    outer loop
      vertex   2.112202e+01 -8.220871e+01 1.665822e+01
      vertex   2.125238e+01 -8.228728e+01 1.657337e+01
      vertex   2.087766e+01 -8.228728e+01 1.680883e+01
    endloop
  endfacet
  facet normal -5.641598e-01 2.405979e-01 -7.898331e-01
    outer loop
      vertex   2.112202e+01 -8.220871e+01 1.665822e+01
      vertex   2.087766e+01 -8.228728e+01 1.680883e+01
      vertex   2.082463e+01 -8.209268e+01 1.690599e+01
    endloop
  endfacet
  facet normal -6.981893e-01 1.583146e-01 -6.981893e-01
    outer loop
      vertex   2.082463e+01 -8.209268e+01 1.690599e+01
      vertex   2.087766e+01 -8.228728e+01 1.680883e+01
      vertex   2.056473e+01 -8.228728e+01 1.712176e+01
    endloop
  endfacet
  facet normal -7.204603e-01 2.413185e-01 -6.501557e-01
    outer loop
      vertex   2.082463e+01 -8.209268e+01 1.690599e+01
      vertex   2.056473e+01 -8.228728e+01 1.712176e+01
      vertex   2.057970e+01 -8.199712e+01 1.721287e+01
    endloop
  endfacet
  facet normal -8.285250e-01 2.062166e-01 -5.205968e-01
    outer loop
      vertex   2.057970e+01 -8.199712e+01 1.721287e+01
      vertex   2.056473e+01 -8.228728e+01 1.712176e+01
      vertex   2.032927e+01 -8.228728e+01 1.749648e+01
    endloop
  endfacet
  facet normal -8.385589e-01 2.511831e-01 -4.834522e-01
    outer loop
      vertex   2.057970e+01 -8.199712e+01 1.721287e+01
      vertex   2.032927e+01 -8.228728e+01 1.749648e+01
      vertex   2.039725e+01 -8.192593e+01 1.756633e+01
    endloop
  endfacet
  facet normal -9.175304e-01 2.346486e-01 -3.210578e-01
    outer loop
      vertex   2.039725e+01 -8.192593e+01 1.756633e+01
      vertex   2.032927e+01 -8.228728e+01 1.749648e+01
      vertex   2.018311e+01 -8.228728e+01 1.791420e+01
    endloop
  endfacet
  facet normal -9.191179e-01 2.581377e-01 -2.976359e-01
    outer loop
      vertex   2.039725e+01 -8.192593e+01 1.756633e+01
      vertex   2.018311e+01 -8.228728e+01 1.791420e+01
      vertex   2.028470e+01 -8.188202e+01 1.795195e+01
    endloop
  endfacet
  facet normal -9.618433e-01 2.512223e-01 -1.083737e-01
    outer loop
      vertex   2.028470e+01 -8.188202e+01 1.795195e+01
      vertex   2.018311e+01 -8.228728e+01 1.791420e+01
      vertex   2.013356e+01 -8.228728e+01 1.835398e+01
    endloop
  endfacet
  facet normal -9.607266e-01 2.586853e-01 -1.004309e-01
    outer loop
      vertex   2.028470e+01 -8.188202e+01 1.795195e+01
      vertex   2.013356e+01 -8.228728e+01 1.835398e+01
      vertex   2.024667e+01 -8.186718e+01 1.835398e+01
    endloop
  endfacet
  facet normal -8.820576e-01 4.603130e-01 -1.004309e-01
    outer loop
      vertex   2.028470e+01 -8.188202e+01 1.795195e+01
      vertex   2.024667e+01 -8.186718e+01 1.835398e+01
      vertex   2.048188e+01 -8.150419e+01 1.795195e+01
    endloop
  endfacet
  facet normal -8.820576e-01 4.603130e-01 -1.004309e-01
    outer loop
      vertex   2.048188e+01 -8.150419e+01 1.795195e+01
      vertex   2.024667e+01 -8.186718e+01 1.835398e+01
      vertex   2.044796e+01 -8.148148e+01 1.835398e+01
    endloop
  endfacet
  facet normal -7.616498e-01 6.401587e-01 -1.004309e-01
    outer loop
      vertex   2.048188e+01 -8.150419e+01 1.795195e+01
      vertex   2.044796e+01 -8.148148e+01 1.835398e+01
      vertex   2.075609e+01 -8.117794e+01 1.795195e+01
    endloop
  endfacet
  facet normal -7.616498e-01 6.401587e-01 -1.004309e-01
    outer loop
      vertex   2.075609e+01 -8.117794e+01 1.795195e+01
      vertex   2.044796e+01 -8.148148e+01 1.835398e+01
      vertex   2.072788e+01 -8.114843e+01 1.835398e+01
    endloop
  endfacet
  facet normal -6.052009e-01 7.897123e-01 -1.004309e-01
    outer loop
      vertex   2.075609e+01 -8.117794e+01 1.795195e+01
      vertex   2.072788e+01 -8.114843e+01 1.835398e+01
      vertex   2.109436e+01 -8.091870e+01 1.795195e+01
    endloop
  endfacet
  facet normal -6.052009e-01 7.897123e-01 -1.004309e-01
    outer loop
      vertex   2.109436e+01 -8.091870e+01 1.795195e+01
      vertex   2.072788e+01 -8.114843e+01 1.835398e+01
      vertex   2.107320e+01 -8.088379e+01 1.835398e+01
    endloop
  endfacet
  facet normal -4.201140e-01 9.018968e-01 -1.004309e-01
    outer loop
      vertex   2.109436e+01 -8.091870e+01 1.795195e+01
      vertex   2.107320e+01 -8.088379e+01 1.835398e+01
      vertex   2.148069e+01 -8.073875e+01 1.795195e+01
    endloop
  endfacet
  facet normal -4.201140e-01 9.018968e-01 -1.004309e-01
    outer loop
      vertex   2.148069e+01 -8.073875e+01 1.795195e+01
      vertex   2.107320e+01 -8.088379e+01 1.835398e+01
      vertex   2.146757e+01 -8.070009e+01 1.835398e+01
    endloop
  endfacet
  facet normal -2.151474e-01 9.714037e-01 -1.004309e-01
    outer loop
      vertex   2.148069e+01 -8.073875e+01 1.795195e+01
      vertex   2.146757e+01 -8.070009e+01 1.835398e+01
      vertex   2.189678e+01 -8.064659e+01 1.795195e+01
    endloop
  endfacet
  facet normal -2.151474e-01 9.714037e-01 -1.004309e-01
    outer loop
      vertex   2.189678e+01 -8.064659e+01 1.795195e+01
      vertex   2.146757e+01 -8.070009e+01 1.835398e+01
      vertex   2.189234e+01 -8.060601e+01 1.835398e+01
    endloop
  endfacet
  facet normal 0.000000e+00 9.949440e-01 -1.004309e-01
    outer loop
      vertex   2.189678e+01 -8.064659e+01 1.795195e+01
      vertex   2.189234e+01 -8.060601e+01 1.835398e+01
      vertex   2.232297e+01 -8.064659e+01 1.795195e+01
    endloop
  endfacet
  facet normal 0.000000e+00 9.949440e-01 -1.004309e-01
    outer loop
      vertex   2.232297e+01 -8.064659e+01 1.795195e+01
      vertex   2.189234e+01 -8.060601e+01 1.835398e+01
      vertex   2.232741e+01 -8.060601e+01 1.835398e+01
    endloop
  endfacet
  facet normal 2.151474e-01 9.714037e-01 -1.004309e-01
    outer loop
      vertex   2.232297e+01 -8.064659e+01 1.795195e+01
      vertex   2.232741e+01 -8.060601e+01 1.835398e+01
      vertex   2.273906e+01 -8.073875e+01 1.795195e+01
    endloop
  endfacet
  facet normal 2.151474e-01 9.714037e-01 -1.004309e-01
    outer loop
      vertex   2.273906e+01 -8.073875e+01 1.795195e+01
      vertex   2.232741e+01 -8.060601e+01 1.835398e+01
      vertex   2.275217e+01 -8.070009e+01 1.835398e+01
    endloop
  endfacet
  facet normal 4.201140e-01 9.018968e-01 -1.004309e-01
    outer loop
      vertex   2.273906e+01 -8.073875e+01 1.795195e+01
      vertex   2.275217e+01 -8.070009e+01 1.835398e+01
      vertex   2.312539e+01 -8.091870e+01 1.795195e+01
    endloop
  endfacet
  facet normal 4.201140e-01 9.018968e-01 -1.004309e-01
    outer loop
      vertex   2.312539e+01 -8.091870e+01 1.795195e+01
      vertex   2.275217e+01 -8.070009e+01 1.835398e+01
      vertex   2.314655e+01 -8.088379e+01 1.835398e+01
    endloop
  endfacet
  facet normal 6.052009e-01 7.897123e-01 -1.004309e-01
    outer loop
      vertex   2.312539e+01 -8.091870e+01 1.795195e+01
      vertex   2.314655e+01 -8.088379e+01 1.835398e+01
      vertex   2.346366e+01 -8.117794e+01 1.795195e+01
    endloop
  endfacet
  facet normal 6.052009e-01 7.897123e-01 -1.004309e-01
    outer loop
      vertex   2.346366e+01 -8.117794e+01 1.795195e+01
      vertex   2.314655e+01 -8.088379e+01 1.835398e+01
      vertex   2.349187e+01 -8.114843e+01 1.835398e+01
    endloop
  endfacet
  facet normal 7.616498e-01 6.401587e-01 -1.004309e-01
    outer loop
      vertex   2.346366e+01 -8.117794e+01 1.795195e+01
      vertex   2.349187e+01 -8.114843e+01 1.835398e+01
      vertex   2.373787e+01 -8.150419e+01 1.795195e+01
    endloop
  endfacet
  facet normal 7.616498e-01 6.401587e-01 -1.004309e-01
    outer loop
      vertex   2.373787e+01 -8.150419e+01 1.795195e+01
      vertex   2.349187e+01 -8.114843e+01 1.835398e+01
      vertex   2.377179e+01 -8.148148e+01 1.835398e+01
    endloop
  endfacet
  facet normal 8.820576e-01 4.603130e-01 -1.004309e-01
    outer loop
      vertex   2.373787e+01 -8.150419e+01 1.795195e+01
      vertex   2.377179e+01 -8.148148e+01 1.835398e+01
      vertex   2.393505e+01 -8.188202e+01 1.795195e+01
    endloop
  endfacet
  facet normal 8.820576e-01 4.603130e-01 -1.004309e-01
    outer loop
      vertex   2.393505e+01 -8.188202e+01 1.795195e+01
      vertex   2.377179e+01 -8.148148e+01 1.835398e+01
      vertex   2.397308e+01 -8.186718e+01 1.835398e+01
    endloop
  endfacet
  facet normal -9.397241e-02 2.017391e-01 -9.749208e-01
    outer loop
      vertex   2.188575e+01 -8.193324e+01 1.647968e+01
      vertex   2.167010e+01 -8.228728e+01 1.642721e+01
      vertex   2.174814e+01 -8.199734e+01 1.647968e+01
    endloop
  endfacet
  facet normal 5.455877e-01 2.847219e-01 -7.882052e-01
    outer loop
      vertex   2.339512e+01 -8.209268e+01 1.690599e+01
      vertex   2.309773e+01 -8.220871e+01 1.665822e+01
      vertex   2.325628e+01 -8.182662e+01 1.690599e+01
    endloop
  endfacet
  facet normal 5.455877e-01 2.847219e-01 -7.882052e-01
    outer loop
      vertex   2.325628e+01 -8.182662e+01 1.690599e+01
      vertex   2.309773e+01 -8.220871e+01 1.665822e+01
      vertex   2.299101e+01 -8.200422e+01 1.665822e+01
    endloop
  endfacet
  facet normal 4.711107e-01 3.959636e-01 -7.882052e-01
    outer loop
      vertex   2.325628e+01 -8.182662e+01 1.690599e+01
      vertex   2.299101e+01 -8.200422e+01 1.665822e+01
      vertex   2.306318e+01 -8.159688e+01 1.690599e+01
    endloop
  endfacet
  facet normal 4.711107e-01 3.959636e-01 -7.882052e-01
    outer loop
      vertex   2.306318e+01 -8.159688e+01 1.690599e+01
      vertex   2.299101e+01 -8.200422e+01 1.665822e+01
      vertex   2.284260e+01 -8.182764e+01 1.665822e+01
    endloop
  endfacet
  facet normal 3.743408e-01 4.884685e-01 -7.882052e-01
    outer loop
      vertex   2.306318e+01 -8.159688e+01 1.690599e+01
      vertex   2.284260e+01 -8.182764e+01 1.665822e+01
      vertex   2.282498e+01 -8.141433e+01 1.690599e+01
    endloop
  endfacet
  facet normal 3.743408e-01 4.884685e-01 -7.882052e-01
    outer loop
      vertex   2.282498e+01 -8.141433e+01 1.690599e+01
      vertex   2.284260e+01 -8.182764e+01 1.665822e+01
      vertex   2.265951e+01 -8.168733e+01 1.665822e+01
    endloop
  endfacet
  facet normal 2.598572e-01 5.578590e-01 -7.882052e-01
    outer loop
      vertex   2.282498e+01 -8.141433e+01 1.690599e+01
      vertex   2.265951e+01 -8.168733e+01 1.665822e+01
      vertex   2.255294e+01 -8.128761e+01 1.690599e+01
    endloop
  endfacet
  facet normal 2.598572e-01 5.578590e-01 -7.882052e-01
    outer loop
      vertex   2.255294e+01 -8.128761e+01 1.690599e+01
      vertex   2.265951e+01 -8.168733e+01 1.665822e+01
      vertex   2.245042e+01 -8.158993e+01 1.665822e+01
    endloop
  endfacet
  facet normal 1.330772e-01 6.008519e-01 -7.882052e-01
    outer loop
      vertex   2.255294e+01 -8.128761e+01 1.690599e+01
      vertex   2.245042e+01 -8.158993e+01 1.665822e+01
      vertex   2.225993e+01 -8.122271e+01 1.690599e+01
    endloop
  endfacet
  facet normal 1.330772e-01 6.008519e-01 -7.882052e-01
    outer loop
      vertex   2.225993e+01 -8.122271e+01 1.690599e+01
      vertex   2.245042e+01 -8.158993e+01 1.665822e+01
      vertex   2.222521e+01 -8.154005e+01 1.665822e+01
    endloop
  endfacet
  facet normal 0.000000e+00 6.154125e-01 -7.882052e-01
    outer loop
      vertex   2.225993e+01 -8.122271e+01 1.690599e+01
      vertex   2.222521e+01 -8.154005e+01 1.665822e+01
      vertex   2.195982e+01 -8.122271e+01 1.690599e+01
    endloop
  endfacet
  facet normal 0.000000e+00 6.154125e-01 -7.882052e-01
    outer loop
      vertex   2.195982e+01 -8.122271e+01 1.690599e+01
      vertex   2.222521e+01 -8.154005e+01 1.665822e+01
      vertex   2.199454e+01 -8.154005e+01 1.665822e+01
    endloop
  endfacet
  facet normal -1.330772e-01 6.008519e-01 -7.882052e-01
    outer loop
      vertex   2.195982e+01 -8.122271e+01 1.690599e+01
      vertex   2.199454e+01 -8.154005e+01 1.665822e+01
      vertex   2.166681e+01 -8.128761e+01 1.690599e+01
    endloop
  endfacet
  facet normal -1.330772e-01 6.008519e-01 -7.882052e-01
    outer loop
      vertex   2.166681e+01 -8.128761e+01 1.690599e+01
      vertex   2.199454e+01 -8.154005e+01 1.665822e+01
      vertex   2.176933e+01 -8.158993e+01 1.665822e+01
    endloop
  endfacet
  facet normal -2.598572e-01 5.578590e-01 -7.882052e-01
    outer loop
      vertex   2.166681e+01 -8.128761e+01 1.690599e+01
      vertex   2.176933e+01 -8.158993e+01 1.665822e+01
      vertex   2.139477e+01 -8.141433e+01 1.690599e+01
    endloop
  endfacet
  facet normal -2.598572e-01 5.578590e-01 -7.882052e-01
    outer loop
      vertex   2.139477e+01 -8.141433e+01 1.690599e+01
      vertex   2.176933e+01 -8.158993e+01 1.665822e+01
      vertex   2.156024e+01 -8.168733e+01 1.665822e+01
    endloop
  endfacet
  facet normal -3.743408e-01 4.884685e-01 -7.882052e-01
    outer loop
      vertex   2.139477e+01 -8.141433e+01 1.690599e+01
      vertex   2.156024e+01 -8.168733e+01 1.665822e+01
      vertex   2.115657e+01 -8.159688e+01 1.690599e+01
    endloop
  endfacet
  facet normal -3.743408e-01 4.884685e-01 -7.882052e-01
    outer loop
      vertex   2.115657e+01 -8.159688e+01 1.690599e+01
      vertex   2.156024e+01 -8.168733e+01 1.665822e+01
      vertex   2.137715e+01 -8.182764e+01 1.665822e+01
    endloop
  endfacet
  facet normal -4.711107e-01 3.959636e-01 -7.882052e-01
    outer loop
      vertex   2.115657e+01 -8.159688e+01 1.690599e+01
      vertex   2.137715e+01 -8.182764e+01 1.665822e+01
      vertex   2.096347e+01 -8.182662e+01 1.690599e+01
    endloop
  endfacet
  facet normal -4.711107e-01 3.959636e-01 -7.882052e-01
    outer loop
      vertex   2.096347e+01 -8.182662e+01 1.690599e+01
      vertex   2.137715e+01 -8.182764e+01 1.665822e+01
      vertex   2.122874e+01 -8.200422e+01 1.665822e+01
    endloop
  endfacet
  facet normal -5.455877e-01 2.847219e-01 -7.882052e-01
    outer loop
      vertex   2.096347e+01 -8.182662e+01 1.690599e+01
      vertex   2.122874e+01 -8.200422e+01 1.665822e+01
      vertex   2.082463e+01 -8.209268e+01 1.690599e+01
    endloop
  endfacet
  facet normal -5.455877e-01 2.847219e-01 -7.882052e-01
    outer loop
      vertex   2.082463e+01 -8.209268e+01 1.690599e+01
      vertex   2.122874e+01 -8.200422e+01 1.665822e+01
      vertex   2.112202e+01 -8.220871e+01 1.665822e+01
    endloop
  endfacet
  facet normal 6.749466e-01 3.522295e-01 -6.483683e-01
    outer loop
      vertex   2.364005e+01 -8.199712e+01 1.721287e+01
      vertex   2.339512e+01 -8.209268e+01 1.690599e+01
      vertex   2.347474e+01 -8.168036e+01 1.721287e+01
    endloop
  endfacet
  facet normal 6.749466e-01 3.522295e-01 -6.483683e-01
    outer loop
      vertex   2.347474e+01 -8.168036e+01 1.721287e+01
      vertex   2.339512e+01 -8.209268e+01 1.690599e+01
      vertex   2.325628e+01 -8.182662e+01 1.690599e+01
    endloop
  endfacet
  facet normal 5.828111e-01 4.898467e-01 -6.483683e-01
    outer loop
      vertex   2.347474e+01 -8.168036e+01 1.721287e+01
      vertex   2.325628e+01 -8.182662e+01 1.690599e+01
      vertex   2.324485e+01 -8.140684e+01 1.721287e+01
    endloop
  endfacet
  facet normal 5.828111e-01 4.898467e-01 -6.483683e-01
    outer loop
      vertex   2.324485e+01 -8.140684e+01 1.721287e+01
      vertex   2.325628e+01 -8.182662e+01 1.690599e+01
      vertex   2.306318e+01 -8.159688e+01 1.690599e+01
    endloop
  endfacet
  facet normal 4.630971e-01 6.042844e-01 -6.483683e-01
    outer loop
      vertex   2.324485e+01 -8.140684e+01 1.721287e+01
      vertex   2.306318e+01 -8.159688e+01 1.690599e+01
      vertex   2.296125e+01 -8.118950e+01 1.721287e+01
    endloop
  endfacet
  facet normal 4.630971e-01 6.042844e-01 -6.483683e-01
    outer loop
      vertex   2.296125e+01 -8.118950e+01 1.721287e+01
      vertex   2.306318e+01 -8.159688e+01 1.690599e+01
      vertex   2.282498e+01 -8.141433e+01 1.690599e+01
    endloop
  endfacet
  facet normal 3.214694e-01 6.901275e-01 -6.483683e-01
    outer loop
      vertex   2.296125e+01 -8.118950e+01 1.721287e+01
      vertex   2.282498e+01 -8.141433e+01 1.690599e+01
      vertex   2.263737e+01 -8.103863e+01 1.721287e+01
    endloop
  endfacet
  facet normal 3.214694e-01 6.901275e-01 -6.483683e-01
    outer loop
      vertex   2.263737e+01 -8.103863e+01 1.721287e+01
      vertex   2.282498e+01 -8.141433e+01 1.690599e+01
      vertex   2.255294e+01 -8.128761e+01 1.690599e+01
    endloop
  endfacet
  facet normal 1.646298e-01 7.433139e-01 -6.483683e-01
    outer loop
      vertex   2.263737e+01 -8.103863e+01 1.721287e+01
      vertex   2.255294e+01 -8.128761e+01 1.690599e+01
      vertex   2.228852e+01 -8.096137e+01 1.721287e+01
    endloop
  endfacet
  facet normal 1.646298e-01 7.433139e-01 -6.483683e-01
    outer loop
      vertex   2.228852e+01 -8.096137e+01 1.721287e+01
      vertex   2.255294e+01 -8.128761e+01 1.690599e+01
      vertex   2.225993e+01 -8.122271e+01 1.690599e+01
    endloop
  endfacet
  facet normal 0.000000e+00 7.613269e-01 -6.483683e-01
    outer loop
      vertex   2.228852e+01 -8.096137e+01 1.721287e+01
      vertex   2.225993e+01 -8.122271e+01 1.690599e+01
      vertex   2.193123e+01 -8.096137e+01 1.721287e+01
    endloop
  endfacet
  facet normal 0.000000e+00 7.613269e-01 -6.483683e-01
    outer loop
      vertex   2.193123e+01 -8.096137e+01 1.721287e+01
      vertex   2.225993e+01 -8.122271e+01 1.690599e+01
      vertex   2.195982e+01 -8.122271e+01 1.690599e+01
    endloop
  endfacet
  facet normal -1.646298e-01 7.433139e-01 -6.483683e-01
    outer loop
      vertex   2.193123e+01 -8.096137e+01 1.721287e+01
      vertex   2.195982e+01 -8.122271e+01 1.690599e+01
      vertex   2.158238e+01 -8.103863e+01 1.721287e+01
    endloop
  endfacet
  facet normal -1.646298e-01 7.433139e-01 -6.483683e-01
    outer loop
      vertex   2.158238e+01 -8.103863e+01 1.721287e+01
      vertex   2.195982e+01 -8.122271e+01 1.690599e+01
      vertex   2.166681e+01 -8.128761e+01 1.690599e+01
    endloop
  endfacet
  facet normal -3.214694e-01 6.901275e-01 -6.483683e-01
    outer loop
      vertex   2.158238e+01 -8.103863e+01 1.721287e+01
      vertex   2.166681e+01 -8.128761e+01 1.690599e+01
      vertex   2.125850e+01 -8.118950e+01 1.721287e+01
    endloop
  endfacet
  facet normal -3.214694e-01 6.901275e-01 -6.483683e-01
    outer loop
      vertex   2.125850e+01 -8.118950e+01 1.721287e+01
      vertex   2.166681e+01 -8.128761e+01 1.690599e+01
      vertex   2.139477e+01 -8.141433e+01 1.690599e+01
    endloop
  endfacet
  facet normal -4.630971e-01 6.042844e-01 -6.483683e-01
    outer loop
      vertex   2.125850e+01 -8.118950e+01 1.721287e+01
      vertex   2.139477e+01 -8.141433e+01 1.690599e+01
      vertex   2.097490e+01 -8.140684e+01 1.721287e+01
    endloop
  endfacet
  facet normal -4.630971e-01 6.042844e-01 -6.483683e-01
    outer loop
      vertex   2.097490e+01 -8.140684e+01 1.721287e+01
      vertex   2.139477e+01 -8.141433e+01 1.690599e+01
      vertex   2.115657e+01 -8.159688e+01 1.690599e+01
    endloop
  endfacet
  facet normal -5.828111e-01 4.898467e-01 -6.483683e-01
    outer loop
      vertex   2.097490e+01 -8.140684e+01 1.721287e+01
      vertex   2.115657e+01 -8.159688e+01 1.690599e+01
      vertex   2.074501e+01 -8.168036e+01 1.721287e+01
    endloop
  endfacet
  facet normal -5.828111e-01 4.898467e-01 -6.483683e-01
    outer loop
      vertex   2.074501e+01 -8.168036e+01 1.721287e+01
      vertex   2.115657e+01 -8.159688e+01 1.690599e+01
      vertex   2.096347e+01 -8.182662e+01 1.690599e+01
    endloop
  endfacet
  facet normal -6.749466e-01 3.522295e-01 -6.483683e-01
    outer loop
      vertex   2.074501e+01 -8.168036e+01 1.721287e+01
      vertex   2.096347e+01 -8.182662e+01 1.690599e+01
      vertex   2.057970e+01 -8.199712e+01 1.721287e+01
    endloop
  endfacet
  facet normal -6.749466e-01 3.522295e-01 -6.483683e-01
    outer loop
      vertex   2.057970e+01 -8.199712e+01 1.721287e+01
      vertex   2.096347e+01 -8.182662e+01 1.690599e+01
      vertex   2.082463e+01 -8.209268e+01 1.690599e+01
    endloop
  endfacet
  facet normal 8.464454e-01 4.417283e-01 -2.973321e-01
    outer loop
      vertex   2.373787e+01 -8.150419e+01 1.795195e+01
      vertex   2.393505e+01 -8.188202e+01 1.795195e+01
      vertex   2.382250e+01 -8.192593e+01 1.756633e+01
    endloop
  endfacet
  facet normal 7.765343e-01 4.052443e-01 -4.824640e-01
    outer loop
      vertex   2.382250e+01 -8.192593e+01 1.756633e+01
      vertex   2.364005e+01 -8.199712e+01 1.721287e+01
      vertex   2.363749e+01 -8.157140e+01 1.756633e+01
    endloop
  endfacet
  facet normal 7.765343e-01 4.052443e-01 -4.824640e-01
    outer loop
      vertex   2.363749e+01 -8.157140e+01 1.756633e+01
      vertex   2.364005e+01 -8.199712e+01 1.721287e+01
      vertex   2.347474e+01 -8.168036e+01 1.721287e+01
    endloop
  endfacet
  facet normal 6.705313e-01 5.635746e-01 -4.824640e-01
    outer loop
      vertex   2.363749e+01 -8.157140e+01 1.756633e+01
      vertex   2.347474e+01 -8.168036e+01 1.721287e+01
      vertex   2.338019e+01 -8.126526e+01 1.756633e+01
    endloop
  endfacet
  facet normal 6.705313e-01 5.635746e-01 -4.824640e-01
    outer loop
      vertex   2.338019e+01 -8.126526e+01 1.756633e+01
      vertex   2.347474e+01 -8.168036e+01 1.721287e+01
      vertex   2.324485e+01 -8.140684e+01 1.721287e+01
    endloop
  endfacet
  facet normal 5.327989e-01 6.952366e-01 -4.824640e-01
    outer loop
      vertex   2.338019e+01 -8.126526e+01 1.756633e+01
      vertex   2.324485e+01 -8.140684e+01 1.721287e+01
      vertex   2.306277e+01 -8.102201e+01 1.756633e+01
    endloop
  endfacet
  facet normal 5.327989e-01 6.952366e-01 -4.824640e-01
    outer loop
      vertex   2.306277e+01 -8.102201e+01 1.756633e+01
      vertex   2.324485e+01 -8.140684e+01 1.721287e+01
      vertex   2.296125e+01 -8.118950e+01 1.721287e+01
    endloop
  endfacet
  facet normal 3.698545e-01 7.940001e-01 -4.824640e-01
    outer loop
      vertex   2.306277e+01 -8.102201e+01 1.756633e+01
      vertex   2.296125e+01 -8.118950e+01 1.721287e+01
      vertex   2.270027e+01 -8.085315e+01 1.756633e+01
    endloop
  endfacet
  facet normal 3.698545e-01 7.940001e-01 -4.824640e-01
    outer loop
      vertex   2.270027e+01 -8.085315e+01 1.756633e+01
      vertex   2.296125e+01 -8.118950e+01 1.721287e+01
      vertex   2.263737e+01 -8.103863e+01 1.721287e+01
    endloop
  endfacet
  facet normal 1.894086e-01 8.551917e-01 -4.824640e-01
    outer loop
      vertex   2.270027e+01 -8.085315e+01 1.756633e+01
      vertex   2.263737e+01 -8.103863e+01 1.721287e+01
      vertex   2.230983e+01 -8.076668e+01 1.756633e+01
    endloop
  endfacet
  facet normal 1.894086e-01 8.551917e-01 -4.824640e-01
    outer loop
      vertex   2.230983e+01 -8.076668e+01 1.756633e+01
      vertex   2.263737e+01 -8.103863e+01 1.721287e+01
      vertex   2.228852e+01 -8.096137e+01 1.721287e+01
    endloop
  endfacet
  facet normal 0.000000e+00 8.759158e-01 -4.824640e-01
    outer loop
      vertex   2.230983e+01 -8.076668e+01 1.756633e+01
      vertex   2.228852e+01 -8.096137e+01 1.721287e+01
      vertex   2.190992e+01 -8.076668e+01 1.756633e+01
    endloop
  endfacet
  facet normal 0.000000e+00 8.759158e-01 -4.824640e-01
    outer loop
      vertex   2.190992e+01 -8.076668e+01 1.756633e+01
      vertex   2.228852e+01 -8.096137e+01 1.721287e+01
      vertex   2.193123e+01 -8.096137e+01 1.721287e+01
    endloop
  endfacet
  facet normal -1.894086e-01 8.551917e-01 -4.824640e-01
    outer loop
      vertex   2.190992e+01 -8.076668e+01 1.756633e+01
      vertex   2.193123e+01 -8.096137e+01 1.721287e+01
      vertex   2.151948e+01 -8.085315e+01 1.756633e+01
    endloop
  endfacet
  facet normal -1.894086e-01 8.551917e-01 -4.824640e-01
    outer loop
      vertex   2.151948e+01 -8.085315e+01 1.756633e+01
      vertex   2.193123e+01 -8.096137e+01 1.721287e+01
      vertex   2.158238e+01 -8.103863e+01 1.721287e+01
    endloop
  endfacet
  facet normal -3.698545e-01 7.940001e-01 -4.824640e-01
    outer loop
      vertex   2.151948e+01 -8.085315e+01 1.756633e+01
      vertex   2.158238e+01 -8.103863e+01 1.721287e+01
      vertex   2.115698e+01 -8.102201e+01 1.756633e+01
    endloop
  endfacet
  facet normal -3.698545e-01 7.940001e-01 -4.824640e-01
    outer loop
      vertex   2.115698e+01 -8.102201e+01 1.756633e+01
      vertex   2.158238e+01 -8.103863e+01 1.721287e+01
      vertex   2.125850e+01 -8.118950e+01 1.721287e+01
    endloop
  endfacet
  facet normal -5.327989e-01 6.952366e-01 -4.824640e-01
    outer loop
      vertex   2.115698e+01 -8.102201e+01 1.756633e+01
      vertex   2.125850e+01 -8.118950e+01 1.721287e+01
      vertex   2.083956e+01 -8.126526e+01 1.756633e+01
    endloop
  endfacet
  facet normal -5.327989e-01 6.952366e-01 -4.824640e-01
    outer loop
      vertex   2.083956e+01 -8.126526e+01 1.756633e+01
      vertex   2.125850e+01 -8.118950e+01 1.721287e+01
      vertex   2.097490e+01 -8.140684e+01 1.721287e+01
    endloop
  endfacet
  facet normal -6.705313e-01 5.635746e-01 -4.824640e-01
    outer loop
      vertex   2.083956e+01 -8.126526e+01 1.756633e+01
      vertex   2.097490e+01 -8.140684e+01 1.721287e+01
      vertex   2.058226e+01 -8.157140e+01 1.756633e+01
    endloop
  endfacet
  facet normal -6.705313e-01 5.635746e-01 -4.824640e-01
    outer loop
      vertex   2.058226e+01 -8.157140e+01 1.756633e+01
      vertex   2.097490e+01 -8.140684e+01 1.721287e+01
      vertex   2.074501e+01 -8.168036e+01 1.721287e+01
    endloop
  endfacet
  facet normal -7.765343e-01 4.052443e-01 -4.824640e-01
    outer loop
      vertex   2.058226e+01 -8.157140e+01 1.756633e+01
      vertex   2.074501e+01 -8.168036e+01 1.721287e+01
      vertex   2.039725e+01 -8.192593e+01 1.756633e+01
    endloop
  endfacet
  facet normal -7.765343e-01 4.052443e-01 -4.824640e-01
    outer loop
      vertex   2.039725e+01 -8.192593e+01 1.756633e+01
      vertex   2.074501e+01 -8.168036e+01 1.721287e+01
      vertex   2.057970e+01 -8.199712e+01 1.721287e+01
    endloop
  endfacet
  facet normal 7.308989e-01 6.143129e-01 -2.973321e-01
    outer loop
      vertex   2.338019e+01 -8.126526e+01 1.756633e+01
      vertex   2.346366e+01 -8.117794e+01 1.795195e+01
      vertex   2.363749e+01 -8.157140e+01 1.756633e+01
    endloop
  endfacet
  facet normal 7.308989e-01 6.143129e-01 -2.973321e-01
    outer loop
      vertex   2.363749e+01 -8.157140e+01 1.756633e+01
      vertex   2.346366e+01 -8.117794e+01 1.795195e+01
      vertex   2.373787e+01 -8.150419e+01 1.795195e+01
    endloop
  endfacet
  facet normal 8.464454e-01 4.417283e-01 -2.973321e-01
    outer loop
      vertex   2.363749e+01 -8.157140e+01 1.756633e+01
      vertex   2.373787e+01 -8.150419e+01 1.795195e+01
      vertex   2.382250e+01 -8.192593e+01 1.756633e+01
    endloop
  endfacet
  facet normal 5.807665e-01 7.578284e-01 -2.973321e-01
    outer loop
      vertex   2.346366e+01 -8.117794e+01 1.795195e+01
      vertex   2.338019e+01 -8.126526e+01 1.756633e+01
      vertex   2.312539e+01 -8.091870e+01 1.795195e+01
    endloop
  endfacet
  facet normal 5.807665e-01 7.578284e-01 -2.973321e-01
    outer loop
      vertex   2.312539e+01 -8.091870e+01 1.795195e+01
      vertex   2.338019e+01 -8.126526e+01 1.756633e+01
      vertex   2.306277e+01 -8.102201e+01 1.756633e+01
    endloop
  endfacet
  facet normal 4.031523e-01 8.654836e-01 -2.973321e-01
    outer loop
      vertex   2.312539e+01 -8.091870e+01 1.795195e+01
      vertex   2.306277e+01 -8.102201e+01 1.756633e+01
      vertex   2.273906e+01 -8.073875e+01 1.795195e+01
    endloop
  endfacet
  facet normal 4.031523e-01 8.654836e-01 -2.973321e-01
    outer loop
      vertex   2.273906e+01 -8.073875e+01 1.795195e+01
      vertex   2.306277e+01 -8.102201e+01 1.756633e+01
      vertex   2.270027e+01 -8.085315e+01 1.756633e+01
    endloop
  endfacet
  facet normal 2.064610e-01 9.321843e-01 -2.973321e-01
    outer loop
      vertex   2.273906e+01 -8.073875e+01 1.795195e+01
      vertex   2.270027e+01 -8.085315e+01 1.756633e+01
      vertex   2.232297e+01 -8.064659e+01 1.795195e+01
    endloop
  endfacet
  facet normal 2.064610e-01 9.321843e-01 -2.973321e-01
    outer loop
      vertex   2.232297e+01 -8.064659e+01 1.795195e+01
      vertex   2.270027e+01 -8.085315e+01 1.756633e+01
      vertex   2.230983e+01 -8.076668e+01 1.756633e+01
    endloop
  endfacet
  facet normal 0.000000e+00 9.547741e-01 -2.973321e-01
    outer loop
      vertex   2.232297e+01 -8.064659e+01 1.795195e+01
      vertex   2.230983e+01 -8.076668e+01 1.756633e+01
      vertex   2.189678e+01 -8.064659e+01 1.795195e+01
    endloop
  endfacet
  facet normal 0.000000e+00 9.547741e-01 -2.973321e-01
    outer loop
      vertex   2.189678e+01 -8.064659e+01 1.795195e+01
      vertex   2.230983e+01 -8.076668e+01 1.756633e+01
      vertex   2.190992e+01 -8.076668e+01 1.756633e+01
    endloop
  endfacet
  facet normal -2.064610e-01 9.321843e-01 -2.973321e-01
    outer loop
      vertex   2.189678e+01 -8.064659e+01 1.795195e+01
      vertex   2.190992e+01 -8.076668e+01 1.756633e+01
      vertex   2.148069e+01 -8.073875e+01 1.795195e+01
    endloop
  endfacet
  facet normal -2.064610e-01 9.321843e-01 -2.973321e-01
    outer loop
      vertex   2.148069e+01 -8.073875e+01 1.795195e+01
      vertex   2.190992e+01 -8.076668e+01 1.756633e+01
      vertex   2.151948e+01 -8.085315e+01 1.756633e+01
    endloop
  endfacet
  facet normal -4.031523e-01 8.654836e-01 -2.973321e-01
    outer loop
      vertex   2.148069e+01 -8.073875e+01 1.795195e+01
      vertex   2.151948e+01 -8.085315e+01 1.756633e+01
      vertex   2.109436e+01 -8.091870e+01 1.795195e+01
    endloop
  endfacet
  facet normal -4.031523e-01 8.654836e-01 -2.973321e-01
    outer loop
      vertex   2.109436e+01 -8.091870e+01 1.795195e+01
      vertex   2.151948e+01 -8.085315e+01 1.756633e+01
      vertex   2.115698e+01 -8.102201e+01 1.756633e+01
    endloop
  endfacet
  facet normal -5.807665e-01 7.578284e-01 -2.973321e-01
    outer loop
      vertex   2.109436e+01 -8.091870e+01 1.795195e+01
      vertex   2.115698e+01 -8.102201e+01 1.756633e+01
      vertex   2.075609e+01 -8.117794e+01 1.795195e+01
    endloop
  endfacet
  facet normal -5.807665e-01 7.578284e-01 -2.973321e-01
    outer loop
      vertex   2.075609e+01 -8.117794e+01 1.795195e+01
      vertex   2.115698e+01 -8.102201e+01 1.756633e+01
      vertex   2.083956e+01 -8.126526e+01 1.756633e+01
    endloop
  endfacet
  facet normal -7.308989e-01 6.143129e-01 -2.973321e-01
    outer loop
      vertex   2.075609e+01 -8.117794e+01 1.795195e+01
      vertex   2.083956e+01 -8.126526e+01 1.756633e+01
      vertex   2.048188e+01 -8.150419e+01 1.795195e+01
    endloop
  endfacet
  facet normal -7.308989e-01 6.143129e-01 -2.973321e-01
    outer loop
      vertex   2.048188e+01 -8.150419e+01 1.795195e+01
      vertex   2.083956e+01 -8.126526e+01 1.756633e+01
      vertex   2.058226e+01 -8.157140e+01 1.756633e+01
    endloop
  endfacet
  facet normal -8.464454e-01 4.417283e-01 -2.973321e-01
    outer loop
      vertex   2.048188e+01 -8.150419e+01 1.795195e+01
      vertex   2.058226e+01 -8.157140e+01 1.756633e+01
      vertex   2.028470e+01 -8.188202e+01 1.795195e+01
    endloop
  endfacet
  facet normal -8.464454e-01 4.417283e-01 -2.973321e-01
    outer loop
      vertex   2.028470e+01 -8.188202e+01 1.795195e+01
      vertex   2.058226e+01 -8.157140e+01 1.756633e+01
      vertex   2.039725e+01 -8.192593e+01 1.756633e+01
    endloop
  endfacet
  facet normal 1.626648e-02 -1.097072e-01 -9.938308e-01
    outer loop
      vertex   9.060420e+01 -5.339815e+01 1.636124e+01
      vertex   9.034423e+01 -5.382516e+01 1.640412e+01
      vertex   9.016052e+01 -5.339815e+01 1.635398e+01
    endloop
  endfacet
  facet normal 1.098643e-02 -1.119577e-01 -9.936522e-01
    outer loop
      vertex   9.016052e+01 -5.339815e+01 1.635398e+01
      vertex   9.034423e+01 -5.382516e+01 1.640412e+01
      vertex   9.016052e+01 -5.384319e+01 1.640412e+01
    endloop
  endfacet
  facet normal -1.098643e-02 -1.119577e-01 -9.936522e-01
    outer loop
      vertex   9.016052e+01 -5.339815e+01 1.635398e+01
      vertex   9.016052e+01 -5.384319e+01 1.640412e+01
      vertex   8.997682e+01 -5.382516e+01 1.640412e+01
    endloop
  endfacet
  facet normal -3.239334e-02 -3.301057e-01 -9.433880e-01
    outer loop
      vertex   8.997682e+01 -5.382516e+01 1.640412e+01
      vertex   9.016052e+01 -5.384319e+01 1.640412e+01
      vertex   9.016052e+01 -5.426592e+01 1.655204e+01
    endloop
  endfacet
  facet normal -3.239334e-02 -3.301057e-01 -9.433880e-01
    outer loop
      vertex   8.997682e+01 -5.382516e+01 1.640412e+01
      vertex   9.016052e+01 -5.426592e+01 1.655204e+01
      vertex   8.989464e+01 -5.423983e+01 1.655204e+01
    endloop
  endfacet
  facet normal -5.213741e-02 -5.313085e-01 -8.455726e-01
    outer loop
      vertex   8.989464e+01 -5.423983e+01 1.655204e+01
      vertex   9.016052e+01 -5.426592e+01 1.655204e+01
      vertex   9.016052e+01 -5.464513e+01 1.679031e+01
    endloop
  endfacet
  facet normal -5.213741e-02 -5.313085e-01 -8.455726e-01
    outer loop
      vertex   8.989464e+01 -5.423983e+01 1.655204e+01
      vertex   9.016052e+01 -5.464513e+01 1.679031e+01
      vertex   8.982093e+01 -5.461180e+01 1.679031e+01
    endloop
  endfacet
  facet normal -6.922209e-02 -7.054106e-01 -7.054106e-01
    outer loop
      vertex   8.982093e+01 -5.461180e+01 1.679031e+01
      vertex   9.016052e+01 -5.464513e+01 1.679031e+01
      vertex   9.016052e+01 -5.496181e+01 1.710700e+01
    endloop
  endfacet
  facet normal -6.922209e-02 -7.054106e-01 -7.054106e-01
    outer loop
      vertex   8.982093e+01 -5.461180e+01 1.679031e+01
      vertex   9.016052e+01 -5.496181e+01 1.710700e+01
      vertex   8.975937e+01 -5.492245e+01 1.710700e+01
    endloop
  endfacet
  facet normal -8.280388e-02 -8.438164e-01 -5.302050e-01
    outer loop
      vertex   8.975937e+01 -5.492245e+01 1.710700e+01
      vertex   9.016052e+01 -5.496181e+01 1.710700e+01
      vertex   9.016052e+01 -5.520009e+01 1.748621e+01
    endloop
  endfacet
  facet normal -8.280388e-02 -8.438164e-01 -5.302050e-01
    outer loop
      vertex   8.975937e+01 -5.492245e+01 1.710700e+01
      vertex   9.016052e+01 -5.520009e+01 1.748621e+01
      vertex   8.971305e+01 -5.515618e+01 1.748621e+01
    endloop
  endfacet
  facet normal -9.222869e-02 -9.398604e-01 -3.288714e-01
    outer loop
      vertex   8.971305e+01 -5.515618e+01 1.748621e+01
      vertex   9.016052e+01 -5.520009e+01 1.748621e+01
      vertex   9.016052e+01 -5.534800e+01 1.790893e+01
    endloop
  endfacet
  facet normal -9.222869e-02 -9.398604e-01 -3.288714e-01
    outer loop
      vertex   8.971305e+01 -5.515618e+01 1.748621e+01
      vertex   9.016052e+01 -5.534800e+01 1.790893e+01
      vertex   8.968430e+01 -5.530127e+01 1.790893e+01
    endloop
  endfacet
  facet normal -9.705284e-02 -9.890211e-01 -1.114359e-01
    outer loop
      vertex   8.968430e+01 -5.530127e+01 1.790893e+01
      vertex   9.016052e+01 -5.534800e+01 1.790893e+01
      vertex   9.016052e+01 -5.539815e+01 1.835398e+01
    endloop
  endfacet
  facet normal -9.705284e-02 -9.890211e-01 -1.114359e-01
    outer loop
      vertex   8.968430e+01 -5.530127e+01 1.790893e+01
      vertex   9.016052e+01 -5.539815e+01 1.835398e+01
      vertex   8.967455e+01 -5.535046e+01 1.835398e+01
    endloop
  endfacet
  facet normal 1.370737e-01 1.726511e-01 -9.753986e-01
    outer loop
      vertex   9.105559e+01 -5.339815e+01 1.642467e+01
      vertex   9.094441e+01 -5.342599e+01 1.640412e+01
      vertex   9.060420e+01 -5.339815e+01 1.636124e+01
    endloop
  endfacet
  facet normal 1.167015e-01 -9.640495e-02 -9.884770e-01
    outer loop
      vertex   9.060420e+01 -5.339815e+01 1.636124e+01
      vertex   9.094441e+01 -5.342599e+01 1.640412e+01
      vertex   9.082685e+01 -5.356830e+01 1.640412e+01
    endloop
  endfacet
  facet normal 9.827430e-02 -1.203609e-01 -9.878539e-01
    outer loop
      vertex   9.060420e+01 -5.339815e+01 1.636124e+01
      vertex   9.082685e+01 -5.356830e+01 1.640412e+01
      vertex   9.068387e+01 -5.368505e+01 1.640412e+01
    endloop
  endfacet
  facet normal 2.097800e-01 -2.569270e-01 -9.433880e-01
    outer loop
      vertex   9.068387e+01 -5.368505e+01 1.640412e+01
      vertex   9.082685e+01 -5.356830e+01 1.640412e+01
      vertex   9.112491e+01 -5.386807e+01 1.655204e+01
    endloop
  endfacet
  facet normal 2.097800e-01 -2.569270e-01 -9.433880e-01
    outer loop
      vertex   9.068387e+01 -5.368505e+01 1.640412e+01
      vertex   9.112491e+01 -5.386807e+01 1.655204e+01
      vertex   9.091797e+01 -5.403703e+01 1.655204e+01
    endloop
  endfacet
  facet normal 3.376430e-01 -4.135265e-01 -8.455726e-01
    outer loop
      vertex   9.091797e+01 -5.403703e+01 1.655204e+01
      vertex   9.112491e+01 -5.386807e+01 1.655204e+01
      vertex   9.139228e+01 -5.413698e+01 1.679031e+01
    endloop
  endfacet
  facet normal 3.376430e-01 -4.135265e-01 -8.455726e-01
    outer loop
      vertex   9.091797e+01 -5.403703e+01 1.655204e+01
      vertex   9.139228e+01 -5.413698e+01 1.679031e+01
      vertex   9.112797e+01 -5.435279e+01 1.679031e+01
    endloop
  endfacet
  facet normal 4.482838e-01 -5.490332e-01 -7.054106e-01
    outer loop
      vertex   9.112797e+01 -5.435279e+01 1.679031e+01
      vertex   9.139228e+01 -5.413698e+01 1.679031e+01
      vertex   9.161557e+01 -5.436155e+01 1.710700e+01
    endloop
  endfacet
  facet normal 4.482838e-01 -5.490332e-01 -7.054106e-01
    outer loop
      vertex   9.112797e+01 -5.435279e+01 1.679031e+01
      vertex   9.161557e+01 -5.436155e+01 1.710700e+01
      vertex   9.130335e+01 -5.461648e+01 1.710700e+01
    endloop
  endfacet
  facet normal 5.362397e-01 -6.567569e-01 -5.302050e-01
    outer loop
      vertex   9.130335e+01 -5.461648e+01 1.710700e+01
      vertex   9.161557e+01 -5.436155e+01 1.710700e+01
      vertex   9.178357e+01 -5.453052e+01 1.748621e+01
    endloop
  endfacet
  facet normal 5.362397e-01 -6.567569e-01 -5.302050e-01
    outer loop
      vertex   9.130335e+01 -5.461648e+01 1.710700e+01
      vertex   9.178357e+01 -5.453052e+01 1.748621e+01
      vertex   9.143530e+01 -5.481488e+01 1.748621e+01
    endloop
  endfacet
  facet normal 5.972750e-01 -7.315095e-01 -3.288714e-01
    outer loop
      vertex   9.143530e+01 -5.481488e+01 1.748621e+01
      vertex   9.178357e+01 -5.453052e+01 1.748621e+01
      vertex   9.188787e+01 -5.463541e+01 1.790893e+01
    endloop
  endfacet
  facet normal 5.972750e-01 -7.315095e-01 -3.288714e-01
    outer loop
      vertex   9.143530e+01 -5.481488e+01 1.748621e+01
      vertex   9.188787e+01 -5.463541e+01 1.790893e+01
      vertex   9.151721e+01 -5.493805e+01 1.790893e+01
    endloop
  endfacet
  facet normal 6.285164e-01 -7.697722e-01 -1.114359e-01
    outer loop
      vertex   9.151721e+01 -5.493805e+01 1.790893e+01
      vertex   9.188787e+01 -5.463541e+01 1.790893e+01
      vertex   9.192322e+01 -5.467097e+01 1.835398e+01
    endloop
  endfacet
  facet normal 6.285164e-01 -7.697722e-01 -1.114359e-01
    outer loop
      vertex   9.151721e+01 -5.493805e+01 1.790893e+01
      vertex   9.192322e+01 -5.467097e+01 1.835398e+01
      vertex   9.154498e+01 -5.497980e+01 1.835398e+01
    endloop
  endfacet
  facet normal 3.283044e-01 -1.389390e-03 -9.445709e-01
    outer loop
      vertex   9.146678e+01 -5.339815e+01 1.656759e+01
      vertex   9.142192e+01 -5.342699e+01 1.655204e+01
      vertex   9.105559e+01 -5.339815e+01 1.642467e+01
    endloop
  endfacet
  facet normal 3.118725e-01 -1.682806e-01 -9.351028e-01
    outer loop
      vertex   9.105559e+01 -5.339815e+01 1.642467e+01
      vertex   9.142192e+01 -5.342699e+01 1.655204e+01
      vertex   9.129505e+01 -5.366210e+01 1.655204e+01
    endloop
  endfacet
  facet normal 2.345637e-01 -2.415555e-01 -9.416107e-01
    outer loop
      vertex   9.105559e+01 -5.339815e+01 1.642467e+01
      vertex   9.129505e+01 -5.366210e+01 1.655204e+01
      vertex   9.094441e+01 -5.342599e+01 1.640412e+01
    endloop
  endfacet
  facet normal 2.557220e-01 -2.112472e-01 -9.433880e-01
    outer loop
      vertex   9.094441e+01 -5.342599e+01 1.640412e+01
      vertex   9.129505e+01 -5.366210e+01 1.655204e+01
      vertex   9.082685e+01 -5.356830e+01 1.640412e+01
    endloop
  endfacet
  facet normal 4.640201e-01 -2.662274e-01 -8.448718e-01
    outer loop
      vertex   9.142192e+01 -5.342699e+01 1.655204e+01
      vertex   9.146678e+01 -5.339815e+01 1.656759e+01
      vertex   9.177164e+01 -5.357361e+01 1.679031e+01
    endloop
  endfacet
  facet normal 5.186920e-01 -1.639122e-01 -8.391015e-01
    outer loop
      vertex   9.177164e+01 -5.357361e+01 1.679031e+01
      vertex   9.146678e+01 -5.339815e+01 1.656759e+01
      vertex   9.185245e+01 -5.339815e+01 1.680599e+01
    endloop
  endfacet
  facet normal 6.371233e-01 -2.276384e-01 -7.363795e-01
    outer loop
      vertex   9.177164e+01 -5.357361e+01 1.679031e+01
      vertex   9.185245e+01 -5.339815e+01 1.680599e+01
      vertex   9.201803e+01 -5.339815e+01 1.694926e+01
    endloop
  endfacet
  facet normal 6.516367e-01 -2.745366e-01 -7.071062e-01
    outer loop
      vertex   9.177164e+01 -5.357361e+01 1.679031e+01
      vertex   9.201803e+01 -5.339815e+01 1.694926e+01
      vertex   9.206369e+01 -5.369606e+01 1.710700e+01
    endloop
  endfacet
  facet normal 7.226254e-01 -2.337028e-01 -6.505348e-01
    outer loop
      vertex   9.206369e+01 -5.369606e+01 1.710700e+01
      vertex   9.201803e+01 -5.339815e+01 1.694926e+01
      vertex   9.216538e+01 -5.339815e+01 1.711293e+01
    endloop
  endfacet
  facet normal 8.052268e-01 -2.642831e-01 -5.308148e-01
    outer loop
      vertex   9.206369e+01 -5.369606e+01 1.710700e+01
      vertex   9.216538e+01 -5.339815e+01 1.711293e+01
      vertex   9.228343e+01 -5.378818e+01 1.748621e+01
    endloop
  endfacet
  facet normal 8.130813e-01 -2.548241e-01 -5.234152e-01
    outer loop
      vertex   9.228343e+01 -5.378818e+01 1.748621e+01
      vertex   9.216538e+01 -5.339815e+01 1.711293e+01
      vertex   9.241088e+01 -5.339815e+01 1.749429e+01
    endloop
  endfacet
  facet normal 8.995746e-01 -2.871121e-01 -3.291385e-01
    outer loop
      vertex   9.228343e+01 -5.378818e+01 1.748621e+01
      vertex   9.241088e+01 -5.339815e+01 1.749429e+01
      vertex   9.241985e+01 -5.384538e+01 1.790893e+01
    endloop
  endfacet
  facet normal 9.067206e-01 -2.768056e-01 -3.181766e-01
    outer loop
      vertex   9.241985e+01 -5.384538e+01 1.790893e+01
      vertex   9.241088e+01 -5.339815e+01 1.749429e+01
      vertex   9.255668e+01 -5.339815e+01 1.790979e+01
    endloop
  endfacet
  facet normal 9.503512e-01 -2.905524e-01 -1.114089e-01
    outer loop
      vertex   9.241985e+01 -5.384538e+01 1.790893e+01
      vertex   9.255668e+01 -5.339815e+01 1.790979e+01
      vertex   9.246609e+01 -5.386476e+01 1.835398e+01
    endloop
  endfacet
  facet normal 9.493519e-01 -2.928110e-01 -1.139853e-01
    outer loop
      vertex   9.246609e+01 -5.386476e+01 1.835398e+01
      vertex   9.255668e+01 -5.339815e+01 1.790979e+01
      vertex   9.261001e+01 -5.339815e+01 1.835398e+01
    endloop
  endfacet
  facet normal 2.654822e-13 -1.000000e+00 -7.605935e-14
    outer loop
      vertex   9.241088e+01 -5.339815e+01 1.749429e+01
      vertex   9.249452e+01 -5.339815e+01 1.769283e+01
      vertex   9.255668e+01 -5.339815e+01 1.790979e+01
    endloop
  endfacet
  facet normal 8.745781e-01 -4.719059e-01 -1.114359e-01
    outer loop
      vertex   9.241985e+01 -5.384538e+01 1.790893e+01
      vertex   9.246609e+01 -5.386476e+01 1.835398e+01
      vertex   9.219262e+01 -5.426649e+01 1.790893e+01
    endloop
  endfacet
  facet normal 8.745781e-01 -4.719059e-01 -1.114359e-01
    outer loop
      vertex   9.219262e+01 -5.426649e+01 1.790893e+01
      vertex   9.246609e+01 -5.386476e+01 1.835398e+01
      vertex   9.223421e+01 -5.429450e+01 1.835398e+01
    endloop
  endfacet
  facet normal 7.661621e-01 -6.329121e-01 -1.114359e-01
    outer loop
      vertex   9.219262e+01 -5.426649e+01 1.790893e+01
      vertex   9.223421e+01 -5.429450e+01 1.835398e+01
      vertex   9.188787e+01 -5.463541e+01 1.790893e+01
    endloop
  endfacet
  facet normal 7.661621e-01 -6.329121e-01 -1.114359e-01
    outer loop
      vertex   9.188787e+01 -5.463541e+01 1.790893e+01
      vertex   9.223421e+01 -5.429450e+01 1.835398e+01
      vertex   9.192322e+01 -5.467097e+01 1.835398e+01
    endloop
  endfacet
  facet normal 4.668923e-01 -8.772649e-01 -1.114359e-01
    outer loop
      vertex   9.151721e+01 -5.493805e+01 1.790893e+01
      vertex   9.154498e+01 -5.497980e+01 1.835398e+01
      vertex   9.109480e+01 -5.516286e+01 1.790893e+01
    endloop
  endfacet
  facet normal 4.668923e-01 -8.772649e-01 -1.114359e-01
    outer loop
      vertex   9.109480e+01 -5.516286e+01 1.790893e+01
      vertex   9.154498e+01 -5.497980e+01 1.835398e+01
      vertex   9.111392e+01 -5.520921e+01 1.835398e+01
    endloop
  endfacet
  facet normal 2.874559e-01 -9.512892e-01 -1.114359e-01
    outer loop
      vertex   9.109480e+01 -5.516286e+01 1.790893e+01
      vertex   9.111392e+01 -5.520921e+01 1.835398e+01
      vertex   9.063675e+01 -5.530127e+01 1.790893e+01
    endloop
  endfacet
  facet normal 2.874559e-01 -9.512892e-01 -1.114359e-01
    outer loop
      vertex   9.063675e+01 -5.530127e+01 1.790893e+01
      vertex   9.111392e+01 -5.520921e+01 1.835398e+01
      vertex   9.064649e+01 -5.535046e+01 1.835398e+01
    endloop
  endfacet
  facet normal 9.705284e-02 -9.890211e-01 -1.114359e-01
    outer loop
      vertex   9.063675e+01 -5.530127e+01 1.790893e+01
      vertex   9.064649e+01 -5.535046e+01 1.835398e+01
      vertex   9.016052e+01 -5.534800e+01 1.790893e+01
    endloop
  endfacet
  facet normal 9.705284e-02 -9.890211e-01 -1.114359e-01
    outer loop
      vertex   9.016052e+01 -5.534800e+01 1.790893e+01
      vertex   9.064649e+01 -5.535046e+01 1.835398e+01
      vertex   9.016052e+01 -5.539815e+01 1.835398e+01
    endloop
  endfacet
  facet normal -2.874559e-01 -9.512892e-01 -1.114359e-01
    outer loop
      vertex   8.968430e+01 -5.530127e+01 1.790893e+01
      vertex   8.967455e+01 -5.535046e+01 1.835398e+01
      vertex   8.922624e+01 -5.516286e+01 1.790893e+01
    endloop
  endfacet
  facet normal -2.874559e-01 -9.512892e-01 -1.114359e-01
    outer loop
      vertex   8.922624e+01 -5.516286e+01 1.790893e+01
      vertex   8.967455e+01 -5.535046e+01 1.835398e+01
      vertex   8.920712e+01 -5.520921e+01 1.835398e+01
    endloop
  endfacet
  facet normal -4.668923e-01 -8.772649e-01 -1.114359e-01
    outer loop
      vertex   8.922624e+01 -5.516286e+01 1.790893e+01
      vertex   8.920712e+01 -5.520921e+01 1.835398e+01
      vertex   8.880383e+01 -5.493805e+01 1.790893e+01
    endloop
  endfacet
  facet normal -4.668923e-01 -8.772649e-01 -1.114359e-01
    outer loop
      vertex   8.880383e+01 -5.493805e+01 1.790893e+01
      vertex   8.920712e+01 -5.520921e+01 1.835398e+01
      vertex   8.877606e+01 -5.497980e+01 1.835398e+01
    endloop
  endfacet
  facet normal -6.285164e-01 -7.697722e-01 -1.114359e-01
    outer loop
      vertex   8.880383e+01 -5.493805e+01 1.790893e+01
      vertex   8.877606e+01 -5.497980e+01 1.835398e+01
      vertex   8.843318e+01 -5.463541e+01 1.790893e+01
    endloop
  endfacet
  facet normal -6.285164e-01 -7.697722e-01 -1.114359e-01
    outer loop
      vertex   8.843318e+01 -5.463541e+01 1.790893e+01
      vertex   8.877606e+01 -5.497980e+01 1.835398e+01
      vertex   8.839782e+01 -5.467097e+01 1.835398e+01
    endloop
  endfacet
  facet normal -7.661621e-01 -6.329121e-01 -1.114359e-01
    outer loop
      vertex   8.843318e+01 -5.463541e+01 1.790893e+01
      vertex   8.839782e+01 -5.467097e+01 1.835398e+01
      vertex   8.812842e+01 -5.426649e+01 1.790893e+01
    endloop
  endfacet
  facet normal -7.661621e-01 -6.329121e-01 -1.114359e-01
    outer loop
      vertex   8.812842e+01 -5.426649e+01 1.790893e+01
      vertex   8.839782e+01 -5.467097e+01 1.835398e+01
      vertex   8.808683e+01 -5.429450e+01 1.835398e+01
    endloop
  endfacet
  facet normal -8.745781e-01 -4.719059e-01 -1.114359e-01
    outer loop
      vertex   8.812842e+01 -5.426649e+01 1.790893e+01
      vertex   8.808683e+01 -5.429450e+01 1.835398e+01
      vertex   8.790120e+01 -5.384538e+01 1.790893e+01
    endloop
  endfacet
  facet normal -8.745781e-01 -4.719059e-01 -1.114359e-01
    outer loop
      vertex   8.790120e+01 -5.384538e+01 1.790893e+01
      vertex   8.808683e+01 -5.429450e+01 1.835398e+01
      vertex   8.785495e+01 -5.386476e+01 1.835398e+01
    endloop
  endfacet
  facet normal -9.503512e-01 -2.905524e-01 -1.114089e-01
    outer loop
      vertex   8.790120e+01 -5.384538e+01 1.790893e+01
      vertex   8.785495e+01 -5.386476e+01 1.835398e+01
      vertex   8.776436e+01 -5.339815e+01 1.790979e+01
    endloop
  endfacet
  facet normal -9.493519e-01 -2.928110e-01 -1.139853e-01
    outer loop
      vertex   8.776436e+01 -5.339815e+01 1.790979e+01
      vertex   8.785495e+01 -5.386476e+01 1.835398e+01
      vertex   8.771103e+01 -5.339815e+01 1.835398e+01
    endloop
  endfacet
  facet normal -9.223930e-01 -2.817043e-01 -2.642610e-01
    outer loop
      vertex   8.776436e+01 -5.339815e+01 1.790979e+01
      vertex   8.782652e+01 -5.339815e+01 1.769283e+01
      vertex   8.790120e+01 -5.384538e+01 1.790893e+01
    endloop
  endfacet
  facet normal -8.923413e-01 -3.082931e-01 -3.296700e-01
    outer loop
      vertex   8.790120e+01 -5.384538e+01 1.790893e+01
      vertex   8.782652e+01 -5.339815e+01 1.769283e+01
      vertex   8.803761e+01 -5.378818e+01 1.748621e+01
    endloop
  endfacet
  facet normal -8.311059e-01 -4.484492e-01 -3.288714e-01
    outer loop
      vertex   8.790120e+01 -5.384538e+01 1.790893e+01
      vertex   8.803761e+01 -5.378818e+01 1.748621e+01
      vertex   8.812842e+01 -5.426649e+01 1.790893e+01
    endloop
  endfacet
  facet normal -8.311059e-01 -4.484492e-01 -3.288714e-01
    outer loop
      vertex   8.812842e+01 -5.426649e+01 1.790893e+01
      vertex   8.803761e+01 -5.378818e+01 1.748621e+01
      vertex   8.825112e+01 -5.418388e+01 1.748621e+01
    endloop
  endfacet
  facet normal -7.280788e-01 -6.014523e-01 -3.288714e-01
    outer loop
      vertex   8.812842e+01 -5.426649e+01 1.790893e+01
      vertex   8.825112e+01 -5.418388e+01 1.748621e+01
      vertex   8.843318e+01 -5.463541e+01 1.790893e+01
    endloop
  endfacet
  facet normal -7.280788e-01 -6.014523e-01 -3.288714e-01
    outer loop
      vertex   8.843318e+01 -5.463541e+01 1.790893e+01
      vertex   8.825112e+01 -5.418388e+01 1.748621e+01
      vertex   8.853747e+01 -5.453052e+01 1.748621e+01
    endloop
  endfacet
  facet normal -5.972750e-01 -7.315095e-01 -3.288714e-01
    outer loop
      vertex   8.843318e+01 -5.463541e+01 1.790893e+01
      vertex   8.853747e+01 -5.453052e+01 1.748621e+01
      vertex   8.880383e+01 -5.493805e+01 1.790893e+01
    endloop
  endfacet
  facet normal -5.972750e-01 -7.315095e-01 -3.288714e-01
    outer loop
      vertex   8.880383e+01 -5.493805e+01 1.790893e+01
      vertex   8.853747e+01 -5.453052e+01 1.748621e+01
      vertex   8.888575e+01 -5.481488e+01 1.748621e+01
    endloop
  endfacet
  facet normal -4.436847e-01 -8.336591e-01 -3.288714e-01
    outer loop
      vertex   8.880383e+01 -5.493805e+01 1.790893e+01
      vertex   8.888575e+01 -5.481488e+01 1.748621e+01
      vertex   8.922624e+01 -5.516286e+01 1.790893e+01
    endloop
  endfacet
  facet normal -4.436847e-01 -8.336591e-01 -3.288714e-01
    outer loop
      vertex   8.922624e+01 -5.516286e+01 1.790893e+01
      vertex   8.888575e+01 -5.481488e+01 1.748621e+01
      vertex   8.928265e+01 -5.502612e+01 1.748621e+01
    endloop
  endfacet
  facet normal -2.731675e-01 -9.040040e-01 -3.288714e-01
    outer loop
      vertex   8.922624e+01 -5.516286e+01 1.790893e+01
      vertex   8.928265e+01 -5.502612e+01 1.748621e+01
      vertex   8.968430e+01 -5.530127e+01 1.790893e+01
    endloop
  endfacet
  facet normal -2.731675e-01 -9.040040e-01 -3.288714e-01
    outer loop
      vertex   8.968430e+01 -5.530127e+01 1.790893e+01
      vertex   8.928265e+01 -5.502612e+01 1.748621e+01
      vertex   8.971305e+01 -5.515618e+01 1.748621e+01
    endloop
  endfacet
  facet normal -8.843568e-01 -2.812393e-01 -3.725822e-01
    outer loop
      vertex   8.782652e+01 -5.339815e+01 1.769283e+01
      vertex   8.791017e+01 -5.339815e+01 1.749429e+01
      vertex   8.803761e+01 -5.378818e+01 1.748621e+01
    endloop
  endfacet
  facet normal -8.130813e-01 -2.548241e-01 -5.234152e-01
    outer loop
      vertex   8.803761e+01 -5.378818e+01 1.748621e+01
      vertex   8.791017e+01 -5.339815e+01 1.749429e+01
      vertex   8.815567e+01 -5.339815e+01 1.711293e+01
    endloop
  endfacet
  facet normal -8.052268e-01 -2.642831e-01 -5.308148e-01
    outer loop
      vertex   8.803761e+01 -5.378818e+01 1.748621e+01
      vertex   8.815567e+01 -5.339815e+01 1.711293e+01
      vertex   8.825735e+01 -5.369606e+01 1.710700e+01
    endloop
  endfacet
  facet normal -7.226254e-01 -2.337028e-01 -6.505348e-01
    outer loop
      vertex   8.825735e+01 -5.369606e+01 1.710700e+01
      vertex   8.815567e+01 -5.339815e+01 1.711293e+01
      vertex   8.830301e+01 -5.339815e+01 1.694926e+01
    endloop
  endfacet
  facet normal -6.516367e-01 -2.745366e-01 -7.071062e-01
    outer loop
      vertex   8.825735e+01 -5.369606e+01 1.710700e+01
      vertex   8.830301e+01 -5.339815e+01 1.694926e+01
      vertex   8.854941e+01 -5.357361e+01 1.679031e+01
    endloop
  endfacet
  facet normal -6.371233e-01 -2.276384e-01 -7.363795e-01
    outer loop
      vertex   8.854941e+01 -5.357361e+01 1.679031e+01
      vertex   8.830301e+01 -5.339815e+01 1.694926e+01
      vertex   8.846859e+01 -5.339815e+01 1.680599e+01
    endloop
  endfacet
  facet normal -5.186920e-01 -1.639122e-01 -8.391015e-01
    outer loop
      vertex   8.854941e+01 -5.357361e+01 1.679031e+01
      vertex   8.846859e+01 -5.339815e+01 1.680599e+01
      vertex   8.885427e+01 -5.339815e+01 1.656759e+01
    endloop
  endfacet
  facet normal -4.640201e-01 -2.662274e-01 -8.448718e-01
    outer loop
      vertex   8.854941e+01 -5.357361e+01 1.679031e+01
      vertex   8.885427e+01 -5.339815e+01 1.656759e+01
      vertex   8.889913e+01 -5.342699e+01 1.655204e+01
    endloop
  endfacet
  facet normal -3.283044e-01 -1.389390e-03 -9.445709e-01
    outer loop
      vertex   8.889913e+01 -5.342699e+01 1.655204e+01
      vertex   8.885427e+01 -5.339815e+01 1.656759e+01
      vertex   8.926545e+01 -5.339815e+01 1.642467e+01
    endloop
  endfacet
  facet normal -3.118725e-01 -1.682806e-01 -9.351028e-01
    outer loop
      vertex   8.889913e+01 -5.342699e+01 1.655204e+01
      vertex   8.926545e+01 -5.339815e+01 1.642467e+01
      vertex   8.902599e+01 -5.366210e+01 1.655204e+01
    endloop
  endfacet
  facet normal -2.345637e-01 -2.415555e-01 -9.416107e-01
    outer loop
      vertex   8.902599e+01 -5.366210e+01 1.655204e+01
      vertex   8.926545e+01 -5.339815e+01 1.642467e+01
      vertex   8.937663e+01 -5.342599e+01 1.640412e+01
    endloop
  endfacet
  facet normal -2.557220e-01 -2.112472e-01 -9.433880e-01
    outer loop
      vertex   8.902599e+01 -5.366210e+01 1.655204e+01
      vertex   8.937663e+01 -5.342599e+01 1.640412e+01
      vertex   8.919614e+01 -5.386807e+01 1.655204e+01
    endloop
  endfacet
  facet normal -2.557220e-01 -2.112472e-01 -9.433880e-01
    outer loop
      vertex   8.919614e+01 -5.386807e+01 1.655204e+01
      vertex   8.937663e+01 -5.342599e+01 1.640412e+01
      vertex   8.949419e+01 -5.356830e+01 1.640412e+01
    endloop
  endfacet
  facet normal -2.097800e-01 -2.569270e-01 -9.433880e-01
    outer loop
      vertex   8.919614e+01 -5.386807e+01 1.655204e+01
      vertex   8.949419e+01 -5.356830e+01 1.640412e+01
      vertex   8.940307e+01 -5.403703e+01 1.655204e+01
    endloop
  endfacet
  facet normal -2.097800e-01 -2.569270e-01 -9.433880e-01
    outer loop
      vertex   8.940307e+01 -5.403703e+01 1.655204e+01
      vertex   8.949419e+01 -5.356830e+01 1.640412e+01
      vertex   8.963717e+01 -5.368505e+01 1.640412e+01
    endloop
  endfacet
  facet normal -1.558347e-01 -2.928048e-01 -9.433880e-01
    outer loop
      vertex   8.940307e+01 -5.403703e+01 1.655204e+01
      vertex   8.963717e+01 -5.368505e+01 1.640412e+01
      vertex   8.963891e+01 -5.416255e+01 1.655204e+01
    endloop
  endfacet
  facet normal -1.558347e-01 -2.928048e-01 -9.433880e-01
    outer loop
      vertex   8.963891e+01 -5.416255e+01 1.655204e+01
      vertex   8.963717e+01 -5.368505e+01 1.640412e+01
      vertex   8.980012e+01 -5.377177e+01 1.640412e+01
    endloop
  endfacet
  facet normal -9.594420e-02 -3.175119e-01 -9.433880e-01
    outer loop
      vertex   8.963891e+01 -5.416255e+01 1.655204e+01
      vertex   8.980012e+01 -5.377177e+01 1.640412e+01
      vertex   8.989464e+01 -5.423983e+01 1.655204e+01
    endloop
  endfacet
  facet normal -9.594420e-02 -3.175119e-01 -9.433880e-01
    outer loop
      vertex   8.989464e+01 -5.423983e+01 1.655204e+01
      vertex   8.980012e+01 -5.377177e+01 1.640412e+01
      vertex   8.997682e+01 -5.382516e+01 1.640412e+01
    endloop
  endfacet
  facet normal -1.370737e-01 1.726511e-01 -9.753986e-01
    outer loop
      vertex   8.926545e+01 -5.339815e+01 1.642467e+01
      vertex   8.971685e+01 -5.339815e+01 1.636124e+01
      vertex   8.937663e+01 -5.342599e+01 1.640412e+01
    endloop
  endfacet
  facet normal -1.167015e-01 -9.640495e-02 -9.884770e-01
    outer loop
      vertex   8.937663e+01 -5.342599e+01 1.640412e+01
      vertex   8.971685e+01 -5.339815e+01 1.636124e+01
      vertex   8.949419e+01 -5.356830e+01 1.640412e+01
    endloop
  endfacet
  facet normal -1.625173e-02 -1.175856e-01 -9.929298e-01
    outer loop
      vertex   9.016052e+01 -5.339815e+01 1.635398e+01
      vertex   8.980012e+01 -5.377177e+01 1.640412e+01
      vertex   8.971685e+01 -5.339815e+01 1.636124e+01
    endloop
  endfacet
  facet normal -6.856363e-02 -1.288273e-01 -9.892940e-01
    outer loop
      vertex   8.971685e+01 -5.339815e+01 1.636124e+01
      vertex   8.980012e+01 -5.377177e+01 1.640412e+01
      vertex   8.963717e+01 -5.368505e+01 1.640412e+01
    endloop
  endfacet
  facet normal -9.827430e-02 -1.203609e-01 -9.878539e-01
    outer loop
      vertex   8.971685e+01 -5.339815e+01 1.636124e+01
      vertex   8.963717e+01 -5.368505e+01 1.640412e+01
      vertex   8.949419e+01 -5.356830e+01 1.640412e+01
    endloop
  endfacet
  facet normal 6.856363e-02 -1.288273e-01 -9.892940e-01
    outer loop
      vertex   9.060420e+01 -5.339815e+01 1.636124e+01
      vertex   9.068387e+01 -5.368505e+01 1.640412e+01
      vertex   9.052092e+01 -5.377177e+01 1.640412e+01
    endloop
  endfacet
  facet normal 1.558347e-01 -2.928048e-01 -9.433880e-01
    outer loop
      vertex   9.052092e+01 -5.377177e+01 1.640412e+01
      vertex   9.068387e+01 -5.368505e+01 1.640412e+01
      vertex   9.091797e+01 -5.403703e+01 1.655204e+01
    endloop
  endfacet
  facet normal 1.558347e-01 -2.928048e-01 -9.433880e-01
    outer loop
      vertex   9.052092e+01 -5.377177e+01 1.640412e+01
      vertex   9.091797e+01 -5.403703e+01 1.655204e+01
      vertex   9.068214e+01 -5.416255e+01 1.655204e+01
    endloop
  endfacet
  facet normal 2.508175e-01 -4.712723e-01 -8.455726e-01
    outer loop
      vertex   9.068214e+01 -5.416255e+01 1.655204e+01
      vertex   9.091797e+01 -5.403703e+01 1.655204e+01
      vertex   9.112797e+01 -5.435279e+01 1.679031e+01
    endloop
  endfacet
  facet normal 2.508175e-01 -4.712723e-01 -8.455726e-01
    outer loop
      vertex   9.068214e+01 -5.416255e+01 1.655204e+01
      vertex   9.112797e+01 -5.435279e+01 1.679031e+01
      vertex   9.082675e+01 -5.451310e+01 1.679031e+01
    endloop
  endfacet
  facet normal 3.330068e-01 -6.257015e-01 -7.054106e-01
    outer loop
      vertex   9.082675e+01 -5.451310e+01 1.679031e+01
      vertex   9.112797e+01 -5.435279e+01 1.679031e+01
      vertex   9.130335e+01 -5.461648e+01 1.710700e+01
    endloop
  endfacet
  facet normal 3.330068e-01 -6.257015e-01 -7.054106e-01
    outer loop
      vertex   9.082675e+01 -5.451310e+01 1.679031e+01
      vertex   9.130335e+01 -5.461648e+01 1.710700e+01
      vertex   9.094752e+01 -5.480585e+01 1.710700e+01
    endloop
  endfacet
  facet normal 3.983448e-01 -7.484678e-01 -5.302050e-01
    outer loop
      vertex   9.094752e+01 -5.480585e+01 1.710700e+01
      vertex   9.130335e+01 -5.461648e+01 1.710700e+01
      vertex   9.143530e+01 -5.481488e+01 1.748621e+01
    endloop
  endfacet
  facet normal 3.983448e-01 -7.484678e-01 -5.302050e-01
    outer loop
      vertex   9.094752e+01 -5.480585e+01 1.710700e+01
      vertex   9.143530e+01 -5.481488e+01 1.748621e+01
      vertex   9.103839e+01 -5.502612e+01 1.748621e+01
    endloop
  endfacet
  facet normal 4.436847e-01 -8.336591e-01 -3.288714e-01
    outer loop
      vertex   9.103839e+01 -5.502612e+01 1.748621e+01
      vertex   9.143530e+01 -5.481488e+01 1.748621e+01
      vertex   9.151721e+01 -5.493805e+01 1.790893e+01
    endloop
  endfacet
  facet normal 4.436847e-01 -8.336591e-01 -3.288714e-01
    outer loop
      vertex   9.103839e+01 -5.502612e+01 1.748621e+01
      vertex   9.151721e+01 -5.493805e+01 1.790893e+01
      vertex   9.109480e+01 -5.516286e+01 1.790893e+01
    endloop
  endfacet
  facet normal -3.121866e-02 -1.033131e-01 -9.941588e-01
    outer loop
      vertex   8.980012e+01 -5.377177e+01 1.640412e+01
      vertex   9.016052e+01 -5.339815e+01 1.635398e+01
      vertex   8.997682e+01 -5.382516e+01 1.640412e+01
    endloop
  endfacet
  facet normal 9.222869e-02 -9.398604e-01 -3.288714e-01
    outer loop
      vertex   9.016052e+01 -5.534800e+01 1.790893e+01
      vertex   9.016052e+01 -5.520009e+01 1.748621e+01
      vertex   9.063675e+01 -5.530127e+01 1.790893e+01
    endloop
  endfacet
  facet normal 9.222869e-02 -9.398604e-01 -3.288714e-01
    outer loop
      vertex   9.063675e+01 -5.530127e+01 1.790893e+01
      vertex   9.016052e+01 -5.520009e+01 1.748621e+01
      vertex   9.060799e+01 -5.515618e+01 1.748621e+01
    endloop
  endfacet
  facet normal 2.731675e-01 -9.040040e-01 -3.288714e-01
    outer loop
      vertex   9.063675e+01 -5.530127e+01 1.790893e+01
      vertex   9.060799e+01 -5.515618e+01 1.748621e+01
      vertex   9.109480e+01 -5.516286e+01 1.790893e+01
    endloop
  endfacet
  facet normal 2.731675e-01 -9.040040e-01 -3.288714e-01
    outer loop
      vertex   9.109480e+01 -5.516286e+01 1.790893e+01
      vertex   9.060799e+01 -5.515618e+01 1.748621e+01
      vertex   9.103839e+01 -5.502612e+01 1.748621e+01
    endloop
  endfacet
  facet normal 8.280388e-02 -8.438164e-01 -5.302050e-01
    outer loop
      vertex   9.016052e+01 -5.520009e+01 1.748621e+01
      vertex   9.016052e+01 -5.496181e+01 1.710700e+01
      vertex   9.060799e+01 -5.515618e+01 1.748621e+01
    endloop
  endfacet
  facet normal 8.280388e-02 -8.438164e-01 -5.302050e-01
    outer loop
      vertex   9.060799e+01 -5.515618e+01 1.748621e+01
      vertex   9.016052e+01 -5.496181e+01 1.710700e+01
      vertex   9.056167e+01 -5.492245e+01 1.710700e+01
    endloop
  endfacet
  facet normal 2.452526e-01 -8.116242e-01 -5.302050e-01
    outer loop
      vertex   9.060799e+01 -5.515618e+01 1.748621e+01
      vertex   9.056167e+01 -5.492245e+01 1.710700e+01
      vertex   9.103839e+01 -5.502612e+01 1.748621e+01
    endloop
  endfacet
  facet normal 2.452526e-01 -8.116242e-01 -5.302050e-01
    outer loop
      vertex   9.103839e+01 -5.502612e+01 1.748621e+01
      vertex   9.056167e+01 -5.492245e+01 1.710700e+01
      vertex   9.094752e+01 -5.480585e+01 1.710700e+01
    endloop
  endfacet
  facet normal 6.922209e-02 -7.054106e-01 -7.054106e-01
    outer loop
      vertex   9.016052e+01 -5.496181e+01 1.710700e+01
      vertex   9.016052e+01 -5.464513e+01 1.679031e+01
      vertex   9.056167e+01 -5.492245e+01 1.710700e+01
    endloop
  endfacet
  facet normal 6.922209e-02 -7.054106e-01 -7.054106e-01
    outer loop
      vertex   9.056167e+01 -5.492245e+01 1.710700e+01
      vertex   9.016052e+01 -5.464513e+01 1.679031e+01
      vertex   9.050011e+01 -5.461180e+01 1.679031e+01
    endloop
  endfacet
  facet normal 2.050254e-01 -6.784987e-01 -7.054106e-01
    outer loop
      vertex   9.056167e+01 -5.492245e+01 1.710700e+01
      vertex   9.050011e+01 -5.461180e+01 1.679031e+01
      vertex   9.094752e+01 -5.480585e+01 1.710700e+01
    endloop
  endfacet
  facet normal 2.050254e-01 -6.784987e-01 -7.054106e-01
    outer loop
      vertex   9.094752e+01 -5.480585e+01 1.710700e+01
      vertex   9.050011e+01 -5.461180e+01 1.679031e+01
      vertex   9.082675e+01 -5.451310e+01 1.679031e+01
    endloop
  endfacet
  facet normal 5.213741e-02 -5.313085e-01 -8.455726e-01
    outer loop
      vertex   9.016052e+01 -5.464513e+01 1.679031e+01
      vertex   9.016052e+01 -5.426592e+01 1.655204e+01
      vertex   9.050011e+01 -5.461180e+01 1.679031e+01
    endloop
  endfacet
  facet normal 5.213741e-02 -5.313085e-01 -8.455726e-01
    outer loop
      vertex   9.050011e+01 -5.461180e+01 1.679031e+01
      vertex   9.016052e+01 -5.426592e+01 1.655204e+01
      vertex   9.042640e+01 -5.423983e+01 1.655204e+01
    endloop
  endfacet
  facet normal 1.544231e-01 -5.110386e-01 -8.455726e-01
    outer loop
      vertex   9.050011e+01 -5.461180e+01 1.679031e+01
      vertex   9.042640e+01 -5.423983e+01 1.655204e+01
      vertex   9.082675e+01 -5.451310e+01 1.679031e+01
    endloop
  endfacet
  facet normal 1.544231e-01 -5.110386e-01 -8.455726e-01
    outer loop
      vertex   9.082675e+01 -5.451310e+01 1.679031e+01
      vertex   9.042640e+01 -5.423983e+01 1.655204e+01
      vertex   9.068214e+01 -5.416255e+01 1.655204e+01
    endloop
  endfacet
  facet normal 3.239334e-02 -3.301057e-01 -9.433880e-01
    outer loop
      vertex   9.016052e+01 -5.426592e+01 1.655204e+01
      vertex   9.016052e+01 -5.384319e+01 1.640412e+01
      vertex   9.042640e+01 -5.423983e+01 1.655204e+01
    endloop
  endfacet
  facet normal 3.239334e-02 -3.301057e-01 -9.433880e-01
    outer loop
      vertex   9.042640e+01 -5.423983e+01 1.655204e+01
      vertex   9.016052e+01 -5.384319e+01 1.640412e+01
      vertex   9.034423e+01 -5.382516e+01 1.640412e+01
    endloop
  endfacet
  facet normal 9.594420e-02 -3.175119e-01 -9.433880e-01
    outer loop
      vertex   9.042640e+01 -5.423983e+01 1.655204e+01
      vertex   9.034423e+01 -5.382516e+01 1.640412e+01
      vertex   9.068214e+01 -5.416255e+01 1.655204e+01
    endloop
  endfacet
  facet normal 9.594420e-02 -3.175119e-01 -9.433880e-01
    outer loop
      vertex   9.068214e+01 -5.416255e+01 1.655204e+01
      vertex   9.034423e+01 -5.382516e+01 1.640412e+01
      vertex   9.052092e+01 -5.377177e+01 1.640412e+01
    endloop
  endfacet
  facet normal 3.688300e-02 -1.220584e-01 -9.918374e-01
    outer loop
      vertex   9.060420e+01 -5.339815e+01 1.636124e+01
      vertex   9.052092e+01 -5.377177e+01 1.640412e+01
      vertex   9.034423e+01 -5.382516e+01 1.640412e+01
    endloop
  endfacet
  facet normal 2.557220e-01 -2.112472e-01 -9.433880e-01
    outer loop
      vertex   9.082685e+01 -5.356830e+01 1.640412e+01
      vertex   9.129505e+01 -5.366210e+01 1.655204e+01
      vertex   9.112491e+01 -5.386807e+01 1.655204e+01
    endloop
  endfacet
  facet normal 4.115872e-01 -3.400044e-01 -8.455726e-01
    outer loop
      vertex   9.112491e+01 -5.386807e+01 1.655204e+01
      vertex   9.129505e+01 -5.366210e+01 1.655204e+01
      vertex   9.160960e+01 -5.387391e+01 1.679031e+01
    endloop
  endfacet
  facet normal 4.115872e-01 -3.400044e-01 -8.455726e-01
    outer loop
      vertex   9.112491e+01 -5.386807e+01 1.655204e+01
      vertex   9.160960e+01 -5.387391e+01 1.679031e+01
      vertex   9.139228e+01 -5.413698e+01 1.679031e+01
    endloop
  endfacet
  facet normal 5.464584e-01 -4.514190e-01 -7.054106e-01
    outer loop
      vertex   9.139228e+01 -5.413698e+01 1.679031e+01
      vertex   9.160960e+01 -5.387391e+01 1.679031e+01
      vertex   9.187228e+01 -5.405079e+01 1.710700e+01
    endloop
  endfacet
  facet normal 5.464584e-01 -4.514190e-01 -7.054106e-01
    outer loop
      vertex   9.139228e+01 -5.413698e+01 1.679031e+01
      vertex   9.187228e+01 -5.405079e+01 1.710700e+01
      vertex   9.161557e+01 -5.436155e+01 1.710700e+01
    endloop
  endfacet
  facet normal 6.536768e-01 -5.399901e-01 -5.302050e-01
    outer loop
      vertex   9.161557e+01 -5.436155e+01 1.710700e+01
      vertex   9.187228e+01 -5.405079e+01 1.710700e+01
      vertex   9.206993e+01 -5.418388e+01 1.748621e+01
    endloop
  endfacet
  facet normal 6.536768e-01 -5.399901e-01 -5.302050e-01
    outer loop
      vertex   9.161557e+01 -5.436155e+01 1.710700e+01
      vertex   9.206993e+01 -5.418388e+01 1.748621e+01
      vertex   9.178357e+01 -5.453052e+01 1.748621e+01
    endloop
  endfacet
  facet normal 7.280788e-01 -6.014523e-01 -3.288714e-01
    outer loop
      vertex   9.178357e+01 -5.453052e+01 1.748621e+01
      vertex   9.206993e+01 -5.418388e+01 1.748621e+01
      vertex   9.219262e+01 -5.426649e+01 1.790893e+01
    endloop
  endfacet
  facet normal 7.280788e-01 -6.014523e-01 -3.288714e-01
    outer loop
      vertex   9.178357e+01 -5.453052e+01 1.748621e+01
      vertex   9.219262e+01 -5.426649e+01 1.790893e+01
      vertex   9.188787e+01 -5.463541e+01 1.790893e+01
    endloop
  endfacet
  facet normal 8.311059e-01 -4.484492e-01 -3.288714e-01
    outer loop
      vertex   9.228343e+01 -5.378818e+01 1.748621e+01
      vertex   9.241985e+01 -5.384538e+01 1.790893e+01
      vertex   9.206993e+01 -5.418388e+01 1.748621e+01
    endloop
  endfacet
  facet normal 8.311059e-01 -4.484492e-01 -3.288714e-01
    outer loop
      vertex   9.206993e+01 -5.418388e+01 1.748621e+01
      vertex   9.241985e+01 -5.384538e+01 1.790893e+01
      vertex   9.219262e+01 -5.426649e+01 1.790893e+01
    endloop
  endfacet
  facet normal 7.461755e-01 -4.026223e-01 -5.302050e-01
    outer loop
      vertex   9.206369e+01 -5.369606e+01 1.710700e+01
      vertex   9.228343e+01 -5.378818e+01 1.748621e+01
      vertex   9.187228e+01 -5.405079e+01 1.710700e+01
    endloop
  endfacet
  facet normal 7.461755e-01 -4.026223e-01 -5.302050e-01
    outer loop
      vertex   9.187228e+01 -5.405079e+01 1.710700e+01
      vertex   9.228343e+01 -5.378818e+01 1.748621e+01
      vertex   9.206993e+01 -5.418388e+01 1.748621e+01
    endloop
  endfacet
  facet normal 6.237851e-01 -3.365828e-01 -7.054106e-01
    outer loop
      vertex   9.177164e+01 -5.357361e+01 1.679031e+01
      vertex   9.206369e+01 -5.369606e+01 1.710700e+01
      vertex   9.160960e+01 -5.387391e+01 1.679031e+01
    endloop
  endfacet
  facet normal 6.237851e-01 -3.365828e-01 -7.054106e-01
    outer loop
      vertex   9.160960e+01 -5.387391e+01 1.679031e+01
      vertex   9.206369e+01 -5.369606e+01 1.710700e+01
      vertex   9.187228e+01 -5.405079e+01 1.710700e+01
    endloop
  endfacet
  facet normal 4.698289e-01 -2.535109e-01 -8.455726e-01
    outer loop
      vertex   9.142192e+01 -5.342699e+01 1.655204e+01
      vertex   9.177164e+01 -5.357361e+01 1.679031e+01
      vertex   9.129505e+01 -5.366210e+01 1.655204e+01
    endloop
  endfacet
  facet normal 4.698289e-01 -2.535109e-01 -8.455726e-01
    outer loop
      vertex   9.129505e+01 -5.366210e+01 1.655204e+01
      vertex   9.177164e+01 -5.357361e+01 1.679031e+01
      vertex   9.160960e+01 -5.387391e+01 1.679031e+01
    endloop
  endfacet
  facet normal -2.452526e-01 -8.116242e-01 -5.302050e-01
    outer loop
      vertex   8.975937e+01 -5.492245e+01 1.710700e+01
      vertex   8.971305e+01 -5.515618e+01 1.748621e+01
      vertex   8.937352e+01 -5.480585e+01 1.710700e+01
    endloop
  endfacet
  facet normal -2.452526e-01 -8.116242e-01 -5.302050e-01
    outer loop
      vertex   8.937352e+01 -5.480585e+01 1.710700e+01
      vertex   8.971305e+01 -5.515618e+01 1.748621e+01
      vertex   8.928265e+01 -5.502612e+01 1.748621e+01
    endloop
  endfacet
  facet normal -3.983448e-01 -7.484678e-01 -5.302050e-01
    outer loop
      vertex   8.937352e+01 -5.480585e+01 1.710700e+01
      vertex   8.928265e+01 -5.502612e+01 1.748621e+01
      vertex   8.901770e+01 -5.461648e+01 1.710700e+01
    endloop
  endfacet
  facet normal -3.983448e-01 -7.484678e-01 -5.302050e-01
    outer loop
      vertex   8.901770e+01 -5.461648e+01 1.710700e+01
      vertex   8.928265e+01 -5.502612e+01 1.748621e+01
      vertex   8.888575e+01 -5.481488e+01 1.748621e+01
    endloop
  endfacet
  facet normal -5.362397e-01 -6.567569e-01 -5.302050e-01
    outer loop
      vertex   8.901770e+01 -5.461648e+01 1.710700e+01
      vertex   8.888575e+01 -5.481488e+01 1.748621e+01
      vertex   8.870547e+01 -5.436155e+01 1.710700e+01
    endloop
  endfacet
  facet normal -5.362397e-01 -6.567569e-01 -5.302050e-01
    outer loop
      vertex   8.870547e+01 -5.436155e+01 1.710700e+01
      vertex   8.888575e+01 -5.481488e+01 1.748621e+01
      vertex   8.853747e+01 -5.453052e+01 1.748621e+01
    endloop
  endfacet
  facet normal -6.536768e-01 -5.399901e-01 -5.302050e-01
    outer loop
      vertex   8.870547e+01 -5.436155e+01 1.710700e+01
      vertex   8.853747e+01 -5.453052e+01 1.748621e+01
      vertex   8.844876e+01 -5.405079e+01 1.710700e+01
    endloop
  endfacet
  facet normal -6.536768e-01 -5.399901e-01 -5.302050e-01
    outer loop
      vertex   8.844876e+01 -5.405079e+01 1.710700e+01
      vertex   8.853747e+01 -5.453052e+01 1.748621e+01
      vertex   8.825112e+01 -5.418388e+01 1.748621e+01
    endloop
  endfacet
  facet normal -7.461755e-01 -4.026223e-01 -5.302050e-01
    outer loop
      vertex   8.844876e+01 -5.405079e+01 1.710700e+01
      vertex   8.825112e+01 -5.418388e+01 1.748621e+01
      vertex   8.825735e+01 -5.369606e+01 1.710700e+01
    endloop
  endfacet
  facet normal -7.461755e-01 -4.026223e-01 -5.302050e-01
    outer loop
      vertex   8.825735e+01 -5.369606e+01 1.710700e+01
      vertex   8.825112e+01 -5.418388e+01 1.748621e+01
      vertex   8.803761e+01 -5.378818e+01 1.748621e+01
    endloop
  endfacet
  facet normal -1.544231e-01 -5.110386e-01 -8.455726e-01
    outer loop
      vertex   8.963891e+01 -5.416255e+01 1.655204e+01
      vertex   8.989464e+01 -5.423983e+01 1.655204e+01
      vertex   8.982093e+01 -5.461180e+01 1.679031e+01
    endloop
  endfacet
  facet normal -2.050254e-01 -6.784987e-01 -7.054106e-01
    outer loop
      vertex   8.982093e+01 -5.461180e+01 1.679031e+01
      vertex   8.975937e+01 -5.492245e+01 1.710700e+01
      vertex   8.949429e+01 -5.451310e+01 1.679031e+01
    endloop
  endfacet
  facet normal -2.050254e-01 -6.784987e-01 -7.054106e-01
    outer loop
      vertex   8.949429e+01 -5.451310e+01 1.679031e+01
      vertex   8.975937e+01 -5.492245e+01 1.710700e+01
      vertex   8.937352e+01 -5.480585e+01 1.710700e+01
    endloop
  endfacet
  facet normal -3.330068e-01 -6.257015e-01 -7.054106e-01
    outer loop
      vertex   8.949429e+01 -5.451310e+01 1.679031e+01
      vertex   8.937352e+01 -5.480585e+01 1.710700e+01
      vertex   8.919307e+01 -5.435279e+01 1.679031e+01
    endloop
  endfacet
  facet normal -3.330068e-01 -6.257015e-01 -7.054106e-01
    outer loop
      vertex   8.919307e+01 -5.435279e+01 1.679031e+01
      vertex   8.937352e+01 -5.480585e+01 1.710700e+01
      vertex   8.901770e+01 -5.461648e+01 1.710700e+01
    endloop
  endfacet
  facet normal -4.482838e-01 -5.490332e-01 -7.054106e-01
    outer loop
      vertex   8.919307e+01 -5.435279e+01 1.679031e+01
      vertex   8.901770e+01 -5.461648e+01 1.710700e+01
      vertex   8.892876e+01 -5.413698e+01 1.679031e+01
    endloop
  endfacet
  facet normal -4.482838e-01 -5.490332e-01 -7.054106e-01
    outer loop
      vertex   8.892876e+01 -5.413698e+01 1.679031e+01
      vertex   8.901770e+01 -5.461648e+01 1.710700e+01
      vertex   8.870547e+01 -5.436155e+01 1.710700e+01
    endloop
  endfacet
  facet normal -5.464584e-01 -4.514190e-01 -7.054106e-01
    outer loop
      vertex   8.892876e+01 -5.413698e+01 1.679031e+01
      vertex   8.870547e+01 -5.436155e+01 1.710700e+01
      vertex   8.871144e+01 -5.387391e+01 1.679031e+01
    endloop
  endfacet
  facet normal -5.464584e-01 -4.514190e-01 -7.054106e-01
    outer loop
      vertex   8.871144e+01 -5.387391e+01 1.679031e+01
      vertex   8.870547e+01 -5.436155e+01 1.710700e+01
      vertex   8.844876e+01 -5.405079e+01 1.710700e+01
    endloop
  endfacet
  facet normal -6.237851e-01 -3.365828e-01 -7.054106e-01
    outer loop
      vertex   8.871144e+01 -5.387391e+01 1.679031e+01
      vertex   8.844876e+01 -5.405079e+01 1.710700e+01
      vertex   8.854941e+01 -5.357361e+01 1.679031e+01
    endloop
  endfacet
  facet normal -6.237851e-01 -3.365828e-01 -7.054106e-01
    outer loop
      vertex   8.854941e+01 -5.357361e+01 1.679031e+01
      vertex   8.844876e+01 -5.405079e+01 1.710700e+01
      vertex   8.825735e+01 -5.369606e+01 1.710700e+01
    endloop
  endfacet
  facet normal -2.508175e-01 -4.712723e-01 -8.455726e-01
    outer loop
      vertex   8.940307e+01 -5.403703e+01 1.655204e+01
      vertex   8.963891e+01 -5.416255e+01 1.655204e+01
      vertex   8.949429e+01 -5.451310e+01 1.679031e+01
    endloop
  endfacet
  facet normal -1.544231e-01 -5.110386e-01 -8.455726e-01
    outer loop
      vertex   8.949429e+01 -5.451310e+01 1.679031e+01
      vertex   8.963891e+01 -5.416255e+01 1.655204e+01
      vertex   8.982093e+01 -5.461180e+01 1.679031e+01
    endloop
  endfacet
  facet normal -2.508175e-01 -4.712723e-01 -8.455726e-01
    outer loop
      vertex   8.940307e+01 -5.403703e+01 1.655204e+01
      vertex   8.949429e+01 -5.451310e+01 1.679031e+01
      vertex   8.919307e+01 -5.435279e+01 1.679031e+01
    endloop
  endfacet
  facet normal -3.376430e-01 -4.135265e-01 -8.455726e-01
    outer loop
      vertex   8.919614e+01 -5.386807e+01 1.655204e+01
      vertex   8.940307e+01 -5.403703e+01 1.655204e+01
      vertex   8.919307e+01 -5.435279e+01 1.679031e+01
    endloop
  endfacet
  facet normal -3.376430e-01 -4.135265e-01 -8.455726e-01
    outer loop
      vertex   8.919614e+01 -5.386807e+01 1.655204e+01
      vertex   8.919307e+01 -5.435279e+01 1.679031e+01
      vertex   8.892876e+01 -5.413698e+01 1.679031e+01
    endloop
  endfacet
  facet normal -4.115872e-01 -3.400044e-01 -8.455726e-01
    outer loop
      vertex   8.902599e+01 -5.366210e+01 1.655204e+01
      vertex   8.919614e+01 -5.386807e+01 1.655204e+01
      vertex   8.892876e+01 -5.413698e+01 1.679031e+01
    endloop
  endfacet
  facet normal -4.115872e-01 -3.400044e-01 -8.455726e-01
    outer loop
      vertex   8.902599e+01 -5.366210e+01 1.655204e+01
      vertex   8.892876e+01 -5.413698e+01 1.679031e+01
      vertex   8.871144e+01 -5.387391e+01 1.679031e+01
    endloop
  endfacet
  facet normal -4.698289e-01 -2.535109e-01 -8.455726e-01
    outer loop
      vertex   8.889913e+01 -5.342699e+01 1.655204e+01
      vertex   8.902599e+01 -5.366210e+01 1.655204e+01
      vertex   8.871144e+01 -5.387391e+01 1.679031e+01
    endloop
  endfacet
  facet normal -4.698289e-01 -2.535109e-01 -8.455726e-01
    outer loop
      vertex   8.889913e+01 -5.342699e+01 1.655204e+01
      vertex   8.871144e+01 -5.387391e+01 1.679031e+01
      vertex   8.854941e+01 -5.357361e+01 1.679031e+01
    endloop
  endfacet
  facet normal 9.821512e-01 1.880930e-01 -0.000000e+00
    outer loop
      vertex   2.408619e+01 -8.228728e+01 1.835398e+01
      vertex   2.405973e+01 -8.214910e+01 2.135398e+01
      vertex   2.408619e+01 -8.228728e+01 2.125398e+01
    endloop
  endfacet
  facet normal 9.879405e-01 1.113142e-01 1.076228e-01
    outer loop
      vertex   2.408619e+01 -8.228728e+01 2.125398e+01
      vertex   2.405973e+01 -8.214910e+01 2.135398e+01
      vertex   2.410987e+01 -8.259414e+01 2.135398e+01
    endloop
  endfacet
  facet normal 9.973185e-01 6.930766e-02 -2.350119e-02
    outer loop
      vertex   2.408619e+01 -8.228728e+01 2.125398e+01
      vertex   2.410987e+01 -8.259414e+01 2.135398e+01
      vertex   2.410964e+01 -8.262469e+01 2.125398e+01
    endloop
  endfacet
  facet normal 9.946165e-01 -9.972853e-02 2.814680e-02
    outer loop
      vertex   2.410964e+01 -8.262469e+01 2.125398e+01
      vertex   2.410987e+01 -8.259414e+01 2.135398e+01
      vertex   2.407590e+01 -8.296123e+01 2.125398e+01
    endloop
  endfacet
  facet normal 9.910482e-01 -1.116643e-01 7.317458e-02
    outer loop
      vertex   2.407590e+01 -8.296123e+01 2.125398e+01
      vertex   2.410987e+01 -8.259414e+01 2.135398e+01
      vertex   2.405973e+01 -8.303918e+01 2.135398e+01
    endloop
  endfacet
  facet normal 9.626939e-01 -2.656573e-01 -5.144611e-02
    outer loop
      vertex   2.407590e+01 -8.296123e+01 2.125398e+01
      vertex   2.405973e+01 -8.303918e+01 2.135398e+01
      vertex   2.398592e+01 -8.328728e+01 2.125398e+01
    endloop
  endfacet
  facet normal 9.368506e-01 -3.278182e-01 1.218448e-01
    outer loop
      vertex   2.398592e+01 -8.328728e+01 2.125398e+01
      vertex   2.405973e+01 -8.303918e+01 2.135398e+01
      vertex   2.391181e+01 -8.346191e+01 2.135398e+01
    endloop
  endfacet
  facet normal 9.205328e-01 -3.906653e-01 0.000000e+00
    outer loop
      vertex   2.398592e+01 -8.328728e+01 2.125398e+01
      vertex   2.391181e+01 -8.346191e+01 2.135398e+01
      vertex   2.398592e+01 -8.328728e+01 1.835398e+01
    endloop
  endfacet
  facet normal 8.940226e-01 -4.480040e-01 -3.992641e-03
    outer loop
      vertex   2.398592e+01 -8.328728e+01 1.835398e+01
      vertex   2.391181e+01 -8.346191e+01 2.135398e+01
      vertex   2.378808e+01 -8.368208e+01 1.835398e+01
    endloop
  endfacet
  facet normal 8.467170e-01 -5.320276e-01 4.124963e-03
    outer loop
      vertex   2.378808e+01 -8.368208e+01 1.835398e+01
      vertex   2.391181e+01 -8.346191e+01 2.135398e+01
      vertex   2.367354e+01 -8.384112e+01 2.135398e+01
    endloop
  endfacet
  facet normal 7.739142e-01 -6.332777e-01 -4.022356e-03
    outer loop
      vertex   2.378808e+01 -8.368208e+01 1.835398e+01
      vertex   2.367354e+01 -8.384112e+01 2.135398e+01
      vertex   2.350842e+01 -8.402385e+01 1.835398e+01
    endloop
  endfacet
  facet normal 7.071007e-01 -7.071007e-01 4.151377e-03
    outer loop
      vertex   2.350842e+01 -8.402385e+01 1.835398e+01
      vertex   2.367354e+01 -8.384112e+01 2.135398e+01
      vertex   2.335685e+01 -8.415781e+01 2.135398e+01
    endloop
  endfacet
  facet normal 6.160751e-01 -7.876771e-01 -4.045468e-03
    outer loop
      vertex   2.350842e+01 -8.402385e+01 1.835398e+01
      vertex   2.335685e+01 -8.415781e+01 2.135398e+01
      vertex   2.316058e+01 -8.429591e+01 1.835398e+01
    endloop
  endfacet
  facet normal 5.320274e-01 -8.467168e-01 4.171187e-03
    outer loop
      vertex   2.316058e+01 -8.429591e+01 1.835398e+01
      vertex   2.335685e+01 -8.415781e+01 2.135398e+01
      vertex   2.297764e+01 -8.439608e+01 2.135398e+01
    endloop
  endfacet
  facet normal 4.282004e-01 -9.036747e-01 -4.061977e-03
    outer loop
      vertex   2.316058e+01 -8.429591e+01 1.835398e+01
      vertex   2.297764e+01 -8.439608e+01 2.135398e+01
      vertex   2.276151e+01 -8.448501e+01 1.835398e+01
    endloop
  endfacet
  facet normal 3.302762e-01 -9.438751e-01 4.184394e-03
    outer loop
      vertex   2.276151e+01 -8.448501e+01 1.835398e+01
      vertex   2.297764e+01 -8.439608e+01 2.135398e+01
      vertex   2.255492e+01 -8.454400e+01 2.135398e+01
    endloop
  endfacet
  facet normal 2.194496e-01 -9.756153e-01 -4.071882e-03
    outer loop
      vertex   2.276151e+01 -8.448501e+01 1.835398e+01
      vertex   2.255492e+01 -8.454400e+01 2.135398e+01
      vertex   2.233068e+01 -8.458192e+01 1.835398e+01
    endloop
  endfacet
  facet normal 1.119635e-01 -9.937035e-01 4.190998e-03
    outer loop
      vertex   2.233068e+01 -8.458192e+01 1.835398e+01
      vertex   2.255492e+01 -8.454400e+01 2.135398e+01
      vertex   2.210987e+01 -8.459414e+01 2.135398e+01
    endloop
  endfacet
  facet normal -0.000000e+00 -9.999917e-01 -4.075184e-03
    outer loop
      vertex   2.233068e+01 -8.458192e+01 1.835398e+01
      vertex   2.210987e+01 -8.459414e+01 2.135398e+01
      vertex   2.188907e+01 -8.458192e+01 1.835398e+01
    endloop
  endfacet
  facet normal -1.119635e-01 -9.937035e-01 4.190998e-03
    outer loop
      vertex   2.188907e+01 -8.458192e+01 1.835398e+01
      vertex   2.210987e+01 -8.459414e+01 2.135398e+01
      vertex   2.166483e+01 -8.454400e+01 2.135398e+01
    endloop
  endfacet
  facet normal -2.194496e-01 -9.756153e-01 -4.071882e-03
    outer loop
      vertex   2.188907e+01 -8.458192e+01 1.835398e+01
      vertex   2.166483e+01 -8.454400e+01 2.135398e+01
      vertex   2.145824e+01 -8.448501e+01 1.835398e+01
    endloop
  endfacet
  facet normal -3.302762e-01 -9.438751e-01 4.184394e-03
    outer loop
      vertex   2.145824e+01 -8.448501e+01 1.835398e+01
      vertex   2.166483e+01 -8.454400e+01 2.135398e+01
      vertex   2.124211e+01 -8.439608e+01 2.135398e+01
    endloop
  endfacet
  facet normal -4.282004e-01 -9.036747e-01 -4.061977e-03
    outer loop
      vertex   2.145824e+01 -8.448501e+01 1.835398e+01
      vertex   2.124211e+01 -8.439608e+01 2.135398e+01
      vertex   2.105917e+01 -8.429591e+01 1.835398e+01
    endloop
  endfacet
  facet normal -5.320274e-01 -8.467168e-01 4.171187e-03
    outer loop
      vertex   2.105917e+01 -8.429591e+01 1.835398e+01
      vertex   2.124211e+01 -8.439608e+01 2.135398e+01
      vertex   2.086290e+01 -8.415781e+01 2.135398e+01
    endloop
  endfacet
  facet normal -6.160751e-01 -7.876771e-01 -4.045468e-03
    outer loop
      vertex   2.105917e+01 -8.429591e+01 1.835398e+01
      vertex   2.086290e+01 -8.415781e+01 2.135398e+01
      vertex   2.071133e+01 -8.402385e+01 1.835398e+01
    endloop
  endfacet
  facet normal -7.071007e-01 -7.071007e-01 4.151377e-03
    outer loop
      vertex   2.071133e+01 -8.402385e+01 1.835398e+01
      vertex   2.086290e+01 -8.415781e+01 2.135398e+01
      vertex   2.054621e+01 -8.384112e+01 2.135398e+01
    endloop
  endfacet
  facet normal -7.739142e-01 -6.332777e-01 -4.022356e-03
    outer loop
      vertex   2.071133e+01 -8.402385e+01 1.835398e+01
      vertex   2.054621e+01 -8.384112e+01 2.135398e+01
      vertex   2.043167e+01 -8.368208e+01 1.835398e+01
    endloop
  endfacet
  facet normal -8.467170e-01 -5.320276e-01 4.124963e-03
    outer loop
      vertex   2.043167e+01 -8.368208e+01 1.835398e+01
      vertex   2.054621e+01 -8.384112e+01 2.135398e+01
      vertex   2.030794e+01 -8.346191e+01 2.135398e+01
    endloop
  endfacet
  facet normal -8.940226e-01 -4.480040e-01 -3.992641e-03
    outer loop
      vertex   2.043167e+01 -8.368208e+01 1.835398e+01
      vertex   2.030794e+01 -8.346191e+01 2.135398e+01
      vertex   2.023382e+01 -8.328728e+01 1.835398e+01
    endloop
  endfacet
  facet normal -9.205328e-01 -3.906653e-01 0.000000e+00
    outer loop
      vertex   2.023382e+01 -8.328728e+01 1.835398e+01
      vertex   2.030794e+01 -8.346191e+01 2.135398e+01
      vertex   2.023382e+01 -8.328728e+01 2.125398e+01
    endloop
  endfacet
  facet normal -9.368506e-01 -3.278182e-01 1.218448e-01
    outer loop
      vertex   2.023382e+01 -8.328728e+01 2.125398e+01
      vertex   2.030794e+01 -8.346191e+01 2.135398e+01
      vertex   2.016002e+01 -8.303918e+01 2.135398e+01
    endloop
  endfacet
  facet normal -9.626939e-01 -2.656573e-01 -5.144611e-02
    outer loop
      vertex   2.023382e+01 -8.328728e+01 2.125398e+01
      vertex   2.016002e+01 -8.303918e+01 2.135398e+01
      vertex   2.014385e+01 -8.296123e+01 2.125398e+01
    endloop
  endfacet
  facet normal -9.910482e-01 -1.116643e-01 7.317458e-02
    outer loop
      vertex   2.014385e+01 -8.296123e+01 2.125398e+01
      vertex   2.016002e+01 -8.303918e+01 2.135398e+01
      vertex   2.010987e+01 -8.259414e+01 2.135398e+01
    endloop
  endfacet
  facet normal -9.946165e-01 -9.972853e-02 2.814680e-02
    outer loop
      vertex   2.014385e+01 -8.296123e+01 2.125398e+01
      vertex   2.010987e+01 -8.259414e+01 2.135398e+01
      vertex   2.011011e+01 -8.262469e+01 2.125398e+01
    endloop
  endfacet
  facet normal -9.973185e-01 6.930766e-02 -2.350119e-02
    outer loop
      vertex   2.011011e+01 -8.262469e+01 2.125398e+01
      vertex   2.010987e+01 -8.259414e+01 2.135398e+01
      vertex   2.013356e+01 -8.228728e+01 2.125398e+01
    endloop
  endfacet
  facet normal -9.879405e-01 1.113142e-01 1.076228e-01
    outer loop
      vertex   2.013356e+01 -8.228728e+01 2.125398e+01
      vertex   2.010987e+01 -8.259414e+01 2.135398e+01
      vertex   2.016002e+01 -8.214910e+01 2.135398e+01
    endloop
  endfacet
  facet normal -9.821512e-01 1.880930e-01 0.000000e+00
    outer loop
      vertex   2.013356e+01 -8.228728e+01 2.125398e+01
      vertex   2.016002e+01 -8.214910e+01 2.135398e+01
      vertex   2.013356e+01 -8.228728e+01 1.835398e+01
    endloop
  endfacet
  facet normal -9.656029e-01 2.599983e-01 -3.457857e-03
    outer loop
      vertex   2.013356e+01 -8.228728e+01 1.835398e+01
      vertex   2.016002e+01 -8.214910e+01 2.135398e+01
      vertex   2.024667e+01 -8.186718e+01 1.835398e+01
    endloop
  endfacet
  facet normal -9.438766e-01 3.302767e-01 3.774062e-03
    outer loop
      vertex   2.024667e+01 -8.186718e+01 1.835398e+01
      vertex   2.016002e+01 -8.214910e+01 2.135398e+01
      vertex   2.030794e+01 -8.172638e+01 2.135398e+01
    endloop
  endfacet
  facet normal -8.865341e-01 4.626491e-01 -3.609755e-03
    outer loop
      vertex   2.024667e+01 -8.186718e+01 1.835398e+01
      vertex   2.030794e+01 -8.172638e+01 2.135398e+01
      vertex   2.044796e+01 -8.148148e+01 1.835398e+01
    endloop
  endfacet
  facet normal -8.467177e-01 5.320280e-01 3.912156e-03
    outer loop
      vertex   2.044796e+01 -8.148148e+01 1.835398e+01
      vertex   2.030794e+01 -8.172638e+01 2.135398e+01
      vertex   2.054621e+01 -8.134716e+01 2.135398e+01
    endloop
  endfacet
  facet normal -7.655149e-01 6.434073e-01 -3.734043e-03
    outer loop
      vertex   2.044796e+01 -8.148148e+01 1.835398e+01
      vertex   2.054621e+01 -8.134716e+01 2.135398e+01
      vertex   2.072788e+01 -8.114843e+01 1.835398e+01
    endloop
  endfacet
  facet normal -7.071011e-01 7.071011e-01 4.022637e-03
    outer loop
      vertex   2.072788e+01 -8.114843e+01 1.835398e+01
      vertex   2.054621e+01 -8.134716e+01 2.135398e+01
      vertex   2.086290e+01 -8.103048e+01 2.135398e+01
    endloop
  endfacet
  facet normal -6.082719e-01 7.937195e-01 -3.830717e-03
    outer loop
      vertex   2.072788e+01 -8.114843e+01 1.835398e+01
      vertex   2.086290e+01 -8.103048e+01 2.135398e+01
      vertex   2.107320e+01 -8.088379e+01 1.835398e+01
    endloop
  endfacet
  facet normal -5.320276e-01 8.467171e-01 4.105502e-03
    outer loop
      vertex   2.107320e+01 -8.088379e+01 1.835398e+01
      vertex   2.086290e+01 -8.103048e+01 2.135398e+01
      vertex   2.124211e+01 -8.079220e+01 2.135398e+01
    endloop
  endfacet
  facet normal -4.222457e-01 9.064731e-01 -3.899773e-03
    outer loop
      vertex   2.107320e+01 -8.088379e+01 1.835398e+01
      vertex   2.124211e+01 -8.079220e+01 2.135398e+01
      vertex   2.146757e+01 -8.070009e+01 1.835398e+01
    endloop
  endfacet
  facet normal -3.302762e-01 9.438752e-01 4.160747e-03
    outer loop
      vertex   2.146757e+01 -8.070009e+01 1.835398e+01
      vertex   2.124211e+01 -8.079220e+01 2.135398e+01
      vertex   2.166483e+01 -8.064429e+01 2.135398e+01
    endloop
  endfacet
  facet normal -2.162390e-01 9.763325e-01 -3.941207e-03
    outer loop
      vertex   2.146757e+01 -8.070009e+01 1.835398e+01
      vertex   2.166483e+01 -8.064429e+01 2.135398e+01
      vertex   2.189234e+01 -8.060601e+01 1.835398e+01
    endloop
  endfacet
  facet normal -1.119635e-01 9.937035e-01 4.188370e-03
    outer loop
      vertex   2.189234e+01 -8.060601e+01 1.835398e+01
      vertex   2.166483e+01 -8.064429e+01 2.135398e+01
      vertex   2.210987e+01 -8.059414e+01 2.135398e+01
    endloop
  endfacet
  facet normal 0.000000e+00 9.999922e-01 -3.955019e-03
    outer loop
      vertex   2.189234e+01 -8.060601e+01 1.835398e+01
      vertex   2.210987e+01 -8.059414e+01 2.135398e+01
      vertex   2.232741e+01 -8.060601e+01 1.835398e+01
    endloop
  endfacet
  facet normal 1.119635e-01 9.937035e-01 4.188370e-03
    outer loop
      vertex   2.232741e+01 -8.060601e+01 1.835398e+01
      vertex   2.210987e+01 -8.059414e+01 2.135398e+01
      vertex   2.255492e+01 -8.064429e+01 2.135398e+01
    endloop
  endfacet
  facet normal 2.162390e-01 9.763325e-01 -3.941207e-03
    outer loop
      vertex   2.232741e+01 -8.060601e+01 1.835398e+01
      vertex   2.255492e+01 -8.064429e+01 2.135398e+01
      vertex   2.275217e+01 -8.070009e+01 1.835398e+01
    endloop
  endfacet
  facet normal 3.302762e-01 9.438752e-01 4.160747e-03
    outer loop
      vertex   2.275217e+01 -8.070009e+01 1.835398e+01
      vertex   2.255492e+01 -8.064429e+01 2.135398e+01
      vertex   2.297764e+01 -8.079220e+01 2.135398e+01
    endloop
  endfacet
  facet normal 4.222457e-01 9.064731e-01 -3.899773e-03
    outer loop
      vertex   2.275217e+01 -8.070009e+01 1.835398e+01
      vertex   2.297764e+01 -8.079220e+01 2.135398e+01
      vertex   2.314655e+01 -8.088379e+01 1.835398e+01
    endloop
  endfacet
  facet normal 5.320276e-01 8.467171e-01 4.105502e-03
    outer loop
      vertex   2.314655e+01 -8.088379e+01 1.835398e+01
      vertex   2.297764e+01 -8.079220e+01 2.135398e+01
      vertex   2.335685e+01 -8.103048e+01 2.135398e+01
    endloop
  endfacet
  facet normal 6.082719e-01 7.937195e-01 -3.830717e-03
    outer loop
      vertex   2.314655e+01 -8.088379e+01 1.835398e+01
      vertex   2.335685e+01 -8.103048e+01 2.135398e+01
      vertex   2.349187e+01 -8.114843e+01 1.835398e+01
    endloop
  endfacet
  facet normal 7.071011e-01 7.071011e-01 4.022637e-03
    outer loop
      vertex   2.349187e+01 -8.114843e+01 1.835398e+01
      vertex   2.335685e+01 -8.103048e+01 2.135398e+01
      vertex   2.367354e+01 -8.134716e+01 2.135398e+01
    endloop
  endfacet
  facet normal 7.655149e-01 6.434073e-01 -3.734043e-03
    outer loop
      vertex   2.349187e+01 -8.114843e+01 1.835398e+01
      vertex   2.367354e+01 -8.134716e+01 2.135398e+01
      vertex   2.377179e+01 -8.148148e+01 1.835398e+01
    endloop
  endfacet
  facet normal 8.467177e-01 5.320280e-01 3.912156e-03
    outer loop
      vertex   2.377179e+01 -8.148148e+01 1.835398e+01
      vertex   2.367354e+01 -8.134716e+01 2.135398e+01
      vertex   2.391181e+01 -8.172638e+01 2.135398e+01
    endloop
  endfacet
  facet normal 8.865341e-01 4.626491e-01 -3.609755e-03
    outer loop
      vertex   2.377179e+01 -8.148148e+01 1.835398e+01
      vertex   2.391181e+01 -8.172638e+01 2.135398e+01
      vertex   2.397308e+01 -8.186718e+01 1.835398e+01
    endloop
  endfacet
  facet normal 9.438766e-01 3.302767e-01 3.774062e-03
    outer loop
      vertex   2.397308e+01 -8.186718e+01 1.835398e+01
      vertex   2.391181e+01 -8.172638e+01 2.135398e+01
      vertex   2.405973e+01 -8.214910e+01 2.135398e+01
    endloop
  endfacet
  facet normal 9.656029e-01 2.599983e-01 -3.457857e-03
    outer loop
      vertex   2.397308e+01 -8.186718e+01 1.835398e+01
      vertex   2.405973e+01 -8.214910e+01 2.135398e+01
      vertex   2.408619e+01 -8.228728e+01 1.835398e+01
    endloop
  endfacet
  facet normal 4.277579e-03 -9.987966e-01 -4.885759e-02
    outer loop
      vertex   4.673944e+01 -8.399519e+01 1.725596e+01
      vertex   5.173462e+01 -8.396593e+01 1.709516e+01
      vertex   4.673462e+01 -8.400000e+01 1.735398e+01
    endloop
  endfacet
  facet normal 0.000000e+00 -9.914449e-01 -1.305262e-01
    outer loop
      vertex   4.673462e+01 -8.400000e+01 1.735398e+01
      vertex   5.173462e+01 -8.396593e+01 1.709516e+01
      vertex   5.673462e+01 -8.396593e+01 1.709516e+01
    endloop
  endfacet
  facet normal -4.934778e-04 -9.888002e-01 -1.492445e-01
    outer loop
      vertex   4.673462e+01 -8.400000e+01 1.735398e+01
      vertex   5.673462e+01 -8.396593e+01 1.709516e+01
      vertex   6.672981e+01 -8.399519e+01 1.725596e+01
    endloop
  endfacet
  facet normal 0.000000e+00 -9.838460e-01 -1.790169e-01
    outer loop
      vertex   6.672981e+01 -8.399519e+01 1.725596e+01
      vertex   5.673462e+01 -8.396593e+01 1.709516e+01
      vertex   6.173462e+01 -8.396593e+01 1.709516e+01
    endloop
  endfacet
  facet normal -1.075728e-03 -9.891991e-01 -1.465743e-01
    outer loop
      vertex   6.672981e+01 -8.399519e+01 1.725596e+01
      vertex   6.173462e+01 -8.396593e+01 1.709516e+01
      vertex   6.671541e+01 -8.398079e+01 1.715889e+01
    endloop
  endfacet
  facet normal 8.625566e-04 -9.568673e-01 -2.905242e-01
    outer loop
      vertex   6.671541e+01 -8.398079e+01 1.715889e+01
      vertex   6.173462e+01 -8.396593e+01 1.709516e+01
      vertex   6.665850e+01 -8.392388e+01 1.697129e+01
    endloop
  endfacet
  facet normal -1.737477e-03 -9.238781e-01 -3.826829e-01
    outer loop
      vertex   6.665850e+01 -8.392388e+01 1.697129e+01
      vertex   6.173462e+01 -8.396593e+01 1.709516e+01
      vertex   6.173462e+01 -8.386603e+01 1.685398e+01
    endloop
  endfacet
  facet normal 8.802216e-04 -8.817252e-01 -4.717625e-01
    outer loop
      vertex   6.665850e+01 -8.392388e+01 1.697129e+01
      vertex   6.173462e+01 -8.386603e+01 1.685398e+01
      vertex   6.656609e+01 -8.383147e+01 1.679841e+01
    endloop
  endfacet
  facet normal -1.327558e-03 -7.933526e-01 -6.087609e-01
    outer loop
      vertex   6.656609e+01 -8.383147e+01 1.679841e+01
      vertex   6.173462e+01 -8.386603e+01 1.685398e+01
      vertex   6.173462e+01 -8.370711e+01 1.664687e+01
    endloop
  endfacet
  facet normal 0.000000e+00 -7.730105e-01 -6.343933e-01
    outer loop
      vertex   6.656609e+01 -8.383147e+01 1.679841e+01
      vertex   6.173462e+01 -8.370711e+01 1.664687e+01
      vertex   6.644173e+01 -8.370711e+01 1.664687e+01
    endloop
  endfacet
  facet normal -0.000000e+00 -6.343933e-01 -7.730105e-01
    outer loop
      vertex   6.644173e+01 -8.370711e+01 1.664687e+01
      vertex   6.173462e+01 -8.370711e+01 1.664687e+01
      vertex   6.629019e+01 -8.355557e+01 1.652251e+01
    endloop
  endfacet
  facet normal -1.407959e-03 -6.087608e-01 -7.933526e-01
    outer loop
      vertex   6.629019e+01 -8.355557e+01 1.652251e+01
      vertex   6.173462e+01 -8.370711e+01 1.664687e+01
      vertex   6.173462e+01 -8.350000e+01 1.648795e+01
    endloop
  endfacet
  facet normal 9.515062e-04 -4.706563e-01 -8.823161e-01
    outer loop
      vertex   6.629019e+01 -8.355557e+01 1.652251e+01
      vertex   6.173462e+01 -8.350000e+01 1.648795e+01
      vertex   6.611731e+01 -8.338268e+01 1.643010e+01
    endloop
  endfacet
  facet normal -1.952028e-03 -3.826827e-01 -9.238778e-01
    outer loop
      vertex   6.611731e+01 -8.338268e+01 1.643010e+01
      vertex   6.173462e+01 -8.350000e+01 1.648795e+01
      vertex   6.173462e+01 -8.325882e+01 1.638805e+01
    endloop
  endfacet
  facet normal 1.005233e-03 -2.893639e-01 -9.572186e-01
    outer loop
      vertex   6.611731e+01 -8.338268e+01 1.643010e+01
      vertex   6.173462e+01 -8.325882e+01 1.638805e+01
      vertex   6.592971e+01 -8.319509e+01 1.637319e+01
    endloop
  endfacet
  facet normal -2.005175e-03 -1.000026e-01 -9.949852e-01
    outer loop
      vertex   6.592971e+01 -8.319509e+01 1.637319e+01
      vertex   6.173462e+01 -8.325882e+01 1.638805e+01
      vertex   6.573462e+01 -8.300000e+01 1.635398e+01
    endloop
  endfacet
  facet normal 0.000000e+00 -1.305262e-01 -9.914449e-01
    outer loop
      vertex   6.573462e+01 -8.300000e+01 1.635398e+01
      vertex   6.173462e+01 -8.325882e+01 1.638805e+01
      vertex   5.673462e+01 -8.325882e+01 1.638805e+01
    endloop
  endfacet
  facet normal 0.000000e+00 -1.305262e-01 -9.914449e-01
    outer loop
      vertex   6.573462e+01 -8.300000e+01 1.635398e+01
      vertex   5.673462e+01 -8.325882e+01 1.638805e+01
      vertex   5.173462e+01 -8.325882e+01 1.638805e+01
    endloop
  endfacet
  facet normal 0.000000e+00 -3.826834e-01 -9.238795e-01
    outer loop
      vertex   5.173462e+01 -8.325882e+01 1.638805e+01
      vertex   5.673462e+01 -8.325882e+01 1.638805e+01
      vertex   5.173462e+01 -8.350000e+01 1.648795e+01
    endloop
  endfacet
  facet normal 1.952028e-03 -3.826827e-01 -9.238778e-01
    outer loop
      vertex   5.173462e+01 -8.325882e+01 1.638805e+01
      vertex   5.173462e+01 -8.350000e+01 1.648795e+01
      vertex   4.735194e+01 -8.338268e+01 1.643010e+01
    endloop
  endfacet
  facet normal -9.515062e-04 -4.706563e-01 -8.823161e-01
    outer loop
      vertex   4.735194e+01 -8.338268e+01 1.643010e+01
      vertex   5.173462e+01 -8.350000e+01 1.648795e+01
      vertex   4.717905e+01 -8.355557e+01 1.652251e+01
    endloop
  endfacet
  facet normal 1.407959e-03 -6.087608e-01 -7.933526e-01
    outer loop
      vertex   4.717905e+01 -8.355557e+01 1.652251e+01
      vertex   5.173462e+01 -8.350000e+01 1.648795e+01
      vertex   5.173462e+01 -8.370711e+01 1.664687e+01
    endloop
  endfacet
  facet normal 0.000000e+00 -6.343933e-01 -7.730105e-01
    outer loop
      vertex   4.717905e+01 -8.355557e+01 1.652251e+01
      vertex   5.173462e+01 -8.370711e+01 1.664687e+01
      vertex   4.702752e+01 -8.370711e+01 1.664687e+01
    endloop
  endfacet
  facet normal 0.000000e+00 -7.730105e-01 -6.343933e-01
    outer loop
      vertex   4.702752e+01 -8.370711e+01 1.664687e+01
      vertex   5.173462e+01 -8.370711e+01 1.664687e+01
      vertex   4.690315e+01 -8.383147e+01 1.679841e+01
    endloop
  endfacet
  facet normal 1.327558e-03 -7.933526e-01 -6.087609e-01
    outer loop
      vertex   4.690315e+01 -8.383147e+01 1.679841e+01
      vertex   5.173462e+01 -8.370711e+01 1.664687e+01
      vertex   5.173462e+01 -8.386603e+01 1.685398e+01
    endloop
  endfacet
  facet normal -8.802216e-04 -8.817252e-01 -4.717625e-01
    outer loop
      vertex   4.690315e+01 -8.383147e+01 1.679841e+01
      vertex   5.173462e+01 -8.386603e+01 1.685398e+01
      vertex   4.681074e+01 -8.392388e+01 1.697129e+01
    endloop
  endfacet
  facet normal 1.737477e-03 -9.238781e-01 -3.826829e-01
    outer loop
      vertex   4.681074e+01 -8.392388e+01 1.697129e+01
      vertex   5.173462e+01 -8.386603e+01 1.685398e+01
      vertex   5.173462e+01 -8.396593e+01 1.709516e+01
    endloop
  endfacet
  facet normal -8.625566e-04 -9.568673e-01 -2.905242e-01
    outer loop
      vertex   4.681074e+01 -8.392388e+01 1.697129e+01
      vertex   5.173462e+01 -8.396593e+01 1.709516e+01
      vertex   4.675384e+01 -8.398079e+01 1.715889e+01
    endloop
  endfacet
  facet normal 1.075728e-03 -9.891991e-01 -1.465743e-01
    outer loop
      vertex   4.675384e+01 -8.398079e+01 1.715889e+01
      vertex   5.173462e+01 -8.396593e+01 1.709516e+01
      vertex   4.673944e+01 -8.399519e+01 1.725596e+01
    endloop
  endfacet
  facet normal -1.005233e-03 -2.893639e-01 -9.572186e-01
    outer loop
      vertex   4.735194e+01 -8.338268e+01 1.643010e+01
      vertex   4.753953e+01 -8.319509e+01 1.637319e+01
      vertex   5.173462e+01 -8.325882e+01 1.638805e+01
    endloop
  endfacet
  facet normal 8.335065e-04 -1.747134e-01 -9.846190e-01
    outer loop
      vertex   5.173462e+01 -8.325882e+01 1.638805e+01
      vertex   4.753953e+01 -8.319509e+01 1.637319e+01
      vertex   6.573462e+01 -8.300000e+01 1.635398e+01
    endloop
  endfacet
  facet normal 0.000000e+00 -9.801713e-02 -9.951847e-01
    outer loop
      vertex   4.753953e+01 -8.319509e+01 1.637319e+01
      vertex   4.773462e+01 -8.300000e+01 1.635398e+01
      vertex   6.573462e+01 -8.300000e+01 1.635398e+01
    endloop
  endfacet
  facet normal 0.000000e+00 -9.987955e-01 -4.906767e-02
    outer loop
      vertex   6.672981e+01 -8.399519e+01 1.725596e+01
      vertex   6.673462e+01 -8.400000e+01 1.735398e+01
      vertex   4.673462e+01 -8.400000e+01 1.735398e+01
    endloop
  endfacet
  facet normal 0.000000e+00 -9.238795e-01 -3.826834e-01
    outer loop
      vertex   6.173462e+01 -8.386603e+01 1.685398e+01
      vertex   6.173462e+01 -8.396593e+01 1.709516e+01
      vertex   5.673462e+01 -8.396593e+01 1.709516e+01
    endloop
  endfacet
  facet normal -0.000000e+00 -9.238795e-01 -3.826834e-01
    outer loop
      vertex   5.673462e+01 -8.396593e+01 1.709516e+01
      vertex   5.173462e+01 -8.396593e+01 1.709516e+01
      vertex   5.673462e+01 -8.386603e+01 1.685398e+01
    endloop
  endfacet
  facet normal -0.000000e+00 -9.238795e-01 -3.826834e-01
    outer loop
      vertex   5.673462e+01 -8.386603e+01 1.685398e+01
      vertex   5.173462e+01 -8.396593e+01 1.709516e+01
      vertex   5.173462e+01 -8.386603e+01 1.685398e+01
    endloop
  endfacet
  facet normal -0.000000e+00 -7.933533e-01 -6.087614e-01
    outer loop
      vertex   5.673462e+01 -8.386603e+01 1.685398e+01
      vertex   5.173462e+01 -8.386603e+01 1.685398e+01
      vertex   5.673462e+01 -8.370711e+01 1.664687e+01
    endloop
  endfacet
  facet normal -0.000000e+00 -7.933533e-01 -6.087614e-01
    outer loop
      vertex   5.673462e+01 -8.370711e+01 1.664687e+01
      vertex   5.173462e+01 -8.386603e+01 1.685398e+01
      vertex   5.173462e+01 -8.370711e+01 1.664687e+01
    endloop
  endfacet
  facet normal -0.000000e+00 -6.087614e-01 -7.933533e-01
    outer loop
      vertex   5.673462e+01 -8.370711e+01 1.664687e+01
      vertex   5.173462e+01 -8.370711e+01 1.664687e+01
      vertex   5.673462e+01 -8.350000e+01 1.648795e+01
    endloop
  endfacet
  facet normal -0.000000e+00 -6.087614e-01 -7.933533e-01
    outer loop
      vertex   5.673462e+01 -8.350000e+01 1.648795e+01
      vertex   5.173462e+01 -8.370711e+01 1.664687e+01
      vertex   5.173462e+01 -8.350000e+01 1.648795e+01
    endloop
  endfacet
  facet normal -0.000000e+00 -3.826834e-01 -9.238795e-01
    outer loop
      vertex   5.673462e+01 -8.350000e+01 1.648795e+01
      vertex   5.173462e+01 -8.350000e+01 1.648795e+01
      vertex   5.673462e+01 -8.325882e+01 1.638805e+01
    endloop
  endfacet
  facet normal 0.000000e+00 -7.933533e-01 -6.087614e-01
    outer loop
      vertex   6.173462e+01 -8.370711e+01 1.664687e+01
      vertex   6.173462e+01 -8.386603e+01 1.685398e+01
      vertex   5.673462e+01 -8.386603e+01 1.685398e+01
    endloop
  endfacet
  facet normal 0.000000e+00 -9.238795e-01 -3.826834e-01
    outer loop
      vertex   5.673462e+01 -8.386603e+01 1.685398e+01
      vertex   6.173462e+01 -8.386603e+01 1.685398e+01
      vertex   5.673462e+01 -8.396593e+01 1.709516e+01
    endloop
  endfacet
  facet normal -0.000000e+00 -7.933533e-01 -6.087614e-01
    outer loop
      vertex   6.173462e+01 -8.370711e+01 1.664687e+01
      vertex   5.673462e+01 -8.386603e+01 1.685398e+01
      vertex   5.673462e+01 -8.370711e+01 1.664687e+01
    endloop
  endfacet
  facet normal 0.000000e+00 -6.087614e-01 -7.933533e-01
    outer loop
      vertex   6.173462e+01 -8.350000e+01 1.648795e+01
      vertex   6.173462e+01 -8.370711e+01 1.664687e+01
      vertex   5.673462e+01 -8.370711e+01 1.664687e+01
    endloop
  endfacet
  facet normal -0.000000e+00 -6.087614e-01 -7.933533e-01
    outer loop
      vertex   6.173462e+01 -8.350000e+01 1.648795e+01
      vertex   5.673462e+01 -8.370711e+01 1.664687e+01
      vertex   5.673462e+01 -8.350000e+01 1.648795e+01
    endloop
  endfacet
  facet normal 0.000000e+00 -3.826834e-01 -9.238795e-01
    outer loop
      vertex   6.173462e+01 -8.325882e+01 1.638805e+01
      vertex   6.173462e+01 -8.350000e+01 1.648795e+01
      vertex   5.673462e+01 -8.350000e+01 1.648795e+01
    endloop
  endfacet
  facet normal -0.000000e+00 -3.826834e-01 -9.238795e-01
    outer loop
      vertex   6.173462e+01 -8.325882e+01 1.638805e+01
      vertex   5.673462e+01 -8.350000e+01 1.648795e+01
      vertex   5.673462e+01 -8.325882e+01 1.638805e+01
    endloop
  endfacet
  facet normal -9.801714e-02 0.000000e+00 -9.951847e-01
    outer loop
      vertex   4.773462e+01 -8.300000e+01 1.635398e+01
      vertex   4.753953e+01 -8.319509e+01 1.637319e+01
      vertex   4.753953e+01 -8.280491e+01 1.637319e+01
    endloop
  endfacet
  facet normal -2.902847e-01 -0.000000e+00 -9.569403e-01
    outer loop
      vertex   4.753953e+01 -8.280491e+01 1.637319e+01
      vertex   4.753953e+01 -8.319509e+01 1.637319e+01
      vertex   4.735194e+01 -8.338268e+01 1.643010e+01
    endloop
  endfacet
  facet normal -2.902847e-01 0.000000e+00 -9.569403e-01
    outer loop
      vertex   4.753953e+01 -8.280491e+01 1.637319e+01
      vertex   4.735194e+01 -8.338268e+01 1.643010e+01
      vertex   4.735194e+01 -8.261732e+01 1.643010e+01
    endloop
  endfacet
  facet normal -4.713967e-01 -0.000000e+00 -8.819213e-01
    outer loop
      vertex   4.735194e+01 -8.261732e+01 1.643010e+01
      vertex   4.735194e+01 -8.338268e+01 1.643010e+01
      vertex   4.717905e+01 -8.355557e+01 1.652251e+01
    endloop
  endfacet
  facet normal -4.713967e-01 0.000000e+00 -8.819213e-01
    outer loop
      vertex   4.735194e+01 -8.261732e+01 1.643010e+01
      vertex   4.717905e+01 -8.355557e+01 1.652251e+01
      vertex   4.717905e+01 -8.244443e+01 1.652251e+01
    endloop
  endfacet
  facet normal -6.343933e-01 -0.000000e+00 -7.730105e-01
    outer loop
      vertex   4.717905e+01 -8.244443e+01 1.652251e+01
      vertex   4.717905e+01 -8.355557e+01 1.652251e+01
      vertex   4.702752e+01 -8.229289e+01 1.664687e+01
    endloop
  endfacet
  facet normal -6.343933e-01 -0.000000e+00 -7.730105e-01
    outer loop
      vertex   4.702752e+01 -8.229289e+01 1.664687e+01
      vertex   4.717905e+01 -8.355557e+01 1.652251e+01
      vertex   4.702752e+01 -8.370711e+01 1.664687e+01
    endloop
  endfacet
  facet normal -7.730105e-01 -0.000000e+00 -6.343933e-01
    outer loop
      vertex   4.702752e+01 -8.229289e+01 1.664687e+01
      vertex   4.702752e+01 -8.370711e+01 1.664687e+01
      vertex   4.690315e+01 -8.216853e+01 1.679841e+01
    endloop
  endfacet
  facet normal -7.730105e-01 -0.000000e+00 -6.343933e-01
    outer loop
      vertex   4.690315e+01 -8.216853e+01 1.679841e+01
      vertex   4.702752e+01 -8.370711e+01 1.664687e+01
      vertex   4.690315e+01 -8.383147e+01 1.679841e+01
    endloop
  endfacet
  facet normal -8.819213e-01 -0.000000e+00 -4.713967e-01
    outer loop
      vertex   4.690315e+01 -8.216853e+01 1.679841e+01
      vertex   4.690315e+01 -8.383147e+01 1.679841e+01
      vertex   4.681074e+01 -8.392388e+01 1.697129e+01
    endloop
  endfacet
  facet normal -8.819213e-01 0.000000e+00 -4.713967e-01
    outer loop
      vertex   4.690315e+01 -8.216853e+01 1.679841e+01
      vertex   4.681074e+01 -8.392388e+01 1.697129e+01
      vertex   4.681074e+01 -8.207612e+01 1.697129e+01
    endloop
  endfacet
  facet normal -9.569403e-01 -0.000000e+00 -2.902847e-01
    outer loop
      vertex   4.681074e+01 -8.207612e+01 1.697129e+01
      vertex   4.681074e+01 -8.392388e+01 1.697129e+01
      vertex   4.675384e+01 -8.398079e+01 1.715889e+01
    endloop
  endfacet
  facet normal -9.569403e-01 0.000000e+00 -2.902847e-01
    outer loop
      vertex   4.681074e+01 -8.207612e+01 1.697129e+01
      vertex   4.675384e+01 -8.398079e+01 1.715889e+01
      vertex   4.675384e+01 -8.201922e+01 1.715889e+01
    endloop
  endfacet
  facet normal -9.891765e-01 -0.000000e+00 -1.467305e-01
    outer loop
      vertex   4.675384e+01 -8.201922e+01 1.715889e+01
      vertex   4.675384e+01 -8.398079e+01 1.715889e+01
      vertex   4.673944e+01 -8.200482e+01 1.725596e+01
    endloop
  endfacet
  facet normal -9.891765e-01 -0.000000e+00 -1.467305e-01
    outer loop
      vertex   4.673944e+01 -8.200482e+01 1.725596e+01
      vertex   4.675384e+01 -8.398079e+01 1.715889e+01
      vertex   4.673944e+01 -8.399519e+01 1.725596e+01
    endloop
  endfacet
  facet normal -9.987955e-01 -0.000000e+00 -4.906767e-02
    outer loop
      vertex   4.673944e+01 -8.200482e+01 1.725596e+01
      vertex   4.673944e+01 -8.399519e+01 1.725596e+01
      vertex   4.673462e+01 -8.200000e+01 1.735398e+01
    endloop
  endfacet
  facet normal -9.987955e-01 -0.000000e+00 -4.906767e-02
    outer loop
      vertex   4.673462e+01 -8.200000e+01 1.735398e+01
      vertex   4.673944e+01 -8.399519e+01 1.725596e+01
      vertex   4.673462e+01 -8.400000e+01 1.735398e+01
    endloop
  endfacet
  facet normal 2.005176e-03 1.000027e-01 -9.949851e-01
    outer loop
      vertex   4.753953e+01 -8.280491e+01 1.637319e+01
      vertex   5.173462e+01 -8.274118e+01 1.638805e+01
      vertex   4.773462e+01 -8.300000e+01 1.635398e+01
    endloop
  endfacet
  facet normal 0.000000e+00 1.305262e-01 -9.914449e-01
    outer loop
      vertex   4.773462e+01 -8.300000e+01 1.635398e+01
      vertex   5.173462e+01 -8.274118e+01 1.638805e+01
      vertex   5.673462e+01 -8.274118e+01 1.638805e+01
    endloop
  endfacet
  facet normal 0.000000e+00 1.305262e-01 -9.914449e-01
    outer loop
      vertex   4.773462e+01 -8.300000e+01 1.635398e+01
      vertex   5.673462e+01 -8.274118e+01 1.638805e+01
      vertex   6.173462e+01 -8.274118e+01 1.638805e+01
    endloop
  endfacet
  facet normal 0.000000e+00 3.826834e-01 -9.238795e-01
    outer loop
      vertex   6.173462e+01 -8.274118e+01 1.638805e+01
      vertex   5.673462e+01 -8.274118e+01 1.638805e+01
      vertex   6.173462e+01 -8.250000e+01 1.648795e+01
    endloop
  endfacet
  facet normal -1.952028e-03 3.826827e-01 -9.238778e-01
    outer loop
      vertex   6.173462e+01 -8.274118e+01 1.638805e+01
      vertex   6.173462e+01 -8.250000e+01 1.648795e+01
      vertex   6.611731e+01 -8.261732e+01 1.643010e+01
    endloop
  endfacet
  facet normal 9.515060e-04 4.706563e-01 -8.823161e-01
    outer loop
      vertex   6.611731e+01 -8.261732e+01 1.643010e+01
      vertex   6.173462e+01 -8.250000e+01 1.648795e+01
      vertex   6.629019e+01 -8.244443e+01 1.652251e+01
    endloop
  endfacet
  facet normal -1.407959e-03 6.087608e-01 -7.933526e-01
    outer loop
      vertex   6.629019e+01 -8.244443e+01 1.652251e+01
      vertex   6.173462e+01 -8.250000e+01 1.648795e+01
      vertex   6.173462e+01 -8.229289e+01 1.664687e+01
    endloop
  endfacet
  facet normal 0.000000e+00 6.343933e-01 -7.730105e-01
    outer loop
      vertex   6.629019e+01 -8.244443e+01 1.652251e+01
      vertex   6.173462e+01 -8.229289e+01 1.664687e+01
      vertex   6.644173e+01 -8.229289e+01 1.664687e+01
    endloop
  endfacet
  facet normal 0.000000e+00 7.730105e-01 -6.343933e-01
    outer loop
      vertex   6.644173e+01 -8.229289e+01 1.664687e+01
      vertex   6.173462e+01 -8.229289e+01 1.664687e+01
      vertex   6.656609e+01 -8.216853e+01 1.679841e+01
    endloop
  endfacet
  facet normal -1.327558e-03 7.933526e-01 -6.087609e-01
    outer loop
      vertex   6.656609e+01 -8.216853e+01 1.679841e+01
      vertex   6.173462e+01 -8.229289e+01 1.664687e+01
      vertex   6.173462e+01 -8.213398e+01 1.685398e+01
    endloop
  endfacet
  facet normal 8.802217e-04 8.817252e-01 -4.717625e-01
    outer loop
      vertex   6.656609e+01 -8.216853e+01 1.679841e+01
      vertex   6.173462e+01 -8.213398e+01 1.685398e+01
      vertex   6.665850e+01 -8.207612e+01 1.697129e+01
    endloop
  endfacet
  facet normal -1.737477e-03 9.238781e-01 -3.826829e-01
    outer loop
      vertex   6.665850e+01 -8.207612e+01 1.697129e+01
      vertex   6.173462e+01 -8.213398e+01 1.685398e+01
      vertex   6.173462e+01 -8.203407e+01 1.709516e+01
    endloop
  endfacet
  facet normal 8.625565e-04 9.568673e-01 -2.905242e-01
    outer loop
      vertex   6.665850e+01 -8.207612e+01 1.697129e+01
      vertex   6.173462e+01 -8.203407e+01 1.709516e+01
      vertex   6.671541e+01 -8.201922e+01 1.715889e+01
    endloop
  endfacet
  facet normal -1.075728e-03 9.891991e-01 -1.465743e-01
    outer loop
      vertex   6.671541e+01 -8.201922e+01 1.715889e+01
      vertex   6.173462e+01 -8.203407e+01 1.709516e+01
      vertex   6.672981e+01 -8.200482e+01 1.725596e+01
    endloop
  endfacet
  facet normal -4.277579e-03 9.987966e-01 -4.885759e-02
    outer loop
      vertex   6.672981e+01 -8.200482e+01 1.725596e+01
      vertex   6.173462e+01 -8.203407e+01 1.709516e+01
      vertex   6.673462e+01 -8.200000e+01 1.735398e+01
    endloop
  endfacet
  facet normal 0.000000e+00 9.914449e-01 -1.305262e-01
    outer loop
      vertex   6.673462e+01 -8.200000e+01 1.735398e+01
      vertex   6.173462e+01 -8.203407e+01 1.709516e+01
      vertex   5.673462e+01 -8.203407e+01 1.709516e+01
    endloop
  endfacet
  facet normal 4.934778e-04 9.888002e-01 -1.492445e-01
    outer loop
      vertex   6.673462e+01 -8.200000e+01 1.735398e+01
      vertex   5.673462e+01 -8.203407e+01 1.709516e+01
      vertex   4.673944e+01 -8.200482e+01 1.725596e+01
    endloop
  endfacet
  facet normal 0.000000e+00 9.838460e-01 -1.790169e-01
    outer loop
      vertex   4.673944e+01 -8.200482e+01 1.725596e+01
      vertex   5.673462e+01 -8.203407e+01 1.709516e+01
      vertex   5.173462e+01 -8.203407e+01 1.709516e+01
    endloop
  endfacet
  facet normal 1.075728e-03 9.891991e-01 -1.465743e-01
    outer loop
      vertex   4.673944e+01 -8.200482e+01 1.725596e+01
      vertex   5.173462e+01 -8.203407e+01 1.709516e+01
      vertex   4.675384e+01 -8.201922e+01 1.715889e+01
    endloop
  endfacet
  facet normal -8.625565e-04 9.568673e-01 -2.905242e-01
    outer loop
      vertex   4.675384e+01 -8.201922e+01 1.715889e+01
      vertex   5.173462e+01 -8.203407e+01 1.709516e+01
      vertex   4.681074e+01 -8.207612e+01 1.697129e+01
    endloop
  endfacet
  facet normal 1.737477e-03 9.238781e-01 -3.826829e-01
    outer loop
      vertex   4.681074e+01 -8.207612e+01 1.697129e+01
      vertex   5.173462e+01 -8.203407e+01 1.709516e+01
      vertex   5.173462e+01 -8.213398e+01 1.685398e+01
    endloop
  endfacet
  facet normal -8.802217e-04 8.817252e-01 -4.717625e-01
    outer loop
      vertex   4.681074e+01 -8.207612e+01 1.697129e+01
      vertex   5.173462e+01 -8.213398e+01 1.685398e+01
      vertex   4.690315e+01 -8.216853e+01 1.679841e+01
    endloop
  endfacet
  facet normal 1.327558e-03 7.933526e-01 -6.087609e-01
    outer loop
      vertex   4.690315e+01 -8.216853e+01 1.679841e+01
      vertex   5.173462e+01 -8.213398e+01 1.685398e+01
      vertex   5.173462e+01 -8.229289e+01 1.664687e+01
    endloop
  endfacet
  facet normal 0.000000e+00 7.730105e-01 -6.343933e-01
    outer loop
      vertex   4.690315e+01 -8.216853e+01 1.679841e+01
      vertex   5.173462e+01 -8.229289e+01 1.664687e+01
      vertex   4.702752e+01 -8.229289e+01 1.664687e+01
    endloop
  endfacet
  facet normal 0.000000e+00 6.343933e-01 -7.730105e-01
    outer loop
      vertex   4.702752e+01 -8.229289e+01 1.664687e+01
      vertex   5.173462e+01 -8.229289e+01 1.664687e+01
      vertex   4.717905e+01 -8.244443e+01 1.652251e+01
    endloop
  endfacet
  facet normal 1.407959e-03 6.087608e-01 -7.933526e-01
    outer loop
      vertex   4.717905e+01 -8.244443e+01 1.652251e+01
      vertex   5.173462e+01 -8.229289e+01 1.664687e+01
      vertex   5.173462e+01 -8.250000e+01 1.648795e+01
    endloop
  endfacet
  facet normal -9.515060e-04 4.706563e-01 -8.823161e-01
    outer loop
      vertex   4.717905e+01 -8.244443e+01 1.652251e+01
      vertex   5.173462e+01 -8.250000e+01 1.648795e+01
      vertex   4.735194e+01 -8.261732e+01 1.643010e+01
    endloop
  endfacet
  facet normal 1.952028e-03 3.826827e-01 -9.238778e-01
    outer loop
      vertex   4.735194e+01 -8.261732e+01 1.643010e+01
      vertex   5.173462e+01 -8.250000e+01 1.648795e+01
      vertex   5.173462e+01 -8.274118e+01 1.638805e+01
    endloop
  endfacet
  facet normal -1.005233e-03 2.893639e-01 -9.572186e-01
    outer loop
      vertex   4.735194e+01 -8.261732e+01 1.643010e+01
      vertex   5.173462e+01 -8.274118e+01 1.638805e+01
      vertex   4.753953e+01 -8.280491e+01 1.637319e+01
    endloop
  endfacet
  facet normal 0.000000e+00 9.987955e-01 -4.906767e-02
    outer loop
      vertex   4.673944e+01 -8.200482e+01 1.725596e+01
      vertex   4.673462e+01 -8.200000e+01 1.735398e+01
      vertex   6.673462e+01 -8.200000e+01 1.735398e+01
    endloop
  endfacet
  facet normal 1.005233e-03 2.893639e-01 -9.572186e-01
    outer loop
      vertex   6.611731e+01 -8.261732e+01 1.643010e+01
      vertex   6.592971e+01 -8.280491e+01 1.637319e+01
      vertex   6.173462e+01 -8.274118e+01 1.638805e+01
    endloop
  endfacet
  facet normal -8.335065e-04 1.747135e-01 -9.846190e-01
    outer loop
      vertex   6.173462e+01 -8.274118e+01 1.638805e+01
      vertex   6.592971e+01 -8.280491e+01 1.637319e+01
      vertex   4.773462e+01 -8.300000e+01 1.635398e+01
    endloop
  endfacet
  facet normal 0.000000e+00 9.801714e-02 -9.951847e-01
    outer loop
      vertex   6.592971e+01 -8.280491e+01 1.637319e+01
      vertex   6.573462e+01 -8.300000e+01 1.635398e+01
      vertex   4.773462e+01 -8.300000e+01 1.635398e+01
    endloop
  endfacet
  facet normal 0.000000e+00 3.826834e-01 -9.238795e-01
    outer loop
      vertex   5.673462e+01 -8.274118e+01 1.638805e+01
      vertex   5.173462e+01 -8.274118e+01 1.638805e+01
      vertex   5.673462e+01 -8.250000e+01 1.648795e+01
    endloop
  endfacet
  facet normal 0.000000e+00 3.826834e-01 -9.238795e-01
    outer loop
      vertex   5.673462e+01 -8.250000e+01 1.648795e+01
      vertex   5.173462e+01 -8.274118e+01 1.638805e+01
      vertex   5.173462e+01 -8.250000e+01 1.648795e+01
    endloop
  endfacet
  facet normal 0.000000e+00 6.087614e-01 -7.933533e-01
    outer loop
      vertex   5.673462e+01 -8.250000e+01 1.648795e+01
      vertex   5.173462e+01 -8.250000e+01 1.648795e+01
      vertex   5.673462e+01 -8.229289e+01 1.664687e+01
    endloop
  endfacet
  facet normal 0.000000e+00 6.087614e-01 -7.933533e-01
    outer loop
      vertex   5.673462e+01 -8.229289e+01 1.664687e+01
      vertex   5.173462e+01 -8.250000e+01 1.648795e+01
      vertex   5.173462e+01 -8.229289e+01 1.664687e+01
    endloop
  endfacet
  facet normal 0.000000e+00 7.933533e-01 -6.087614e-01
    outer loop
      vertex   5.673462e+01 -8.229289e+01 1.664687e+01
      vertex   5.173462e+01 -8.229289e+01 1.664687e+01
      vertex   5.673462e+01 -8.213398e+01 1.685398e+01
    endloop
  endfacet
  facet normal 0.000000e+00 7.933533e-01 -6.087614e-01
    outer loop
      vertex   5.673462e+01 -8.213398e+01 1.685398e+01
      vertex   5.173462e+01 -8.229289e+01 1.664687e+01
      vertex   5.173462e+01 -8.213398e+01 1.685398e+01
    endloop
  endfacet
  facet normal 0.000000e+00 9.238795e-01 -3.826834e-01
    outer loop
      vertex   5.673462e+01 -8.213398e+01 1.685398e+01
      vertex   5.173462e+01 -8.213398e+01 1.685398e+01
      vertex   5.673462e+01 -8.203407e+01 1.709516e+01
    endloop
  endfacet
  facet normal 0.000000e+00 9.238795e-01 -3.826834e-01
    outer loop
      vertex   5.673462e+01 -8.203407e+01 1.709516e+01
      vertex   5.173462e+01 -8.213398e+01 1.685398e+01
      vertex   5.173462e+01 -8.203407e+01 1.709516e+01
    endloop
  endfacet
  facet normal 0.000000e+00 6.087614e-01 -7.933533e-01
    outer loop
      vertex   6.173462e+01 -8.229289e+01 1.664687e+01
      vertex   6.173462e+01 -8.250000e+01 1.648795e+01
      vertex   5.673462e+01 -8.250000e+01 1.648795e+01
    endloop
  endfacet
  facet normal 0.000000e+00 3.826834e-01 -9.238795e-01
    outer loop
      vertex   5.673462e+01 -8.250000e+01 1.648795e+01
      vertex   6.173462e+01 -8.250000e+01 1.648795e+01
      vertex   5.673462e+01 -8.274118e+01 1.638805e+01
    endloop
  endfacet
  facet normal 0.000000e+00 6.087614e-01 -7.933533e-01
    outer loop
      vertex   6.173462e+01 -8.229289e+01 1.664687e+01
      vertex   5.673462e+01 -8.250000e+01 1.648795e+01
      vertex   5.673462e+01 -8.229289e+01 1.664687e+01
    endloop
  endfacet
  facet normal 0.000000e+00 7.933533e-01 -6.087614e-01
    outer loop
      vertex   6.173462e+01 -8.213398e+01 1.685398e+01
      vertex   6.173462e+01 -8.229289e+01 1.664687e+01
      vertex   5.673462e+01 -8.229289e+01 1.664687e+01
    endloop
  endfacet
  facet normal 0.000000e+00 7.933533e-01 -6.087614e-01
    outer loop
      vertex   6.173462e+01 -8.213398e+01 1.685398e+01
      vertex   5.673462e+01 -8.229289e+01 1.664687e+01
      vertex   5.673462e+01 -8.213398e+01 1.685398e+01
    endloop
  endfacet
  facet normal 0.000000e+00 9.238795e-01 -3.826834e-01
    outer loop
      vertex   6.173462e+01 -8.203407e+01 1.709516e+01
      vertex   6.173462e+01 -8.213398e+01 1.685398e+01
      vertex   5.673462e+01 -8.213398e+01 1.685398e+01
    endloop
  endfacet
  facet normal 0.000000e+00 9.238795e-01 -3.826834e-01
    outer loop
      vertex   6.173462e+01 -8.203407e+01 1.709516e+01
      vertex   5.673462e+01 -8.213398e+01 1.685398e+01
      vertex   5.673462e+01 -8.203407e+01 1.709516e+01
    endloop
  endfacet
  facet normal 9.987955e-01 0.000000e+00 -4.906767e-02
    outer loop
      vertex   6.673462e+01 -8.200000e+01 1.735398e+01
      vertex   6.673462e+01 -8.400000e+01 1.735398e+01
      vertex   6.672981e+01 -8.200482e+01 1.725596e+01
    endloop
  endfacet
  facet normal 9.987955e-01 0.000000e+00 -4.906767e-02
    outer loop
      vertex   6.672981e+01 -8.200482e+01 1.725596e+01
      vertex   6.673462e+01 -8.400000e+01 1.735398e+01
      vertex   6.672981e+01 -8.399519e+01 1.725596e+01
    endloop
  endfacet
  facet normal 9.891765e-01 0.000000e+00 -1.467305e-01
    outer loop
      vertex   6.672981e+01 -8.200482e+01 1.725596e+01
      vertex   6.672981e+01 -8.399519e+01 1.725596e+01
      vertex   6.671541e+01 -8.201922e+01 1.715889e+01
    endloop
  endfacet
  facet normal 9.891765e-01 0.000000e+00 -1.467305e-01
    outer loop
      vertex   6.671541e+01 -8.201922e+01 1.715889e+01
      vertex   6.672981e+01 -8.399519e+01 1.725596e+01
      vertex   6.671541e+01 -8.398079e+01 1.715889e+01
    endloop
  endfacet
  facet normal 9.569403e-01 0.000000e+00 -2.902847e-01
    outer loop
      vertex   6.671541e+01 -8.201922e+01 1.715889e+01
      vertex   6.671541e+01 -8.398079e+01 1.715889e+01
      vertex   6.665850e+01 -8.392388e+01 1.697129e+01
    endloop
  endfacet
  facet normal 9.569403e-01 0.000000e+00 -2.902847e-01
    outer loop
      vertex   6.671541e+01 -8.201922e+01 1.715889e+01
      vertex   6.665850e+01 -8.392388e+01 1.697129e+01
      vertex   6.665850e+01 -8.207612e+01 1.697129e+01
    endloop
  endfacet
  facet normal 8.819213e-01 0.000000e+00 -4.713967e-01
    outer loop
      vertex   6.665850e+01 -8.207612e+01 1.697129e+01
      vertex   6.665850e+01 -8.392388e+01 1.697129e+01
      vertex   6.656609e+01 -8.383147e+01 1.679841e+01
    endloop
  endfacet
  facet normal 8.819213e-01 0.000000e+00 -4.713967e-01
    outer loop
      vertex   6.665850e+01 -8.207612e+01 1.697129e+01
      vertex   6.656609e+01 -8.383147e+01 1.679841e+01
      vertex   6.656609e+01 -8.216853e+01 1.679841e+01
    endloop
  endfacet
  facet normal 7.730105e-01 0.000000e+00 -6.343933e-01
    outer loop
      vertex   6.656609e+01 -8.216853e+01 1.679841e+01
      vertex   6.656609e+01 -8.383147e+01 1.679841e+01
      vertex   6.644173e+01 -8.229289e+01 1.664687e+01
    endloop
  endfacet
  facet normal 7.730105e-01 0.000000e+00 -6.343933e-01
    outer loop
      vertex   6.644173e+01 -8.229289e+01 1.664687e+01
      vertex   6.656609e+01 -8.383147e+01 1.679841e+01
      vertex   6.644173e+01 -8.370711e+01 1.664687e+01
    endloop
  endfacet
  facet normal 6.343933e-01 0.000000e+00 -7.730105e-01
    outer loop
      vertex   6.644173e+01 -8.229289e+01 1.664687e+01
      vertex   6.644173e+01 -8.370711e+01 1.664687e+01
      vertex   6.629019e+01 -8.244443e+01 1.652251e+01
    endloop
  endfacet
  facet normal 6.343933e-01 0.000000e+00 -7.730105e-01
    outer loop
      vertex   6.629019e+01 -8.244443e+01 1.652251e+01
      vertex   6.644173e+01 -8.370711e+01 1.664687e+01
      vertex   6.629019e+01 -8.355557e+01 1.652251e+01
    endloop
  endfacet
  facet normal 4.713967e-01 0.000000e+00 -8.819213e-01
    outer loop
      vertex   6.629019e+01 -8.244443e+01 1.652251e+01
      vertex   6.629019e+01 -8.355557e+01 1.652251e+01
      vertex   6.611731e+01 -8.338268e+01 1.643010e+01
    endloop
  endfacet
  facet normal 4.713967e-01 0.000000e+00 -8.819213e-01
    outer loop
      vertex   6.629019e+01 -8.244443e+01 1.652251e+01
      vertex   6.611731e+01 -8.338268e+01 1.643010e+01
      vertex   6.611731e+01 -8.261732e+01 1.643010e+01
    endloop
  endfacet
  facet normal 2.902847e-01 0.000000e+00 -9.569403e-01
    outer loop
      vertex   6.611731e+01 -8.261732e+01 1.643010e+01
      vertex   6.611731e+01 -8.338268e+01 1.643010e+01
      vertex   6.592971e+01 -8.319509e+01 1.637319e+01
    endloop
  endfacet
  facet normal 2.902847e-01 0.000000e+00 -9.569403e-01
    outer loop
      vertex   6.611731e+01 -8.261732e+01 1.643010e+01
      vertex   6.592971e+01 -8.319509e+01 1.637319e+01
      vertex   6.592971e+01 -8.280491e+01 1.637319e+01
    endloop
  endfacet
  facet normal 9.801714e-02 0.000000e+00 -9.951847e-01
    outer loop
      vertex   6.592971e+01 -8.280491e+01 1.637319e+01
      vertex   6.592971e+01 -8.319509e+01 1.637319e+01
      vertex   6.573462e+01 -8.300000e+01 1.635398e+01
    endloop
  endfacet
  facet normal 0.000000e+00 -9.801713e-02 -9.951847e-01
    outer loop
      vertex   4.773462e+01 -5.200000e+01 1.635398e+01
      vertex   6.573462e+01 -5.200000e+01 1.635398e+01
      vertex   4.753953e+01 -5.219509e+01 1.637319e+01
    endloop
  endfacet
  facet normal 8.335065e-04 -1.747134e-01 -9.846190e-01
    outer loop
      vertex   4.753953e+01 -5.219509e+01 1.637319e+01
      vertex   6.573462e+01 -5.200000e+01 1.635398e+01
      vertex   5.173462e+01 -5.225882e+01 1.638805e+01
    endloop
  endfacet
  facet normal -1.005233e-03 -2.893639e-01 -9.572186e-01
    outer loop
      vertex   4.753953e+01 -5.219509e+01 1.637319e+01
      vertex   5.173462e+01 -5.225882e+01 1.638805e+01
      vertex   4.735194e+01 -5.238268e+01 1.643010e+01
    endloop
  endfacet
  facet normal 1.952028e-03 -3.826827e-01 -9.238778e-01
    outer loop
      vertex   4.735194e+01 -5.238268e+01 1.643010e+01
      vertex   5.173462e+01 -5.225882e+01 1.638805e+01
      vertex   5.173462e+01 -5.250000e+01 1.648795e+01
    endloop
  endfacet
  facet normal -9.515061e-04 -4.706563e-01 -8.823161e-01
    outer loop
      vertex   4.735194e+01 -5.238268e+01 1.643010e+01
      vertex   5.173462e+01 -5.250000e+01 1.648795e+01
      vertex   4.717905e+01 -5.255557e+01 1.652251e+01
    endloop
  endfacet
  facet normal 1.407959e-03 -6.087608e-01 -7.933526e-01
    outer loop
      vertex   4.717905e+01 -5.255557e+01 1.652251e+01
      vertex   5.173462e+01 -5.250000e+01 1.648795e+01
      vertex   5.173462e+01 -5.270711e+01 1.664687e+01
    endloop
  endfacet
  facet normal 0.000000e+00 -6.343933e-01 -7.730105e-01
    outer loop
      vertex   4.717905e+01 -5.255557e+01 1.652251e+01
      vertex   5.173462e+01 -5.270711e+01 1.664687e+01
      vertex   4.702752e+01 -5.270711e+01 1.664687e+01
    endloop
  endfacet
  facet normal 0.000000e+00 -7.730105e-01 -6.343933e-01
    outer loop
      vertex   4.702752e+01 -5.270711e+01 1.664687e+01
      vertex   5.173462e+01 -5.270711e+01 1.664687e+01
      vertex   4.690315e+01 -5.283147e+01 1.679841e+01
    endloop
  endfacet
  facet normal 1.327558e-03 -7.933526e-01 -6.087609e-01
    outer loop
      vertex   4.690315e+01 -5.283147e+01 1.679841e+01
      vertex   5.173462e+01 -5.270711e+01 1.664687e+01
      vertex   5.173462e+01 -5.286603e+01 1.685398e+01
    endloop
  endfacet
  facet normal -8.802217e-04 -8.817252e-01 -4.717625e-01
    outer loop
      vertex   4.690315e+01 -5.283147e+01 1.679841e+01
      vertex   5.173462e+01 -5.286603e+01 1.685398e+01
      vertex   4.681074e+01 -5.292388e+01 1.697129e+01
    endloop
  endfacet
  facet normal 1.737477e-03 -9.238781e-01 -3.826829e-01
    outer loop
      vertex   4.681074e+01 -5.292388e+01 1.697129e+01
      vertex   5.173462e+01 -5.286603e+01 1.685398e+01
      vertex   5.173462e+01 -5.296593e+01 1.709516e+01
    endloop
  endfacet
  facet normal -8.625565e-04 -9.568673e-01 -2.905242e-01
    outer loop
      vertex   4.681074e+01 -5.292388e+01 1.697129e+01
      vertex   5.173462e+01 -5.296593e+01 1.709516e+01
      vertex   4.675384e+01 -5.298079e+01 1.715889e+01
    endloop
  endfacet
  facet normal 1.075728e-03 -9.891991e-01 -1.465743e-01
    outer loop
      vertex   4.675384e+01 -5.298079e+01 1.715889e+01
      vertex   5.173462e+01 -5.296593e+01 1.709516e+01
      vertex   4.673944e+01 -5.299519e+01 1.725596e+01
    endloop
  endfacet
  facet normal 4.277579e-03 -9.987966e-01 -4.885759e-02
    outer loop
      vertex   4.673944e+01 -5.299519e+01 1.725596e+01
      vertex   5.173462e+01 -5.296593e+01 1.709516e+01
      vertex   4.673462e+01 -5.300000e+01 1.735398e+01
    endloop
  endfacet
  facet normal 0.000000e+00 -9.914449e-01 -1.305262e-01
    outer loop
      vertex   4.673462e+01 -5.300000e+01 1.735398e+01
      vertex   5.173462e+01 -5.296593e+01 1.709516e+01
      vertex   5.673462e+01 -5.296593e+01 1.709516e+01
    endloop
  endfacet
  facet normal -4.934778e-04 -9.888002e-01 -1.492445e-01
    outer loop
      vertex   4.673462e+01 -5.300000e+01 1.735398e+01
      vertex   5.673462e+01 -5.296593e+01 1.709516e+01
      vertex   6.672981e+01 -5.299519e+01 1.725596e+01
    endloop
  endfacet
  facet normal 0.000000e+00 -9.838460e-01 -1.790169e-01
    outer loop
      vertex   6.672981e+01 -5.299519e+01 1.725596e+01
      vertex   5.673462e+01 -5.296593e+01 1.709516e+01
      vertex   6.173462e+01 -5.296593e+01 1.709516e+01
    endloop
  endfacet
  facet normal -1.075728e-03 -9.891991e-01 -1.465743e-01
    outer loop
      vertex   6.672981e+01 -5.299519e+01 1.725596e+01
      vertex   6.173462e+01 -5.296593e+01 1.709516e+01
      vertex   6.671541e+01 -5.298079e+01 1.715889e+01
    endloop
  endfacet
  facet normal 8.625565e-04 -9.568673e-01 -2.905242e-01
    outer loop
      vertex   6.671541e+01 -5.298079e+01 1.715889e+01
      vertex   6.173462e+01 -5.296593e+01 1.709516e+01
      vertex   6.665850e+01 -5.292388e+01 1.697129e+01
    endloop
  endfacet
  facet normal -1.737477e-03 -9.238781e-01 -3.826829e-01
    outer loop
      vertex   6.665850e+01 -5.292388e+01 1.697129e+01
      vertex   6.173462e+01 -5.296593e+01 1.709516e+01
      vertex   6.173462e+01 -5.286603e+01 1.685398e+01
    endloop
  endfacet
  facet normal 8.802217e-04 -8.817252e-01 -4.717625e-01
    outer loop
      vertex   6.665850e+01 -5.292388e+01 1.697129e+01
      vertex   6.173462e+01 -5.286603e+01 1.685398e+01
      vertex   6.656609e+01 -5.283147e+01 1.679841e+01
    endloop
  endfacet
  facet normal -1.327558e-03 -7.933526e-01 -6.087609e-01
    outer loop
      vertex   6.656609e+01 -5.283147e+01 1.679841e+01
      vertex   6.173462e+01 -5.286603e+01 1.685398e+01
      vertex   6.173462e+01 -5.270711e+01 1.664687e+01
    endloop
  endfacet
  facet normal 0.000000e+00 -7.730105e-01 -6.343933e-01
    outer loop
      vertex   6.656609e+01 -5.283147e+01 1.679841e+01
      vertex   6.173462e+01 -5.270711e+01 1.664687e+01
      vertex   6.644173e+01 -5.270711e+01 1.664687e+01
    endloop
  endfacet
  facet normal -0.000000e+00 -6.343933e-01 -7.730105e-01
    outer loop
      vertex   6.644173e+01 -5.270711e+01 1.664687e+01
      vertex   6.173462e+01 -5.270711e+01 1.664687e+01
      vertex   6.629019e+01 -5.255557e+01 1.652251e+01
    endloop
  endfacet
  facet normal -1.407959e-03 -6.087608e-01 -7.933526e-01
    outer loop
      vertex   6.629019e+01 -5.255557e+01 1.652251e+01
      vertex   6.173462e+01 -5.270711e+01 1.664687e+01
      vertex   6.173462e+01 -5.250000e+01 1.648795e+01
    endloop
  endfacet
  facet normal 9.515061e-04 -4.706563e-01 -8.823161e-01
    outer loop
      vertex   6.629019e+01 -5.255557e+01 1.652251e+01
      vertex   6.173462e+01 -5.250000e+01 1.648795e+01
      vertex   6.611731e+01 -5.238268e+01 1.643010e+01
    endloop
  endfacet
  facet normal -1.952028e-03 -3.826827e-01 -9.238778e-01
    outer loop
      vertex   6.611731e+01 -5.238268e+01 1.643010e+01
      vertex   6.173462e+01 -5.250000e+01 1.648795e+01
      vertex   6.173462e+01 -5.225882e+01 1.638805e+01
    endloop
  endfacet
  facet normal 1.005233e-03 -2.893639e-01 -9.572186e-01
    outer loop
      vertex   6.611731e+01 -5.238268e+01 1.643010e+01
      vertex   6.173462e+01 -5.225882e+01 1.638805e+01
      vertex   6.592971e+01 -5.219509e+01 1.637319e+01
    endloop
  endfacet
  facet normal -2.005176e-03 -1.000027e-01 -9.949852e-01
    outer loop
      vertex   6.592971e+01 -5.219509e+01 1.637319e+01
      vertex   6.173462e+01 -5.225882e+01 1.638805e+01
      vertex   6.573462e+01 -5.200000e+01 1.635398e+01
    endloop
  endfacet
  facet normal 0.000000e+00 -1.305262e-01 -9.914449e-01
    outer loop
      vertex   6.573462e+01 -5.200000e+01 1.635398e+01
      vertex   6.173462e+01 -5.225882e+01 1.638805e+01
      vertex   5.673462e+01 -5.225882e+01 1.638805e+01
    endloop
  endfacet
  facet normal 0.000000e+00 -1.305262e-01 -9.914449e-01
    outer loop
      vertex   6.573462e+01 -5.200000e+01 1.635398e+01
      vertex   5.673462e+01 -5.225882e+01 1.638805e+01
      vertex   5.173462e+01 -5.225882e+01 1.638805e+01
    endloop
  endfacet
  facet normal 0.000000e+00 -3.826834e-01 -9.238795e-01
    outer loop
      vertex   5.173462e+01 -5.225882e+01 1.638805e+01
      vertex   5.673462e+01 -5.225882e+01 1.638805e+01
      vertex   5.173462e+01 -5.250000e+01 1.648795e+01
    endloop
  endfacet
  facet normal 0.000000e+00 -9.987955e-01 -4.906767e-02
    outer loop
      vertex   6.672981e+01 -5.299519e+01 1.725596e+01
      vertex   6.673462e+01 -5.300000e+01 1.735398e+01
      vertex   4.673462e+01 -5.300000e+01 1.735398e+01
    endloop
  endfacet
  facet normal 0.000000e+00 -3.826834e-01 -9.238795e-01
    outer loop
      vertex   5.673462e+01 -5.225882e+01 1.638805e+01
      vertex   6.173462e+01 -5.225882e+01 1.638805e+01
      vertex   5.673462e+01 -5.250000e+01 1.648795e+01
    endloop
  endfacet
  facet normal 0.000000e+00 -3.826834e-01 -9.238795e-01
    outer loop
      vertex   5.673462e+01 -5.250000e+01 1.648795e+01
      vertex   6.173462e+01 -5.225882e+01 1.638805e+01
      vertex   6.173462e+01 -5.250000e+01 1.648795e+01
    endloop
  endfacet
  facet normal 0.000000e+00 -6.087614e-01 -7.933533e-01
    outer loop
      vertex   5.673462e+01 -5.250000e+01 1.648795e+01
      vertex   6.173462e+01 -5.250000e+01 1.648795e+01
      vertex   5.673462e+01 -5.270711e+01 1.664687e+01
    endloop
  endfacet
  facet normal 0.000000e+00 -6.087614e-01 -7.933533e-01
    outer loop
      vertex   5.673462e+01 -5.270711e+01 1.664687e+01
      vertex   6.173462e+01 -5.250000e+01 1.648795e+01
      vertex   6.173462e+01 -5.270711e+01 1.664687e+01
    endloop
  endfacet
  facet normal 0.000000e+00 -7.933533e-01 -6.087614e-01
    outer loop
      vertex   5.673462e+01 -5.270711e+01 1.664687e+01
      vertex   6.173462e+01 -5.270711e+01 1.664687e+01
      vertex   5.673462e+01 -5.286603e+01 1.685398e+01
    endloop
  endfacet
  facet normal 0.000000e+00 -7.933533e-01 -6.087614e-01
    outer loop
      vertex   5.673462e+01 -5.286603e+01 1.685398e+01
      vertex   6.173462e+01 -5.270711e+01 1.664687e+01
      vertex   6.173462e+01 -5.286603e+01 1.685398e+01
    endloop
  endfacet
  facet normal 0.000000e+00 -9.238795e-01 -3.826834e-01
    outer loop
      vertex   5.673462e+01 -5.286603e+01 1.685398e+01
      vertex   6.173462e+01 -5.286603e+01 1.685398e+01
      vertex   5.673462e+01 -5.296593e+01 1.709516e+01
    endloop
  endfacet
  facet normal 0.000000e+00 -9.238795e-01 -3.826834e-01
    outer loop
      vertex   5.673462e+01 -5.296593e+01 1.709516e+01
      vertex   6.173462e+01 -5.286603e+01 1.685398e+01
      vertex   6.173462e+01 -5.296593e+01 1.709516e+01
    endloop
  endfacet
  facet normal 0.000000e+00 -6.087614e-01 -7.933533e-01
    outer loop
      vertex   5.173462e+01 -5.270711e+01 1.664687e+01
      vertex   5.173462e+01 -5.250000e+01 1.648795e+01
      vertex   5.673462e+01 -5.250000e+01 1.648795e+01
    endloop
  endfacet
  facet normal -0.000000e+00 -3.826834e-01 -9.238795e-01
    outer loop
      vertex   5.673462e+01 -5.250000e+01 1.648795e+01
      vertex   5.173462e+01 -5.250000e+01 1.648795e+01
      vertex   5.673462e+01 -5.225882e+01 1.638805e+01
    endloop
  endfacet
  facet normal 0.000000e+00 -6.087614e-01 -7.933533e-01
    outer loop
      vertex   5.173462e+01 -5.270711e+01 1.664687e+01
      vertex   5.673462e+01 -5.250000e+01 1.648795e+01
      vertex   5.673462e+01 -5.270711e+01 1.664687e+01
    endloop
  endfacet
  facet normal 0.000000e+00 -7.933533e-01 -6.087614e-01
    outer loop
      vertex   5.173462e+01 -5.286603e+01 1.685398e+01
      vertex   5.173462e+01 -5.270711e+01 1.664687e+01
      vertex   5.673462e+01 -5.270711e+01 1.664687e+01
    endloop
  endfacet
  facet normal 0.000000e+00 -7.933533e-01 -6.087614e-01
    outer loop
      vertex   5.173462e+01 -5.286603e+01 1.685398e+01
      vertex   5.673462e+01 -5.270711e+01 1.664687e+01
      vertex   5.673462e+01 -5.286603e+01 1.685398e+01
    endloop
  endfacet
  facet normal 0.000000e+00 -9.238795e-01 -3.826834e-01
    outer loop
      vertex   5.173462e+01 -5.296593e+01 1.709516e+01
      vertex   5.173462e+01 -5.286603e+01 1.685398e+01
      vertex   5.673462e+01 -5.286603e+01 1.685398e+01
    endloop
  endfacet
  facet normal 0.000000e+00 -9.238795e-01 -3.826834e-01
    outer loop
      vertex   5.173462e+01 -5.296593e+01 1.709516e+01
      vertex   5.673462e+01 -5.286603e+01 1.685398e+01
      vertex   5.673462e+01 -5.296593e+01 1.709516e+01
    endloop
  endfacet
  facet normal 9.801714e-02 0.000000e+00 -9.951847e-01
    outer loop
      vertex   6.573462e+01 -5.200000e+01 1.635398e+01
      vertex   6.592971e+01 -5.180491e+01 1.637319e+01
      vertex   6.592971e+01 -5.219509e+01 1.637319e+01
    endloop
  endfacet
  facet normal 2.902847e-01 0.000000e+00 -9.569403e-01
    outer loop
      vertex   6.592971e+01 -5.219509e+01 1.637319e+01
      vertex   6.592971e+01 -5.180491e+01 1.637319e+01
      vertex   6.611731e+01 -5.161732e+01 1.643010e+01
    endloop
  endfacet
  facet normal 2.902847e-01 0.000000e+00 -9.569403e-01
    outer loop
      vertex   6.592971e+01 -5.219509e+01 1.637319e+01
      vertex   6.611731e+01 -5.161732e+01 1.643010e+01
      vertex   6.611731e+01 -5.238268e+01 1.643010e+01
    endloop
  endfacet
  facet normal 4.713967e-01 0.000000e+00 -8.819213e-01
    outer loop
      vertex   6.611731e+01 -5.238268e+01 1.643010e+01
      vertex   6.611731e+01 -5.161732e+01 1.643010e+01
      vertex   6.629019e+01 -5.144443e+01 1.652251e+01
    endloop
  endfacet
  facet normal 4.713967e-01 0.000000e+00 -8.819213e-01
    outer loop
      vertex   6.611731e+01 -5.238268e+01 1.643010e+01
      vertex   6.629019e+01 -5.144443e+01 1.652251e+01
      vertex   6.629019e+01 -5.255557e+01 1.652251e+01
    endloop
  endfacet
  facet normal 6.343933e-01 0.000000e+00 -7.730105e-01
    outer loop
      vertex   6.629019e+01 -5.255557e+01 1.652251e+01
      vertex   6.629019e+01 -5.144443e+01 1.652251e+01
      vertex   6.644173e+01 -5.270711e+01 1.664687e+01
    endloop
  endfacet
  facet normal 6.343933e-01 0.000000e+00 -7.730105e-01
    outer loop
      vertex   6.644173e+01 -5.270711e+01 1.664687e+01
      vertex   6.629019e+01 -5.144443e+01 1.652251e+01
      vertex   6.644173e+01 -5.129289e+01 1.664687e+01
    endloop
  endfacet
  facet normal 7.730105e-01 0.000000e+00 -6.343933e-01
    outer loop
      vertex   6.644173e+01 -5.270711e+01 1.664687e+01
      vertex   6.644173e+01 -5.129289e+01 1.664687e+01
      vertex   6.656609e+01 -5.283147e+01 1.679841e+01
    endloop
  endfacet
  facet normal 7.730105e-01 0.000000e+00 -6.343933e-01
    outer loop
      vertex   6.656609e+01 -5.283147e+01 1.679841e+01
      vertex   6.644173e+01 -5.129289e+01 1.664687e+01
      vertex   6.656609e+01 -5.116853e+01 1.679841e+01
    endloop
  endfacet
  facet normal 8.819213e-01 0.000000e+00 -4.713967e-01
    outer loop
      vertex   6.656609e+01 -5.283147e+01 1.679841e+01
      vertex   6.656609e+01 -5.116853e+01 1.679841e+01
      vertex   6.665850e+01 -5.107612e+01 1.697129e+01
    endloop
  endfacet
  facet normal 8.819213e-01 0.000000e+00 -4.713967e-01
    outer loop
      vertex   6.656609e+01 -5.283147e+01 1.679841e+01
      vertex   6.665850e+01 -5.107612e+01 1.697129e+01
      vertex   6.665850e+01 -5.292388e+01 1.697129e+01
    endloop
  endfacet
  facet normal 9.569403e-01 0.000000e+00 -2.902847e-01
    outer loop
      vertex   6.665850e+01 -5.292388e+01 1.697129e+01
      vertex   6.665850e+01 -5.107612e+01 1.697129e+01
      vertex   6.671541e+01 -5.101922e+01 1.715889e+01
    endloop
  endfacet
  facet normal 9.569403e-01 0.000000e+00 -2.902847e-01
    outer loop
      vertex   6.665850e+01 -5.292388e+01 1.697129e+01
      vertex   6.671541e+01 -5.101922e+01 1.715889e+01
      vertex   6.671541e+01 -5.298079e+01 1.715889e+01
    endloop
  endfacet
  facet normal 9.891765e-01 0.000000e+00 -1.467305e-01
    outer loop
      vertex   6.671541e+01 -5.298079e+01 1.715889e+01
      vertex   6.671541e+01 -5.101922e+01 1.715889e+01
      vertex   6.672981e+01 -5.299519e+01 1.725596e+01
    endloop
  endfacet
  facet normal 9.891765e-01 0.000000e+00 -1.467305e-01
    outer loop
      vertex   6.672981e+01 -5.299519e+01 1.725596e+01
      vertex   6.671541e+01 -5.101922e+01 1.715889e+01
      vertex   6.672981e+01 -5.100482e+01 1.725596e+01
    endloop
  endfacet
  facet normal 9.987955e-01 0.000000e+00 -4.906767e-02
    outer loop
      vertex   6.672981e+01 -5.299519e+01 1.725596e+01
      vertex   6.672981e+01 -5.100482e+01 1.725596e+01
      vertex   6.673462e+01 -5.300000e+01 1.735398e+01
    endloop
  endfacet
  facet normal 9.987955e-01 0.000000e+00 -4.906767e-02
    outer loop
      vertex   6.673462e+01 -5.300000e+01 1.735398e+01
      vertex   6.672981e+01 -5.100482e+01 1.725596e+01
      vertex   6.673462e+01 -5.100000e+01 1.735398e+01
    endloop
  endfacet
  facet normal 0.000000e+00 9.801713e-02 -9.951847e-01
    outer loop
      vertex   6.573462e+01 -5.200000e+01 1.635398e+01
      vertex   4.773462e+01 -5.200000e+01 1.635398e+01
      vertex   6.592971e+01 -5.180491e+01 1.637319e+01
    endloop
  endfacet
  facet normal -8.335065e-04 1.747134e-01 -9.846190e-01
    outer loop
      vertex   6.592971e+01 -5.180491e+01 1.637319e+01
      vertex   4.773462e+01 -5.200000e+01 1.635398e+01
      vertex   6.173462e+01 -5.174118e+01 1.638805e+01
    endloop
  endfacet
  facet normal 1.005233e-03 2.893639e-01 -9.572186e-01
    outer loop
      vertex   6.592971e+01 -5.180491e+01 1.637319e+01
      vertex   6.173462e+01 -5.174118e+01 1.638805e+01
      vertex   6.611731e+01 -5.161732e+01 1.643010e+01
    endloop
  endfacet
  facet normal -1.952028e-03 3.826827e-01 -9.238778e-01
    outer loop
      vertex   6.611731e+01 -5.161732e+01 1.643010e+01
      vertex   6.173462e+01 -5.174118e+01 1.638805e+01
      vertex   6.173462e+01 -5.150000e+01 1.648795e+01
    endloop
  endfacet
  facet normal 9.515061e-04 4.706563e-01 -8.823161e-01
    outer loop
      vertex   6.611731e+01 -5.161732e+01 1.643010e+01
      vertex   6.173462e+01 -5.150000e+01 1.648795e+01
      vertex   6.629019e+01 -5.144443e+01 1.652251e+01
    endloop
  endfacet
  facet normal -1.407959e-03 6.087608e-01 -7.933526e-01
    outer loop
      vertex   6.629019e+01 -5.144443e+01 1.652251e+01
      vertex   6.173462e+01 -5.150000e+01 1.648795e+01
      vertex   6.173462e+01 -5.129289e+01 1.664687e+01
    endloop
  endfacet
  facet normal 0.000000e+00 6.343933e-01 -7.730105e-01
    outer loop
      vertex   6.629019e+01 -5.144443e+01 1.652251e+01
      vertex   6.173462e+01 -5.129289e+01 1.664687e+01
      vertex   6.644173e+01 -5.129289e+01 1.664687e+01
    endloop
  endfacet
  facet normal 0.000000e+00 7.730105e-01 -6.343933e-01
    outer loop
      vertex   6.644173e+01 -5.129289e+01 1.664687e+01
      vertex   6.173462e+01 -5.129289e+01 1.664687e+01
      vertex   6.656609e+01 -5.116853e+01 1.679841e+01
    endloop
  endfacet
  facet normal -1.327558e-03 7.933526e-01 -6.087609e-01
    outer loop
      vertex   6.656609e+01 -5.116853e+01 1.679841e+01
      vertex   6.173462e+01 -5.129289e+01 1.664687e+01
      vertex   6.173462e+01 -5.113398e+01 1.685398e+01
    endloop
  endfacet
  facet normal 8.802217e-04 8.817252e-01 -4.717625e-01
    outer loop
      vertex   6.656609e+01 -5.116853e+01 1.679841e+01
      vertex   6.173462e+01 -5.113398e+01 1.685398e+01
      vertex   6.665850e+01 -5.107612e+01 1.697129e+01
    endloop
  endfacet
  facet normal -1.737477e-03 9.238781e-01 -3.826829e-01
    outer loop
      vertex   6.665850e+01 -5.107612e+01 1.697129e+01
      vertex   6.173462e+01 -5.113398e+01 1.685398e+01
      vertex   6.173462e+01 -5.103407e+01 1.709516e+01
    endloop
  endfacet
  facet normal 8.625565e-04 9.568673e-01 -2.905242e-01
    outer loop
      vertex   6.665850e+01 -5.107612e+01 1.697129e+01
      vertex   6.173462e+01 -5.103407e+01 1.709516e+01
      vertex   6.671541e+01 -5.101922e+01 1.715889e+01
    endloop
  endfacet
  facet normal -1.075728e-03 9.891991e-01 -1.465743e-01
    outer loop
      vertex   6.671541e+01 -5.101922e+01 1.715889e+01
      vertex   6.173462e+01 -5.103407e+01 1.709516e+01
      vertex   6.672981e+01 -5.100482e+01 1.725596e+01
    endloop
  endfacet
  facet normal -4.277579e-03 9.987966e-01 -4.885759e-02
    outer loop
      vertex   6.672981e+01 -5.100482e+01 1.725596e+01
      vertex   6.173462e+01 -5.103407e+01 1.709516e+01
      vertex   6.673462e+01 -5.100000e+01 1.735398e+01
    endloop
  endfacet
  facet normal 0.000000e+00 9.914449e-01 -1.305262e-01
    outer loop
      vertex   6.673462e+01 -5.100000e+01 1.735398e+01
      vertex   6.173462e+01 -5.103407e+01 1.709516e+01
      vertex   5.673462e+01 -5.103407e+01 1.709516e+01
    endloop
  endfacet
  facet normal 4.934778e-04 9.888002e-01 -1.492445e-01
    outer loop
      vertex   6.673462e+01 -5.100000e+01 1.735398e+01
      vertex   5.673462e+01 -5.103407e+01 1.709516e+01
      vertex   4.673944e+01 -5.100482e+01 1.725596e+01
    endloop
  endfacet
  facet normal 0.000000e+00 9.838460e-01 -1.790169e-01
    outer loop
      vertex   4.673944e+01 -5.100482e+01 1.725596e+01
      vertex   5.673462e+01 -5.103407e+01 1.709516e+01
      vertex   5.173462e+01 -5.103407e+01 1.709516e+01
    endloop
  endfacet
  facet normal 1.075728e-03 9.891991e-01 -1.465743e-01
    outer loop
      vertex   4.673944e+01 -5.100482e+01 1.725596e+01
      vertex   5.173462e+01 -5.103407e+01 1.709516e+01
      vertex   4.675384e+01 -5.101922e+01 1.715889e+01
    endloop
  endfacet
  facet normal -8.625565e-04 9.568673e-01 -2.905242e-01
    outer loop
      vertex   4.675384e+01 -5.101922e+01 1.715889e+01
      vertex   5.173462e+01 -5.103407e+01 1.709516e+01
      vertex   4.681074e+01 -5.107612e+01 1.697129e+01
    endloop
  endfacet
  facet normal 1.737477e-03 9.238781e-01 -3.826829e-01
    outer loop
      vertex   4.681074e+01 -5.107612e+01 1.697129e+01
      vertex   5.173462e+01 -5.103407e+01 1.709516e+01
      vertex   5.173462e+01 -5.113398e+01 1.685398e+01
    endloop
  endfacet
  facet normal -8.802217e-04 8.817252e-01 -4.717625e-01
    outer loop
      vertex   4.681074e+01 -5.107612e+01 1.697129e+01
      vertex   5.173462e+01 -5.113398e+01 1.685398e+01
      vertex   4.690315e+01 -5.116853e+01 1.679841e+01
    endloop
  endfacet
  facet normal 1.327558e-03 7.933526e-01 -6.087609e-01
    outer loop
      vertex   4.690315e+01 -5.116853e+01 1.679841e+01
      vertex   5.173462e+01 -5.113398e+01 1.685398e+01
      vertex   5.173462e+01 -5.129289e+01 1.664687e+01
    endloop
  endfacet
  facet normal 0.000000e+00 7.730105e-01 -6.343933e-01
    outer loop
      vertex   4.690315e+01 -5.116853e+01 1.679841e+01
      vertex   5.173462e+01 -5.129289e+01 1.664687e+01
      vertex   4.702752e+01 -5.129289e+01 1.664687e+01
    endloop
  endfacet
  facet normal 0.000000e+00 6.343933e-01 -7.730105e-01
    outer loop
      vertex   4.702752e+01 -5.129289e+01 1.664687e+01
      vertex   5.173462e+01 -5.129289e+01 1.664687e+01
      vertex   4.717905e+01 -5.144443e+01 1.652251e+01
    endloop
  endfacet
  facet normal 1.407959e-03 6.087608e-01 -7.933526e-01
    outer loop
      vertex   4.717905e+01 -5.144443e+01 1.652251e+01
      vertex   5.173462e+01 -5.129289e+01 1.664687e+01
      vertex   5.173462e+01 -5.150000e+01 1.648795e+01
    endloop
  endfacet
  facet normal -9.515061e-04 4.706563e-01 -8.823161e-01
    outer loop
      vertex   4.717905e+01 -5.144443e+01 1.652251e+01
      vertex   5.173462e+01 -5.150000e+01 1.648795e+01
      vertex   4.735194e+01 -5.161732e+01 1.643010e+01
    endloop
  endfacet
  facet normal 1.952028e-03 3.826827e-01 -9.238778e-01
    outer loop
      vertex   4.735194e+01 -5.161732e+01 1.643010e+01
      vertex   5.173462e+01 -5.150000e+01 1.648795e+01
      vertex   5.173462e+01 -5.174118e+01 1.638805e+01
    endloop
  endfacet
  facet normal -1.005233e-03 2.893639e-01 -9.572186e-01
    outer loop
      vertex   4.735194e+01 -5.161732e+01 1.643010e+01
      vertex   5.173462e+01 -5.174118e+01 1.638805e+01
      vertex   4.753953e+01 -5.180491e+01 1.637319e+01
    endloop
  endfacet
  facet normal 2.005176e-03 1.000027e-01 -9.949852e-01
    outer loop
      vertex   4.753953e+01 -5.180491e+01 1.637319e+01
      vertex   5.173462e+01 -5.174118e+01 1.638805e+01
      vertex   4.773462e+01 -5.200000e+01 1.635398e+01
    endloop
  endfacet
  facet normal 0.000000e+00 1.305262e-01 -9.914449e-01
    outer loop
      vertex   4.773462e+01 -5.200000e+01 1.635398e+01
      vertex   5.173462e+01 -5.174118e+01 1.638805e+01
      vertex   5.673462e+01 -5.174118e+01 1.638805e+01
    endloop
  endfacet
  facet normal 0.000000e+00 1.305262e-01 -9.914449e-01
    outer loop
      vertex   4.773462e+01 -5.200000e+01 1.635398e+01
      vertex   5.673462e+01 -5.174118e+01 1.638805e+01
      vertex   6.173462e+01 -5.174118e+01 1.638805e+01
    endloop
  endfacet
  facet normal 0.000000e+00 3.826834e-01 -9.238795e-01
    outer loop
      vertex   6.173462e+01 -5.174118e+01 1.638805e+01
      vertex   5.673462e+01 -5.174118e+01 1.638805e+01
      vertex   6.173462e+01 -5.150000e+01 1.648795e+01
    endloop
  endfacet
  facet normal 0.000000e+00 9.987955e-01 -4.906767e-02
    outer loop
      vertex   4.673944e+01 -5.100482e+01 1.725596e+01
      vertex   4.673462e+01 -5.100000e+01 1.735398e+01
      vertex   6.673462e+01 -5.100000e+01 1.735398e+01
    endloop
  endfacet
  facet normal 0.000000e+00 3.826834e-01 -9.238795e-01
    outer loop
      vertex   5.673462e+01 -5.174118e+01 1.638805e+01
      vertex   5.173462e+01 -5.174118e+01 1.638805e+01
      vertex   5.673462e+01 -5.150000e+01 1.648795e+01
    endloop
  endfacet
  facet normal 0.000000e+00 3.826834e-01 -9.238795e-01
    outer loop
      vertex   5.673462e+01 -5.150000e+01 1.648795e+01
      vertex   5.173462e+01 -5.174118e+01 1.638805e+01
      vertex   5.173462e+01 -5.150000e+01 1.648795e+01
    endloop
  endfacet
  facet normal 0.000000e+00 6.087614e-01 -7.933533e-01
    outer loop
      vertex   5.673462e+01 -5.150000e+01 1.648795e+01
      vertex   5.173462e+01 -5.150000e+01 1.648795e+01
      vertex   5.673462e+01 -5.129289e+01 1.664687e+01
    endloop
  endfacet
  facet normal 0.000000e+00 6.087614e-01 -7.933533e-01
    outer loop
      vertex   5.673462e+01 -5.129289e+01 1.664687e+01
      vertex   5.173462e+01 -5.150000e+01 1.648795e+01
      vertex   5.173462e+01 -5.129289e+01 1.664687e+01
    endloop
  endfacet
  facet normal 0.000000e+00 7.933533e-01 -6.087614e-01
    outer loop
      vertex   5.673462e+01 -5.129289e+01 1.664687e+01
      vertex   5.173462e+01 -5.129289e+01 1.664687e+01
      vertex   5.673462e+01 -5.113398e+01 1.685398e+01
    endloop
  endfacet
  facet normal 0.000000e+00 7.933533e-01 -6.087614e-01
    outer loop
      vertex   5.673462e+01 -5.113398e+01 1.685398e+01
      vertex   5.173462e+01 -5.129289e+01 1.664687e+01
      vertex   5.173462e+01 -5.113398e+01 1.685398e+01
    endloop
  endfacet
  facet normal 0.000000e+00 9.238795e-01 -3.826834e-01
    outer loop
      vertex   5.673462e+01 -5.113398e+01 1.685398e+01
      vertex   5.173462e+01 -5.113398e+01 1.685398e+01
      vertex   5.673462e+01 -5.103407e+01 1.709516e+01
    endloop
  endfacet
  facet normal 0.000000e+00 9.238795e-01 -3.826834e-01
    outer loop
      vertex   5.673462e+01 -5.103407e+01 1.709516e+01
      vertex   5.173462e+01 -5.113398e+01 1.685398e+01
      vertex   5.173462e+01 -5.103407e+01 1.709516e+01
    endloop
  endfacet
  facet normal 0.000000e+00 6.087614e-01 -7.933533e-01
    outer loop
      vertex   6.173462e+01 -5.129289e+01 1.664687e+01
      vertex   6.173462e+01 -5.150000e+01 1.648795e+01
      vertex   5.673462e+01 -5.150000e+01 1.648795e+01
    endloop
  endfacet
  facet normal 0.000000e+00 3.826834e-01 -9.238795e-01
    outer loop
      vertex   5.673462e+01 -5.150000e+01 1.648795e+01
      vertex   6.173462e+01 -5.150000e+01 1.648795e+01
      vertex   5.673462e+01 -5.174118e+01 1.638805e+01
    endloop
  endfacet
  facet normal 0.000000e+00 6.087614e-01 -7.933533e-01
    outer loop
      vertex   6.173462e+01 -5.129289e+01 1.664687e+01
      vertex   5.673462e+01 -5.150000e+01 1.648795e+01
      vertex   5.673462e+01 -5.129289e+01 1.664687e+01
    endloop
  endfacet
  facet normal 0.000000e+00 7.933533e-01 -6.087614e-01
    outer loop
      vertex   6.173462e+01 -5.113398e+01 1.685398e+01
      vertex   6.173462e+01 -5.129289e+01 1.664687e+01
      vertex   5.673462e+01 -5.129289e+01 1.664687e+01
    endloop
  endfacet
  facet normal 0.000000e+00 7.933533e-01 -6.087614e-01
    outer loop
      vertex   6.173462e+01 -5.113398e+01 1.685398e+01
      vertex   5.673462e+01 -5.129289e+01 1.664687e+01
      vertex   5.673462e+01 -5.113398e+01 1.685398e+01
    endloop
  endfacet
  facet normal 0.000000e+00 9.238795e-01 -3.826834e-01
    outer loop
      vertex   6.173462e+01 -5.103407e+01 1.709516e+01
      vertex   6.173462e+01 -5.113398e+01 1.685398e+01
      vertex   5.673462e+01 -5.113398e+01 1.685398e+01
    endloop
  endfacet
  facet normal 0.000000e+00 9.238795e-01 -3.826834e-01
    outer loop
      vertex   6.173462e+01 -5.103407e+01 1.709516e+01
      vertex   5.673462e+01 -5.113398e+01 1.685398e+01
      vertex   5.673462e+01 -5.103407e+01 1.709516e+01
    endloop
  endfacet
  facet normal -9.801714e-02 0.000000e+00 -9.951847e-01
    outer loop
      vertex   4.773462e+01 -5.200000e+01 1.635398e+01
      vertex   4.753953e+01 -5.219509e+01 1.637319e+01
      vertex   4.753953e+01 -5.180491e+01 1.637319e+01
    endloop
  endfacet
  facet normal -2.902847e-01 -0.000000e+00 -9.569403e-01
    outer loop
      vertex   4.753953e+01 -5.180491e+01 1.637319e+01
      vertex   4.753953e+01 -5.219509e+01 1.637319e+01
      vertex   4.735194e+01 -5.238268e+01 1.643010e+01
    endloop
  endfacet
  facet normal -2.902847e-01 0.000000e+00 -9.569403e-01
    outer loop
      vertex   4.753953e+01 -5.180491e+01 1.637319e+01
      vertex   4.735194e+01 -5.238268e+01 1.643010e+01
      vertex   4.735194e+01 -5.161732e+01 1.643010e+01
    endloop
  endfacet
  facet normal -4.713967e-01 -0.000000e+00 -8.819213e-01
    outer loop
      vertex   4.735194e+01 -5.161732e+01 1.643010e+01
      vertex   4.735194e+01 -5.238268e+01 1.643010e+01
      vertex   4.717905e+01 -5.255557e+01 1.652251e+01
    endloop
  endfacet
  facet normal -4.713967e-01 0.000000e+00 -8.819213e-01
    outer loop
      vertex   4.735194e+01 -5.161732e+01 1.643010e+01
      vertex   4.717905e+01 -5.255557e+01 1.652251e+01
      vertex   4.717905e+01 -5.144443e+01 1.652251e+01
    endloop
  endfacet
  facet normal -6.343933e-01 -0.000000e+00 -7.730105e-01
    outer loop
      vertex   4.717905e+01 -5.144443e+01 1.652251e+01
      vertex   4.717905e+01 -5.255557e+01 1.652251e+01
      vertex   4.702752e+01 -5.129289e+01 1.664687e+01
    endloop
  endfacet
  facet normal -6.343933e-01 -0.000000e+00 -7.730105e-01
    outer loop
      vertex   4.702752e+01 -5.129289e+01 1.664687e+01
      vertex   4.717905e+01 -5.255557e+01 1.652251e+01
      vertex   4.702752e+01 -5.270711e+01 1.664687e+01
    endloop
  endfacet
  facet normal -7.730105e-01 -0.000000e+00 -6.343933e-01
    outer loop
      vertex   4.702752e+01 -5.129289e+01 1.664687e+01
      vertex   4.702752e+01 -5.270711e+01 1.664687e+01
      vertex   4.690315e+01 -5.116853e+01 1.679841e+01
    endloop
  endfacet
  facet normal -7.730105e-01 -0.000000e+00 -6.343933e-01
    outer loop
      vertex   4.690315e+01 -5.116853e+01 1.679841e+01
      vertex   4.702752e+01 -5.270711e+01 1.664687e+01
      vertex   4.690315e+01 -5.283147e+01 1.679841e+01
    endloop
  endfacet
  facet normal -8.819213e-01 -0.000000e+00 -4.713967e-01
    outer loop
      vertex   4.690315e+01 -5.116853e+01 1.679841e+01
      vertex   4.690315e+01 -5.283147e+01 1.679841e+01
      vertex   4.681074e+01 -5.292388e+01 1.697129e+01
    endloop
  endfacet
  facet normal -8.819213e-01 0.000000e+00 -4.713967e-01
    outer loop
      vertex   4.690315e+01 -5.116853e+01 1.679841e+01
      vertex   4.681074e+01 -5.292388e+01 1.697129e+01
      vertex   4.681074e+01 -5.107612e+01 1.697129e+01
    endloop
  endfacet
  facet normal -9.569403e-01 -0.000000e+00 -2.902847e-01
    outer loop
      vertex   4.681074e+01 -5.107612e+01 1.697129e+01
      vertex   4.681074e+01 -5.292388e+01 1.697129e+01
      vertex   4.675384e+01 -5.298079e+01 1.715889e+01
    endloop
  endfacet
  facet normal -9.569403e-01 0.000000e+00 -2.902847e-01
    outer loop
      vertex   4.681074e+01 -5.107612e+01 1.697129e+01
      vertex   4.675384e+01 -5.298079e+01 1.715889e+01
      vertex   4.675384e+01 -5.101922e+01 1.715889e+01
    endloop
  endfacet
  facet normal -9.891765e-01 -0.000000e+00 -1.467305e-01
    outer loop
      vertex   4.675384e+01 -5.101922e+01 1.715889e+01
      vertex   4.675384e+01 -5.298079e+01 1.715889e+01
      vertex   4.673944e+01 -5.100482e+01 1.725596e+01
    endloop
  endfacet
  facet normal -9.891765e-01 -0.000000e+00 -1.467305e-01
    outer loop
      vertex   4.673944e+01 -5.100482e+01 1.725596e+01
      vertex   4.675384e+01 -5.298079e+01 1.715889e+01
      vertex   4.673944e+01 -5.299519e+01 1.725596e+01
    endloop
  endfacet
  facet normal -9.987955e-01 -0.000000e+00 -4.906767e-02
    outer loop
      vertex   4.673944e+01 -5.100482e+01 1.725596e+01
      vertex   4.673944e+01 -5.299519e+01 1.725596e+01
      vertex   4.673462e+01 -5.100000e+01 1.735398e+01
    endloop
  endfacet
  facet normal -9.987955e-01 -0.000000e+00 -4.906767e-02
    outer loop
      vertex   4.673462e+01 -5.100000e+01 1.735398e+01
      vertex   4.673944e+01 -5.299519e+01 1.725596e+01
      vertex   4.673462e+01 -5.300000e+01 1.735398e+01
    endloop
  endfacet
  facet normal 0.000000e+00 1.000000e+00 -0.000000e+00
    outer loop
      vertex   9.200000e+01 -6.250000e+01 1.935398e+01
      vertex   8.900000e+01 -6.250000e+01 1.935398e+01
      vertex   9.200000e+01 -6.250000e+01 2.135398e+01
    endloop
  endfacet
  facet normal 0.000000e+00 1.000000e+00 0.000000e+00
    outer loop
      vertex   9.200000e+01 -6.250000e+01 2.135398e+01
      vertex   8.900000e+01 -6.250000e+01 1.935398e+01
      vertex   8.900000e+01 -6.250000e+01 2.135398e+01
    endloop
  endfacet
  facet normal -1.000000e+00 0.000000e+00 0.000000e+00
    outer loop
      vertex   8.900000e+01 -6.250000e+01 1.935398e+01
      vertex   8.900000e+01 -7.250000e+01 1.935398e+01
      vertex   8.900000e+01 -6.250000e+01 2.135398e+01
    endloop
  endfacet
  facet normal -1.000000e+00 -0.000000e+00 0.000000e+00
    outer loop
      vertex   8.900000e+01 -6.250000e+01 2.135398e+01
      vertex   8.900000e+01 -7.250000e+01 1.935398e+01
      vertex   8.900000e+01 -7.250000e+01 2.135398e+01
    endloop
  endfacet
  facet normal 9.937122e-01 1.119645e-01 0.000000e+00
    outer loop
      vertex   9.400000e+01 -5.100000e+01 2.335398e+01
      vertex   9.400000e+01 -5.100000e+01 2.135398e+01
      vertex   9.394986e+01 -5.055496e+01 2.335398e+01
    endloop
  endfacet
  facet normal 9.937122e-01 1.119645e-01 0.000000e+00
    outer loop
      vertex   9.394986e+01 -5.055496e+01 2.335398e+01
      vertex   9.400000e+01 -5.100000e+01 2.135398e+01
      vertex   9.394986e+01 -5.055496e+01 2.135398e+01
    endloop
  endfacet
  facet normal 9.438833e-01 3.302791e-01 0.000000e+00
    outer loop
      vertex   9.394986e+01 -5.055496e+01 2.335398e+01
      vertex   9.394986e+01 -5.055496e+01 2.135398e+01
      vertex   9.380194e+01 -5.013223e+01 2.335398e+01
    endloop
  endfacet
  facet normal 9.438833e-01 3.302791e-01 0.000000e+00
    outer loop
      vertex   9.380194e+01 -5.013223e+01 2.335398e+01
      vertex   9.394986e+01 -5.055496e+01 2.135398e+01
      vertex   9.380194e+01 -5.013223e+01 2.135398e+01
    endloop
  endfacet
  facet normal 8.467242e-01 5.320321e-01 0.000000e+00
    outer loop
      vertex   9.380194e+01 -5.013223e+01 2.335398e+01
      vertex   9.380194e+01 -5.013223e+01 2.135398e+01
      vertex   9.356366e+01 -4.975302e+01 2.335398e+01
    endloop
  endfacet
  facet normal 8.467242e-01 5.320321e-01 0.000000e+00
    outer loop
      vertex   9.356366e+01 -4.975302e+01 2.335398e+01
      vertex   9.380194e+01 -5.013223e+01 2.135398e+01
      vertex   9.356366e+01 -4.975302e+01 2.135398e+01
    endloop
  endfacet
  facet normal 7.071068e-01 7.071068e-01 0.000000e+00
    outer loop
      vertex   9.356366e+01 -4.975302e+01 2.335398e+01
      vertex   9.356366e+01 -4.975302e+01 2.135398e+01
      vertex   9.324698e+01 -4.943634e+01 2.335398e+01
    endloop
  endfacet
  facet normal 7.071068e-01 7.071068e-01 0.000000e+00
    outer loop
      vertex   9.324698e+01 -4.943634e+01 2.335398e+01
      vertex   9.356366e+01 -4.975302e+01 2.135398e+01
      vertex   9.324698e+01 -4.943634e+01 2.135398e+01
    endloop
  endfacet
  facet normal 5.320321e-01 8.467242e-01 0.000000e+00
    outer loop
      vertex   9.324698e+01 -4.943634e+01 2.335398e+01
      vertex   9.324698e+01 -4.943634e+01 2.135398e+01
      vertex   9.286777e+01 -4.919806e+01 2.335398e+01
    endloop
  endfacet
  facet normal 5.320321e-01 8.467242e-01 0.000000e+00
    outer loop
      vertex   9.286777e+01 -4.919806e+01 2.335398e+01
      vertex   9.324698e+01 -4.943634e+01 2.135398e+01
      vertex   9.286777e+01 -4.919806e+01 2.135398e+01
    endloop
  endfacet
  facet normal 3.302791e-01 9.438833e-01 0.000000e+00
    outer loop
      vertex   9.286777e+01 -4.919806e+01 2.335398e+01
      vertex   9.286777e+01 -4.919806e+01 2.135398e+01
      vertex   9.244504e+01 -4.905014e+01 2.335398e+01
    endloop
  endfacet
  facet normal 3.302791e-01 9.438833e-01 0.000000e+00
    outer loop
      vertex   9.244504e+01 -4.905014e+01 2.335398e+01
      vertex   9.286777e+01 -4.919806e+01 2.135398e+01
      vertex   9.244504e+01 -4.905014e+01 2.135398e+01
    endloop
  endfacet
  facet normal 1.119645e-01 9.937122e-01 0.000000e+00
    outer loop
      vertex   9.244504e+01 -4.905014e+01 2.335398e+01
      vertex   9.244504e+01 -4.905014e+01 2.135398e+01
      vertex   9.200000e+01 -4.900000e+01 2.335398e+01
    endloop
  endfacet
  facet normal 1.119645e-01 9.937122e-01 0.000000e+00
    outer loop
      vertex   9.200000e+01 -4.900000e+01 2.335398e+01
      vertex   9.244504e+01 -4.905014e+01 2.135398e+01
      vertex   9.200000e+01 -4.900000e+01 2.135398e+01
    endloop
  endfacet
  facet normal 1.000000e+00 0.000000e+00 0.000000e+00
    outer loop
      vertex   9.400000e+01 -8.400000e+01 2.135398e+01
      vertex   9.400000e+01 -5.100000e+01 2.135398e+01
      vertex   9.400000e+01 -8.400000e+01 2.335398e+01
    endloop
  endfacet
  facet normal 1.000000e+00 -0.000000e+00 0.000000e+00
    outer loop
      vertex   9.400000e+01 -8.400000e+01 2.335398e+01
      vertex   9.400000e+01 -5.100000e+01 2.135398e+01
      vertex   9.400000e+01 -5.100000e+01 2.335398e+01
    endloop
  endfacet
  facet normal 1.119645e-01 -9.937122e-01 0.000000e+00
    outer loop
      vertex   9.200000e+01 -8.600000e+01 2.335398e+01
      vertex   9.200000e+01 -8.600000e+01 2.135398e+01
      vertex   9.244504e+01 -8.594986e+01 2.335398e+01
    endloop
  endfacet
  facet normal 1.119645e-01 -9.937122e-01 0.000000e+00
    outer loop
      vertex   9.244504e+01 -8.594986e+01 2.335398e+01
      vertex   9.200000e+01 -8.600000e+01 2.135398e+01
      vertex   9.244504e+01 -8.594986e+01 2.135398e+01
    endloop
  endfacet
  facet normal 3.302791e-01 -9.438833e-01 0.000000e+00
    outer loop
      vertex   9.244504e+01 -8.594986e+01 2.335398e+01
      vertex   9.244504e+01 -8.594986e+01 2.135398e+01
      vertex   9.286777e+01 -8.580194e+01 2.335398e+01
    endloop
  endfacet
  facet normal 3.302791e-01 -9.438833e-01 0.000000e+00
    outer loop
      vertex   9.286777e+01 -8.580194e+01 2.335398e+01
      vertex   9.244504e+01 -8.594986e+01 2.135398e+01
      vertex   9.286777e+01 -8.580194e+01 2.135398e+01
    endloop
  endfacet
  facet normal 5.320321e-01 -8.467242e-01 0.000000e+00
    outer loop
      vertex   9.286777e+01 -8.580194e+01 2.335398e+01
      vertex   9.286777e+01 -8.580194e+01 2.135398e+01
      vertex   9.324698e+01 -8.556366e+01 2.335398e+01
    endloop
  endfacet
  facet normal 5.320321e-01 -8.467242e-01 0.000000e+00
    outer loop
      vertex   9.324698e+01 -8.556366e+01 2.335398e+01
      vertex   9.286777e+01 -8.580194e+01 2.135398e+01
      vertex   9.324698e+01 -8.556366e+01 2.135398e+01
    endloop
  endfacet
  facet normal 7.071068e-01 -7.071068e-01 0.000000e+00
    outer loop
      vertex   9.324698e+01 -8.556366e+01 2.335398e+01
      vertex   9.324698e+01 -8.556366e+01 2.135398e+01
      vertex   9.356366e+01 -8.524698e+01 2.335398e+01
    endloop
  endfacet
  facet normal 7.071068e-01 -7.071068e-01 0.000000e+00
    outer loop
      vertex   9.356366e+01 -8.524698e+01 2.335398e+01
      vertex   9.324698e+01 -8.556366e+01 2.135398e+01
      vertex   9.356366e+01 -8.524698e+01 2.135398e+01
    endloop
  endfacet
  facet normal 8.467242e-01 -5.320321e-01 0.000000e+00
    outer loop
      vertex   9.356366e+01 -8.524698e+01 2.335398e+01
      vertex   9.356366e+01 -8.524698e+01 2.135398e+01
      vertex   9.380194e+01 -8.486777e+01 2.335398e+01
    endloop
  endfacet
  facet normal 8.467242e-01 -5.320321e-01 0.000000e+00
    outer loop
      vertex   9.380194e+01 -8.486777e+01 2.335398e+01
      vertex   9.356366e+01 -8.524698e+01 2.135398e+01
      vertex   9.380194e+01 -8.486777e+01 2.135398e+01
    endloop
  endfacet
  facet normal 9.438833e-01 -3.302791e-01 0.000000e+00
    outer loop
      vertex   9.380194e+01 -8.486777e+01 2.335398e+01
      vertex   9.380194e+01 -8.486777e+01 2.135398e+01
      vertex   9.394986e+01 -8.444504e+01 2.335398e+01
    endloop
  endfacet
  facet normal 9.438833e-01 -3.302791e-01 0.000000e+00
    outer loop
      vertex   9.394986e+01 -8.444504e+01 2.335398e+01
      vertex   9.380194e+01 -8.486777e+01 2.135398e+01
      vertex   9.394986e+01 -8.444504e+01 2.135398e+01
    endloop
  endfacet
  facet normal 9.937122e-01 -1.119645e-01 0.000000e+00
    outer loop
      vertex   9.394986e+01 -8.444504e+01 2.335398e+01
      vertex   9.394986e+01 -8.444504e+01 2.135398e+01
      vertex   9.400000e+01 -8.400000e+01 2.335398e+01
    endloop
  endfacet
  facet normal 9.937122e-01 -1.119645e-01 0.000000e+00
    outer loop
      vertex   9.400000e+01 -8.400000e+01 2.335398e+01
      vertex   9.394986e+01 -8.444504e+01 2.135398e+01
      vertex   9.400000e+01 -8.400000e+01 2.135398e+01
    endloop
  endfacet
  facet normal 0.000000e+00 -1.000000e+00 0.000000e+00
    outer loop
      vertex   2.100000e+01 -8.600000e+01 2.135398e+01
      vertex   9.200000e+01 -8.600000e+01 2.135398e+01
      vertex   2.100000e+01 -8.600000e+01 2.335398e+01
    endloop
  endfacet
  facet normal 0.000000e+00 -1.000000e+00 0.000000e+00
    outer loop
      vertex   2.100000e+01 -8.600000e+01 2.335398e+01
      vertex   9.200000e+01 -8.600000e+01 2.135398e+01
      vertex   9.200000e+01 -8.600000e+01 2.335398e+01
    endloop
  endfacet
  facet normal -9.937122e-01 -1.119645e-01 -0.000000e+00
    outer loop
      vertex   1.900000e+01 -8.400000e+01 2.335398e+01
      vertex   1.900000e+01 -8.400000e+01 2.135398e+01
      vertex   1.905014e+01 -8.444504e+01 2.335398e+01
    endloop
  endfacet
  facet normal -9.937122e-01 -1.119645e-01 -0.000000e+00
    outer loop
      vertex   1.905014e+01 -8.444504e+01 2.335398e+01
      vertex   1.900000e+01 -8.400000e+01 2.135398e+01
      vertex   1.905014e+01 -8.444504e+01 2.135398e+01
    endloop
  endfacet
  facet normal -9.438833e-01 -3.302791e-01 -0.000000e+00
    outer loop
      vertex   1.905014e+01 -8.444504e+01 2.335398e+01
      vertex   1.905014e+01 -8.444504e+01 2.135398e+01
      vertex   1.919806e+01 -8.486777e+01 2.335398e+01
    endloop
  endfacet
  facet normal -9.438833e-01 -3.302791e-01 -0.000000e+00
    outer loop
      vertex   1.919806e+01 -8.486777e+01 2.335398e+01
      vertex   1.905014e+01 -8.444504e+01 2.135398e+01
      vertex   1.919806e+01 -8.486777e+01 2.135398e+01
    endloop
  endfacet
  facet normal -8.467242e-01 -5.320321e-01 -0.000000e+00
    outer loop
      vertex   1.919806e+01 -8.486777e+01 2.335398e+01
      vertex   1.919806e+01 -8.486777e+01 2.135398e+01
      vertex   1.943634e+01 -8.524698e+01 2.335398e+01
    endloop
  endfacet
  facet normal -8.467242e-01 -5.320321e-01 -0.000000e+00
    outer loop
      vertex   1.943634e+01 -8.524698e+01 2.335398e+01
      vertex   1.919806e+01 -8.486777e+01 2.135398e+01
      vertex   1.943634e+01 -8.524698e+01 2.135398e+01
    endloop
  endfacet
  facet normal -7.071068e-01 -7.071068e-01 -0.000000e+00
    outer loop
      vertex   1.943634e+01 -8.524698e+01 2.335398e+01
      vertex   1.943634e+01 -8.524698e+01 2.135398e+01
      vertex   1.975302e+01 -8.556366e+01 2.335398e+01
    endloop
  endfacet
  facet normal -7.071068e-01 -7.071068e-01 -0.000000e+00
    outer loop
      vertex   1.975302e+01 -8.556366e+01 2.335398e+01
      vertex   1.943634e+01 -8.524698e+01 2.135398e+01
      vertex   1.975302e+01 -8.556366e+01 2.135398e+01
    endloop
  endfacet
  facet normal -5.320321e-01 -8.467242e-01 -0.000000e+00
    outer loop
      vertex   1.975302e+01 -8.556366e+01 2.335398e+01
      vertex   1.975302e+01 -8.556366e+01 2.135398e+01
      vertex   2.013223e+01 -8.580194e+01 2.335398e+01
    endloop
  endfacet
  facet normal -5.320321e-01 -8.467242e-01 -0.000000e+00
    outer loop
      vertex   2.013223e+01 -8.580194e+01 2.335398e+01
      vertex   1.975302e+01 -8.556366e+01 2.135398e+01
      vertex   2.013223e+01 -8.580194e+01 2.135398e+01
    endloop
  endfacet
  facet normal -3.302791e-01 -9.438833e-01 -0.000000e+00
    outer loop
      vertex   2.013223e+01 -8.580194e+01 2.335398e+01
      vertex   2.013223e+01 -8.580194e+01 2.135398e+01
      vertex   2.055496e+01 -8.594986e+01 2.335398e+01
    endloop
  endfacet
  facet normal -3.302791e-01 -9.438833e-01 -0.000000e+00
    outer loop
      vertex   2.055496e+01 -8.594986e+01 2.335398e+01
      vertex   2.013223e+01 -8.580194e+01 2.135398e+01
      vertex   2.055496e+01 -8.594986e+01 2.135398e+01
    endloop
  endfacet
  facet normal -1.119645e-01 -9.937122e-01 -0.000000e+00
    outer loop
      vertex   2.055496e+01 -8.594986e+01 2.335398e+01
      vertex   2.055496e+01 -8.594986e+01 2.135398e+01
      vertex   2.100000e+01 -8.600000e+01 2.335398e+01
    endloop
  endfacet
  facet normal -1.119645e-01 -9.937122e-01 -1.988889e-16
    outer loop
      vertex   2.100000e+01 -8.600000e+01 2.335398e+01
      vertex   2.055496e+01 -8.594986e+01 2.135398e+01
      vertex   2.100000e+01 -8.600000e+01 2.135398e+01
    endloop
  endfacet
  facet normal -1.000000e+00 0.000000e+00 0.000000e+00
    outer loop
      vertex   1.900000e+01 -5.100000e+01 2.135398e+01
      vertex   1.900000e+01 -8.400000e+01 2.135398e+01
      vertex   1.900000e+01 -5.100000e+01 2.335398e+01
    endloop
  endfacet
  facet normal -1.000000e+00 -0.000000e+00 0.000000e+00
    outer loop
      vertex   1.900000e+01 -5.100000e+01 2.335398e+01
      vertex   1.900000e+01 -8.400000e+01 2.135398e+01
      vertex   1.900000e+01 -8.400000e+01 2.335398e+01
    endloop
  endfacet
  facet normal -1.119645e-01 9.937122e-01 0.000000e+00
    outer loop
      vertex   2.100000e+01 -4.900000e+01 2.335398e+01
      vertex   2.100000e+01 -4.900000e+01 2.135398e+01
      vertex   2.055496e+01 -4.905014e+01 2.335398e+01
    endloop
  endfacet
  facet normal -1.119645e-01 9.937122e-01 0.000000e+00
    outer loop
      vertex   2.055496e+01 -4.905014e+01 2.335398e+01
      vertex   2.100000e+01 -4.900000e+01 2.135398e+01
      vertex   2.055496e+01 -4.905014e+01 2.135398e+01
    endloop
  endfacet
  facet normal -3.302791e-01 9.438833e-01 0.000000e+00
    outer loop
      vertex   2.055496e+01 -4.905014e+01 2.335398e+01
      vertex   2.055496e+01 -4.905014e+01 2.135398e+01
      vertex   2.013223e+01 -4.919806e+01 2.335398e+01
    endloop
  endfacet
  facet normal -3.302791e-01 9.438833e-01 0.000000e+00
    outer loop
      vertex   2.013223e+01 -4.919806e+01 2.335398e+01
      vertex   2.055496e+01 -4.905014e+01 2.135398e+01
      vertex   2.013223e+01 -4.919806e+01 2.135398e+01
    endloop
  endfacet
  facet normal -5.320321e-01 8.467242e-01 0.000000e+00
    outer loop
      vertex   2.013223e+01 -4.919806e+01 2.335398e+01
      vertex   2.013223e+01 -4.919806e+01 2.135398e+01
      vertex   1.975302e+01 -4.943634e+01 2.335398e+01
    endloop
  endfacet
  facet normal -5.320321e-01 8.467242e-01 0.000000e+00
    outer loop
      vertex   1.975302e+01 -4.943634e+01 2.335398e+01
      vertex   2.013223e+01 -4.919806e+01 2.135398e+01
      vertex   1.975302e+01 -4.943634e+01 2.135398e+01
    endloop
  endfacet
  facet normal -7.071068e-01 7.071068e-01 0.000000e+00
    outer loop
      vertex   1.975302e+01 -4.943634e+01 2.335398e+01
      vertex   1.975302e+01 -4.943634e+01 2.135398e+01
      vertex   1.943634e+01 -4.975302e+01 2.335398e+01
    endloop
  endfacet
  facet normal -7.071068e-01 7.071068e-01 0.000000e+00
    outer loop
      vertex   1.943634e+01 -4.975302e+01 2.335398e+01
      vertex   1.975302e+01 -4.943634e+01 2.135398e+01
      vertex   1.943634e+01 -4.975302e+01 2.135398e+01
    endloop
  endfacet
  facet normal -8.467242e-01 5.320321e-01 0.000000e+00
    outer loop
      vertex   1.943634e+01 -4.975302e+01 2.335398e+01
      vertex   1.943634e+01 -4.975302e+01 2.135398e+01
      vertex   1.919806e+01 -5.013223e+01 2.335398e+01
    endloop
  endfacet
  facet normal -8.467242e-01 5.320321e-01 0.000000e+00
    outer loop
      vertex   1.919806e+01 -5.013223e+01 2.335398e+01
      vertex   1.943634e+01 -4.975302e+01 2.135398e+01
      vertex   1.919806e+01 -5.013223e+01 2.135398e+01
    endloop
  endfacet
  facet normal -9.438833e-01 3.302791e-01 0.000000e+00
    outer loop
      vertex   1.919806e+01 -5.013223e+01 2.335398e+01
      vertex   1.919806e+01 -5.013223e+01 2.135398e+01
      vertex   1.905014e+01 -5.055496e+01 2.335398e+01
    endloop
  endfacet
  facet normal -9.438833e-01 3.302791e-01 0.000000e+00
    outer loop
      vertex   1.905014e+01 -5.055496e+01 2.335398e+01
      vertex   1.919806e+01 -5.013223e+01 2.135398e+01
      vertex   1.905014e+01 -5.055496e+01 2.135398e+01
    endloop
  endfacet
  facet normal -9.937122e-01 1.119645e-01 0.000000e+00
    outer loop
      vertex   1.905014e+01 -5.055496e+01 2.335398e+01
      vertex   1.905014e+01 -5.055496e+01 2.135398e+01
      vertex   1.900000e+01 -5.100000e+01 2.335398e+01
    endloop
  endfacet
  facet normal -9.937122e-01 1.119645e-01 0.000000e+00
    outer loop
      vertex   1.900000e+01 -5.100000e+01 2.335398e+01
      vertex   1.905014e+01 -5.055496e+01 2.135398e+01
      vertex   1.900000e+01 -5.100000e+01 2.135398e+01
    endloop
  endfacet
  facet normal -1.000764e-16 1.000000e+00 0.000000e+00
    outer loop
      vertex   9.200000e+01 -4.900000e+01 2.135398e+01
      vertex   2.100000e+01 -4.900000e+01 2.135398e+01
      vertex   9.200000e+01 -4.900000e+01 2.335398e+01
    endloop
  endfacet
  facet normal -1.000764e-16 1.000000e+00 0.000000e+00
    outer loop
      vertex   9.200000e+01 -4.900000e+01 2.335398e+01
      vertex   2.100000e+01 -4.900000e+01 2.135398e+01
      vertex   2.100000e+01 -4.900000e+01 2.335398e+01
    endloop
  endfacet
  facet normal 0.000000e+00 0.000000e+00 1.000000e+00
    outer loop
      vertex   2.458650e+01 -7.482397e+01 2.335398e+01
      vertex   2.453559e+01 -7.404734e+01 2.335398e+01
      vertex   1.900000e+01 -8.400000e+01 2.335398e+01
    endloop
  endfacet
  facet normal 0.000000e+00 0.000000e+00 1.000000e+00
    outer loop
      vertex   1.900000e+01 -8.400000e+01 2.335398e+01
      vertex   2.453559e+01 -7.404734e+01 2.335398e+01
      vertex   2.453559e+01 -6.099734e+01 2.335398e+01
    endloop
  endfacet
  facet normal 0.000000e+00 0.000000e+00 1.000000e+00
    outer loop
      vertex   1.900000e+01 -8.400000e+01 2.335398e+01
      vertex   2.453559e+01 -6.099734e+01 2.335398e+01
      vertex   1.900000e+01 -5.100000e+01 2.335398e+01
    endloop
  endfacet
  facet normal 0.000000e+00 0.000000e+00 1.000000e+00
    outer loop
      vertex   1.900000e+01 -5.100000e+01 2.335398e+01
      vertex   2.453559e+01 -6.099734e+01 2.335398e+01
      vertex   2.458650e+01 -6.022071e+01 2.335398e+01
    endloop
  endfacet
  facet normal 0.000000e+00 0.000000e+00 1.000000e+00
    outer loop
      vertex   1.900000e+01 -5.100000e+01 2.335398e+01
      vertex   2.458650e+01 -6.022071e+01 2.335398e+01
      vertex   2.473833e+01 -5.945737e+01 2.335398e+01
    endloop
  endfacet
  facet normal 0.000000e+00 -0.000000e+00 1.000000e+00
    outer loop
      vertex   2.473833e+01 -5.945737e+01 2.335398e+01
      vertex   2.498851e+01 -5.872038e+01 2.335398e+01
      vertex   1.900000e+01 -5.100000e+01 2.335398e+01
    endloop
  endfacet
  facet normal 0.000000e+00 0.000000e+00 1.000000e+00
    outer loop
      vertex   1.900000e+01 -5.100000e+01 2.335398e+01
      vertex   2.498851e+01 -5.872038e+01 2.335398e+01
      vertex   2.533274e+01 -5.802234e+01 2.335398e+01
    endloop
  endfacet
  facet normal 0.000000e+00 0.000000e+00 1.000000e+00
    outer loop
      vertex   1.900000e+01 -5.100000e+01 2.335398e+01
      vertex   2.533274e+01 -5.802234e+01 2.335398e+01
      vertex   2.576514e+01 -5.737521e+01 2.335398e+01
    endloop
  endfacet
  facet normal 0.000000e+00 -0.000000e+00 1.000000e+00
    outer loop
      vertex   2.576514e+01 -5.737521e+01 2.335398e+01
      vertex   2.627831e+01 -5.679006e+01 2.335398e+01
      vertex   1.900000e+01 -5.100000e+01 2.335398e+01
    endloop
  endfacet
  facet normal 0.000000e+00 0.000000e+00 1.000000e+00
    outer loop
      vertex   1.900000e+01 -5.100000e+01 2.335398e+01
      vertex   2.627831e+01 -5.679006e+01 2.335398e+01
      vertex   2.686346e+01 -5.627689e+01 2.335398e+01
    endloop
  endfacet
  facet normal 0.000000e+00 0.000000e+00 1.000000e+00
    outer loop
      vertex   1.900000e+01 -5.100000e+01 2.335398e+01
      vertex   2.686346e+01 -5.627689e+01 2.335398e+01
      vertex   2.751059e+01 -5.584449e+01 2.335398e+01
    endloop
  endfacet
  facet normal 0.000000e+00 -0.000000e+00 1.000000e+00
    outer loop
      vertex   2.751059e+01 -5.584449e+01 2.335398e+01
      vertex   2.820863e+01 -5.550026e+01 2.335398e+01
      vertex   1.900000e+01 -5.100000e+01 2.335398e+01
    endloop
  endfacet
  facet normal 0.000000e+00 0.000000e+00 1.000000e+00
    outer loop
      vertex   1.900000e+01 -5.100000e+01 2.335398e+01
      vertex   2.820863e+01 -5.550026e+01 2.335398e+01
      vertex   2.894562e+01 -5.525008e+01 2.335398e+01
    endloop
  endfacet
  facet normal 0.000000e+00 0.000000e+00 1.000000e+00
    outer loop
      vertex   1.900000e+01 -5.100000e+01 2.335398e+01
      vertex   2.894562e+01 -5.525008e+01 2.335398e+01
      vertex   2.970896e+01 -5.509825e+01 2.335398e+01
    endloop
  endfacet
  facet normal -0.000000e+00 0.000000e+00 1.000000e+00
    outer loop
      vertex   1.900000e+01 -5.100000e+01 2.335398e+01
      vertex   2.970896e+01 -5.509825e+01 2.335398e+01
      vertex   2.100000e+01 -4.900000e+01 2.335398e+01
    endloop
  endfacet
  facet normal 0.000000e+00 0.000000e+00 1.000000e+00
    outer loop
      vertex   2.100000e+01 -4.900000e+01 2.335398e+01
      vertex   2.970896e+01 -5.509825e+01 2.335398e+01
      vertex   3.048559e+01 -5.504734e+01 2.335398e+01
    endloop
  endfacet
  facet normal 0.000000e+00 0.000000e+00 1.000000e+00
    outer loop
      vertex   2.100000e+01 -4.900000e+01 2.335398e+01
      vertex   3.048559e+01 -5.504734e+01 2.335398e+01
      vertex   6.348559e+01 -5.504734e+01 2.335398e+01
    endloop
  endfacet
  facet normal -0.000000e+00 0.000000e+00 1.000000e+00
    outer loop
      vertex   2.100000e+01 -4.900000e+01 2.335398e+01
      vertex   6.348559e+01 -5.504734e+01 2.335398e+01
      vertex   9.200000e+01 -4.900000e+01 2.335398e+01
    endloop
  endfacet
  facet normal 0.000000e+00 0.000000e+00 1.000000e+00
    outer loop
      vertex   9.200000e+01 -4.900000e+01 2.335398e+01
      vertex   6.348559e+01 -5.504734e+01 2.335398e+01
      vertex   6.426222e+01 -5.509825e+01 2.335398e+01
    endloop
  endfacet
  facet normal 0.000000e+00 0.000000e+00 1.000000e+00
    outer loop
      vertex   9.200000e+01 -4.900000e+01 2.335398e+01
      vertex   6.426222e+01 -5.509825e+01 2.335398e+01
      vertex   6.502557e+01 -5.525008e+01 2.335398e+01
    endloop
  endfacet
  facet normal -0.000000e+00 0.000000e+00 1.000000e+00
    outer loop
      vertex   6.502557e+01 -5.525008e+01 2.335398e+01
      vertex   6.576256e+01 -5.550026e+01 2.335398e+01
      vertex   9.200000e+01 -4.900000e+01 2.335398e+01
    endloop
  endfacet
  facet normal 0.000000e+00 0.000000e+00 1.000000e+00
    outer loop
      vertex   9.200000e+01 -4.900000e+01 2.335398e+01
      vertex   6.576256e+01 -5.550026e+01 2.335398e+01
      vertex   6.646059e+01 -5.584449e+01 2.335398e+01
    endloop
  endfacet
  facet normal 0.000000e+00 0.000000e+00 1.000000e+00
    outer loop
      vertex   9.200000e+01 -4.900000e+01 2.335398e+01
      vertex   6.646059e+01 -5.584449e+01 2.335398e+01
      vertex   6.710772e+01 -5.627689e+01 2.335398e+01
    endloop
  endfacet
  facet normal -0.000000e+00 0.000000e+00 1.000000e+00
    outer loop
      vertex   6.710772e+01 -5.627689e+01 2.335398e+01
      vertex   6.769288e+01 -5.679006e+01 2.335398e+01
      vertex   9.200000e+01 -4.900000e+01 2.335398e+01
    endloop
  endfacet
  facet normal 0.000000e+00 0.000000e+00 1.000000e+00
    outer loop
      vertex   9.200000e+01 -4.900000e+01 2.335398e+01
      vertex   6.769288e+01 -5.679006e+01 2.335398e+01
      vertex   9.400000e+01 -5.100000e+01 2.335398e+01
    endloop
  endfacet
  facet normal 0.000000e+00 0.000000e+00 1.000000e+00
    outer loop
      vertex   9.200000e+01 -4.900000e+01 2.335398e+01
      vertex   9.400000e+01 -5.100000e+01 2.335398e+01
      vertex   9.394986e+01 -5.055496e+01 2.335398e+01
    endloop
  endfacet
  facet normal -0.000000e+00 0.000000e+00 1.000000e+00
    outer loop
      vertex   6.769288e+01 -5.679006e+01 2.335398e+01
      vertex   6.820605e+01 -5.737521e+01 2.335398e+01
      vertex   9.400000e+01 -5.100000e+01 2.335398e+01
    endloop
  endfacet
  facet normal 0.000000e+00 0.000000e+00 1.000000e+00
    outer loop
      vertex   9.400000e+01 -5.100000e+01 2.335398e+01
      vertex   6.820605e+01 -5.737521e+01 2.335398e+01
      vertex   6.863844e+01 -5.802234e+01 2.335398e+01
    endloop
  endfacet
  facet normal 0.000000e+00 0.000000e+00 1.000000e+00
    outer loop
      vertex   9.400000e+01 -5.100000e+01 2.335398e+01
      vertex   6.863844e+01 -5.802234e+01 2.335398e+01
      vertex   6.898268e+01 -5.872038e+01 2.335398e+01
    endloop
  endfacet
  facet normal -0.000000e+00 0.000000e+00 1.000000e+00
    outer loop
      vertex   6.898268e+01 -5.872038e+01 2.335398e+01
      vertex   6.923285e+01 -5.945737e+01 2.335398e+01
      vertex   9.400000e+01 -5.100000e+01 2.335398e+01
    endloop
  endfacet
  facet normal 0.000000e+00 0.000000e+00 1.000000e+00
    outer loop
      vertex   9.400000e+01 -5.100000e+01 2.335398e+01
      vertex   6.923285e+01 -5.945737e+01 2.335398e+01
      vertex   6.938469e+01 -6.022071e+01 2.335398e+01
    endloop
  endfacet
  facet normal 0.000000e+00 0.000000e+00 1.000000e+00
    outer loop
      vertex   9.400000e+01 -5.100000e+01 2.335398e+01
      vertex   6.938469e+01 -6.022071e+01 2.335398e+01
      vertex   6.943559e+01 -6.099734e+01 2.335398e+01
    endloop
  endfacet
  facet normal 0.000000e+00 0.000000e+00 1.000000e+00
    outer loop
      vertex   9.400000e+01 -5.100000e+01 2.335398e+01
      vertex   6.943559e+01 -6.099734e+01 2.335398e+01
      vertex   9.400000e+01 -8.400000e+01 2.335398e+01
    endloop
  endfacet
  facet normal 0.000000e+00 0.000000e+00 1.000000e+00
    outer loop
      vertex   9.400000e+01 -8.400000e+01 2.335398e+01
      vertex   6.943559e+01 -6.099734e+01 2.335398e+01
      vertex   6.943559e+01 -7.404734e+01 2.335398e+01
    endloop
  endfacet
  facet normal 0.000000e+00 0.000000e+00 1.000000e+00
    outer loop
      vertex   9.400000e+01 -8.400000e+01 2.335398e+01
      vertex   6.943559e+01 -7.404734e+01 2.335398e+01
      vertex   6.938469e+01 -7.482397e+01 2.335398e+01
    endloop
  endfacet
  facet normal 0.000000e+00 0.000000e+00 1.000000e+00
    outer loop
      vertex   6.938469e+01 -7.482397e+01 2.335398e+01
      vertex   6.923285e+01 -7.558732e+01 2.335398e+01
      vertex   9.400000e+01 -8.400000e+01 2.335398e+01
    endloop
  endfacet
  facet normal 0.000000e+00 0.000000e+00 1.000000e+00
    outer loop
      vertex   9.400000e+01 -8.400000e+01 2.335398e+01
      vertex   6.923285e+01 -7.558732e+01 2.335398e+01
      vertex   6.898268e+01 -7.632431e+01 2.335398e+01
    endloop
  endfacet
  facet normal 0.000000e+00 0.000000e+00 1.000000e+00
    outer loop
      vertex   9.400000e+01 -8.400000e+01 2.335398e+01
      vertex   6.898268e+01 -7.632431e+01 2.335398e+01
      vertex   6.863844e+01 -7.702234e+01 2.335398e+01
    endloop
  endfacet
  facet normal 0.000000e+00 0.000000e+00 1.000000e+00
    outer loop
      vertex   6.863844e+01 -7.702234e+01 2.335398e+01
      vertex   6.820605e+01 -7.766947e+01 2.335398e+01
      vertex   9.400000e+01 -8.400000e+01 2.335398e+01
    endloop
  endfacet
  facet normal 0.000000e+00 0.000000e+00 1.000000e+00
    outer loop
      vertex   9.400000e+01 -8.400000e+01 2.335398e+01
      vertex   6.820605e+01 -7.766947e+01 2.335398e+01
      vertex   6.769288e+01 -7.825463e+01 2.335398e+01
    endloop
  endfacet
  facet normal 0.000000e+00 0.000000e+00 1.000000e+00
    outer loop
      vertex   9.400000e+01 -8.400000e+01 2.335398e+01
      vertex   6.769288e+01 -7.825463e+01 2.335398e+01
      vertex   9.200000e+01 -8.600000e+01 2.335398e+01
    endloop
  endfacet
  facet normal 0.000000e+00 0.000000e+00 1.000000e+00
    outer loop
      vertex   9.200000e+01 -8.600000e+01 2.335398e+01
      vertex   6.769288e+01 -7.825463e+01 2.335398e+01
      vertex   6.710772e+01 -7.876779e+01 2.335398e+01
    endloop
  endfacet
  facet normal 0.000000e+00 0.000000e+00 1.000000e+00
    outer loop
      vertex   9.200000e+01 -8.600000e+01 2.335398e+01
      vertex   6.710772e+01 -7.876779e+01 2.335398e+01
      vertex   6.646059e+01 -7.920019e+01 2.335398e+01
    endloop
  endfacet
  facet normal 0.000000e+00 0.000000e+00 1.000000e+00
    outer loop
      vertex   6.646059e+01 -7.920019e+01 2.335398e+01
      vertex   6.576256e+01 -7.954443e+01 2.335398e+01
      vertex   9.200000e+01 -8.600000e+01 2.335398e+01
    endloop
  endfacet
  facet normal 0.000000e+00 0.000000e+00 1.000000e+00
    outer loop
      vertex   9.200000e+01 -8.600000e+01 2.335398e+01
      vertex   6.576256e+01 -7.954443e+01 2.335398e+01
      vertex   6.502557e+01 -7.979460e+01 2.335398e+01
    endloop
  endfacet
  facet normal 0.000000e+00 0.000000e+00 1.000000e+00
    outer loop
      vertex   9.200000e+01 -8.600000e+01 2.335398e+01
      vertex   6.502557e+01 -7.979460e+01 2.335398e+01
      vertex   6.426222e+01 -7.994644e+01 2.335398e+01
    endloop
  endfacet
  facet normal 0.000000e+00 0.000000e+00 1.000000e+00
    outer loop
      vertex   6.426222e+01 -7.994644e+01 2.335398e+01
      vertex   6.348559e+01 -7.999734e+01 2.335398e+01
      vertex   9.200000e+01 -8.600000e+01 2.335398e+01
    endloop
  endfacet
  facet normal 0.000000e+00 0.000000e+00 1.000000e+00
    outer loop
      vertex   9.200000e+01 -8.600000e+01 2.335398e+01
      vertex   6.348559e+01 -7.999734e+01 2.335398e+01
      vertex   2.100000e+01 -8.600000e+01 2.335398e+01
    endloop
  endfacet
  facet normal 0.000000e+00 0.000000e+00 1.000000e+00
    outer loop
      vertex   2.100000e+01 -8.600000e+01 2.335398e+01
      vertex   6.348559e+01 -7.999734e+01 2.335398e+01
      vertex   3.048559e+01 -7.999734e+01 2.335398e+01
    endloop
  endfacet
  facet normal 0.000000e+00 0.000000e+00 1.000000e+00
    outer loop
      vertex   2.100000e+01 -8.600000e+01 2.335398e+01
      vertex   3.048559e+01 -7.999734e+01 2.335398e+01
      vertex   2.970896e+01 -7.994644e+01 2.335398e+01
    endloop
  endfacet
  facet normal 0.000000e+00 -0.000000e+00 1.000000e+00
    outer loop
      vertex   2.100000e+01 -8.600000e+01 2.335398e+01
      vertex   2.970896e+01 -7.994644e+01 2.335398e+01
      vertex   1.900000e+01 -8.400000e+01 2.335398e+01
    endloop
  endfacet
  facet normal 0.000000e+00 0.000000e+00 1.000000e+00
    outer loop
      vertex   1.900000e+01 -8.400000e+01 2.335398e+01
      vertex   2.970896e+01 -7.994644e+01 2.335398e+01
      vertex   2.894562e+01 -7.979460e+01 2.335398e+01
    endloop
  endfacet
  facet normal 0.000000e+00 0.000000e+00 1.000000e+00
    outer loop
      vertex   1.900000e+01 -8.400000e+01 2.335398e+01
      vertex   2.894562e+01 -7.979460e+01 2.335398e+01
      vertex   2.820863e+01 -7.954443e+01 2.335398e+01
    endloop
  endfacet
  facet normal 0.000000e+00 0.000000e+00 1.000000e+00
    outer loop
      vertex   2.820863e+01 -7.954443e+01 2.335398e+01
      vertex   2.751059e+01 -7.920019e+01 2.335398e+01
      vertex   1.900000e+01 -8.400000e+01 2.335398e+01
    endloop
  endfacet
  facet normal 0.000000e+00 0.000000e+00 1.000000e+00
    outer loop
      vertex   1.900000e+01 -8.400000e+01 2.335398e+01
      vertex   2.751059e+01 -7.920019e+01 2.335398e+01
      vertex   2.686346e+01 -7.876779e+01 2.335398e+01
    endloop
  endfacet
  facet normal 0.000000e+00 0.000000e+00 1.000000e+00
    outer loop
      vertex   1.900000e+01 -8.400000e+01 2.335398e+01
      vertex   2.686346e+01 -7.876779e+01 2.335398e+01
      vertex   2.627831e+01 -7.825463e+01 2.335398e+01
    endloop
  endfacet
  facet normal 0.000000e+00 0.000000e+00 1.000000e+00
    outer loop
      vertex   2.627831e+01 -7.825463e+01 2.335398e+01
      vertex   2.576514e+01 -7.766947e+01 2.335398e+01
      vertex   1.900000e+01 -8.400000e+01 2.335398e+01
    endloop
  endfacet
  facet normal 0.000000e+00 0.000000e+00 1.000000e+00
    outer loop
      vertex   1.900000e+01 -8.400000e+01 2.335398e+01
      vertex   2.576514e+01 -7.766947e+01 2.335398e+01
      vertex   2.533274e+01 -7.702234e+01 2.335398e+01
    endloop
  endfacet
  facet normal 0.000000e+00 0.000000e+00 1.000000e+00
    outer loop
      vertex   1.900000e+01 -8.400000e+01 2.335398e+01
      vertex   2.533274e+01 -7.702234e+01 2.335398e+01
      vertex   2.498851e+01 -7.632431e+01 2.335398e+01
    endloop
  endfacet
  facet normal 0.000000e+00 0.000000e+00 1.000000e+00
    outer loop
      vertex   2.498851e+01 -7.632431e+01 2.335398e+01
      vertex   2.473833e+01 -7.558732e+01 2.335398e+01
      vertex   1.900000e+01 -8.400000e+01 2.335398e+01
    endloop
  endfacet
  facet normal 0.000000e+00 0.000000e+00 1.000000e+00
    outer loop
      vertex   1.900000e+01 -8.400000e+01 2.335398e+01
      vertex   2.473833e+01 -7.558732e+01 2.335398e+01
      vertex   2.458650e+01 -7.482397e+01 2.335398e+01
    endloop
  endfacet
  facet normal -0.000000e+00 0.000000e+00 1.000000e+00
    outer loop
      vertex   2.055496e+01 -4.905014e+01 2.335398e+01
      vertex   2.013223e+01 -4.919806e+01 2.335398e+01
      vertex   2.100000e+01 -4.900000e+01 2.335398e+01
    endloop
  endfacet
  facet normal 0.000000e+00 0.000000e+00 1.000000e+00
    outer loop
      vertex   2.100000e+01 -4.900000e+01 2.335398e+01
      vertex   2.013223e+01 -4.919806e+01 2.335398e+01
      vertex   1.975302e+01 -4.943634e+01 2.335398e+01
    endloop
  endfacet
  facet normal 0.000000e+00 0.000000e+00 1.000000e+00
    outer loop
      vertex   2.100000e+01 -4.900000e+01 2.335398e+01
      vertex   1.975302e+01 -4.943634e+01 2.335398e+01
      vertex   1.943634e+01 -4.975302e+01 2.335398e+01
    endloop
  endfacet
  facet normal -0.000000e+00 0.000000e+00 1.000000e+00
    outer loop
      vertex   1.943634e+01 -4.975302e+01 2.335398e+01
      vertex   1.919806e+01 -5.013223e+01 2.335398e+01
      vertex   2.100000e+01 -4.900000e+01 2.335398e+01
    endloop
  endfacet
  facet normal 0.000000e+00 0.000000e+00 1.000000e+00
    outer loop
      vertex   2.100000e+01 -4.900000e+01 2.335398e+01
      vertex   1.919806e+01 -5.013223e+01 2.335398e+01
      vertex   1.905014e+01 -5.055496e+01 2.335398e+01
    endloop
  endfacet
  facet normal 0.000000e+00 0.000000e+00 1.000000e+00
    outer loop
      vertex   2.100000e+01 -4.900000e+01 2.335398e+01
      vertex   1.905014e+01 -5.055496e+01 2.335398e+01
      vertex   1.900000e+01 -5.100000e+01 2.335398e+01
    endloop
  endfacet
  facet normal 0.000000e+00 0.000000e+00 1.000000e+00
    outer loop
      vertex   1.900000e+01 -8.400000e+01 2.335398e+01
      vertex   1.905014e+01 -8.444504e+01 2.335398e+01
      vertex   2.100000e+01 -8.600000e+01 2.335398e+01
    endloop
  endfacet
  facet normal 0.000000e+00 0.000000e+00 1.000000e+00
    outer loop
      vertex   2.100000e+01 -8.600000e+01 2.335398e+01
      vertex   1.905014e+01 -8.444504e+01 2.335398e+01
      vertex   1.919806e+01 -8.486777e+01 2.335398e+01
    endloop
  endfacet
  facet normal 0.000000e+00 0.000000e+00 1.000000e+00
    outer loop
      vertex   2.100000e+01 -8.600000e+01 2.335398e+01
      vertex   1.919806e+01 -8.486777e+01 2.335398e+01
      vertex   1.943634e+01 -8.524698e+01 2.335398e+01
    endloop
  endfacet
  facet normal 0.000000e+00 0.000000e+00 1.000000e+00
    outer loop
      vertex   1.943634e+01 -8.524698e+01 2.335398e+01
      vertex   1.975302e+01 -8.556366e+01 2.335398e+01
      vertex   2.100000e+01 -8.600000e+01 2.335398e+01
    endloop
  endfacet
  facet normal 0.000000e+00 0.000000e+00 1.000000e+00
    outer loop
      vertex   2.100000e+01 -8.600000e+01 2.335398e+01
      vertex   1.975302e+01 -8.556366e+01 2.335398e+01
      vertex   2.013223e+01 -8.580194e+01 2.335398e+01
    endloop
  endfacet
  facet normal 0.000000e+00 0.000000e+00 1.000000e+00
    outer loop
      vertex   2.100000e+01 -8.600000e+01 2.335398e+01
      vertex   2.013223e+01 -8.580194e+01 2.335398e+01
      vertex   2.055496e+01 -8.594986e+01 2.335398e+01
    endloop
  endfacet
  facet normal 0.000000e+00 -0.000000e+00 1.000000e+00
    outer loop
      vertex   9.244504e+01 -8.594986e+01 2.335398e+01
      vertex   9.286777e+01 -8.580194e+01 2.335398e+01
      vertex   9.200000e+01 -8.600000e+01 2.335398e+01
    endloop
  endfacet
  facet normal 0.000000e+00 0.000000e+00 1.000000e+00
    outer loop
      vertex   9.200000e+01 -8.600000e+01 2.335398e+01
      vertex   9.286777e+01 -8.580194e+01 2.335398e+01
      vertex   9.324698e+01 -8.556366e+01 2.335398e+01
    endloop
  endfacet
  facet normal 0.000000e+00 0.000000e+00 1.000000e+00
    outer loop
      vertex   9.200000e+01 -8.600000e+01 2.335398e+01
      vertex   9.324698e+01 -8.556366e+01 2.335398e+01
      vertex   9.356366e+01 -8.524698e+01 2.335398e+01
    endloop
  endfacet
  facet normal 0.000000e+00 -0.000000e+00 1.000000e+00
    outer loop
      vertex   9.356366e+01 -8.524698e+01 2.335398e+01
      vertex   9.380194e+01 -8.486777e+01 2.335398e+01
      vertex   9.200000e+01 -8.600000e+01 2.335398e+01
    endloop
  endfacet
  facet normal 0.000000e+00 0.000000e+00 1.000000e+00
    outer loop
      vertex   9.200000e+01 -8.600000e+01 2.335398e+01
      vertex   9.380194e+01 -8.486777e+01 2.335398e+01
      vertex   9.394986e+01 -8.444504e+01 2.335398e+01
    endloop
  endfacet
  facet normal 0.000000e+00 0.000000e+00 1.000000e+00
    outer loop
      vertex   9.200000e+01 -8.600000e+01 2.335398e+01
      vertex   9.394986e+01 -8.444504e+01 2.335398e+01
      vertex   9.400000e+01 -8.400000e+01 2.335398e+01
    endloop
  endfacet
  facet normal 0.000000e+00 0.000000e+00 1.000000e+00
    outer loop
      vertex   9.394986e+01 -5.055496e+01 2.335398e+01
      vertex   9.380194e+01 -5.013223e+01 2.335398e+01
      vertex   9.200000e+01 -4.900000e+01 2.335398e+01
    endloop
  endfacet
  facet normal 0.000000e+00 0.000000e+00 1.000000e+00
    outer loop
      vertex   9.200000e+01 -4.900000e+01 2.335398e+01
      vertex   9.380194e+01 -5.013223e+01 2.335398e+01
      vertex   9.356366e+01 -4.975302e+01 2.335398e+01
    endloop
  endfacet
  facet normal 0.000000e+00 0.000000e+00 1.000000e+00
    outer loop
      vertex   9.200000e+01 -4.900000e+01 2.335398e+01
      vertex   9.356366e+01 -4.975302e+01 2.335398e+01
      vertex   9.324698e+01 -4.943634e+01 2.335398e+01
    endloop
  endfacet
  facet normal 0.000000e+00 0.000000e+00 1.000000e+00
    outer loop
      vertex   9.324698e+01 -4.943634e+01 2.335398e+01
      vertex   9.286777e+01 -4.919806e+01 2.335398e+01
      vertex   9.200000e+01 -4.900000e+01 2.335398e+01
    endloop
  endfacet
  facet normal 0.000000e+00 0.000000e+00 1.000000e+00
    outer loop
      vertex   9.200000e+01 -4.900000e+01 2.335398e+01
      vertex   9.286777e+01 -4.919806e+01 2.335398e+01
      vertex   9.244504e+01 -4.905014e+01 2.335398e+01
    endloop
  endfacet
  facet normal -0.000000e+00 0.000000e+00 -1.000000e+00
    outer loop
      vertex   2.458650e+01 -6.022071e+01 2.135398e+01
      vertex   2.453559e+01 -6.099734e+01 2.135398e+01
      vertex   1.900000e+01 -5.100000e+01 2.135398e+01
    endloop
  endfacet
  facet normal 0.000000e+00 0.000000e+00 -1.000000e+00
    outer loop
      vertex   1.900000e+01 -5.100000e+01 2.135398e+01
      vertex   2.453559e+01 -6.099734e+01 2.135398e+01
      vertex   2.453559e+01 -7.404734e+01 2.135398e+01
    endloop
  endfacet
  facet normal 0.000000e+00 0.000000e+00 -1.000000e+00
    outer loop
      vertex   1.900000e+01 -5.100000e+01 2.135398e+01
      vertex   2.453559e+01 -7.404734e+01 2.135398e+01
      vertex   2.054621e+01 -8.134716e+01 2.135398e+01
    endloop
  endfacet
  facet normal 0.000000e+00 0.000000e+00 -1.000000e+00
    outer loop
      vertex   2.054621e+01 -8.134716e+01 2.135398e+01
      vertex   2.453559e+01 -7.404734e+01 2.135398e+01
      vertex   2.086290e+01 -8.103048e+01 2.135398e+01
    endloop
  endfacet
  facet normal 0.000000e+00 0.000000e+00 -1.000000e+00
    outer loop
      vertex   2.086290e+01 -8.103048e+01 2.135398e+01
      vertex   2.453559e+01 -7.404734e+01 2.135398e+01
      vertex   2.458650e+01 -7.482397e+01 2.135398e+01
    endloop
  endfacet
  facet normal 0.000000e+00 0.000000e+00 -1.000000e+00
    outer loop
      vertex   2.086290e+01 -8.103048e+01 2.135398e+01
      vertex   2.458650e+01 -7.482397e+01 2.135398e+01
      vertex   2.124211e+01 -8.079220e+01 2.135398e+01
    endloop
  endfacet
  facet normal 0.000000e+00 0.000000e+00 -1.000000e+00
    outer loop
      vertex   2.124211e+01 -8.079220e+01 2.135398e+01
      vertex   2.458650e+01 -7.482397e+01 2.135398e+01
      vertex   2.473833e+01 -7.558732e+01 2.135398e+01
    endloop
  endfacet
  facet normal 0.000000e+00 0.000000e+00 -1.000000e+00
    outer loop
      vertex   2.124211e+01 -8.079220e+01 2.135398e+01
      vertex   2.473833e+01 -7.558732e+01 2.135398e+01
      vertex   2.498851e+01 -7.632431e+01 2.135398e+01
    endloop
  endfacet
  facet normal 0.000000e+00 0.000000e+00 -1.000000e+00
    outer loop
      vertex   2.124211e+01 -8.079220e+01 2.135398e+01
      vertex   2.498851e+01 -7.632431e+01 2.135398e+01
      vertex   2.166483e+01 -8.064429e+01 2.135398e+01
    endloop
  endfacet
  facet normal 0.000000e+00 0.000000e+00 -1.000000e+00
    outer loop
      vertex   2.166483e+01 -8.064429e+01 2.135398e+01
      vertex   2.498851e+01 -7.632431e+01 2.135398e+01
      vertex   2.533274e+01 -7.702234e+01 2.135398e+01
    endloop
  endfacet
  facet normal 0.000000e+00 0.000000e+00 -1.000000e+00
    outer loop
      vertex   2.166483e+01 -8.064429e+01 2.135398e+01
      vertex   2.533274e+01 -7.702234e+01 2.135398e+01
      vertex   2.576514e+01 -7.766947e+01 2.135398e+01
    endloop
  endfacet
  facet normal 0.000000e+00 0.000000e+00 -1.000000e+00
    outer loop
      vertex   2.166483e+01 -8.064429e+01 2.135398e+01
      vertex   2.576514e+01 -7.766947e+01 2.135398e+01
      vertex   2.210987e+01 -8.059414e+01 2.135398e+01
    endloop
  endfacet
  facet normal 0.000000e+00 0.000000e+00 -1.000000e+00
    outer loop
      vertex   2.210987e+01 -8.059414e+01 2.135398e+01
      vertex   2.576514e+01 -7.766947e+01 2.135398e+01
      vertex   2.627831e+01 -7.825463e+01 2.135398e+01
    endloop
  endfacet
  facet normal 0.000000e+00 0.000000e+00 -1.000000e+00
    outer loop
      vertex   2.210987e+01 -8.059414e+01 2.135398e+01
      vertex   2.627831e+01 -7.825463e+01 2.135398e+01
      vertex   2.255492e+01 -8.064429e+01 2.135398e+01
    endloop
  endfacet
  facet normal 0.000000e+00 0.000000e+00 -1.000000e+00
    outer loop
      vertex   2.255492e+01 -8.064429e+01 2.135398e+01
      vertex   2.627831e+01 -7.825463e+01 2.135398e+01
      vertex   2.686346e+01 -7.876779e+01 2.135398e+01
    endloop
  endfacet
  facet normal 0.000000e+00 0.000000e+00 -1.000000e+00
    outer loop
      vertex   2.255492e+01 -8.064429e+01 2.135398e+01
      vertex   2.686346e+01 -7.876779e+01 2.135398e+01
      vertex   2.297764e+01 -8.079220e+01 2.135398e+01
    endloop
  endfacet
  facet normal 0.000000e+00 0.000000e+00 -1.000000e+00
    outer loop
      vertex   2.297764e+01 -8.079220e+01 2.135398e+01
      vertex   2.686346e+01 -7.876779e+01 2.135398e+01
      vertex   2.751059e+01 -7.920019e+01 2.135398e+01
    endloop
  endfacet
  facet normal 0.000000e+00 0.000000e+00 -1.000000e+00
    outer loop
      vertex   2.297764e+01 -8.079220e+01 2.135398e+01
      vertex   2.751059e+01 -7.920019e+01 2.135398e+01
      vertex   2.335685e+01 -8.103048e+01 2.135398e+01
    endloop
  endfacet
  facet normal 0.000000e+00 0.000000e+00 -1.000000e+00
    outer loop
      vertex   2.335685e+01 -8.103048e+01 2.135398e+01
      vertex   2.751059e+01 -7.920019e+01 2.135398e+01
      vertex   2.820863e+01 -7.954443e+01 2.135398e+01
    endloop
  endfacet
  facet normal 0.000000e+00 0.000000e+00 -1.000000e+00
    outer loop
      vertex   2.335685e+01 -8.103048e+01 2.135398e+01
      vertex   2.820863e+01 -7.954443e+01 2.135398e+01
      vertex   2.367354e+01 -8.134716e+01 2.135398e+01
    endloop
  endfacet
  facet normal 0.000000e+00 0.000000e+00 -1.000000e+00
    outer loop
      vertex   2.367354e+01 -8.134716e+01 2.135398e+01
      vertex   2.820863e+01 -7.954443e+01 2.135398e+01
      vertex   2.894562e+01 -7.979460e+01 2.135398e+01
    endloop
  endfacet
  facet normal 0.000000e+00 0.000000e+00 -1.000000e+00
    outer loop
      vertex   2.367354e+01 -8.134716e+01 2.135398e+01
      vertex   2.894562e+01 -7.979460e+01 2.135398e+01
      vertex   2.391181e+01 -8.172638e+01 2.135398e+01
    endloop
  endfacet
  facet normal 0.000000e+00 0.000000e+00 -1.000000e+00
    outer loop
      vertex   2.391181e+01 -8.172638e+01 2.135398e+01
      vertex   2.894562e+01 -7.979460e+01 2.135398e+01
      vertex   2.405973e+01 -8.214910e+01 2.135398e+01
    endloop
  endfacet
  facet normal 0.000000e+00 0.000000e+00 -1.000000e+00
    outer loop
      vertex   2.405973e+01 -8.214910e+01 2.135398e+01
      vertex   2.894562e+01 -7.979460e+01 2.135398e+01
      vertex   2.970896e+01 -7.994644e+01 2.135398e+01
    endloop
  endfacet
  facet normal 0.000000e+00 0.000000e+00 -1.000000e+00
    outer loop
      vertex   2.405973e+01 -8.214910e+01 2.135398e+01
      vertex   2.970896e+01 -7.994644e+01 2.135398e+01
      vertex   2.410987e+01 -8.259414e+01 2.135398e+01
    endloop
  endfacet
  facet normal 0.000000e+00 0.000000e+00 -1.000000e+00
    outer loop
      vertex   2.410987e+01 -8.259414e+01 2.135398e+01
      vertex   2.970896e+01 -7.994644e+01 2.135398e+01
      vertex   3.048559e+01 -7.999734e+01 2.135398e+01
    endloop
  endfacet
  facet normal 0.000000e+00 -0.000000e+00 -1.000000e+00
    outer loop
      vertex   2.410987e+01 -8.259414e+01 2.135398e+01
      vertex   3.048559e+01 -7.999734e+01 2.135398e+01
      vertex   2.405973e+01 -8.303918e+01 2.135398e+01
    endloop
  endfacet
  facet normal 0.000000e+00 -0.000000e+00 -1.000000e+00
    outer loop
      vertex   2.405973e+01 -8.303918e+01 2.135398e+01
      vertex   3.048559e+01 -7.999734e+01 2.135398e+01
      vertex   2.391181e+01 -8.346191e+01 2.135398e+01
    endloop
  endfacet
  facet normal 0.000000e+00 -0.000000e+00 -1.000000e+00
    outer loop
      vertex   2.391181e+01 -8.346191e+01 2.135398e+01
      vertex   3.048559e+01 -7.999734e+01 2.135398e+01
      vertex   2.367354e+01 -8.384112e+01 2.135398e+01
    endloop
  endfacet
  facet normal 0.000000e+00 0.000000e+00 -1.000000e+00
    outer loop
      vertex   2.367354e+01 -8.384112e+01 2.135398e+01
      vertex   3.048559e+01 -7.999734e+01 2.135398e+01
      vertex   4.683462e+01 -8.390000e+01 2.135398e+01
    endloop
  endfacet
  facet normal 0.000000e+00 -0.000000e+00 -1.000000e+00
    outer loop
      vertex   2.367354e+01 -8.384112e+01 2.135398e+01
      vertex   4.683462e+01 -8.390000e+01 2.135398e+01
      vertex   2.335685e+01 -8.415781e+01 2.135398e+01
    endloop
  endfacet
  facet normal 0.000000e+00 -0.000000e+00 -1.000000e+00
    outer loop
      vertex   2.335685e+01 -8.415781e+01 2.135398e+01
      vertex   4.683462e+01 -8.390000e+01 2.135398e+01
      vertex   2.297764e+01 -8.439608e+01 2.135398e+01
    endloop
  endfacet
  facet normal 0.000000e+00 -0.000000e+00 -1.000000e+00
    outer loop
      vertex   2.297764e+01 -8.439608e+01 2.135398e+01
      vertex   4.683462e+01 -8.390000e+01 2.135398e+01
      vertex   2.100000e+01 -8.600000e+01 2.135398e+01
    endloop
  endfacet
  facet normal 0.000000e+00 0.000000e+00 -1.000000e+00
    outer loop
      vertex   2.297764e+01 -8.439608e+01 2.135398e+01
      vertex   2.100000e+01 -8.600000e+01 2.135398e+01
      vertex   2.255492e+01 -8.454400e+01 2.135398e+01
    endloop
  endfacet
  facet normal 0.000000e+00 0.000000e+00 -1.000000e+00
    outer loop
      vertex   2.255492e+01 -8.454400e+01 2.135398e+01
      vertex   2.100000e+01 -8.600000e+01 2.135398e+01
      vertex   2.210987e+01 -8.459414e+01 2.135398e+01
    endloop
  endfacet
  facet normal -0.000000e+00 0.000000e+00 -1.000000e+00
    outer loop
      vertex   2.210987e+01 -8.459414e+01 2.135398e+01
      vertex   2.100000e+01 -8.600000e+01 2.135398e+01
      vertex   2.166483e+01 -8.454400e+01 2.135398e+01
    endloop
  endfacet
  facet normal 0.000000e+00 0.000000e+00 -1.000000e+00
    outer loop
      vertex   2.166483e+01 -8.454400e+01 2.135398e+01
      vertex   2.100000e+01 -8.600000e+01 2.135398e+01
      vertex   2.055496e+01 -8.594986e+01 2.135398e+01
    endloop
  endfacet
  facet normal 0.000000e+00 0.000000e+00 -1.000000e+00
    outer loop
      vertex   2.166483e+01 -8.454400e+01 2.135398e+01
      vertex   2.055496e+01 -8.594986e+01 2.135398e+01
      vertex   2.013223e+01 -8.580194e+01 2.135398e+01
    endloop
  endfacet
  facet normal 0.000000e+00 0.000000e+00 -1.000000e+00
    outer loop
      vertex   4.683462e+01 -8.390000e+01 2.135398e+01
      vertex   3.048559e+01 -7.999734e+01 2.135398e+01
      vertex   4.683462e+01 -8.210000e+01 2.135398e+01
    endloop
  endfacet
  facet normal 0.000000e+00 0.000000e+00 -1.000000e+00
    outer loop
      vertex   4.683462e+01 -8.210000e+01 2.135398e+01
      vertex   3.048559e+01 -7.999734e+01 2.135398e+01
      vertex   6.348559e+01 -7.999734e+01 2.135398e+01
    endloop
  endfacet
  facet normal 0.000000e+00 0.000000e+00 -1.000000e+00
    outer loop
      vertex   4.683462e+01 -8.210000e+01 2.135398e+01
      vertex   6.348559e+01 -7.999734e+01 2.135398e+01
      vertex   6.663462e+01 -8.210000e+01 2.135398e+01
    endloop
  endfacet
  facet normal 0.000000e+00 0.000000e+00 -1.000000e+00
    outer loop
      vertex   6.663462e+01 -8.210000e+01 2.135398e+01
      vertex   6.348559e+01 -7.999734e+01 2.135398e+01
      vertex   6.426222e+01 -7.994644e+01 2.135398e+01
    endloop
  endfacet
  facet normal 0.000000e+00 0.000000e+00 -1.000000e+00
    outer loop
      vertex   6.663462e+01 -8.210000e+01 2.135398e+01
      vertex   6.426222e+01 -7.994644e+01 2.135398e+01
      vertex   6.502557e+01 -7.979460e+01 2.135398e+01
    endloop
  endfacet
  facet normal 0.000000e+00 0.000000e+00 -1.000000e+00
    outer loop
      vertex   6.502557e+01 -7.979460e+01 2.135398e+01
      vertex   6.576256e+01 -7.954443e+01 2.135398e+01
      vertex   6.663462e+01 -8.210000e+01 2.135398e+01
    endloop
  endfacet
  facet normal 0.000000e+00 0.000000e+00 -1.000000e+00
    outer loop
      vertex   6.663462e+01 -8.210000e+01 2.135398e+01
      vertex   6.576256e+01 -7.954443e+01 2.135398e+01
      vertex   6.646059e+01 -7.920019e+01 2.135398e+01
    endloop
  endfacet
  facet normal 0.000000e+00 0.000000e+00 -1.000000e+00
    outer loop
      vertex   6.663462e+01 -8.210000e+01 2.135398e+01
      vertex   6.646059e+01 -7.920019e+01 2.135398e+01
      vertex   6.710772e+01 -7.876779e+01 2.135398e+01
    endloop
  endfacet
  facet normal 0.000000e+00 -0.000000e+00 -1.000000e+00
    outer loop
      vertex   6.710772e+01 -7.876779e+01 2.135398e+01
      vertex   6.769288e+01 -7.825463e+01 2.135398e+01
      vertex   6.663462e+01 -8.210000e+01 2.135398e+01
    endloop
  endfacet
  facet normal 0.000000e+00 0.000000e+00 -1.000000e+00
    outer loop
      vertex   6.663462e+01 -8.210000e+01 2.135398e+01
      vertex   6.769288e+01 -7.825463e+01 2.135398e+01
      vertex   9.400000e+01 -8.400000e+01 2.135398e+01
    endloop
  endfacet
  facet normal 0.000000e+00 0.000000e+00 -1.000000e+00
    outer loop
      vertex   6.663462e+01 -8.210000e+01 2.135398e+01
      vertex   9.400000e+01 -8.400000e+01 2.135398e+01
      vertex   9.200000e+01 -8.600000e+01 2.135398e+01
    endloop
  endfacet
  facet normal 0.000000e+00 0.000000e+00 -1.000000e+00
    outer loop
      vertex   9.200000e+01 -8.600000e+01 2.135398e+01
      vertex   9.400000e+01 -8.400000e+01 2.135398e+01
      vertex   9.394986e+01 -8.444504e+01 2.135398e+01
    endloop
  endfacet
  facet normal 0.000000e+00 0.000000e+00 -1.000000e+00
    outer loop
      vertex   9.200000e+01 -8.600000e+01 2.135398e+01
      vertex   9.394986e+01 -8.444504e+01 2.135398e+01
      vertex   9.380194e+01 -8.486777e+01 2.135398e+01
    endloop
  endfacet
  facet normal 0.000000e+00 0.000000e+00 -1.000000e+00
    outer loop
      vertex   6.769288e+01 -7.825463e+01 2.135398e+01
      vertex   6.820605e+01 -7.766947e+01 2.135398e+01
      vertex   9.400000e+01 -8.400000e+01 2.135398e+01
    endloop
  endfacet
  facet normal 0.000000e+00 0.000000e+00 -1.000000e+00
    outer loop
      vertex   9.400000e+01 -8.400000e+01 2.135398e+01
      vertex   6.820605e+01 -7.766947e+01 2.135398e+01
      vertex   6.863844e+01 -7.702234e+01 2.135398e+01
    endloop
  endfacet
  facet normal 0.000000e+00 0.000000e+00 -1.000000e+00
    outer loop
      vertex   9.400000e+01 -8.400000e+01 2.135398e+01
      vertex   6.863844e+01 -7.702234e+01 2.135398e+01
      vertex   8.900000e+01 -7.250000e+01 2.135398e+01
    endloop
  endfacet
  facet normal 0.000000e+00 0.000000e+00 -1.000000e+00
    outer loop
      vertex   8.900000e+01 -7.250000e+01 2.135398e+01
      vertex   6.863844e+01 -7.702234e+01 2.135398e+01
      vertex   6.898268e+01 -7.632431e+01 2.135398e+01
    endloop
  endfacet
  facet normal 0.000000e+00 0.000000e+00 -1.000000e+00
    outer loop
      vertex   8.900000e+01 -7.250000e+01 2.135398e+01
      vertex   6.898268e+01 -7.632431e+01 2.135398e+01
      vertex   6.923285e+01 -7.558732e+01 2.135398e+01
    endloop
  endfacet
  facet normal 0.000000e+00 0.000000e+00 -1.000000e+00
    outer loop
      vertex   6.923285e+01 -7.558732e+01 2.135398e+01
      vertex   6.938469e+01 -7.482397e+01 2.135398e+01
      vertex   8.900000e+01 -7.250000e+01 2.135398e+01
    endloop
  endfacet
  facet normal 0.000000e+00 0.000000e+00 -1.000000e+00
    outer loop
      vertex   8.900000e+01 -7.250000e+01 2.135398e+01
      vertex   6.938469e+01 -7.482397e+01 2.135398e+01
      vertex   6.943559e+01 -7.404734e+01 2.135398e+01
    endloop
  endfacet
  facet normal -0.000000e+00 0.000000e+00 -1.000000e+00
    outer loop
      vertex   8.900000e+01 -7.250000e+01 2.135398e+01
      vertex   6.943559e+01 -7.404734e+01 2.135398e+01
      vertex   6.943559e+01 -6.099734e+01 2.135398e+01
    endloop
  endfacet
  facet normal 0.000000e+00 0.000000e+00 -1.000000e+00
    outer loop
      vertex   8.900000e+01 -7.250000e+01 2.135398e+01
      vertex   6.943559e+01 -6.099734e+01 2.135398e+01
      vertex   8.900000e+01 -6.250000e+01 2.135398e+01
    endloop
  endfacet
  facet normal 0.000000e+00 0.000000e+00 -1.000000e+00
    outer loop
      vertex   8.900000e+01 -6.250000e+01 2.135398e+01
      vertex   6.943559e+01 -6.099734e+01 2.135398e+01
      vertex   6.938469e+01 -6.022071e+01 2.135398e+01
    endloop
  endfacet
  facet normal 0.000000e+00 0.000000e+00 -1.000000e+00
    outer loop
      vertex   8.900000e+01 -6.250000e+01 2.135398e+01
      vertex   6.938469e+01 -6.022071e+01 2.135398e+01
      vertex   6.923285e+01 -5.945737e+01 2.135398e+01
    endloop
  endfacet
  facet normal 0.000000e+00 0.000000e+00 -1.000000e+00
    outer loop
      vertex   8.900000e+01 -6.250000e+01 2.135398e+01
      vertex   6.923285e+01 -5.945737e+01 2.135398e+01
      vertex   8.883811e+01 -5.501976e+01 2.135398e+01
    endloop
  endfacet
  facet normal 0.000000e+00 0.000000e+00 -1.000000e+00
    outer loop
      vertex   8.883811e+01 -5.501976e+01 2.135398e+01
      vertex   6.923285e+01 -5.945737e+01 2.135398e+01
      vertex   6.898268e+01 -5.872038e+01 2.135398e+01
    endloop
  endfacet
  facet normal -0.000000e+00 0.000000e+00 -1.000000e+00
    outer loop
      vertex   8.883811e+01 -5.501976e+01 2.135398e+01
      vertex   6.898268e+01 -5.872038e+01 2.135398e+01
      vertex   8.843810e+01 -5.471013e+01 2.135398e+01
    endloop
  endfacet
  facet normal 0.000000e+00 0.000000e+00 -1.000000e+00
    outer loop
      vertex   8.843810e+01 -5.471013e+01 2.135398e+01
      vertex   6.898268e+01 -5.872038e+01 2.135398e+01
      vertex   6.863844e+01 -5.802234e+01 2.135398e+01
    endloop
  endfacet
  facet normal -0.000000e+00 0.000000e+00 -1.000000e+00
    outer loop
      vertex   8.843810e+01 -5.471013e+01 2.135398e+01
      vertex   6.863844e+01 -5.802234e+01 2.135398e+01
      vertex   8.810861e+01 -5.432632e+01 2.135398e+01
    endloop
  endfacet
  facet normal 0.000000e+00 0.000000e+00 -1.000000e+00
    outer loop
      vertex   8.810861e+01 -5.432632e+01 2.135398e+01
      vertex   6.863844e+01 -5.802234e+01 2.135398e+01
      vertex   6.820605e+01 -5.737521e+01 2.135398e+01
    endloop
  endfacet
  facet normal -0.000000e+00 0.000000e+00 -1.000000e+00
    outer loop
      vertex   8.810861e+01 -5.432632e+01 2.135398e+01
      vertex   6.820605e+01 -5.737521e+01 2.135398e+01
      vertex   8.786313e+01 -5.388404e+01 2.135398e+01
    endloop
  endfacet
  facet normal 0.000000e+00 0.000000e+00 -1.000000e+00
    outer loop
      vertex   8.786313e+01 -5.388404e+01 2.135398e+01
      vertex   6.820605e+01 -5.737521e+01 2.135398e+01
      vertex   6.769288e+01 -5.679006e+01 2.135398e+01
    endloop
  endfacet
  facet normal -0.000000e+00 0.000000e+00 -1.000000e+00
    outer loop
      vertex   8.786313e+01 -5.388404e+01 2.135398e+01
      vertex   6.769288e+01 -5.679006e+01 2.135398e+01
      vertex   8.771170e+01 -5.340139e+01 2.135398e+01
    endloop
  endfacet
  facet normal -0.000000e+00 0.000000e+00 -1.000000e+00
    outer loop
      vertex   8.771170e+01 -5.340139e+01 2.135398e+01
      vertex   6.769288e+01 -5.679006e+01 2.135398e+01
      vertex   6.663462e+01 -5.290000e+01 2.135398e+01
    endloop
  endfacet
  facet normal 0.000000e+00 0.000000e+00 -1.000000e+00
    outer loop
      vertex   8.771170e+01 -5.340139e+01 2.135398e+01
      vertex   6.663462e+01 -5.290000e+01 2.135398e+01
      vertex   8.766052e+01 -5.289815e+01 2.135398e+01
    endloop
  endfacet
  facet normal -0.000000e+00 0.000000e+00 -1.000000e+00
    outer loop
      vertex   8.766052e+01 -5.289815e+01 2.135398e+01
      vertex   6.663462e+01 -5.290000e+01 2.135398e+01
      vertex   8.771170e+01 -5.239490e+01 2.135398e+01
    endloop
  endfacet
  facet normal -0.000000e+00 0.000000e+00 -1.000000e+00
    outer loop
      vertex   8.771170e+01 -5.239490e+01 2.135398e+01
      vertex   6.663462e+01 -5.290000e+01 2.135398e+01
      vertex   6.663462e+01 -5.110000e+01 2.135398e+01
    endloop
  endfacet
  facet normal 0.000000e+00 0.000000e+00 -1.000000e+00
    outer loop
      vertex   8.771170e+01 -5.239490e+01 2.135398e+01
      vertex   6.663462e+01 -5.110000e+01 2.135398e+01
      vertex   8.786313e+01 -5.191226e+01 2.135398e+01
    endloop
  endfacet
  facet normal 0.000000e+00 0.000000e+00 -1.000000e+00
    outer loop
      vertex   8.786313e+01 -5.191226e+01 2.135398e+01
      vertex   6.663462e+01 -5.110000e+01 2.135398e+01
      vertex   8.810861e+01 -5.146998e+01 2.135398e+01
    endloop
  endfacet
  facet normal 0.000000e+00 0.000000e+00 -1.000000e+00
    outer loop
      vertex   8.810861e+01 -5.146998e+01 2.135398e+01
      vertex   6.663462e+01 -5.110000e+01 2.135398e+01
      vertex   8.843810e+01 -5.108617e+01 2.135398e+01
    endloop
  endfacet
  facet normal -0.000000e+00 0.000000e+00 -1.000000e+00
    outer loop
      vertex   8.843810e+01 -5.108617e+01 2.135398e+01
      vertex   6.663462e+01 -5.110000e+01 2.135398e+01
      vertex   8.883811e+01 -5.077654e+01 2.135398e+01
    endloop
  endfacet
  facet normal -0.000000e+00 0.000000e+00 -1.000000e+00
    outer loop
      vertex   8.883811e+01 -5.077654e+01 2.135398e+01
      vertex   6.663462e+01 -5.110000e+01 2.135398e+01
      vertex   8.929226e+01 -5.055377e+01 2.135398e+01
    endloop
  endfacet
  facet normal -0.000000e+00 0.000000e+00 -1.000000e+00
    outer loop
      vertex   8.929226e+01 -5.055377e+01 2.135398e+01
      vertex   6.663462e+01 -5.110000e+01 2.135398e+01
      vertex   9.200000e+01 -4.900000e+01 2.135398e+01
    endloop
  endfacet
  facet normal 0.000000e+00 0.000000e+00 -1.000000e+00
    outer loop
      vertex   8.929226e+01 -5.055377e+01 2.135398e+01
      vertex   9.200000e+01 -4.900000e+01 2.135398e+01
      vertex   8.978195e+01 -5.042698e+01 2.135398e+01
    endloop
  endfacet
  facet normal 0.000000e+00 0.000000e+00 -1.000000e+00
    outer loop
      vertex   8.978195e+01 -5.042698e+01 2.135398e+01
      vertex   9.200000e+01 -4.900000e+01 2.135398e+01
      vertex   9.028714e+01 -5.040136e+01 2.135398e+01
    endloop
  endfacet
  facet normal 0.000000e+00 0.000000e+00 -1.000000e+00
    outer loop
      vertex   9.028714e+01 -5.040136e+01 2.135398e+01
      vertex   9.200000e+01 -4.900000e+01 2.135398e+01
      vertex   9.078715e+01 -5.047796e+01 2.135398e+01
    endloop
  endfacet
  facet normal 0.000000e+00 0.000000e+00 -1.000000e+00
    outer loop
      vertex   9.078715e+01 -5.047796e+01 2.135398e+01
      vertex   9.200000e+01 -4.900000e+01 2.135398e+01
      vertex   9.244504e+01 -4.905014e+01 2.135398e+01
    endloop
  endfacet
  facet normal 0.000000e+00 0.000000e+00 -1.000000e+00
    outer loop
      vertex   9.078715e+01 -5.047796e+01 2.135398e+01
      vertex   9.244504e+01 -4.905014e+01 2.135398e+01
      vertex   9.286777e+01 -4.919806e+01 2.135398e+01
    endloop
  endfacet
  facet normal 0.000000e+00 0.000000e+00 -1.000000e+00
    outer loop
      vertex   6.769288e+01 -5.679006e+01 2.135398e+01
      vertex   6.710772e+01 -5.627689e+01 2.135398e+01
      vertex   6.663462e+01 -5.290000e+01 2.135398e+01
    endloop
  endfacet
  facet normal 0.000000e+00 -0.000000e+00 -1.000000e+00
    outer loop
      vertex   6.663462e+01 -5.290000e+01 2.135398e+01
      vertex   6.710772e+01 -5.627689e+01 2.135398e+01
      vertex   6.646059e+01 -5.584449e+01 2.135398e+01
    endloop
  endfacet
  facet normal 0.000000e+00 0.000000e+00 -1.000000e+00
    outer loop
      vertex   6.663462e+01 -5.290000e+01 2.135398e+01
      vertex   6.646059e+01 -5.584449e+01 2.135398e+01
      vertex   6.576256e+01 -5.550026e+01 2.135398e+01
    endloop
  endfacet
  facet normal 0.000000e+00 0.000000e+00 -1.000000e+00
    outer loop
      vertex   6.576256e+01 -5.550026e+01 2.135398e+01
      vertex   6.502557e+01 -5.525008e+01 2.135398e+01
      vertex   6.663462e+01 -5.290000e+01 2.135398e+01
    endloop
  endfacet
  facet normal 0.000000e+00 0.000000e+00 -1.000000e+00
    outer loop
      vertex   6.663462e+01 -5.290000e+01 2.135398e+01
      vertex   6.502557e+01 -5.525008e+01 2.135398e+01
      vertex   6.426222e+01 -5.509825e+01 2.135398e+01
    endloop
  endfacet
  facet normal 0.000000e+00 0.000000e+00 -1.000000e+00
    outer loop
      vertex   6.663462e+01 -5.290000e+01 2.135398e+01
      vertex   6.426222e+01 -5.509825e+01 2.135398e+01
      vertex   6.348559e+01 -5.504734e+01 2.135398e+01
    endloop
  endfacet
  facet normal -0.000000e+00 0.000000e+00 -1.000000e+00
    outer loop
      vertex   6.663462e+01 -5.290000e+01 2.135398e+01
      vertex   6.348559e+01 -5.504734e+01 2.135398e+01
      vertex   4.683462e+01 -5.290000e+01 2.135398e+01
    endloop
  endfacet
  facet normal 0.000000e+00 -0.000000e+00 -1.000000e+00
    outer loop
      vertex   4.683462e+01 -5.290000e+01 2.135398e+01
      vertex   6.348559e+01 -5.504734e+01 2.135398e+01
      vertex   3.048559e+01 -5.504734e+01 2.135398e+01
    endloop
  endfacet
  facet normal -0.000000e+00 0.000000e+00 -1.000000e+00
    outer loop
      vertex   4.683462e+01 -5.290000e+01 2.135398e+01
      vertex   3.048559e+01 -5.504734e+01 2.135398e+01
      vertex   4.683462e+01 -5.110000e+01 2.135398e+01
    endloop
  endfacet
  facet normal -0.000000e+00 0.000000e+00 -1.000000e+00
    outer loop
      vertex   4.683462e+01 -5.110000e+01 2.135398e+01
      vertex   3.048559e+01 -5.504734e+01 2.135398e+01
      vertex   2.100000e+01 -4.900000e+01 2.135398e+01
    endloop
  endfacet
  facet normal 0.000000e+00 0.000000e+00 -1.000000e+00
    outer loop
      vertex   4.683462e+01 -5.110000e+01 2.135398e+01
      vertex   2.100000e+01 -4.900000e+01 2.135398e+01
      vertex   9.200000e+01 -4.900000e+01 2.135398e+01
    endloop
  endfacet
  facet normal -0.000000e+00 0.000000e+00 -1.000000e+00
    outer loop
      vertex   3.048559e+01 -5.504734e+01 2.135398e+01
      vertex   2.970896e+01 -5.509825e+01 2.135398e+01
      vertex   2.100000e+01 -4.900000e+01 2.135398e+01
    endloop
  endfacet
  facet normal 0.000000e+00 -0.000000e+00 -1.000000e+00
    outer loop
      vertex   2.100000e+01 -4.900000e+01 2.135398e+01
      vertex   2.970896e+01 -5.509825e+01 2.135398e+01
      vertex   1.900000e+01 -5.100000e+01 2.135398e+01
    endloop
  endfacet
  facet normal 0.000000e+00 0.000000e+00 -1.000000e+00
    outer loop
      vertex   2.100000e+01 -4.900000e+01 2.135398e+01
      vertex   1.900000e+01 -5.100000e+01 2.135398e+01
      vertex   1.905014e+01 -5.055496e+01 2.135398e+01
    endloop
  endfacet
  facet normal -0.000000e+00 0.000000e+00 -1.000000e+00
    outer loop
      vertex   2.970896e+01 -5.509825e+01 2.135398e+01
      vertex   2.894562e+01 -5.525008e+01 2.135398e+01
      vertex   1.900000e+01 -5.100000e+01 2.135398e+01
    endloop
  endfacet
  facet normal 0.000000e+00 0.000000e+00 -1.000000e+00
    outer loop
      vertex   1.900000e+01 -5.100000e+01 2.135398e+01
      vertex   2.894562e+01 -5.525008e+01 2.135398e+01
      vertex   2.820863e+01 -5.550026e+01 2.135398e+01
    endloop
  endfacet
  facet normal 0.000000e+00 0.000000e+00 -1.000000e+00
    outer loop
      vertex   1.900000e+01 -5.100000e+01 2.135398e+01
      vertex   2.820863e+01 -5.550026e+01 2.135398e+01
      vertex   2.751059e+01 -5.584449e+01 2.135398e+01
    endloop
  endfacet
  facet normal -0.000000e+00 0.000000e+00 -1.000000e+00
    outer loop
      vertex   2.751059e+01 -5.584449e+01 2.135398e+01
      vertex   2.686346e+01 -5.627689e+01 2.135398e+01
      vertex   1.900000e+01 -5.100000e+01 2.135398e+01
    endloop
  endfacet
  facet normal 0.000000e+00 0.000000e+00 -1.000000e+00
    outer loop
      vertex   1.900000e+01 -5.100000e+01 2.135398e+01
      vertex   2.686346e+01 -5.627689e+01 2.135398e+01
      vertex   2.627831e+01 -5.679006e+01 2.135398e+01
    endloop
  endfacet
  facet normal 0.000000e+00 0.000000e+00 -1.000000e+00
    outer loop
      vertex   1.900000e+01 -5.100000e+01 2.135398e+01
      vertex   2.627831e+01 -5.679006e+01 2.135398e+01
      vertex   2.576514e+01 -5.737521e+01 2.135398e+01
    endloop
  endfacet
  facet normal -0.000000e+00 0.000000e+00 -1.000000e+00
    outer loop
      vertex   2.576514e+01 -5.737521e+01 2.135398e+01
      vertex   2.533274e+01 -5.802234e+01 2.135398e+01
      vertex   1.900000e+01 -5.100000e+01 2.135398e+01
    endloop
  endfacet
  facet normal 0.000000e+00 0.000000e+00 -1.000000e+00
    outer loop
      vertex   1.900000e+01 -5.100000e+01 2.135398e+01
      vertex   2.533274e+01 -5.802234e+01 2.135398e+01
      vertex   2.498851e+01 -5.872038e+01 2.135398e+01
    endloop
  endfacet
  facet normal 0.000000e+00 0.000000e+00 -1.000000e+00
    outer loop
      vertex   1.900000e+01 -5.100000e+01 2.135398e+01
      vertex   2.498851e+01 -5.872038e+01 2.135398e+01
      vertex   2.473833e+01 -5.945737e+01 2.135398e+01
    endloop
  endfacet
  facet normal -0.000000e+00 0.000000e+00 -1.000000e+00
    outer loop
      vertex   2.473833e+01 -5.945737e+01 2.135398e+01
      vertex   2.458650e+01 -6.022071e+01 2.135398e+01
      vertex   1.900000e+01 -5.100000e+01 2.135398e+01
    endloop
  endfacet
  facet normal 0.000000e+00 0.000000e+00 -1.000000e+00
    outer loop
      vertex   2.016002e+01 -8.214910e+01 2.135398e+01
      vertex   2.010987e+01 -8.259414e+01 2.135398e+01
      vertex   1.900000e+01 -8.400000e+01 2.135398e+01
    endloop
  endfacet
  facet normal 0.000000e+00 0.000000e+00 -1.000000e+00
    outer loop
      vertex   1.900000e+01 -8.400000e+01 2.135398e+01
      vertex   2.010987e+01 -8.259414e+01 2.135398e+01
      vertex   2.016002e+01 -8.303918e+01 2.135398e+01
    endloop
  endfacet
  facet normal 0.000000e+00 0.000000e+00 -1.000000e+00
    outer loop
      vertex   1.900000e+01 -8.400000e+01 2.135398e+01
      vertex   2.016002e+01 -8.303918e+01 2.135398e+01
      vertex   2.030794e+01 -8.346191e+01 2.135398e+01
    endloop
  endfacet
  facet normal 0.000000e+00 -0.000000e+00 -1.000000e+00
    outer loop
      vertex   2.030794e+01 -8.346191e+01 2.135398e+01
      vertex   2.054621e+01 -8.384112e+01 2.135398e+01
      vertex   1.900000e+01 -8.400000e+01 2.135398e+01
    endloop
  endfacet
  facet normal 0.000000e+00 0.000000e+00 -1.000000e+00
    outer loop
      vertex   1.900000e+01 -8.400000e+01 2.135398e+01
      vertex   2.054621e+01 -8.384112e+01 2.135398e+01
      vertex   1.905014e+01 -8.444504e+01 2.135398e+01
    endloop
  endfacet
  facet normal 0.000000e+00 0.000000e+00 -1.000000e+00
    outer loop
      vertex   1.905014e+01 -8.444504e+01 2.135398e+01
      vertex   2.054621e+01 -8.384112e+01 2.135398e+01
      vertex   2.086290e+01 -8.415781e+01 2.135398e+01
    endloop
  endfacet
  facet normal 0.000000e+00 0.000000e+00 -1.000000e+00
    outer loop
      vertex   1.905014e+01 -8.444504e+01 2.135398e+01
      vertex   2.086290e+01 -8.415781e+01 2.135398e+01
      vertex   1.919806e+01 -8.486777e+01 2.135398e+01
    endloop
  endfacet
  facet normal 0.000000e+00 0.000000e+00 -1.000000e+00
    outer loop
      vertex   1.919806e+01 -8.486777e+01 2.135398e+01
      vertex   2.086290e+01 -8.415781e+01 2.135398e+01
      vertex   2.124211e+01 -8.439608e+01 2.135398e+01
    endloop
  endfacet
  facet normal 0.000000e+00 0.000000e+00 -1.000000e+00
    outer loop
      vertex   1.919806e+01 -8.486777e+01 2.135398e+01
      vertex   2.124211e+01 -8.439608e+01 2.135398e+01
      vertex   1.943634e+01 -8.524698e+01 2.135398e+01
    endloop
  endfacet
  facet normal 0.000000e+00 0.000000e+00 -1.000000e+00
    outer loop
      vertex   1.943634e+01 -8.524698e+01 2.135398e+01
      vertex   2.124211e+01 -8.439608e+01 2.135398e+01
      vertex   2.166483e+01 -8.454400e+01 2.135398e+01
    endloop
  endfacet
  facet normal 0.000000e+00 0.000000e+00 -1.000000e+00
    outer loop
      vertex   1.943634e+01 -8.524698e+01 2.135398e+01
      vertex   2.166483e+01 -8.454400e+01 2.135398e+01
      vertex   1.975302e+01 -8.556366e+01 2.135398e+01
    endloop
  endfacet
  facet normal 0.000000e+00 0.000000e+00 -1.000000e+00
    outer loop
      vertex   1.975302e+01 -8.556366e+01 2.135398e+01
      vertex   2.166483e+01 -8.454400e+01 2.135398e+01
      vertex   2.013223e+01 -8.580194e+01 2.135398e+01
    endloop
  endfacet
  facet normal -0.000000e+00 0.000000e+00 -1.000000e+00
    outer loop
      vertex   2.054621e+01 -8.134716e+01 2.135398e+01
      vertex   2.030794e+01 -8.172638e+01 2.135398e+01
      vertex   1.900000e+01 -5.100000e+01 2.135398e+01
    endloop
  endfacet
  facet normal 0.000000e+00 0.000000e+00 -1.000000e+00
    outer loop
      vertex   1.900000e+01 -5.100000e+01 2.135398e+01
      vertex   2.030794e+01 -8.172638e+01 2.135398e+01
      vertex   1.900000e+01 -8.400000e+01 2.135398e+01
    endloop
  endfacet
  facet normal 0.000000e+00 0.000000e+00 -1.000000e+00
    outer loop
      vertex   1.900000e+01 -8.400000e+01 2.135398e+01
      vertex   2.030794e+01 -8.172638e+01 2.135398e+01
      vertex   2.016002e+01 -8.214910e+01 2.135398e+01
    endloop
  endfacet
  facet normal 0.000000e+00 0.000000e+00 -1.000000e+00
    outer loop
      vertex   8.883811e+01 -5.501976e+01 2.135398e+01
      vertex   8.929226e+01 -5.524253e+01 2.135398e+01
      vertex   8.900000e+01 -6.250000e+01 2.135398e+01
    endloop
  endfacet
  facet normal 0.000000e+00 0.000000e+00 -1.000000e+00
    outer loop
      vertex   8.900000e+01 -6.250000e+01 2.135398e+01
      vertex   8.929226e+01 -5.524253e+01 2.135398e+01
      vertex   8.978195e+01 -5.536932e+01 2.135398e+01
    endloop
  endfacet
  facet normal 0.000000e+00 0.000000e+00 -1.000000e+00
    outer loop
      vertex   8.900000e+01 -6.250000e+01 2.135398e+01
      vertex   8.978195e+01 -5.536932e+01 2.135398e+01
      vertex   9.028714e+01 -5.539494e+01 2.135398e+01
    endloop
  endfacet
  facet normal 0.000000e+00 0.000000e+00 -1.000000e+00
    outer loop
      vertex   8.900000e+01 -6.250000e+01 2.135398e+01
      vertex   9.028714e+01 -5.539494e+01 2.135398e+01
      vertex   9.200000e+01 -6.250000e+01 2.135398e+01
    endloop
  endfacet
  facet normal 0.000000e+00 0.000000e+00 -1.000000e+00
    outer loop
      vertex   9.200000e+01 -6.250000e+01 2.135398e+01
      vertex   9.028714e+01 -5.539494e+01 2.135398e+01
      vertex   9.078715e+01 -5.531834e+01 2.135398e+01
    endloop
  endfacet
  facet normal 0.000000e+00 0.000000e+00 -1.000000e+00
    outer loop
      vertex   9.200000e+01 -6.250000e+01 2.135398e+01
      vertex   9.078715e+01 -5.531834e+01 2.135398e+01
      vertex   9.126151e+01 -5.514266e+01 2.135398e+01
    endloop
  endfacet
  facet normal 0.000000e+00 0.000000e+00 -1.000000e+00
    outer loop
      vertex   9.126151e+01 -5.514266e+01 2.135398e+01
      vertex   9.169079e+01 -5.487509e+01 2.135398e+01
      vertex   9.200000e+01 -6.250000e+01 2.135398e+01
    endloop
  endfacet
  facet normal 0.000000e+00 0.000000e+00 -1.000000e+00
    outer loop
      vertex   9.200000e+01 -6.250000e+01 2.135398e+01
      vertex   9.169079e+01 -5.487509e+01 2.135398e+01
      vertex   9.205742e+01 -5.452658e+01 2.135398e+01
    endloop
  endfacet
  facet normal 0.000000e+00 0.000000e+00 -1.000000e+00
    outer loop
      vertex   9.200000e+01 -6.250000e+01 2.135398e+01
      vertex   9.205742e+01 -5.452658e+01 2.135398e+01
      vertex   9.234639e+01 -5.411140e+01 2.135398e+01
    endloop
  endfacet
  facet normal 0.000000e+00 -0.000000e+00 -1.000000e+00
    outer loop
      vertex   9.234639e+01 -5.411140e+01 2.135398e+01
      vertex   9.254587e+01 -5.364656e+01 2.135398e+01
      vertex   9.200000e+01 -6.250000e+01 2.135398e+01
    endloop
  endfacet
  facet normal 0.000000e+00 0.000000e+00 -1.000000e+00
    outer loop
      vertex   9.200000e+01 -6.250000e+01 2.135398e+01
      vertex   9.254587e+01 -5.364656e+01 2.135398e+01
      vertex   9.400000e+01 -5.100000e+01 2.135398e+01
    endloop
  endfacet
  facet normal 0.000000e+00 0.000000e+00 -1.000000e+00
    outer loop
      vertex   9.200000e+01 -6.250000e+01 2.135398e+01
      vertex   9.400000e+01 -5.100000e+01 2.135398e+01
      vertex   9.200000e+01 -7.250000e+01 2.135398e+01
    endloop
  endfacet
  facet normal 0.000000e+00 0.000000e+00 -1.000000e+00
    outer loop
      vertex   9.200000e+01 -7.250000e+01 2.135398e+01
      vertex   9.400000e+01 -5.100000e+01 2.135398e+01
      vertex   9.400000e+01 -8.400000e+01 2.135398e+01
    endloop
  endfacet
  facet normal -0.000000e+00 -0.000000e+00 -1.000000e+00
    outer loop
      vertex   9.200000e+01 -7.250000e+01 2.135398e+01
      vertex   9.400000e+01 -8.400000e+01 2.135398e+01
      vertex   8.900000e+01 -7.250000e+01 2.135398e+01
    endloop
  endfacet
  facet normal 0.000000e+00 0.000000e+00 -1.000000e+00
    outer loop
      vertex   9.254587e+01 -5.364656e+01 2.135398e+01
      vertex   9.264770e+01 -5.315107e+01 2.135398e+01
      vertex   9.400000e+01 -5.100000e+01 2.135398e+01
    endloop
  endfacet
  facet normal 0.000000e+00 0.000000e+00 -1.000000e+00
    outer loop
      vertex   9.400000e+01 -5.100000e+01 2.135398e+01
      vertex   9.264770e+01 -5.315107e+01 2.135398e+01
      vertex   9.264770e+01 -5.264523e+01 2.135398e+01
    endloop
  endfacet
  facet normal 0.000000e+00 0.000000e+00 -1.000000e+00
    outer loop
      vertex   9.400000e+01 -5.100000e+01 2.135398e+01
      vertex   9.264770e+01 -5.264523e+01 2.135398e+01
      vertex   9.254587e+01 -5.214974e+01 2.135398e+01
    endloop
  endfacet
  facet normal 0.000000e+00 0.000000e+00 -1.000000e+00
    outer loop
      vertex   9.254587e+01 -5.214974e+01 2.135398e+01
      vertex   9.234639e+01 -5.168489e+01 2.135398e+01
      vertex   9.400000e+01 -5.100000e+01 2.135398e+01
    endloop
  endfacet
  facet normal 0.000000e+00 0.000000e+00 -1.000000e+00
    outer loop
      vertex   9.400000e+01 -5.100000e+01 2.135398e+01
      vertex   9.234639e+01 -5.168489e+01 2.135398e+01
      vertex   9.205742e+01 -5.126972e+01 2.135398e+01
    endloop
  endfacet
  facet normal -0.000000e+00 0.000000e+00 -1.000000e+00
    outer loop
      vertex   9.400000e+01 -5.100000e+01 2.135398e+01
      vertex   9.205742e+01 -5.126972e+01 2.135398e+01
      vertex   9.169079e+01 -5.092121e+01 2.135398e+01
    endloop
  endfacet
  facet normal 0.000000e+00 0.000000e+00 -1.000000e+00
    outer loop
      vertex   9.126151e+01 -5.065364e+01 2.135398e+01
      vertex   9.380194e+01 -5.013223e+01 2.135398e+01
      vertex   9.169079e+01 -5.092121e+01 2.135398e+01
    endloop
  endfacet
  facet normal 0.000000e+00 0.000000e+00 -1.000000e+00
    outer loop
      vertex   9.169079e+01 -5.092121e+01 2.135398e+01
      vertex   9.380194e+01 -5.013223e+01 2.135398e+01
      vertex   9.394986e+01 -5.055496e+01 2.135398e+01
    endloop
  endfacet
  facet normal 0.000000e+00 0.000000e+00 -1.000000e+00
    outer loop
      vertex   9.169079e+01 -5.092121e+01 2.135398e+01
      vertex   9.394986e+01 -5.055496e+01 2.135398e+01
      vertex   9.400000e+01 -5.100000e+01 2.135398e+01
    endloop
  endfacet
  facet normal 0.000000e+00 0.000000e+00 -1.000000e+00
    outer loop
      vertex   9.078715e+01 -5.047796e+01 2.135398e+01
      vertex   9.324698e+01 -4.943634e+01 2.135398e+01
      vertex   9.126151e+01 -5.065364e+01 2.135398e+01
    endloop
  endfacet
  facet normal 0.000000e+00 0.000000e+00 -1.000000e+00
    outer loop
      vertex   9.126151e+01 -5.065364e+01 2.135398e+01
      vertex   9.324698e+01 -4.943634e+01 2.135398e+01
      vertex   9.356366e+01 -4.975302e+01 2.135398e+01
    endloop
  endfacet
  facet normal 0.000000e+00 0.000000e+00 -1.000000e+00
    outer loop
      vertex   9.126151e+01 -5.065364e+01 2.135398e+01
      vertex   9.356366e+01 -4.975302e+01 2.135398e+01
      vertex   9.380194e+01 -5.013223e+01 2.135398e+01
    endloop
  endfacet
  facet normal 0.000000e+00 0.000000e+00 -1.000000e+00
    outer loop
      vertex   6.663462e+01 -5.110000e+01 2.135398e+01
      vertex   4.683462e+01 -5.110000e+01 2.135398e+01
      vertex   9.200000e+01 -4.900000e+01 2.135398e+01
    endloop
  endfacet
  facet normal 0.000000e+00 0.000000e+00 -1.000000e+00
    outer loop
      vertex   2.100000e+01 -8.600000e+01 2.135398e+01
      vertex   4.683462e+01 -8.390000e+01 2.135398e+01
      vertex   9.200000e+01 -8.600000e+01 2.135398e+01
    endloop
  endfacet
  facet normal 0.000000e+00 0.000000e+00 -1.000000e+00
    outer loop
      vertex   9.200000e+01 -8.600000e+01 2.135398e+01
      vertex   4.683462e+01 -8.390000e+01 2.135398e+01
      vertex   6.663462e+01 -8.390000e+01 2.135398e+01
    endloop
  endfacet
  facet normal 0.000000e+00 0.000000e+00 -1.000000e+00
    outer loop
      vertex   9.200000e+01 -8.600000e+01 2.135398e+01
      vertex   6.663462e+01 -8.390000e+01 2.135398e+01
      vertex   6.663462e+01 -8.210000e+01 2.135398e+01
    endloop
  endfacet
  facet normal 0.000000e+00 -0.000000e+00 -1.000000e+00
    outer loop
      vertex   9.286777e+01 -4.919806e+01 2.135398e+01
      vertex   9.324698e+01 -4.943634e+01 2.135398e+01
      vertex   9.078715e+01 -5.047796e+01 2.135398e+01
    endloop
  endfacet
  facet normal 0.000000e+00 0.000000e+00 -1.000000e+00
    outer loop
      vertex   9.380194e+01 -8.486777e+01 2.135398e+01
      vertex   9.356366e+01 -8.524698e+01 2.135398e+01
      vertex   9.200000e+01 -8.600000e+01 2.135398e+01
    endloop
  endfacet
  facet normal 0.000000e+00 0.000000e+00 -1.000000e+00
    outer loop
      vertex   9.200000e+01 -8.600000e+01 2.135398e+01
      vertex   9.356366e+01 -8.524698e+01 2.135398e+01
      vertex   9.324698e+01 -8.556366e+01 2.135398e+01
    endloop
  endfacet
  facet normal 0.000000e+00 0.000000e+00 -1.000000e+00
    outer loop
      vertex   9.200000e+01 -8.600000e+01 2.135398e+01
      vertex   9.324698e+01 -8.556366e+01 2.135398e+01
      vertex   9.286777e+01 -8.580194e+01 2.135398e+01
    endloop
  endfacet
  facet normal 0.000000e+00 0.000000e+00 -1.000000e+00
    outer loop
      vertex   9.286777e+01 -8.580194e+01 2.135398e+01
      vertex   9.244504e+01 -8.594986e+01 2.135398e+01
      vertex   9.200000e+01 -8.600000e+01 2.135398e+01
    endloop
  endfacet
  facet normal 0.000000e+00 0.000000e+00 -1.000000e+00
    outer loop
      vertex   1.905014e+01 -5.055496e+01 2.135398e+01
      vertex   1.919806e+01 -5.013223e+01 2.135398e+01
      vertex   2.100000e+01 -4.900000e+01 2.135398e+01
    endloop
  endfacet
  facet normal 0.000000e+00 0.000000e+00 -1.000000e+00
    outer loop
      vertex   2.100000e+01 -4.900000e+01 2.135398e+01
      vertex   1.919806e+01 -5.013223e+01 2.135398e+01
      vertex   1.943634e+01 -4.975302e+01 2.135398e+01
    endloop
  endfacet
  facet normal 0.000000e+00 0.000000e+00 -1.000000e+00
    outer loop
      vertex   2.100000e+01 -4.900000e+01 2.135398e+01
      vertex   1.943634e+01 -4.975302e+01 2.135398e+01
      vertex   1.975302e+01 -4.943634e+01 2.135398e+01
    endloop
  endfacet
  facet normal 0.000000e+00 0.000000e+00 -1.000000e+00
    outer loop
      vertex   1.975302e+01 -4.943634e+01 2.135398e+01
      vertex   2.013223e+01 -4.919806e+01 2.135398e+01
      vertex   2.100000e+01 -4.900000e+01 2.135398e+01
    endloop
  endfacet
  facet normal 0.000000e+00 0.000000e+00 -1.000000e+00
    outer loop
      vertex   2.100000e+01 -4.900000e+01 2.135398e+01
      vertex   2.013223e+01 -4.919806e+01 2.135398e+01
      vertex   2.055496e+01 -4.905014e+01 2.135398e+01
    endloop
  endfacet
endsolid
